SMILES,LABEL
C1=CC=C2C3=C4C(=CC2=C1)C5=CC=CC=C5C6=CC7=CC=CC=C7C(=C64)C=C3,1
C1C2=C(C3=C1C4=CC=CC=C4C=C3)C5=CC=CC=C5C=C2,1
CC1=C2C=CC3=C(C2=CC=C1)C=CC4=CC=CC=C43,1
CC1=CC2=C(C=C1)C3=C(C=C2)C4=CC=CC=C4C=C3,1
C1CC2=CC=C(C3=CC=CC1=C23)N,1
C1C2C(C(C1Cl)Cl)[C@]3(C(=C([C@@]2(C3(Cl)Cl)Cl)Cl)Cl)Cl,1
C1=CC=C2C(=C1)C=NN=C2NN,1
C(=O)(N)NO,1
CC(=O)C=O,1
C(C(=O)O)NCP(=O)(O)O,1
C1=CC(=C2C(=C1NCCNCCO)C(=O)C3=C(C=CC(=C3C2=O)O)O)NCCNCCO,1
C1=CC=C2C(=C1)C=CC3=CC=CC=C32,1
COC1=C(C=CC(=C1)NS(=O)(=O)C)NC2=C3C=CC=CC3=NC4=CC=CC=C42,1
C1=CC=C2C(=C1)C3=CC=CC=C3S2,1
C1=CC=C(C=C1)C(=O)C2=CC=CC=C2,1
C[C@@]12[C@H]3CC[C@@H]([C@@]1(C(=O)OC2=O)C)O3,1
CI,1
CCCCC(CC)COC(=O)C=C,1
CCCBr,1
C(C#N)Cl,1
CC1=C(C=C(C=C1[N+](=O)[O-])[N+](=O)[O-])[N+](=O)[O-],1
CC(C)(C1=CC(=C(C(=C1)Br)O)Br)C2=CC(=C(C(=C2)Br)O)Br,1
CCN(CC)C1=CC2=C(C=C1)C(=C3C=CC(=[N+](CC)CC)C=C3O2)C4=CC=CC=C4C(=O)O.[Cl-],1
C1CC2=CC=CC3=C2C1=CC=C3,1
CC(C)C1=CC=CC=C1,1
CCC1=CN=C(C=C1)CCOC2=CC=C(C=C2)CC3C(=O)NC(=O)S3,1
CC1=CC(=NO1)NS(=O)(=O)C2=CC=C(C=C2)N,1
CN1C=NC2=C1C(=O)NC(=O)N2C,1
CC(=O)S[C@@H]1CC2=CC(=O)CC[C@@]2([C@@H]3[C@@H]1[C@@H]4CC[C@]5([C@]4(CC3)C)CCC(=O)O5)C,1
C1CN1P2(=NP(=NP(=N2)(N3CC3)N4CC4)(N5CC5)N6CC6)N7CC7,1
C[C@H](CCCC(C)C)[C@H]1CC[C@@H]2[C@@]1(CC[C@H]3[C@H]2CC=C4[C@@]3(CC[C@@H](C4)O)C)C,1
C1CN(C(=O)N1)C2=NC=C(S2)[N+](=O)[O-],1
C=C,1
CC1=C(C=C(C(=C1[N+](=O)[O-])OC)C(C)(C)C)[N+](=O)[O-],1
C(C(CCl)O)Cl,1
CCCCCCCCCCCC(=O)OOC(=O)CCCCCCCCCCC,1
C(CO)NCCO,1
C(=O)C(Cl)(Cl)Cl,1
C1=CC=C2C(=C1)C=CC=N2,1
C1COCCN1,1
C1=CC=C2C(=C1)C3=C4C(=C(C=C3)[N+](=O)[O-])C=CC=C4C2=O,1
C[C@@H]1[C@H]([C@H](C[C@@H](O1)O[C@@H]2[C@H](O[C@H](C[C@@H]2O)O[C@@H]3[C@H](O[C@H](C[C@@H]3O)O[C@H]4CC[C@]5([C@@H](C4)CC[C@@H]6[C@@H]5C[C@H]([C@]7([C@@]6(CC[C@@H]7C8=CC(=O)OC8)O)C)O)C)C)C)O)O,1
CCCCCCCC/C=C\CCCCCCCC(=O)OCC1CO1,1
P#[In],1
C1=CC2=C(C=CC3=C2C(=C1)C4=C3C=C(C=C4)[N+](=O)[O-])[N+](=O)[O-],1
C1=CC2=C3C(=C1)C=CC4=CC=CC(=C43)C=C2,1
C1=CC2=C(C=CC3=C2C4=C1C=CC(=C4C=C3)[N+](=O)[O-])[N+](=O)[O-],1
C1=C2C3=CC(=C(C(=C3OC2=CC(=C1Cl)Cl)Cl)Cl)Cl,1
CC1=CC2=C3C(=CC=C2)C4=CC=CC=C4C3=C1,1
C[C@@H]1OC[C@@H]2[C@@H](O1)[C@@H]([C@H]([C@@H](O2)O[C@H]3[C@H]4COC(=O)[C@@H]4[C@@H](C5=CC6=C(C=C35)OCO6)C7=CC(=C(C(=C7)OC)O)OC)O)O,1
C1=CC=C(C(=C1)C2=C3C=C(C(=O)C(=C3OC4=C(C(=C(C=C24)Br)[O-])Br)Br)Br)C(=O)[O-].[Na+].[Na+],1
C1=CC=C2C=C(C=CC2=C1)[N+](=O)[O-],1
C1=CC=C2C=C3C=CC=CC3=CC2=C1,1
CN(C)C(=S)[S-].CN(C)C(=S)[S-].[Zn+2],1
C1=CC2=C3C(=C1)C=C4C=CC5=C6C4=C3C(=CC6=CC=C5)C=C2,1
C1=CC2=C3C(=C1)C4=CC=CC5=C4C(=CC=C5)C3=CC=C2,1
C1=CC=C2C(=C1)C3=CC=CC4=C3C2=CC=C4,1
C1=CC=C2C(=C1)C=CC3=C2C=CC4=C3C=CC5=CC=CC=C54,1
C1=CC=C2C(=C1)C3=CC=CC=C3C4=CC=CC=C24,1
C=[N+]=[N-],1
CC(=O)NC1=CC=C(C=C1)C2=CC=C(C=C2)NC(=O)C,1
C1=CC2=C3C4=C1C=CC5=C4C6=C(C=C5)C=CC7=C6C3=C(C=C2)C=C7,1
C1=CC=C2C(=C1)C=CC3=C2C=CC4=CC=CC=C43,1
C1=CC=C2C=C(C=CC2=C1)N(CCCl)CCCl,1
C(#N)C(Cl)(Cl)Cl,1
C1=CC=C2C(=C1)C=C3C=CC=CC3=C2[N+](=O)[O-],1
CC1=CC(=CC(=C1)[N+](=O)[O-])[N+](=O)[O-],1
CC1=CC2=C(C=CC3=CC=CC=C32)C4=CC=CC=C14,1
CC1=C2C=CC3=CC=CC=C3C2=CC=C1,1
CC1=C2C=CC=C3C2=C(C=C1)C4=CC=CC=C43,1
CC1=CN=CN1,1
C1=CC2=C3C(=C1)C=CC4=C3C(=CC(=C4)[N+](=O)[O-])C=C2,1
C1=C(OC(=C1)[N+](=O)[O-])C=CC(=NN=C(N)N)C=CC2=CC=C(O2)[N+](=O)[O-],1
CCNNCC,1
CC(C)OS(=O)(=O)OC(C)C,1
CC1=C2C(=CC=C1)C=CC3=C2C=CC4=CC=CC=C43,1
C(#N)C(Cl)Cl,1
C(#N)C(Br)Br,1
CC1=CC2=C(C=C1)C=CC3=C2C=CC4=CC=CC=C43,1
C1=CC2=C(C=CC=C2N=C=O)C(=C1)N=C=O,1
CC1=CC(=C(C=C1)N=NC2=C(C=CC3=CC=CC=C32)O)C,1
CN(C=C)N=O,1
CC1=C(C=CC(=C1)Cl)N=CN(C)C,1
[Pu],1
C1=CC=C2C(=C1)C=CC3=C2C=C(C4=CC=CC=C34)[N+](=O)[O-],1
CN(CC(=O)O)N=O,1
C[C@@H]1C[C@]2([C@@H](O2)C)C(=O)O[C@@H]3CCN4[C@@H]3C(=CC4)COC(=O)[C@]1(C)O,1
C[C@H]1CC=CC(=O)O1,1
COC1=CC(=CC(=C1O)OC)[C@H]2[C@@H]3[C@H](COC3=O)[C@@H](C4=CC5=C(C=C24)OCO5)O[C@H]6[C@@H]([C@H]([C@H]7[C@H](O6)CO[C@H](O7)C8=CC=CS8)O)O,1
C/C=C\1/CC(=C)[C@@](C(=O)OCC2=CCN3[C@H]2[C@@H](CC3)OC1=O)(C)O,1
COP(=O)(OC)O/C(=C\Cl)/C1=CC(=C(C=C1Cl)Cl)Cl,1
CS(=O)(=O)OC[C@@H]([C@H](COS(=O)(=O)C)O)O,1
C(#N)C(Cl)Br,1
CCNC1=C(C2=CC=CC=C2C=C1)N=NC3=CC=C(C=C3)N=NC4=CC=CC=C4,1
C1=CC2=C(C=CC3=C2C(=C1)C4=C3C=CC=C4[N+](=O)[O-])[N+](=O)[O-],1
C1=CC2=C3C(=C1)C=C(C4=CC=CC(=C43)C=C2)[N+](=O)[O-],1
CCCCCCCCCCCCCCCCCC(=O)OCC1CO1,1
CC1=C2C=CC3=CC=CC=C3C2=C(C=C1)C,1
CN(CCOC1=CC=C(C=C1)CC2C(=O)NC(=O)S2)C3=CC=CC=N3,1
C1C(=O)NC(=O)N1/N=C/C2=CC=C(O2)[N+](=O)[O-],1
C/C=C\1/C[C@H]([C@@](C(=O)OCC2=CC[N@@+]3([C@]2([C@@H](CC3)OC1=O)O)C)(CO)O)C,1
C/C=C\1/C[C@H]([C@@](C(=O)OCC2=CC[N@@+]3([C@H]2[C@@H](CC3)OC1=O)[O-])(CO)O)C,1
C/C=N/N(C)C=O,1
C1COC(=O)N1/N=C/C2=CC=C(O2)[N+](=O)[O-],1
CC/C(=C(/C1=CC=C(C=C1)OCCN(C)C)\C2=CC(=CC=C2)O)/C3=CC=CC=C3,1
C1=CC(=CC=C1C(=O)N([C@@H](CCC(=O)O)C(=O)O)N=O)NCC2=CN=C3C(=N2)C(=O)NC(=N3)N,1
CN(C)/N=N/C1=C(NC=N1)C(=O)N,1
CCCC[C@@H](C)[C@H]([C@H](C[C@@H](C)C[C@@H](CCCC[C@H](C[C@@H]([C@H](C)N)O)O)O)OC(=O)C[C@@H](CC(=O)O)C(=O)O)OC(=O)C[C@@H](CC(=O)O)C(=O)O,1
C[C@@H]1CC2=C(C=C(C(=C2C(=O)O1)O)C(=O)N[C@@H](CC3=CC=CC=C3)C(=O)O)Cl,1
CC/C(=C(/CC)\C1=CC=C(C=C1)O)/C2=CC=C(C=C2)O,1
C(CCl)N(C(=O)N[C@@H](C=O)[C@H]([C@@H]([C@@H](CO)O)O)O)N=O,1
C1(C(=C(C(=O)O1)Cl)C(Cl)Cl)O,1
C1=CC=C2C(=C1)C(=O)C3=C(C2=O)C(=CC=C3)O,1
C1=CC=C2C(=C1)C=CC=C2N,1
C1C(O1)CO,1
CC1=C(C=C(C=C1)[N+](=O)[O-])[N+](=O)[O-],1
NN,1
C(CO)N(CCO)N=O,1
CC(C)(C(=O)O)OC1=CC=C(C=C1)C2CCCC3=CC=CC=C23,1
C1=CC=C2C3=C4C(=CC2=C1)C=CC5=C4C(=CC=C5)C=C3,1
CNNC,1
CN(C)N,1
C(Br)(Br)Br,1
C1COCCN1N=O,1
C1=CC=C(C=C1)N(C2=CC=CC=C2)N=O,1
C1=CC=C2C(=C1)C3=CC=CC=C3N2,1
C1=CC(=C(C=C1C2=CC(=C(C=C2)N)Cl)Cl)N,1
C1=CC=C(C=C1)C2=CC=C(C=C2)N,1
C1CCN(CC1)N=O,1
C1=CC=C2C(=C1)C=CC=C2[N+](=O)[O-],1
C1=CC=C2C=C(C=CC2=C1)N,1
CC1=C(C=C(C=C1)N)N,1
C=CC=C,1
C(Cl)(Cl)Br,1
COC1=C(C=C(C=C1)CC=C)OC,1
C=CC#N,1
C1=CC=C2C(=C1)NC(=S)S2,1
C[C@@H]1C[C@]2(C=C(C3(CC3)[C@@]([C@H]2C1=O)(C)O)C)O[C@H]4[C@@H]([C@H]([C@@H]([C@H](O4)CO)O)O)O,1
CC[C@H]1C(=O)N[C@H](C(=O)N[C@H](CC(=O)N[C@H](C(=O)N2C[C@H]([C@H]([C@H]2C(=O)N1)Cl)Cl)CO)C3=CC=CC=C3)CO,1
CN1C=CNC1=S,1
CN(C)CCOC1=CC=C(C=C1)/C(=C(/CCCl)\C2=CC=CC=C2)/C3=CC=CC=C3,1
C1[C@@H]2[C@@H]3[C@H]([C@H]1[C@H]4[C@@H]2O4)[C@@]5(C(=C([C@]3(C5(Cl)Cl)Cl)Cl)Cl)Cl,1
C/C=C/C=C/C=O,1
CCC1=NC=CC(=C1)C(=S)N,1
C1=CNC(=S)NC1=O,1
C[C@H]1/C=C/C=C(\C(=O)NC2=C(C(=C3C(=C2O)C(=C(C4=C3C(=O)[C@](O4)(O/C=C/[C@@H]([C@H]([C@H]([C@@H]([C@@H]([C@@H]([C@H]1O)C)O)C)OC(=O)C)C)OC)C)C)O)O)/C=N/N5CCN(CC5)C)/C,1
C/[N+](=N/CO[C@H]1[C@@H]([C@H]([C@@H]([C@H](O1)CO)O)O)O)/[O-],1
[Pb],1
CCCC1=CC(=O)NC(=S)N1,1
C(CNC(=S)[S-])NC(=S)[S-].[Zn+2],1
C(CNC(=S)[S-])NC(=S)[S-].[Mn+2],1
CC(=S)N,1
CC1=CC(=C(C=C1)N=NC2=C3C=CC(=CC3=CC(=C2O)S(=O)(=O)[O-])S(=O)(=O)[O-])C.[Na+].[Na+],1
C1CNC(=S)N1,1
C(=S)(N)N,1
CCNC(=S)NCC,1
CC/C(=C(\C1=CC=CC=C1)/C2=CC=C(C=C2)OCCN(C)C)/C3=CC=CC=C3,1
C/C=C(/C)\C(=O)O[C@H]1CCN2[C@@H]1C(=CC2)COC(=O)[C@@]([C@H](C)OC)(C(C)(C)O)O,1
C/C=C\1/CC(=C)[C@@](C(=O)OCC2=CCN3[C@H]2[C@@H](CC3)OC1=O)(CO)O,1
C/C=C\1/C[C@H]([C@@](C(=O)OC/C/2=C/CN(CC[C@H](C2=O)OC1=O)C)(C)O)C,1
C1=CC(=CC=C1CO)NNC(=O)CC[C@@H](C(=O)O)N,1
C[C@@H]1CC(=O)C=C([C@]12C(=O)C3=C(O2)C(=C(C=C3OC)OC)Cl)OC,1
C/C=C/C=O,1
C1=CC(=CC=C1C[C@@H](C(=O)O)N)N(CCCl)CCCl,1
C([C@@H](C(=O)O)N)OC(=O)C=[N+]=[N-],1
C(CO)N(CCO)C(=S)[S-].[K+],1
COC1=C2C(=C3[C@@H]4C=CO[C@@H]4OC3=C1)OC5=CC=CC(=C5C2=O)O,1
C[C@@H]1C[C@@]2([C@H](O2)C)C(=O)O[C@@H]3CCN(C/C=C(\C3=O)/COC(=O)[C@]1(C)O)C,1
C1=CC(=C(C=C1C2=C(C(=O)C3=C(C=C(C=C3O2)O)O)O)O)O,1
C1=CC(=CC=C1C2=C(C(=O)C3=C(C=C(C=C3O2)O)O)O)O,1
C/C=C(\C)/C(=O)O[C@@H]1CCN2[C@@H]1C(=CC2)COC(=O)[C@@]([C@H](C)O)(C(C)C)O,1
CCN(CC)C(=S)S[Te](SC(=S)N(CC)CC)(SC(=S)N(CC)CC)SC(=S)N(CC)CC,1
C1=NC2=C(N1)C(=S)N=CN2,1
CC1=CC(=O)NC(=S)N1,1
CC1=CC(=C2C(=C1O)C(=O)C34C5C6C(C3C(=O)C7=C(C8=C(C=C(C(=C8C(=O)C67C(C5O)C(=O)C4=C2O)O)C)O)O)O)O,1
C1C(O1)COC2=CC=CC=C2,1
C=CC(=C)Cl,1
C[C@]12C[C@@H]([C@H]3[C@H]([C@@H]1CC[C@@]2(C(=O)COC(=O)CCCC4=CC=C(C=C4)N(CCCl)CCCl)O)CCC5=CC(=O)C=C[C@]35C)O,1
CCN1C2=C(C(=N1)C)NC(=O)CN=C2C3=CC=CC=C3,1
C1COCCO1,1
C1=CC=C(C(=C1)C2=NC(C(=O)N(C3=C2C=C(C=C3)Cl)CCO)O)F,1
C1=CC2=C3C(=C(C=C2)[N+](=O)[O-])C=CC4=C(C=CC1=C43)[N+](=O)[O-],1
CC1([C@H]([C@H]1C(=O)O[C@H](C#N)C2=CC(=CC=C2)OC3=CC=CC=C3)C=C(Br)Br)C,1
C[C@@H]1[C@H](OC=C2C1=C(C(=C(C2=O)C(=O)O)O)C)C,1
C1=CC2=C3C(=C1)C=CC4=C(C=C(C(=C43)C=C2)[N+](=O)[O-])[N+](=O)[O-],1
C1=C(OC(=C1)[N+](=O)[O-])C2=NN=C(S2)N,1
C1=CC=C(C=C1)NNC(=O)N,1
CC(C)NCC(C1=CC2=CC=CC=C2C=C1)O.Cl,1
C(C(COCCl)OCCl)OCCl,1
C1[C@H](CN([C@@H]1C(=O)O)N=O)O,1
COC(=O)C1=CCCN(C1)N=O,1
CN(C)C(=O)NC1=CC=C(C=C1)Cl,1
C[As](=O)(O)O,1
C(C=O)C=O,1
C(=O)(N)NN.Cl,1
COC1=CC(=C(C=C1)N)OC,1
C1(=C(C(=C(C(=C1Cl)Cl)Cl)Cl)Cl)Cl,1
C1C=CCC2C1C(=O)N(C2=O)SC(Cl)(Cl)Cl,1
CCOC(=O)C(C1=CC=C(C=C1)Cl)(C2=CC=C(C=C2)Cl)O,1
CC(C)CON=O,1
C(C(Cl)(Cl)Cl)Cl,1
CC1=CC(=C(C=C1C)N)C,1
C1=CC(=CC=C1N)SC2=CC=C(C=C2)N,1
CC(=O)OCC1=CC=CC=C1,1
CCOC1=CC=C(C=C1)NC(=O)N,1
C1CN1,1
C([N+](=O)[O-])([N+](=O)[O-])([N+](=O)[O-])[N+](=O)[O-],1
C1CC2=CC=C(C3=CC=CC1=C23)[N+](=O)[O-],1
CC1=C(C=CC=C1[N+](=O)[O-])[N+](=O)[O-],1
C1=CC=C(C=C1)N=NC2=C(N=C(C=C2)N)N.Cl,1
C1=CC=C2C(=C1)C=CO2,1
C[C@H]1C(=O)O[C@@H]2CCN3[C@@H]2C(=CC3)COC(=O)[C@]([C@]1(C)O)(C)O,1
C(F)Cl,1
C1C2=CC=CC=C2C3=C1C=C(C=C3)[N+](=O)[O-],1
CN(C)P(=O)(N(C)C)N(C)C,1
CN(C(=O)N)N=O,1
CC1CC(OC(O1)C)OC(=O)C,1
CC1=NC=CN1,1
COC1=C2C3=C(C(=O)OCC3)C(=O)OC2=C4C5C=COC5OC4=C1,1
C1(=C(C(=NC(=C1Cl)Cl)C(=O)O)Cl)N,1
C12(C3(C4(C5(C3(C(C1(C5(C2(C4(Cl)Cl)Cl)Cl)Cl)(Cl)Cl)Cl)Cl)Cl)Cl)Cl,1
CCN(C(=O)N)N=O,1
C=CC(=O)NCO,1
C1CCN(C1)N=O,1
CCN(CC1=CC(=CC=C1)S(=O)(=O)[O-])C2=CC=C(C=C2)C(=C3C=CC(=[N+](CC)CC4=CC(=CC=C4)S(=O)(=O)[O-])C=C3)C5=C(C=C(C=C5)O)S(=O)(=O)[O-].[Na+].[Na+],1
C1C(O1)C=O,1
C1=CC=C2C(=C1)C3=C4C2=CC=CC4=C(C=C3)[N+](=O)[O-],1
C1=CC=C2C(=C1)C(=CC=C2S(=O)(=O)[O-])N=NC3=C4C=CC(=CC4=CC(=C3O)S(=O)(=O)[O-])S(=O)(=O)[O-].[Na+].[Na+].[Na+],1
O=[Mo](=O)=O,1
C(#N)C1=C(C(=C(C(=C1Cl)Cl)Cl)C#N)Cl,1
CN(C)C(=O)NC1=CC=CC(=C1)C(F)(F)F,1
CC(C)CC(=O)OCC=C,1
C(CCCCCN)CCCCC(=O)O,1
CC1=CC(=C(C=C1C)N=NC2=C3C=CC(=CC3=CC(=C2O)S(=O)(=O)[O-])S(=O)(=O)[O-])C.[Na+].[Na+],1
CC1=CC2=CC=CC=C2C3=C1C4=CC=CC=C4C=C3,1
C1C=CCC2C1C(=O)N(C2=O)SC(C(Cl)Cl)(Cl)Cl,1
C1=CC(=C2C(=C1N)C(=O)C3=C(C=CC(=C3C2=O)N)N)N,1
CC(C)OC(=O)NC1=CC=CC=C1,1
C(#CCl)Cl,1
C1=CC2=C3C(=C1)C=CC4=C(C=CC(=C43)C=C2)[N+](=O)[O-],1
CCN(C)N=O,1
C1=C(C(=CC(=C1Cl)N)Cl)C2=CC(=C(C=C2Cl)N)Cl,1
O=[Ti]=O,1
CN(C)C(=S)[S-].CN(C)C(=S)[S-].CN(C)C(=S)[S-].[Fe+3],1
CC=O,1
C1=CC=CC=C1,1
C1=CC=C(C(=C1)O)O,1
C1=CC(=CC=C1O)O,1
CN(C)C1=CC=CC=C1,1
C1=CC=NC=C1,1
CN1C2=C(C(=O)N(C1=O)C)NC=N2,1
CN1C=NC(=C1SC2=NC=NC3=C2NC=N3)[N+](=O)[O-],1
CCOP(=S)(OCC)OC1=NC(=NC(=C1)C)C(C)C,1
CCN(CC)C(=S)SSC(=S)N(CC)CC,1
C1C2=NN=CN2C3=C(C=C(C=C3)Cl)C(=N1)C4=CC=CC=C4,1
C1=C(C(=O)NC(=O)N1)F,1
C1=CC(C2C1C3(C(=C(C2(C3(Cl)Cl)Cl)Cl)Cl)Cl)Cl,1
CC1=NC=C(N1CCO)[N+](=O)[O-],1
C=O,1
C1=CC=C(C=C1)O,1
CC1=CC=CC=C1,1
CCNC1=NC(=NC(=N1)Cl)NC(C)C,1
C1=CC=C(C=C1)N=NC2=CC=CC=C2,1
C1=CC(=CC=C1CCCC(=O)O)N(CCCl)CCCl,1
CC1=C(N=CN1)CSCCNC(=NC)NC#N,1
CCOC(=O)C(C)(C)OC1=CC=C(C=C1)Cl,1
CN1C(=O)CN=C(C2=C1C=CC(=C2)Cl)C3=CC=CC=C3,1
CCOC(=O)CC(C(=O)OCC)SP(=S)(OC)OC,1
C(CCl)Cl,1
C1=CC=C2C(=C1)C=CC(=O)O2,1
C1=CC=C2C=CC=CC2=C1,1
CCOP(=S)(OCC)OC1=CC=C(C=C1)[N+](=O)[O-],1
C1=NNC(=N1)N,1
C1=CC=C(C=C1)C2(C(=O)NC(=O)N2)C3=CC=CC=C3,1
C1=CC2=C(C(=C1)O)N=CC=C2,1
CN1C=NC2=C1C(=O)N(C(=O)N2C)C,1
C1CNP(=O)(OC1)N(CCCl)CCCl,1
C1=CC(=CC=C1N)S(=O)(=O)C2=CC=C(C=C2)N,1
COP(=O)(OC)OC=C(Cl)Cl,1
CC(C)C(C1=CC=C(C=C1)Cl)C(=O)OC(C#N)C2=CC(=CC=C2)OC3=CC=CC=C3,1
CC1=CC(=C(C=C1)C)OCCCC(C)(C)C(=O)O,1
C1NC2=CC(=C(C=C2S(=O)(=O)N1)S(=O)(=O)N)Cl,1
COC1=CC=C(C=C1)C(C2=CC=C(C=C2)OC)C(Cl)(Cl)Cl,1
CC(=O)N,1
CC(C)[N+](=O)[O-],1
CS(=O)(=O)OCCCCOS(=O)(=O)C,1
COC1=C(C=CC(=C1)CC=C)O,1
C1=C(C(=C(C(=C1Cl)Cl)CC2=C(C(=CC(=C2Cl)Cl)Cl)O)O)Cl,1
C1=CC=C(C=C1)C2=NC(C(=O)NC3=C2C=C(C=C3)Cl)O,1
C1C=C2C(=CC(=O)O2)C(O1)O,1
C1=CC=C2C(=C1)C(=O)OC2(C3=CC=C(C=C3)O)C4=CC=C(C=C4)O,1
C=CCC1=CC2=C(C=C1)OCO2,1
CCNC1=NC(=NC(=N1)Cl)NCC,1
CN(C)N=O,1
C(Cl)(Cl)Cl,1
C(F)(F)Cl,1
C(C(F)(F)F)Cl,1
CC1=CC(=O)CC(C1)(C)C,1
CC(CCl)Cl,1
C1=CC=C2C(=C1)C(=O)C3=CC=CC=C3C2=O,1
CC1=CC=CC=C1[N+](=O)[O-],1
CCN(CC)C(=S)SCC(=C)Cl,1
CC1=C(C=CC(=C1)N)N,1
C1=CC=C(C=C1)[N+](=O)[O-],1
CCC1=CC=CC=C1,1
C1CCC(=O)NCC1,1
C1CCOC1,1
CC=C,1
C1=CC(=CC=C1C(C2=CC=C(C=C2)Cl)(C(Cl)(Cl)Cl)O)Cl,1
CCOC1=CC=C(C=C1)NC(=O)C,1
C1CC1CN2C(=O)CN=C(C3=C2C=CC(=C3)Cl)C4=CC=CC=C4,1
C1=CC(=CC(=C1)O)O,1
C1=CC=C(C=C1)C2=NC3=C(N=C(N=C3N=C2N)N)N,1
CC1=C(C(=O)C2=C(C1=O)N3C[C@H]4[C@@H]([C@@]3([C@@H]2COC(=O)N)OC)N4)N,1
CO[C@H]1[C@@H](C[C@@H]2CN3CCC4=C([C@H]3C[C@@H]2[C@@H]1C(=O)OC)NC5=C4C=CC(=C5)OC)OC(=O)C6=CC(=C(C(=C6)OC)OC)OC,1
C(C(Cl)(Cl)Cl)(Cl)(Cl)Cl,1
CC(Cl)(Cl)Cl,1
C=C(Cl)Cl,1
C(C(Cl)Cl)Cl,1
CC1=C(C2=C(C=C1)C(=O)C3=CC=CC=C3C2=O)N,1
C1=COC(=C1)C=O,1
C(CO)N(CCO)CCO,1
CCC1CO1,1
C=CCCl,1
C1CC(=O)OC1=O,1
CCCCC1C(=O)N(N(C1=O)C2=CC=CC=C2)C3=CC=CC=C3,1
CCC1(C(=O)NCNC1=O)C2=CC=CC=C2,1
CCC1=C(C(=NC(=N1)N)N)C2=CC=C(C=C2)Cl,1
C1CN1P(=S)(N2CC2)N3CC3,1
CCCN(CCC)C1=C(C=C(C=C1[N+](=O)[O-])C(F)(F)F)[N+](=O)[O-],1
COP(=O)(C(C(Cl)(Cl)Cl)O)OC,1
C[C@]12CC(=O)[C@H]3[C@H]([C@@H]1CC[C@@]2(C(=O)CO)O)CCC4=CC(=O)C=C[C@]34C,1
CCN(CC)N=O,1
CNC(=O)OC1=CC=CC2=CC=CC=C21,1
CC1([C@@H](N2[C@H](S1)[C@@H](C2=O)NC(=O)[C@@H](C3=CC=CC=C3)N)C(=O)O)C,1
CCCl,1
C=C(F)F,1
CC(=C)C=C,1
C1=CC=C2C(=C1)C(=O)C3=C(C2=O)C(=C(C=C3Br)Br)N,1
C1C2=CC=CC=C2C3=CC=CC=C31,1
C(=C(Cl)Cl)(C(=C(Cl)Cl)Cl)Cl,1
CC1=CC(=C(C(=C1)C)N)C,1
COC1=C(C=CC(=C1)C2=CC(=C(C=C2)N=C=O)OC)N=C=O,1
CCCC1=CC2=C(C=C1)OCO2,1
C(C(CCl)Cl)Cl,1
C=CC1=CC=CC=C1,1
C1N2CN(CN1CN(C2)N=O)N=O,1
C1=COC=C1,1
CCCCOCCO,1
C(=C(F)F)(F)F,1
C1=CC=C2C(=C1)C(=O)C3=C(C2=O)C=C(C=C3)N,1
CCC1(C(=O)NC(=O)NC1=O)C2=CC=CC=C2,1
CC1=CC(=NC(=N1)NS(=O)(=O)C2=CC=C(C=C2)N)C,1
C1=CC=NC(=C1)NS(=O)(=O)C2=CC=C(C=C2)N=NC3=CC(=C(C=C3)O)C(=O)O,1
CN1C2=C(C=C(C=C2)Cl)C(=NC(C1=O)O)C3=CC=CC=C3,1
CN(C)C(=S)SSC(=S)N(C)C,1
C1=CC(=CC=C1[C@H]([C@@H](CO)NC(=O)C(Cl)Cl)O)[N+](=O)[O-],1
C[N+](=O)[O-],1
C(C(Cl)(Cl)Cl)(Cl)Cl,1
C(=C(Cl)Cl)Cl,1
C=CC(=O)N,1
C(C(Cl)Cl)(Cl)Cl,1
C1=CC(=CC=C1C2=CC=C(C=C2)N)N,1
C1C(O1)CCl,1
C=CC=O,1
C1(=NC(=NC(=N1)N)N)N,1
C1CCC(=O)CC1,1
C(CCl)OP(=O)(OCCCl)OCCCl,1
COC(=O)[C@H](CC1=CC=CC=C1)NC(=O)[C@H](CC(=O)O)N,1
CN(CC1=CN=C2C(=N1)C(=NC(=N2)N)N)C3=CC=C(C=C3)C(=O)N[C@@H](CCC(=O)O)C(=O)O,1
C[C@@H]1C[C@@H]([C@@H]2[C@H](C[C@H]([C@@](O2)(C(=O)C(=O)N3CCCC[C@H]3C(=O)O[C@@H]([C@@H]([C@H](CC(=O)[C@@H](/C=C(/C1)\C)CC=C)O)C)/C(=C/[C@@H]4CC[C@H]([C@@H](C4)OC)O)/C)O)C)OC)OC,1
C/C=C/C1=CC2=C(C=C1)OCO2,1
C([C@@H]1[C@H]([C@@H]([C@H]([C@H](O1)[S-])O)O)O)O.[Au+],1
N.N.Cl[Pt]Cl,1
CCN(CC)CCCC(C)NC1=C2C=CC(=CC2=NC=C1)Cl,1
CC(C)Br,1
C1=CC(=CC=C1[N+](=O)[O-])Cl,1
C=CC1CCC=CC1,1
CC(C)OC(=O)NC1=CC(=CC=C1)Cl,1
CC(=O)NC1=CC=C(C=C1)O,1
NCl,1
C1CN1CCO,1
C1C2=C(C(=CC=C2)O)C(=O)C3=C1C=CC=C3O,1
CC(C)(/C=N/OC(=O)NC)SC,1
C1=CC(=C(C=C1N)[N+](=O)[O-])O,1
C1=C(SC(=N1)N)[N+](=O)[O-],1
C1=CC(=C(C=C1[N+](=O)[O-])O)N,1
C1=CC=C(C=C1)NC2=CC=CC=C2,1
CBr,1
CCCCC1C(=O)N(N(C1=O)C2=CC=C(C=C2)O)C3=CC=CC=C3,1
C1=CC(=CC=C1C[C@H](C(=O)O)N)N(CCCl)CCCl,1
C1=CC=C(C=C1)/[N+](=N/O)/[O-],1
C[C@@H](C1=NC=NC=C1F)[C@](CN2C=NC=N2)(C3=C(C=C(C=C3)F)F)O,1
CCNC(=O)NC1=NC=C(S1)[N+](=O)[O-],1
CCC1=C(C(=CC=C1)CC)N(COC)C(=O)CCl,1
C1=CC=C(C=C1)N=NC2=CC=C(C=C2)O,1
CN(C(=O)N[C@@H]1[C@H]([C@@H]([C@H](O[C@@H]1O)CO)O)O)N=O,1
CCOC(=O)C1=CC2=C(C=C3C(=C2)C=CO3)OC1=O,1
C1=CC2=C3C(=C1)C4=C5C(=CC=C4)C(=CC=C5C3=CC=C2)[N+](=O)[O-],1
CC(C)N(C(C)C)C(=O)SC/C(=C/Cl)/Cl,1
CC1=CC2=C(C(=C1)O)C(=C3C(=O)C4C(C5C3(C2=O)C6C(C5C47C(=C(C8=C(C7=O)C=C(C=C8O)C)O)C6=O)O)O)O,1
CC1=CC(=CC(=C1N(C)C)C)OC(=O)NC,1
C1=NC(=NC(=O)N1[C@H]2[C@@H]([C@@H]([C@H](O2)CO)O)O)N,1
C1=CC=C2C(=C1)C(=CC=C2S(=O)(=O)[O-])N=NC3=C(C4=CC=CC=C4C(=C3)S(=O)(=O)[O-])O.[Na+].[Na+],1
C1CN(P(=O)(OC1)NCCCl)CCCl,1
COC1=C2C=CC(=O)OC2=CC3=C1C=CO3,1
CC1(C(=O)N(C(=O)O1)C2=CC(=CC(=C2)Cl)Cl)C=C,1
C1=CC(=C(C=C1N)N)Cl,1
CC1(C(C1C(=O)OCC2=CC(=CC=C2)OC3=CC=CC=C3)C=C(Cl)Cl)C,1
C1=CC(=CC=C1CC(C(=O)O)N)N(CCCl)CCCl,1
C1=CC=C(C=C1)N=NC2=C(C=C(C=C2)N)N.Cl,1
C1CN(CC(=C1)C(=O)O)N=O,1
COC1=CC=C(C=C1)[N+](=O)[O-],1
[131IH],1
[222Rn],1
[90Sr],1
C1=CC(=C(C=C1CC2=CC(=C(C=C2)N)Cl)Cl)N,1
CN(C)C1=CC=C(C=C1)CC2=CC=C(C=C2)N(C)C,1
C1=CC(=CC=C1CC2=CC=C(C=C2)N=C=O)N=C=O,1
C1=CC(=CC=C1CC2=CC=C(C=C2)N)N,1
C1=CC(=CC=C1N)OC2=CC=C(C=C2)N,1
C1C(O1)COC2=CC(=CC=C2)OCC3CO3,1
C[C@H]1[C@@H](NC(=O)[C@@H](NC(=O)[C@H]([C@@H](NC(=O)[C@@H](NC(=O)[C@H](NC(=O)C(=C)N(C(=O)CC[C@@H](NC1=O)C(=O)O)C)C)CC(C)C)C(=O)O)C)CCCN=C(N)N)/C=C/C(=C/[C@H](C)[C@H](CC2=CC=CC=C2)OC)/C,1
CC1=C(C=CC(=C1)OC)N,1
CCCCC(CC)COC(=O)CCCCC(=O)OCC(CC)CCCC,1
C1=CC2=C(C(=C1)[O-])N=CC=C2.C1=CC2=C(C(=C1)[O-])N=CC=C2.[Cu+2],1
COC1=CC=C(C=C1)N,1
C1=CC(=CC=C1NO)N=O,1
CN1C2=C(N=CC(=C2)C3=CC=CC=C3)N=C1N,1
C1=CC(=CC=C1Cl)Cl,1
C1=CC(=CC=C1N)Cl,1
C1=CC(=CC=C1N)N,1
C1=CC(=O)C=CC1=O,1
C1CC2C(O2)CC1C3CO3,1
CC(=C)C(=O)OCC1CO1,1
C(CBr)Br,1
COCCl,1
CC(=O)OC=C,1
CC(C)CC(=O)C,1
CC(C)OC(C)C,1
C1=CC(=CC(=C1)N)N,1
CC(CCl)OC(C)CCl,1
CC1=CN=CC=C1,1
C(CCl)CBr,1
C(/C=C/CCl)Cl,1
CC1=C(N=C(N=C1N)[C@H](CC(=O)N)NC[C@@H](C(=O)N)N)C(=O)N[C@@H]([C@H](C2=CN=CN2)OC3C(C(C(C(O3)CO)O)O)OC4C(C(C(C(O4)CO)O)OC(=O)N)O)C(=O)N[C@H](C)[C@H]([C@H](C)C(=O)N[C@@H]([C@@H](C)O)C(=O)NCCC5=NC(=CS5)C6=NC(=CS6)C(=O)NCCC[S+](C)C)O,1
C(CCl)OCCCl,1
C1=CC=C2C(=C1)C=CC3=C4C=CC=C5C4=C(C=C32)C6=CC=CC=C65,1
C1COS(=O)(=O)C1,1
C1(C(C2(C(=C(C1(C2(Cl)Cl)Cl)Cl)Cl)Cl)C(=O)O)C(=O)O,1
C1(=C(C(=C(C(=C1Br)Br)Br)Br)Br)OC2=C(C(=C(C(=C2Br)Br)Br)Br)Br,1
C1=CC2=C(C(=C1)O)C(=O)C3=C(C2=O)C=CC=C3O,1
CCCCC(CC)COC(=O)C1=CC=CC=C1C(=O)OCC(CC)CCCC,1
C1=CC=C(C(=C1)C(=O)O)N,1
C/C=C\1/C(=O)N[C@H]([C@@H](C(=O)N[C@H](C(=O)N[C@H]([C@@H](C(=O)N[C@H](CCC(=O)N1C)C(=O)O)C)/C=C/C(=C/[C@H](C)[C@H](CC2=CC=CC=C2)OC)/C)CCCN=C(N)N)C)C(=O)O,1
COC1=C(C=CC(=C1)C2=CC(=C(C=C2)N)OC)N,1
CC1=C(C=CC(=C1)C2=CC(=C(C=C2)N)C)N,1
CC1=CC(=C(C=C1)OC)N,1
CC1=C(C(=O)C2=CC=CC=C2C1=O)C/C=C(\C)/CCCC(C)CCCC(C)CCCC(C)C,1
[O-2].[O-2].[O-2].[Cr+3].[Cr+3],1
C1=CC(=CC(=C1)Cl)[N+](=O)[O-],1
O.O.O.O.[OH-].[O-2].[O-2].[O-2].[O-2].[O-2].[O-2].[O-2].[O-2].[O-2].[O-2].[Mg+2].[Al+3].[Si].[Si].[Si].[Si],1
C1=CC=C(C=C1)NNC2=CC=CC=C2,1
C1=CC(=O)NNC1=O,1
CC(=CCCC(=C)C=C)C,1
C(C(CBr)Br)OP(=O)(OCC(CBr)Br)OCC(CBr)Br,1
C[N+](CCCl)(CCCl)[O-],1
C(=C(Cl)Cl)(Cl)Cl,1
CC(=O)N(C)C,1
CC1=C(ON=C1C)NS(=O)(=O)C2=CC=C(C=C2)N,1
CC1=CC(=C(C(=C1)C(C)(C)C)O)C(C)(C)C,1
C1=CC=C2C(=C1)C3=C4C(=CC=C5C4=C(C=C3)C(=O)C6=CC=CC=C65)C2=O,1
CC1=C(C2=C(C=C1)C(=O)C3=CC=CC=C3C2=O)[N+](=O)[O-],1
CCN(CC)C1=CC=C(C=C1)C(=C2C=CC(=[N+](CC)CC)C=C2)C3=C(C=C(C=C3)S(=O)(=O)[O-])S(=O)(=O)[O-].[Na+],1
CN(C)C1=CC=C(C=C1)C(C2=CC=CC=C2)C3=CC=C(C=C3)N(C)C,1
C1CCC(CC1)NC(=O)N(CCCl)N=O,1
[Ga]#[As],1
O=[Co],1
O=[Co].O=[Co]O[Co]=O,1
O=[Fe]O[Fe]=O,1
[Sb+3],1
CC1=CC=CC=C1N=NC2=C(C=CC3=CC=CC=C32)N,1
O=[V](=O)O[V](=O)=O,1
S=[Co],1
[O-2].[O-2].[O-2].[Fe+3].[Fe+3],1
C1=CC=C(C=C1)C2=CC=CC=C2[O-].[Na+],1
[224Ra],1
CC1=CC=C(C=C1)C.CC1=CC(=CC=C1)C.CC1=CC=CC=C1C,1
O[Si](=O)O.O[Si](=O)O.O[Si](=O)O.O[Si](=O)O.O[Si](=O)O.O[Si](=O)O.O[Si](=O)O.O[Si](=O)O.[Na+].[Na+].[Mg+2].[Mg+2].[Mg+2].[Fe+3].[Fe+3],1
C1CSC2C3C1CC4=CC5=C6C7=C(C=C8C9=C7C1=C7C%10C%11C%12=C1C6=C4C3C%12=C1C2=CC2=C3C1=C%11C1=C4C%10=C6C%10=C7C9=C(C=C%10C(=O)C7=CC(=C9C=C%10C=C%11C=CC%12=C%13C%11=C(C%10=C4C9=C76)C1=C3C%13=C(O2)C=C%12)C(=O)O)C(=O)C8=O)OC5,1
C1=CC(=C(C(=C1C2=CC(=C(C=C2Cl)Cl)Cl)Cl)Cl)Cl,1
COC1=CC=CC=C1N,1
C(COCCl)OCCl,1
C1=CC=C(C=C1)NC2=CC3=CC=CC=C3C=C2,1
C1[C@H]([C@@H]([C@@H](C=C1C(=O)O)O)O)O,1
C1CCC(CC1)NS(=O)(=O)[O-].[Na+],1
C(C(=O)O)N(CC(=O)O)CC(=O)O,1
CC1CCC(CC1)NC(=O)N(CCCl)N=O,1
[226Ra],1
[O-][Si](=O)[O-].[Ca+2],1
CN(C)C1=CC=C(C=C1)N=NS(=O)(=O)[O-].[Na+],1
CC(COC1=CC=C(C=C1)C(C)(C)C)OS(=O)OCCCl,1
CCOC(=O)C=C,1
C1=C(C=C(C(=C1O)O)O)C(=O)OC2=CC(=CC(=C2O)O)C(=O)OC[C@H]3[C@@H]([C@H]([C@@H]([C@H](O3)OC(=O)C4=CC(=C(C(=C4)OC(=O)C5=CC(=C(C(=C5)O)O)O)O)O)OC(=O)C6=CC(=C(C(=C6)OC(=O)C7=CC(=C(C(=C7)O)O)O)O)O)OC(=O)C8=CC(=C(C(=C8)OC(=O)C9=CC(=C(C(=C9)O)O)O)O)O)OC(=O)C1=CC(=C(C(=C1)OC(=O)C1=CC(=C(C(=C1)O)O)O)O)O,1
C1=CC=C(C=C1)N=NC2=CC(C(C=C2)(Cl)Cl)(Cl)Cl,1
CCCCOC(=O)C=C,1
CC1CC2C(O2)CC1COC(=O)C3CC4C(O4)CC3C,1
C1=CC=C(C=C1)N,1
C1(=O)C2(C3(C4(C1(C5(C2(C3(C(C45Cl)(Cl)Cl)Cl)Cl)Cl)Cl)Cl)Cl)Cl,1
CC[C@@]1(C[C@H]2C[C@@](C3=C(CCN(C2)C1)C4=CC=CC=C4N3)(C5=C(C=C6C(=C5)[C@]78CCN9[C@H]7[C@@](C=CC9)([C@H]([C@@]([C@@H]8N6C)(C(=O)OC)O)OC(=O)C)CC)OC)C(=O)OC)O.OS(=O)(=O)O,1
CN(C)C(=S)S[Se](SC(=S)N(C)C)(SC(=S)N(C)C)SC(=S)N(C)C,1
[32PH3],1
C1C(O1)C2CO2,1
CCN(CC)C(=S)[S-].[Na+],1
O[Si](=O)O.O[Si](=O)O.O[Si](=O)O.O[Si](=O)O.[Mg+2].[Mg+2].[Mg+2],1
O[Si](=O)[O-].O[Si](=O)[O-].[O-][Si](=O)[O-].[O-][Si](=O)[O-].[Mg+2].[Mg+2].[Mg+2],1
O=[Si]=O,1
C1=CC(=CC=C1C(=O)O)N,1
[228Ra],1
C(CCl)NC(=O)N(CCCl)N=O,1
O.O.O.O.O.O.[OH-].[OH-].[O-][Si](=O)O[Si](=O)[O-].[O-][Si](=O)O[Si](=O)[O-].[O-][Si](=O)O[Si](=O)[O-].[Mg+2].[Mg+2].[Mg+2].[Mg+2],1
C1=CC=C(C=C1)NC2=CC=C(C=C2)N=O,1
C1=CC=C(C=C1)CCNN.OS(=O)(=O)O,1
CCC(COC(=O)C=C)(COC(=O)C=C)COC(=O)C=C,1
[Cr+3],1
CC(C)(C)OC,1
C1CC(N(C1)N=O)C2=CN=CC=C2,1
CC(C)(C1=CC=C(C=C1)OCC2CO2)C3=CC=C(C=C3)OCC4CO4,1
CCN(CC1=CC(=CC=C1)S(=O)(=O)[O-])C2=CC=C(C=C2)C(=C3C=CC(=[N+](C)C)C=C3)C4=CC=C(C=C4)N(CC)CC5=CC(=CC=C5)S(=O)(=O)[O-].[Na+],1
[F-],1
C1=C2C(=CC(=C1Cl)Cl)OC3=CC(=C(C=C3O2)Cl)Cl,1
C(C(C(C(C(F)(F)S(=O)(=O)O)(F)F)(F)F)(F)F)(C(C(C(F)(F)F)(F)F)(F)F)(F)F,1
C1=CC(=CC=C1[N+](=O)[O-])OC2=C(C=C(C=C2)Cl)Cl,1
[Cr+6],1
C1=CC=C2C3=C4C(=CC2=C1)C=CC5=CC6=CC=CC=C6C(=C54)C=C3,1
C1=CC=C2C3=C4C(=CC2=C1)C=CC5=C4C(=CC6=CC=CC=C56)C=C3,1
C1=CC2=C3C(=C1)C4=CC=CC5=C4C6=C(C=C5)C=CC(=C36)C=C2,1
C1=CC=C2C(=C1)C=C3C=CC4=C5C3=C2C6=CC=CC=C6C5=CC=C4,1
C1=CC=C2C3=C4C(=CC=C3)C5=CC=CC=C5C6=CC=CC(=C64)C2=C1,1
C1=CC=C2C3=C4C(=CC2=C1)C5=CC=CC=C5C6=CC=CC(=C64)C=C3,1
C1=CC=C2C(=C1)C3=CC=CC4=C3C5=C(C=CC=C25)C=C4,1
C1=CC=C2C=C3C4=CC=CC5=C4C6=C(C=CC=C6C3=CC2=C1)C=C5,1
C1=CC=C2C(=C1)C3=C4C2=CC5=CC=CC6=C5C4=C(C=C6)C=C3,1
CC1=NN(C(=C1N=NC2=C(C=C(C=C2)C3=CC(=C(C=C3)N=NC4=C(N(N=C4C)C5=CC=CC=C5)O)Cl)Cl)O)C6=CC=CC=C6,1
C1=CC=C(C=C1)N=NC2=C(C=CC3=CC(=CC(=C32)S(=O)(=O)[O-])S(=O)(=O)[O-])O.[Na+].[Na+],1
C1=CC=C2C(=C1)C=CC3=C2C4=C(N3)C=CC5=CC=CC=C54,1
C1=CC=C2C(=C1)C=CC3=C2C4=CC=CC=C4C=C3,1
C1C(O1)COCCOCCOCCOCC2CO2,1
C1=CC=C2C(=C1)C=CC3=C2C4=CC=CC=C4C5=CC=CC=C35,1
C1=CC=C2C(=C1)C=CC3=C2C=C4C=CC=C5C4=C3C=C5,1
C1C2=CC=CC3=C2C4=C1C5=CC=CC=C5C=C4C=C3,1
C1C2=CC=CC3=C2C4=C(C=C3)C5=CC=CC=C5C=C41,1
C1=CC=C2C(=C1)C=CC3=C(C4=CC=CC=C4C=C32)[N+](=O)[O-],1
C1=CC2=C3C(=C1)C4=CC=CC5=C4C3=C(C=C2)C=C5,1
C1=CC=C2C(=C1)C=CC3=C2C=C4C=CC=C5C4=C3C6=CC=CC=C65,1
C1=CC=C2C(=C1)C=C3C=CC=C4C3=C2C5=CC=CC=C54,1
C1C2=C(C3=CC=CC=C31)C4=CC=CC=C4C=C2,1
C1=CC=C2C(=C1)C=CC3=C2C4=CC=CC5=C4C3=CC=C5,1
C1=CC=C2C3=C4C(=CC=C3)C5=CC=CC=C5C4=CC2=C1,1
CC[C@@]1(C[C@@H]2C[C@@](C3=C(CCN(C2)C1)C4=CC=CC=C4N3)(C5=C(C=C6C(=C5)[C@]78CCN9[C@H]7[C@@](C=CC9)([C@H]([C@@]([C@@H]8N6C=O)(C(=O)OC)O)OC(=O)C)CC)OC)C(=O)OC)O.OS(=O)(=O)O,1
C1=CC=C2C=C3C4=CC=CC5=C4C(=CC=C5)C3=CC2=C1,1
C[C@H]1[C@H]([C@H](C[C@@H](O1)O[C@H]2C[C@@](CC3=C2C(=C4C(=C3O)C(=O)C5=C(C4=O)C(=CC=C5)OC)O)(C(=O)C)O)N)O,1
C1=CC=C2C(=C1)C=CC3=C2C4=C5C(=CC=CC5=C3)C=C4,1
CC1=C[C@@H]2[C@](C[C@@H]1OC(=O)CC(C)C)([C@]3([C@@H]([C@H]([C@H]([C@@]34CO4)O2)O)OC(=O)C)C)COC(=O)C,1
C1=CC=C2C(=C1)C=CC3=C2C=CC4=CC5=CC=CC=C5C=C43,1
C1=CC=C2C=C3C4=CC=CC=C4C5=CC=CC=C5C3=CC2=C1,1
C1CN1P(=S)(N2CC2)N3CCOCC3,1
C1=CC=C2C(=C1)C=CC3=CC4=C(C=C32)C5=CC=CC=C5C=C4,1
C1=CC=C2C(=C1)C=CC3=NC4=C(C=C32)C5=CC=CC=C5C=C4,1
C1=CC=C2C(=C1)C=CC3=C2N=C4C(=C3)C=CC5=CC=CC=C54,1
C1=CC2=C(C=CC=C2N)C(=C1)N,1
C1=CC=C2C(=C1)C=CC3=NC4=CC=CC=C4C=C32,1
C1=CC=C2C(=C1)C=CC3=CC4=CC=CC=C4N=C32,1
C1=CC=C2C(=C1)C=CC3=C2C=C4C=CC5=CC=CC=C5C4=N3,1
C[C@]12CC[C@H]3[C@H]([C@@H]1CC[C@@H]2OC(=O)CC4=CC=C(C=C4)N(CCCl)CCCl)CCC5=C3C=CC(=C5)OC(=O)CC6=CC=C(C=C6)N(CCCl)CCCl,1
CC1=CC(=O)OC2=C1C=CC3=C2C(=CO3)C,1
C[C@H]1[C@H]([C@H](C[C@@H](O1)O[C@H]2C[C@@](CC3=C2C(=C4C(=C3O)C(=O)C5=C(C4=O)C(=CC=C5)OC)O)(C(=O)CO)O)N)O,1
CCN(CC)CCNC1=C2C(=C(C=C1)CO)SC3=CC=CC=C3C2=O.CS(=O)(=O)O,1
C1C2=CC=CC=C2C3=C1C4=CC=CC=C4C=C3,1
C1CC(C2C1O2)OC3CCC4C3O4,1
C1=CC=C2C(=C1)C=CC3=C2SC4=CC=CC=C34,1
COC1=C(C=C(C=C1)[N+](=O)[O-])N=NC2=C(C(=CC3=CC=CC=C32)C(=O)NC4=CC(=CC=C4)[N+](=O)[O-])O,1
CCCCOCC1CO1,1
COC1=C(C=CC(=C1)C2=CC(=C(C=C2)N=NC3=C(C4=C(C=C(C=C4C=C3S(=O)(=O)[O-])S(=O)(=O)[O-])N)O)OC)N=NC5=C(C6=C(C=C(C=C6C=C5S(=O)(=O)[O-])S(=O)(=O)[O-])N)O.[Na+].[Na+].[Na+].[Na+],1
C1C2=CC=CC=C2C3=CC4=CC=CC=C4C=C31,1
CCCCCCCCC1C(O1)CCCCCCCC(=O)O,1
C1=CC(=CC=C1C(=O)Cl)C(=O)Cl.C1=CC(=CC=C1N)N,1
CC1=CC=CC=C1S(=O)(=O)OC=C,1
CC(C)(C)C1=C(C=CC(=C1)OC)O,1
C1CCC(=O)NCC1.C(CCCN)CCN.C(CCC(=O)O)CC(=O)O,1
C1CC2=CC3=CC=CC4=C3C5=C(C=CC1=C25)C=C4,1
CN(C)/C=N/C1=NN=C(O1)/C=C/C2=CC=C(O2)[N+](=O)[O-],1
C1=CC=C2C(=C1)C3=C(N2)N=C(C=C3)N,1
C1=CC=C2C(=C1)OC3=CC=CC=C3O2,1
CC1=CC=CC=C1N=NC2=C(C=CC3=CC=CC=C32)O,1
CC1=C(C=C(C=C1)N=C=O)N=C=O,1
C1=CC2=C3C(=C1)C=C4C=CC5=C4C3=C(C=C2)C=C5,1
C1=CC(=CC=C1N=NC2=C(C=CC3=C2C=CC(=C3)S(=O)(=O)O)O)S(=O)(=O)O.[Na].[Na],1
CNC1=C(C=C(C=C1)N(CCO)CCO)[N+](=O)[O-],1
CC1=CC(=C(C=C1)O)N=NC2=CC=C(C=C2)NC(=O)C,1
C1=CC(=C(C=C1C2=CC(=C(C=C2)N=NC3=C(C4=C(C=C(C=C4C=C3S(=O)(=O)[O-])S(=O)(=O)[O-])N)O)O)O)N=NC5=C(C6=C(C=C(C=C6C=C5S(=O)(=O)[O-])S(=O)(=O)[O-])N)O.[Na+].[Na+].[Na+].[Na+].[Cu].[Cu],1
C1=CC(=C(C=C1OC2=CC(=C(C=C2)N)Cl)Cl)N,1
C1=CC(=C(C=C1N)[N+](=O)[O-])NCCO,1
COP(=S)(OC)OC1=CC=C(C=C1)[N+](=O)[O-],1
COC1=C2C(=CC3=C1OC=C3)C=CC(=O)O2,1
C(C(Cl)(Cl)Cl)(O)O,1
CC1=CN(C(=O)NC1=O)[C@H]2C[C@@H]([C@H](O2)CO)N=[N+]=[N-],1
CC1CC(=O)O1,1
C,1
C12=C3C4=C5C6=C1C7=C8C9=C1C%10=C%11C(=C29)C3=C2C3=C4C4=C5C5=C9C6=C7C6=C7C8=C1C1=C8C%10=C%10C%11=C2C2=C3C3=C4C4=C5C5=C%11C%12=C(C6=C95)C7=C1C1=C%12C5=C%11C4=C3C3=C5C(=C81)C%10=C23,1
[C-]#[Si+],1
C1[C@@H]2[C@H]3[C@@H]([C@H]1[C@H]4[C@@H]2O4)[C@]5(C(=C([C@@]3(C5(Cl)Cl)Cl)Cl)Cl)Cl,1
COC1=CC=CC2=C3C(=C(C=C21)[N+](=O)[O-])C(=CC4=C3OCO4)C(=O)O,1
CC1=C(C=CC(=C1)C2=CC(=C(C=C2)N=NC3=C(C4=C(C=C3)C(=CC(=C4N)S(=O)(=O)[O-])S(=O)(=O)[O-])O)C)N=NC5=C(C6=C(C=C5)C(=CC(=C6N)S(=O)(=O)[O-])S(=O)(=O)[O-])O.[Na+].[Na+].[Na+].[Na+],1
C(C(CO)(CBr)CBr)O,1
C1=CC(=C(C=C1/C=C/C(=O)O)O)O,1
C1=CC(=C(C=C1N(CCO)CCO)[N+](=O)[O-])NCCO,1
C[C@@H]1OC[C@@H]2[C@@H](O1)[C@@H]([C@H]([C@@H](O2)OC3[C@H]4COC(=O)[C@@H]4[C@@H](C5=CC6=C(C=C35)OCO6)C7=CC(=C(C(=C7)OC)O)OC)O)O.CC1=C(N=C(N=C1N)[C@H](CC(=O)N)NC[C@@H](C(=O)N)N)C(=O)N[C@@H](C(C2=CN=CN2)O[C@H]3[C@H]([C@H]([C@@H]([C@@H](O3)CO)O)O)O[C@@H]4[C@@H]([C@H]([C@@H]([C@H](O4)CO)O)OC(=O)N)O)C(=O)N[C@H](C)[C@H]([C@H](C)C(=O)N[C@@H]([C@@H](C)O)C(=O)NCCC5=NC(=CS5)C6=NC(=CS6)C(=O)NCCC[S+](C)C)O.[NH2-].[NH2-].Cl[Pt+2]Cl,1
C(=O)(C(C(C(C(C(C(C(F)(F)F)(F)F)(F)F)(F)F)(F)F)(F)F)(F)F)O,1
C1=C(OC(=C1)[N+](=O)[O-])C2=CSC(=N2)NNC=O,1
CC(C)NC(=O)C1=CC=C(C=C1)CNNC.Cl,1
C1=COC(=C1)/C(=C/C2=CC=C(O2)[N+](=O)[O-])/C(=O)N,1
C1CCN(C(C1)C2=CN=CC=C2)N=O,1
C1COCCN1CC2CN(C(=O)O2)/N=C/C3=CC=C(O3)[N+](=O)[O-],1
CCN(CC1=CC(=CC=C1)S(=O)(=O)[O-])C2=CC=C(C=C2)C(=C3C=CC(=[N+](CC)CC4=CC(=CC=C4)S(=O)(=O)[O-])C=C3)C5=CC=CC=C5S(=O)(=O)[O-].[Na+].[Na+],1
CC1=CC(=O)OC2=C1C=C3C=C(OC3=C2C)C,1
CC1=CC(=O)OC2=C1C=CC3=C2C=C(O3)C,1
C1CS1,1
CC1=CC(=C(C=C1N=NC2=C(C3=CC=CC=C3C(=C2)S(=O)(=O)[O-])O)S(=O)(=O)[O-])C.[Na+].[Na+],1
CCN(CC1=CC(=CC=C1)S(=O)(=O)[O-])C2=CC=C(C=C2)C(=C3C=CC(=[N+](CC)CC4=CC(=CC=C4)S(=O)(=O)[O-])C=C3)C5=CC=CC=C5.[Na+],1
C1=CC=C(C(=C1)C2=CC=C(C=C2)N)N,1
CN(C)C1=CC=C(C=C1)C(=N)C2=CC=C(C=C2)N(C)C,1
CN(C)C1=CC=C(C=C1)N=NC2=CC=CC=C2C(=O)O.[Na],1
CN(C)C1=CC2=C(C=C1)C=C3C=CC(=CC3=N2)N(C)C,1
C1=CC(=CC=C1C(C2=CC=C(C=C2)Cl)C(Cl)(Cl)Cl)Cl,1
CCN(CC)CCOC1=CC=C(C=C1)C(=C(C2=CC=CC=C2)Cl)C3=CC=CC=C3.C(C(=O)O)C(CC(=O)O)(C(=O)O)O,1
C[C@@H]1[C@@H](C(=O)N[C@@H](C(=O)N2CCC[C@H]2C(=O)N(CC(=O)N([C@H](C(=O)O1)C(C)C)C)C)C(C)C)NC(=O)C3=C4C(=C(C=C3)C)OC5=C(C(=O)C(=C(C5=N4)C(=O)N[C@H]6[C@H](OC(=O)[C@@H](N(C(=O)CN(C(=O)[C@@H]7CCCN7C(=O)[C@H](NC6=O)C(C)C)C)C)C(C)C)C)N)C,1
C1=C(OC=C(C1=O)O)CO,1
C(CCl)SCCCl,1
O=[Sn].[In],1
CCCCOCCOCCOCC1=CC2=C(C=C1CCC)OCO2,1
C1CN1C2=NC(=NC(=N2)N3CC3)N4CC4,1
CN(CCCl)CCCl,1
CCOC(=O)N,1
CC(=CCl)C,1
CCN(CC1=CC(=CC=C1)S(=O)(=O)[O-])C2=CC=C(C=C2)C(=C3C=CC(=[N+](CC)CC4=CC(=CC=C4)S(=O)(=O)O)C=C3)C5=CC=C(C=C5)S(=O)(=O)[O-].[Na+].[Na+],1
CC1=CC(=C(C=C1Cl)S(=O)(=O)[O-])N=NC2=C(C=CC3=CC=CC=C32)O.CC1=CC(=C(C=C1Cl)S(=O)(=O)[O-])N=NC2=C(C=CC3=CC=CC=C32)O.[Ba+2],1
C1=CC=C2C(=C1)C(=CC=C2O)N=NC3=CC=C(C=C3)S(=O)(=O)[O-].[Na+],1
C1=CC2=C(C=CO2)C3=C1C=CC(=O)O3,1
C1=CC=C2C(=C1)C=CC3=CC4=C(C=CC5=CC=CC=C54)C=C32,1
C1=CC(=C(C=C1N)[N+](=O)[O-])N,1
CC(=O)NC1=NC(=CS1)C2=CC=C(O2)[N+](=O)[O-],1
C1=CC=C2C(=C1)C=C3C4=CC=CC=C4C5=C3C2=CC6=CC=CC=C65,1
C1=COC(=C1)CNC2=CC(=C(C=C2C(=O)O)S(=O)(=O)N)Cl,1
C1=CN=CC=C1C(=O)NN,1
C1=CC(=CC(=C1)Cl)Cl,1
C(C=CCl)Cl,1
C(OCCl)Cl,1
C1CN1P(=O)(N2CC2)N3CC3,1
CCN(CC)C(=S)[S-].CCN(CC)C(=S)[S-].CCN(CC)C(=S)[S-].CCN(CC)C(=S)[S-].[Se+4],1
CN(C)C1=CC=C(C=C1)C(C2=CC=C(C=C2)N(C)C)C3=CC=C(C=C3)N(C)C,1
C(CCl)NC[C@H]([C@H]([C@@H]([C@@H](CNCCCl)O)O)O)O.Cl.Cl,1
C1CN(C(=O)N1)/N=C/C2=CC=C(O2)[N+](=O)[O-],1
C(C(=O)O)(Cl)Br,1
C(Cl)(Cl)(Cl)Cl,1
C1=CC=C2C(=C1)C=CC3=CC4=CC=CC=C4C=C32,1
CC(C1=CC=CC=C1)(C2=CC=CC=N2)OCCN(C)C.C(CC(=O)O)C(=O)O,1
CC(=C)CCl,1
C1=CC(=CC=C1COCCl)COCCl,1
C1=CC(=N)C=CC1=C(C2=CC=C(C=C2)N)C3=CC=C(C=C3)N.Cl,1
CN(C)C1=CC=C(C=C1)C(=C2C=CC(=[N+](C)C)C=C2)C3=CC=CC=C3.[Cl-],1
C=CCN=C=S,1
CC1CN1P(=O)(N2CC2C)N3CC3C,1
C1COC1=O,1
CC(COC(C)(C)C)O,1
C1=CC(=C(C=C1C2=CC(=C(C(=C2)Cl)Cl)Cl)Cl)Cl,1
C1(C(C(C(C(C1Cl)Cl)Cl)Cl)Cl)Cl,1
C1=C(OC(=C1)[N+](=O)[O-])/C=N/NC(=O)N,1
CC(=O)OC/N=[N+](/C)\[O-],1
C1=NC2=C(N1COCCO)N=C(NC2=O)N,1
C=CBr,1
C1=C(C(=CC(=C1Br)Br)Br)C2=CC(=C(C=C2Br)Br)Br,1
COC(=O)N,1
C1=CC(=C(C=C1[N+](=O)[O-])OCCO)NCCO,1
CC[C@H]1C(=O)N(CC(=O)N([C@H](C(=O)N[C@H](C(=O)N([C@H](C(=O)N[C@H](C(=O)N[C@@H](C(=O)N([C@H](C(=O)N([C@H](C(=O)N([C@H](C(=O)N([C@H](C(=O)N1)[C@@H]([C@H](C)C/C=C/C)O)C)C(C)C)C)CC(C)C)C)CC(C)C)C)C)C)CC(C)C)C)C(C)C)CC(C)C)C)C,1
CC1=CC[C@@H](CC1)C(=C)C,1
C1=CC=C(C=C1)N=NC2=CC=C(C=C2)N,1
CN(C)C1=CC=C(C=C1)N=NC2=CC=CC=C2,1
CC(C)(C)C(=O)OC1=C(C=C(C=C1)[C@@H](CNC)O)OC(=O)C(C)(C)C,1
CN(CCC#N)N=O,1
C1=C(C=C(C(=C1Cl)N)Cl)N,1
C1=CC(=C(C=C1Cl)Cl)[N+](=O)[O-],1
CNC1=CC=CC=C1N.Cl.Cl,1
CCOC(=O)N(C)N=O,1
CCOS(=O)(=O)C,1
C1=CC=C(C=C1)N.Cl,1
CCCN(CCC)N=O,1
CC1=C2C(=C(N=C1N)C)C3=CC=CC=C3N2,1
CC1=C2C3=CC=CC=C3NC2=CC(=N1)N,1
CCCOC(=O)N,1
CC(COC1=CC=CC=C1)N(CCCl)CC2=CC=CC=C2.Cl,1
C1=CC=C2C(=C1)C3=C4C(=C2[N+](=O)[O-])C=CC5=CC=CC(=C54)C=C3,1
C(C(=O)O)(Br)Br,1
CC1=CC(=C(C2=CC=C(C=C2)N)C3=CC=C(C=C3)N)C=CC1=N.Cl,1
COC1=CC(=C(C=C1)OC)N=NC2=C(C=CC3=CC=CC=C32)O,1
CCOC(C)(C)C,1
C1=CC=C(C=C1)NC2=C(C=C(C=C2)NC3=C(C=C(C=C3)[N+](=O)[O-])[N+](=O)[O-])S(=O)(=O)O,1
CCO,1
CCOS(=O)(=O)OCC,1
C1CC2=C3C1=CC=CC3=CC4=CC=CC=C24,1
C1=CC=C2C(=C1)C=CC=C2N=NC3=C(C=C(C=C3)N)N,1
C[As+](C)(C)CC(=O)[O-],1
CC1=CC=C(C=C1)S(=O)(=O)OC2=CC=C(C=C2)N=NC3=C(C=C(C=C3)C4=CC(=C(C=C4)N=NC5=C(C=CC6=CC(=CC(=C65)S(=O)(=O)[O-])S(=O)(=O)[O-])O)C)C.[Na+].[Na+],1
COS(=O)(=O)C,1
C1=C(C(=O)NC(=O)N1)N(CCCl)CCCl,1
O.O.O.O.O.O.O.O.O.O.O.O.O.O.O.O.O.O.O.O.O.O.O.O.O.O.O.O.O.O.[O-2].[O-][Si](=O)O[Si](=O)[O-].[Na+].[Al+3].[K+].[Ca+2],1
CC(C)O,1
C1=CC2=NC3=C(N2C=C1)N=C(C=C3)N,1
CC1=CC=CN2C1=NC3=C2N=C(C=C3)N,1
CN(C)C=O,1
C1CN1C2=CC(=O)C(=C(C2=O)N3CC3)N4CC4,1
CC1=CC2=C(NC3=CC=CC=C32)N=C1N,1
CNC.C1=CC(=C(C=C1Cl)Cl)OCC(=O)O.C(=O)(C(Cl)(Cl)Cl)C(Cl)(Cl)Cl,1
C1C[C@@H](O[C@@H]1CO)N2C=NC3=C2N=CNC3=O,1
CN(C(=N)N[N+](=O)[O-])N=O,1
C1CC2=C(C1)C3=CC4=C(C=C3C=C2)C5=CC=CC=C5C=C4,1
C[C@H]1C[C@@H]2[C@H](CC[C@]3([C@H]2CC[C@@]3(C(=O)C)OC(=O)C)C)[C@@]4(C1=CC(=O)CC4)C,1
[2H]C1=C(C(=C(N=C1[2H])[2H])C2CC=CCN2N=O)[2H],1
CC1=C(C=CC(=C1)C2=CC(=C(C=C2)N=NC3=C(C4=C(C=C(C=C4C=C3S(=O)(=O)O)S(=O)(=O)O)N)O)C)N=NC5=C(C6=C(C=C(C=C6C=C5S(=O)(=O)O)S(=O)(=O)O)N)O,1
CN(C)C1=CC2=C(C=C1)N=C3C=CC(=[N+](C)C)C=C3S2.[Cl-],1
CC1=CC2=C(C=CO2)C3=C1C=CC(=O)O3,1
CCl,1
CCBr,1
[Hg],1
[Ni],1
[232Th],1
[As],1
[Be],1
[Cd],1
[Cr],1
[Co],1
O=S=O,1
C1C[C@@H](O[C@@H]1CO)N2C=CC(=NC2=O)N,1
C=CCl,1
C=CF,1
C(Cl)Cl,1
C1CO1,1
CC1CN1,1
CC1CO1,1
C[As](=O)(C)O,1
CC(C)(C)O,1
C1C[C@H](N(C1)N=O)C(=O)O,1
C(=O)(C(Cl)(Cl)Cl)O,1
CN1C2=CC(=C3C(=C2N=C1N)C=CC=N3)O,1
Cl,1
OS(=O)(=O)O,1
COS(=O)(=O)OC,1
CC1=CC2=C(C=CC=N2)C3=C1N(C(=N3)N)C,1
OO,1
CC1=CN=C2C=CC3=C(C2=N1)N=C(N3C)N,1
[O-]Br(=O)=O.[K+],1
[O-]Cl=O.[Na+],1
[Se],1
C=CC(=O)O,1
C(C(=O)O)(Cl)Cl,1
CN(C)C(=O)Cl,1
C1=C(OC(=C1)[N+](=O)[O-])/C=C/C2=CN=C(N=N2)N(CO)CO,1
CC(C)C(C)NC(=O)C1=CC=C(O1)CSC2=NN=C(C=C2)C3=CC=C(C=C3)Cl,1
CC(=C)C(=O)OC,1
COCCOC1=C(C(=O)C(=C(C1=O)N2CC2)OCCOC)N3CC3,1
C=C1C(C2(C(C(C1(C2(Cl)Cl)Cl)Cl)Cl)Cl)(CCl)CCl,1
CC1(C(=C)[C@@]2(C([C@]1(C(C2(Cl)Cl)(Cl)Cl)Cl)Cl)Cl)C,1
CC(=O)OC1=C(C=CC(=C1)C(F)(F)F)C(=O)O,1
C[N+]1=C2C=C(C=CC2=CC3=C1C=C(C=C3)N)N.C1=CC(=CC2=NC3=C(C=CC(=C3)N)C=C21)N.[Cl-],1
C([C@@H]1[C@H]([C@@H]([C@H]([C@H](O1)O[C@]2([C@H]([C@@H]([C@H](O2)CO)O)O)CO)O)O)O)O.O.O.O.[OH-].[O-2].[O-2].[O-2].[O-2].[O-2].[O-2].[O-2].[O-2].[Na+].[Na+].[Fe+3].[Fe+3].[Fe+3].[Fe+3].[Fe+3],1
C1CN(CCN1CCOCCO)C(C2=CC=CC=C2)C3=CC=C(C=C3)Cl,1
C1=CC=C2C(=C1)C(=O)NS2(=O)=O,1
CC1=C(C(=C(C(=C1[N+](=O)[O-])C(C)(C)C)[N+](=O)[O-])C)[N+](=O)[O-],1
C(CCl)N(CCCl)CCCl.Cl,1
C1(=C(C(=C(C(=C1Cl)Cl)Cl)Cl)Cl)[N+](=O)[O-],1
CC1=CC=CC=C1N=NC2=CC(=C(C=C2)N(C(=O)C)C(=O)C)C,1
CC1=C(C=CC(=C1)CC2=CC(=C(C=C2)N)C)N,1
[2H]C1=C(C(=C(C(=C1[2H])[2H])N=NC2=C(C=CC3=CC=CC=C32)O)[2H])[2H],1
CCCCOC(=O)C1=CC=CC=C1C(=O)OCC2=CC=CC=C2,1
CC1=CC=CC=C1N=NC2=CC(=C(C=C2)N=NC3=C(C=CC4=CC=CC=C43)O)C,1
C1=CC=C(C=C1)N=NC2=C(C=CC3=CC=CC=C32)N,1
C1=CC=C(C=C1)N=NC2=CC=C(C=C2)N=NC3=C(C=CC4=CC=CC=C43)O,1
CN(CCC=O)N=O,1
C1=CN=CC2=C1C3=C(C=C4C(=C3)C=CO4)OC2=O,1
CC1=C2C(=CC3=C1OC(=O)C4=C3C=CN=C4)C=CO2,1
C1=CC=C2C(=C1)C=CC=C2NC(=S)N,1
COP(=O)OC,1
C1=CC=C(C=C1)/C=C/COC(=O)C2=CC=CC=C2N,1
CC1=C(C(=CC=C1)C)N,1
C1(=C(C(=C(C(=C1Cl)Cl)Cl)Cl)Cl)O,1
C1=C(C=C(C(=C1Cl)O)Cl)Cl,1
C=CN1CCCC1=O,1
C1=CC=C(C(=C1)[N+](=O)[O-])Cl,1
C1=CC(=C(C=C1Cl)[N+](=O)[O-])Cl,1
C[C@@H]1CCC(=C(C)C)C(=O)C1,1
C1=CC=C(C=C1)C2=CC=CC=C2O,1
CC(=C)C(=O)/C(=C/C(=O)O)/OC,1
CN(C)C1=CC=C(C=C1)C(=O)C2=CC=C(C=C2)N(C)C,1
CCC(=O)C1=C(C(=C(C=C1)F)[C@@H]2C[C@@H]2NC(=O)NC3=NC=C(C=C3)C#N)O.CC(=O)[O-].CC(=O)[O-].[Zn+2],1
COC1=CC(=O)OC(C1)/C=C/C2=CC3=C(C=C2)OCO3,1
C=CO,1
CC(=O)OC=C.C=CCl,1
C=CC#N.C=CC1=CC=CC=C1,1
C=CC=C.C=CC1=CC=CC=C1.C=CC(=O)O,1
OS(=O)(=O)O.[Fe],1
C1=CC=C(C=C1)N2C(=NN=N2)SC3=C(C=C(C=C3[N+](=O)[O-])C(=O)O)[N+](=O)[O-].N,1
CCNC(=O)N,1
C=CCl.C=C(Cl)Cl,1
C=O.C1=CC=C(C=C1)N=C=O,1
CC1=CC2=C(C3=C1OC=C3C)OC(=O)C=C2C,1
COC1=CC=CC=C1[N+](=O)[O-],1
C1=CC=C(C=C1)C2=CC=C(C=C2)[N+](=O)[O-],1
CCCCN(CCCC)N=O,1
C1=CC=C(C=C1)C(=O)OOC(=O)C2=CC=CC=C2,1
C1=CC(=C(C=C1Cl)Cl)OCC(=O)O,1
C1=CC=C(C(=C1)Cl)Cl,1
CC1=CC=CC=C1N,1
C1=CC=C(C(=C1)N)N,1
CC1=CC(=C(C=C1)N)C,1
CC1=C(C=CC(=C1)Cl)N,1
CC1=CC(=C(C=C1)C)N,1
CC1=C(C=C(C=C1)Cl)N,1
C1=CC(=C(C=C1Cl)N)N,1
C1=CC(=C(C=C1Cl)N)O,1
C1C(O1)C2=CC=CC=C2,1
C(C(CBr)Br)Cl,1
C(C(CBr)Br)O,1
C(C(CCl)O)O,1
COC(=O)C=C,1
C1CC(=O)OC1,1
C/C=C/C1=CC(=C(C=C1)O)OC,1
CC1=CC=CC=C1N=NC2=CC(=C(C=C2)N)C,1
CCCCOC(=O)C(=C)C,1
C1=COC(=C1)CO,1
C1=CC(=CC=C1C(F)(F)F)Cl,1
CC(=C)C1=CC=CC=C1,1
C1=CC=C(C=C1)C(Cl)(Cl)Cl,1
CCNC1=CC2=C(C=C1C)C(=C3C=C(C(=NCC)C=C3O2)C)C4=CC=CC=C4C(=O)OCC,1
CC1=C(C=C(C=C1)[N+](=O)[O-])N,1
C1=CC(=C(C=C1[N+](=O)[O-])N)N,1
C1=CC(=C(C=C1[N+](=O)[O-])N)O,1
COC1=C(C=C(C=C1)[N+](=O)[O-])N,1
CN(C1=CC=C(C=C1)N=O)N=O,1
CC1=CC=C(C=C1)N(C)C,1
CCC(C)(C)OC,1
CCCC[C@@H](C)[C@H]([C@H](C[C@@H](C)CCCCCC[C@H](C[C@@H]([C@H](C)N)O)O)OC(=O)C[C@@H](CC(=O)O)C(=O)O)OC(=O)C[C@@H](CC(=O)O)C(=O)O,1
C/C=C(\C=C(/C)\C=C(/C)\C=C\C=C(/C)\C(=O)[C@@]12[C@@H](O1)[C@](NC2=O)(CCO)O)/C(=O)OC,1
C(C(CO[N+](=O)[O-])O[N+](=O)[O-])O[N+](=O)[O-],1
C1=CC(=C(C=C1F)F)C(CN2C=NC=N2)(CN3C=NC=N3)O,1
C1C(=O)NC(=O)N1/N=C\C2=CC=C(O2)[N+](=O)[O-],1
C1=C(OC(=C1)[N+](=O)[O-])/C=N\NC(=O)N,1
C1=CC=C(C=C1)C(COC(=O)N)COC(=O)N,1
C[C@]12C[C@@H]([C@]3([C@H]([C@@H]1C[C@@H]4[C@]2(OC(O4)(C)C)C(=O)CO)CCC5=CC(=O)C=C[C@@]53C)F)O,1
C[C@]12C[C@@H]([C@H]3[C@H]([C@@H]1CC[C@@]2(C(=O)CO)O)CCC4=CC(=O)C=C[C@]34C)O,1
C[C@]12CC[C@H]3[C@H]([C@@H]1CC[C@]2(C#C)O)CCC4=C3C=CC(=C4)O,1
CC(C)NC(=O)C1=CC=C(C=C1)CNNC,1
CC(=O)O[C@]1(CC[C@@H]2[C@@]1(CC[C@H]3[C@H]2CCC4=CC(=O)CC[C@H]34)C)C#C,1
CC1=CN=C(C(=C1OC)C)CS(=O)C2=NC3=C(N2)C=C(C=C3)OC,1
CCCC(CCC)C(=O)[O-],1
COC1=CC=C(C=C1)O,1
CC(=O)NC1=CC2=C(C=C1)C3=CC=CC=C3C2,1
CC1=C2CCC3=C2C(=CC4=C3C=CC5=CC=CC=C54)C=C1,1
COC1=C2C3=C(C(=O)CC3)C(=O)OC2=C4C5C=COC5OC4=C1,1
CN(C)CCN(CC1=CC=CS1)C2=CC=CC=N2,1
CC(COC1=CC=CC=C1)N(CCCl)CC2=CC=CC=C2,1
CC1=C(C(=CC=C1)NC2=CC(=NC(=N2)SCC(=O)O)Cl)C,1
CC(C1=CC=CC=C1)(C2=CC=CC=N2)OCCN(C)C,1
CC(C)(C(=O)O)OC1=CC=C(C=C1)C2CC2(Cl)Cl,1
CC1=CC(=O)N(N1C)C2=CC=CC=C2,1
C1=CC=C(C=C1)C2=CC=CC=C2,1
CCSCCC(C(=O)O)N,1
CN(C)CCN(CC1=CC=C(C=C1)OC)C2=CC=CC=N2,1
CCN1C=C(C(=O)C2=C1N=C(C=C2)C)C(=O)O,1
CCSCC[C@@H](C(=O)O)N,1
CC1=C(C2=C(N1C(=O)C3=CC=C(C=C3)Cl)C=CC(=C2)OC)CC(=O)O,1
CC(C)(C)NCC(C1=CC(=C(C=C1)O)CO)O,1
C1=CNC(=O)NC1=O,1
CC(CN1CC(=O)NC(=O)C1)N2CC(=O)NC(=O)C2,1
CC(C)(C)NCC(C1=CC(=CC(=C1)O)O)O,1
C1CCC(CC1)(CC(=O)O)CN,1
CC(=O)N(C1=CC2=C(C=C1)C3=CC=CC=C3C2)O,1
CC1=CC(=CC=C1)N=NC2=CC=C(C=C2)N(C)C,1
C1=CC=C2C(=C1)C(=CC=[N+]2[O-])[N+](=O)[O-],1
CC1=C2C=CC3=CC=CC=C3C2=C(C4=CC=CC=C14)C,1
C1=CC(=CC=C1C(=O)O)[N+](=O)[O-],1
CC1=CC=CC=C1S(=O)(=O)N,1
C1CC2=CC=CC=C2CC1N,1
CC1=CC(=C(C=C1)C)C,1
C1CC(OC1)C=O,1
CC(C1CCCCC1)O,1
CC1=CC=C(C=C1)[N+](=O)[O-],1
C(COCCO)O,1
CCCCOP(=O)(OCCCC)OCCCC,1
CC(=NO)C,1
CCN1C2=C(C=C(C=C2)N)C3=CC=CC=C31,1
CC1=CC(NC2=CC=CC=C12)(C)C,1
C(N(CO)C1=NC(=NC(=N1)N(CO)CO)N(CO)CO)O,1
CCCCCCCC(=O)OCC(COC(=O)CCCCCCC)OC(=O)CCCCCCC,1
C1CN(C(=O)N1)/N=C\C2=CC=C(O2)[N+](=O)[O-],1
C1=CC(=N)C=CC1=C(C2=CC=C(C=C2)N)C3=CC=C(C=C3)N,1
COP(=O)(N1CCOCC1)OC,1
CN(C1CCCCC1)N=O,1
CCN(C(=O)OCC)N=O,1
CCN(CC)C(=O)C,1
COP(=O)(C)OC,1
CCCN(C(=O)N)N=O,1
CCCCN(C(=O)N)N=O,1
CN(C)NC(=O)CCC(=O)O,1
COC1=C(C(=C(C(=C1Cl)Cl)Cl)Cl)Cl,1
CC1(COC1=O)C,1
CNC(=S)N(C)C,1
C1=CC(=CN=C1)CCl,1
CCCCN(CCCCO)N=O,1
C1CN(CCN1)N=O,1
CC1(C=CC2=C3C(=C(C=C2O1)OC)C(=O)C4=CC=CC=C4N3C)C,1
CN(C)N=NC1=CC=CC=C1,1
C1=CC(=C(C=C1C2=CC(=C(C=C2)N)N)N)N,1
C1=CC=C2C(=C1)C=CC(=N2)C3C(=O)C4=CC=CC=C4C3=O,1
COC1=C2C(=C3C4C=COC4OC3=C1)OC5=CC=CC(=C5C2=O)O,1
C#CC(C1=CC=CC=C1)(C2=CC=C(C=C2)Cl)OC(=O)N,1
CCCCCN(C(=O)N)N=O,1
C1=CC(=C(C(=C1C2=C(C(=C(C=C2)Cl)Cl)Cl)Cl)Cl)Cl,1
C1=CC(=C(C(=C1)Cl)Cl)C2=C(C(=C(C=C2)Cl)Cl)Cl,1
C1=CC(=CC(=C1)Cl)C2=CC(=CC(=C2)Cl)Cl,1
CCCCCN(CCCCC)N=O,1
CN(CCC1=CC=CC=C1)N=O,1
C(C(CCl)OP(=O)(OC(CCl)CCl)OC(CCl)CCl)Cl,1
C(CO)N(C(=O)N)N=O,1
CCN1C=C(C(=O)C2=CC3=C(C=C21)OCO3)C(=O)O,1
C1CN(CN(C1)N=O)N=O,1
CN(C1=CC=CC=N1)N=O,1
C=CCN(CC=C)N=O,1
C1CN(C(=O)NC1=O)N=O,1
CC(C(C1=CC=CC=C1)O)N(C)N=O,1
C1=C2C(=C(C(=C1Cl)Cl)Cl)OC3=C(C(=C(C=C3O2)Cl)Cl)Cl,1
C1CCCN(CCC1)N=O,1
CCNC1=NC(=NC(=N1)Cl)NC(C)(C)C#N,1
C1=C(OC(=C1)[N+](=O)[O-])C2=CSC(=N2)NC=O,1
CCN(C#N)N=O,1
COC1=C(C=C(C=C1)N)N,1
C12C3(C4(C5(C3(C(C1(C5(C2(C4(Cl)Cl)Cl)Cl)Cl)(Cl)Cl)Cl)Cl)Cl)Cl,1
C1COCN1N=O,1
C1CCON(C1)N=O,1
C1C(=O)NC(=O)N1N=O,1
CC(CN(CC(C)O)N=O)O,1
C(C(=O)O)N(C(=O)N)N=O,1
CC(=O)CN(CC(=O)C)N=O,1
CN(C(=O)C1=CC=CC=C1)N=O,1
CN(CCCC(=O)C1=CN=CC=C1)N=O,1
CC1=C(C(=CC=C1)NC2=CC(=NC(=N2)SCC(=O)NCCO)Cl)C,1
CCN(CC(F)(F)F)N=O,1
C(CC(F)(F)F)CN(CCCC(F)(F)F)N=O,1
C1CCC(=NO)C1,1
C1C=CCON1N=O,1
C1CCC(CC1)C(COC(=O)N)COC(=O)N,1
COC1=C(C=CC(=C1)S(=O)C)C2=NC3=C(N2)C=NC=C3,1
C1=CC(=CC=C1C2=CSC(=N2)NN)N,1
CC(C1=CC=CC=C1)O,1
C1=CC=C2C(=C1)C(=NS2(=O)=O)[O-],1
CC(C)CCCCCCOC(=O)C1=CC=CC=C1C(=O)OCCCCCCC(C)C,1
CN(C1=CC=CC=C1)N=O,1
C1=CC=C2C(=C1)C(=O)C3=C(C2=O)C(=C(C=C3O)O)O,1
COC1=CC=CC2=C3C(=C(C=C21)[N+](=O)[O-])C(=CC4=C3OCO4)C(=O)[O-],1
COC1=CC=C(C=C1)C(=O)/C(=C\C(=O)[O-])/Br,1
C1C2=CC=CC=C2C3=C1C=C(C=C3)NC(=O)C(F)(F)F,1
CC(=O)O[C@H]1CC[C@@]2([C@H]3CC[C@]4([C@H]([C@@H]3CC=C2C1)CCC4=O)C)C,1
CCC[C@@H]1O[C@@H]2C[C@H]3[C@@H]4CCC5=CC(=O)C=C[C@@]5([C@H]4[C@H](C[C@@]3([C@@]2(O1)C(=O)CO)C)O)C,1
CCC(CCC(C(CC(C(C(CCl)Cl)Cl)Cl)Cl)Cl)Cl,1
C1=CC2=C(C(=C1)[N+](=O)[O-])N=CC=C2,1
CCC1(C(=O)NC(=O)N=C1[O-])CC,1
COC1=CC=CC(=C1O)O,1
COC1=C(C=C2C(=C1)C3=CC=CC=C3O2)N,1
CC1=C(C(CCC1)(C)C)/C=C/C(=C/C=C/C(=C/COC(=O)C)/C)/C,1
CC1=CC=CC=C1N=O,1
C1CC(=O)OC2=CC=CC=C21,1
CC1=CC(=C(C=C1)O)O,1
C1OC2=C(O1)C=C(C=C2)O,1
C1C2=CC(=C(C=C2[C@@H]3[C@]1(COC4=C3C=CC(=C4O)O)O)O)O,1
C1=CC=C(C=C1)N(N=O)[O-],1
C1=CC=C(C=C1)NC2=C(C=C(C=C2)NC3=C(C=C(C=C3)[N+](=O)[O-])[N+](=O)[O-])S(=O)(=O)[O-],1
C[C@]12CC[C@H]3[C@H]([C@@H]1CCC2=O)CC=C4[C@@]3(CC[C@@H](C4)O)C,1
CC1=N[C@@]2([C@H](O1)C[C@@H]3[C@@]2(C[C@@H]([C@H]4[C@H]3CCC5=CC(=O)C=C[C@]45C)O)C)C(=O)COC(=O)C,1
CC1=NC=C(N1C)[N+](=O)[O-],1
CCC1(C(=O)NC(=O)N=C1[O-])C2=CC=CC=C2,1
C1=CC(=CC=C1N)OC2=CC=C(C=C2)Cl,1
CN1C2=C(C3=C(C=C2)N=CC=C3)N=C1N,1
C[C@]12CC[C@H]3[C@H]([C@@H]1CC[C@]2(C)O)CC[C@@H]4[C@@]3(C/C(=C/O)/C(=O)C4)C,1
CC(C)C[C@H]1C(=O)N2CCC[C@H]2[C@]3(N1C(=O)[C@](O3)(C(C)C)NC(=O)[C@H]4CN([C@@H]5CC6=C(NC7=CC=CC(=C67)C5=C4)Br)C)O,1
C(CNC(=S)[S-])NC(=S)[S-],1
C1=C(OC(=C1)[N+](=O)[O-])C2=NN=C(O2)N,1
C1=CC=C(C=C1)Cl,1
C1=CC=C(C=C1)C2=CC=CC=C2[O-],1
CCN(CC1=CC(=CC=C1)S(=O)(=O)[O-])C2=CC=C(C=C2)C(=C3C=CC(=[N+](CC)CC4=CC(=CC=C4)S(=O)(=O)[O-])C=C3)C5=CC=CC=C5,1
CC(C)N1C2=CC=CC=C2C(=C1/C=C/[C@H](C[C@H](CC(=O)O)O)O)C3=CC=C(C=C3)F,1
C1=CC(=CC=C1C2=CSC(=N2)NN)[N+](=O)[O-],1
CN(CCCC(C1=CN=CC=C1)O)N=O,1
CC(=O)OCN=[N+](C)[O-],1
CC1=CC(=C(C=C1Cl)S(=O)(=O)[O-])N=NC2=C(C=CC3=CC=CC=C32)O,1
C[C@H]1CN(C[C@@H](O1)C)N=O,1
C1[C@@H]([C@H](O[C@H]1N2C=NC3=C2NC(=NC3=S)N)CO)O,1
CC1=CC=C(C=C1)S(=O)(=O)OCC(CN=O)N,1
CN(C)CCN(C)N=O,1
CC(=NNC1=NC=C(S1)C2=CC=C(O2)[N+](=O)[O-])C,1
CC(=O)OC(C=C)C1=CC2=C(C=C1)OCO2,1
CC(=O)NC1=CC=C(C=C1)C2=CC=CC=C2,1
COC1=C2C3=C([C@@H](CC3)O)C(=O)OC2=C4[C@@H]5C=CO[C@H]5OC4=C1,1
C=CCN(C(=O)N)N=O,1
C1=C(N=C(S1)N=C(N)N)CSCCNC2=NSN=C2N,1
C1=C(OC(=C1)[N+](=O)[O-])C2=CSC(=N2)N,1
C1=CC(=C(C(=C1)Cl)Cl)C2=C(C=C(C=C2)Cl)Cl,1
CCCN=[N+](CCC)[O-],1
CC(C)N=[N+](C(C)C)[O-],1
CCOCCC1=C(N=C(N2C1=NC=N2)N)C3=CC=CC=C3,1
C1=CC=C2C(=C1)C(=NC(=N2)C3=CC=C(S3)[N+](=O)[O-])N(CCO)CCO,1
[C@@H]1([C@H]([C@@]2(C(=C([C@]1(C2(Cl)Cl)Cl)Cl)Cl)Cl)C(=O)O)C(=O)O,1
C[C@@H]1C[C@@H](CN(C1)S(=O)(=O)C2=CC(=C(C=C2)Cl)C(=O)O)C,1
C(CCl)N(C(=O)N[C@@H]1[C@H]([C@@H]([C@H](O[C@@H]1O)CO)O)O)N=O,1
C[C@H]1[C@@H](OC=C2C1=C(C(=C(C2=O)C(=O)O)O)C)C,1
C[C@H]1/C=C(\C(=O)O[C@@H]2CC[N+]3(C2(C(=CC3)COC(=O)[C@@]1(C)OC(=O)C)[O-])C)/C=C,1
C1=CC(=CC(=C1)Cl)C2=CC(=CC=C2)Cl,1
COC1=C(C=C(C=C1)C(=O)NC2=C(C=NC=C2Cl)Cl)OC3CCCC3,1
CC(=O)N(C1=CC=CC2=C1CC3=CC=CC=C32)C(=O)C,1
C1=CC(=C(C=C1CCN)[N+]#N)[O-],1
C1=CC=C2C(=C1)C3=C(O2)C=C(C=C3)N,1
C([C@@H]([C@H]([C@@H]([C@H](CBr)O)O)O)O)Br,1
CCCCNC(=O)N(CCCC)N=O,1
CCN(CC)C1=CC=C(C=C1)N=NC2=CC=[N+](C=C2)[O-],1
C1=CC=C2C(=C1)C(=O)NC(N2)C3=CC=C(S3)[N+](=O)[O-],1
COC1=CC(=C(C=C1)OC)/C=C/C2=CC=C(C=C2)N,1
COC1=C(C2=C(C(=C1)O)C(=O)C3=C(C=C4C(=C3O2)C5C=COC5O4)OC)OC,1
CC1=CC(=NC(=N1)C2=CC=C(O2)[N+](=O)[O-])C,1
CC[C@@H](C(C[C@H](C)N(C)C)(C1=CC=CC=C1)C2=CC=CC=C2)OC(=O)C,1
CN(C)CNC1=NN=C(O1)/C=C/C2=CC=C(O2)[N+](=O)[O-],1
CN(C)NC1=NC(=CS1)C2=CC=C(O2)[N+](=O)[O-],1
CN1C=NC(=C1C(=O)N(C)N=O)N(C)N=O,1
CCN=[N+](CC)[O-],1
CC[N+](=NC)[O-],1
CCN(C(=O)NCCO)N=O,1
CCN(C(=O)NCC(=O)C)N=O,1
CC(=O)NC1=CC=C(C=C1)C2=CC=C(C=C2)F,1
C(CF)N(C(=O)N)N=O,1
CC1=CSC(=N1)NNC=O,1
CCCC[C@H](C)[C@H]([C@@H](C[C@H](C)C[C@H](CCCC[C@H](C[C@@H]([C@H](C)N)O)O)O)OC(=O)C[C@H](CC(=O)O)C(=O)O)OC(=O)C[C@H](CC(=O)O)C(=O)O,1
CCN(CC1=CC(=CC=C1)S(=O)(=O)[O-])C2=CC=C(C=C2)C(=C3C=CC(=[N+](CC)CC4=CC(=CC=C4)S(=O)(=O)[O-])C=C3)C5=CC=C(C=C5)S(=O)(=O)[O-],1
CCCCCCN(C(=O)N)N=O,1
C1=C(OC(=C1)[N+](=O)[O-])C2=CSC(=N2)NN,1
C1CN(C(=O)N1CCO)/N=C\C2=CC=C(O2)[N+](=O)[O-],1
CCNC(=O)N(CCO)N=O,1
C1=CC=C2C(=C1)C(=NC(=N2)C3=CC=C(S3)[N+](=O)[O-])NCCO,1
C=CC(C1=CC2=C(C=C1)OCO2)O,1
C1=CN(N=C1NC(=NCC(F)(F)F)N)CCCCC(=O)N,1
CC1(C2=C(C=CC(=C2)C3=NNC(=O)CC3)NC1=O)C,1
CC(C1OCC(O1)CO)I,1
C/C=C\1/C[C@H]([C@@](C(=O)OCC2=CC[N+]3([C@H]2[C@@H](CC3)OC1=O)[O-])(CO)O)C,1
CC(=C)C,1
C/C=C(/C)\C(=O)O[C@H]1CCN2[C@@H]1C(=CC2)COC(=O)[C@]([C@H](C)OC)(C(C)(C)O)O,1
CN1C(=NC(=N1)CO)NCCCOC2=CC=CC(=C2)CN3CCCCC3,1
CC1=NC=C(C=C1)CC2=CN=C(NC2=O)NCCSCC3=CC=C(O3)CN(C)C,1
C(=C/[O-])\C=O,1
CC1=CC2=C(NC3=CC=CC=C32)[NH+]=C1N,1
CCN=[N+](C)[O-],1
CC1CN(C(=O)N1)/N=C\C2=CC=C(O2)[N+](=O)[O-],1
CN(C(=O)NCCC[C@@H](C(=O)O)N)N=O,1
C[C@@H]1CCCCN1N=O,1
C[C@H]1CCCCN1N=O,1
CC/C(=N\O)/C,1
C1COCCN1C2=NC(=NC3=CC=CC=C32)C4=CC=C(S4)[N+](=O)[O-],1
C1COCCN1C[C@H]2CN(C(=O)O2)/N=C\C3=CC=C(O3)[N+](=O)[O-],1
CC(=O)NC1=NN=C(S1)C2=CC=C(O2)[N+](=O)[O-],1
C1=C(OC(=C1)[N+](=O)[O-])C2=CSC=N2,1
CC(=O)NC1=NC(=NC(=N1)C2=CC=C(O2)[N+](=O)[O-])NC(=O)C,1
CC/C=C(/CC)\[N+](=O)[O-],1
CCC(C)[N+](=O)[O-],1
CCC(CC)[N+](=O)[O-],1
CC(CN(CC(CO)O)N=O)O,1
CC(=O)CN(CC(CO)O)N=O,1
CC1CN(CC(N1C(=O)C2=CC=CC=C2)C)N=O,1
CC(CN(C(=O)NCCCl)N=O)O,1
CC(CN(CCO)N=O)O,1
C1CN(CC1O)N=O,1
CC(C)CN(C(=O)N)N=O,1
CCCCCCCCCCCCN(C)N=O,1
CN(C1=CC=C(C=C1)F)N=O,1
CCCCCCCCCCN(C)N=O,1
C1COC(=O)N1N=O,1
C1CN(CC=C1)N=O,1
CC1CN(CC(N1C)C)N=O,1
C=CCN(CC(CO)O)N=O,1
CC(CN(CC=C)N=O)O,1
CC(=O)CN(CC=C)N=O,1
C=CCN(CCO)N=O,1
CCCCCN(C(=O)OCC)N=O,1
CN(C(=O)NC1=NC2=CC=CC=C2S1)N=O,1
C1CCCCCCN(CCCCC1)N=O,1
CN(CCCC(=O)O)N=O,1
CN(CCO)N=O,1
CN(CCCO)N=O,1
CC(CN(C)N=O)O,1
CC(=O)CN(C)N=O,1
CC1=CC=C(C=C1)S(=O)(=O)OCCN(C)N=O,1
CCCCCCCCCCCN(C)N=O,1
C1CC(N(C1)N=O)C2=C[N+](=CC=C2)[O-],1
CC1N(C(SC(S1)C)C)N=O,1
C1CSCCN1N=O,1
CC(=O)NC1=CC2=C(C=C1)C3=CC=CC=C3C2=O,1
C1COCCN1C(=S)SN2CCOCC2,1
C[C@@H]1CC2([C@H](O2)C)C(=O)O[C@@H]3CCN(CC=C(C3=O)COC(=O)[C@]1(C)O)C,1
C[C@H](CCCC(C)C)[C@H]1CC[C@@H]2[C@@]1(CC[C@H]3[C@H]2CC=C4[C@@]3(CC[C@@H](C4)OC(=O)CC5=CC=C(C=C5)N(CCCl)CCCl)C)C,1
C1=CC=C2C(=C1)C(=CC=C2S(=O)(=O)[O-])N=NC3=C(C=CC4=CC(=CC(=C43)S(=O)(=O)[O-])S(=O)(=O)[O-])O,1
CC1=CC(=C(C=C1)N=NC2=C(C=CC3=CC=CC=C32)O)[N+](=O)[O-],1
C/C=C\1/C[C@H]([C@@](C(=O)OCC2=CCN3[C@H]2[C@@H](CC3)OC1=O)(CO)O)C,1
CC(=O)NC1=CC=C(C=C1)S(=O)(=O)C2=CC=C(C=C2)NC(=O)C,1
C/C=C(\C)/C(=O)O[C@@H]1CCN2[C@@H]1C(=CC2)COC(=O)C(C(C)C)(C(C)O)O,1
CCN(CC1=CC(=CC=C1)S(=O)(=O)[O-])C2=CC=C(C=C2)C(=C3C=CC(=[N+](C)C)C=C3)C4=CC=C(C=C4)N(CC)CC5=CC(=CC=C5)S(=O)(=O)[O-],1
C(C(CBr)Br)OP(=O)([O-])OCC(CBr)Br,1
CC(CNC(=O)N(C(C)Cl)N=O)O,1
C1=C(OC(=C1)[N+](=O)[O-])C2=NC(=NC(=N2)N)N,1
C([C@H]([C@@H]([C@@H]([C@H](CBr)O)O)O)O)Br,1
C1CN(CCN(C1)N=O)N=O,1
C(CN(C(=O)N)N=O)CO,1
CC(C)(C(=O)OC)OC1=CC=C(C=C1)C2=CC=C(C=C2)Cl,1
CN(C1=CC=C(C=C1)/C=C/C2=CC=NC3=CC=CC=C23)N=O,1
CNC(=O)C1=C(N=CN1C)N(C)N=O,1
C(C(=O)[O-])N(CC(=O)[O-])CC(=O)[O-],1
C1=CC2=NC=C(N2C=C1)C3=CC=C(O3)[N+](=O)[O-],1
CC(=O)NCC1=NC(=NO1)C2=CC=C(O2)[N+](=O)[O-],1
CC(C)OC1=CC=CC=C1OC(=O)N(C)N=O,1
C(CO)N(CC(CO)O)N=O,1
C(CCl)NC(=O)N(CCO)N=O,1
CCCCCCCCCCCCCCN(C)N=O,1
CC(=O)CN(CCO)N=O,1
CC1=CC(N(C2=CC=CC=C12)N=O)(C)C,1
CN(CC(CO)O)N=O,1
C/C=C\1/C[C@H]([C@@](C(=O)OCC2=CCN(CC[C@H](C2=O)OC1=O)C)(C)O)C,1
C1=C(OC(=C1)[N+](=O)[O-])C2=CSC(=N2)NC(=O)C(F)(F)F,1
CN(C(=O)NC1=CC(=C(C=C1)Cl)Cl)OC,1
CC(=O)[O-].CC(=O)[O-].[Ni+2],1
CC(=O)[C@]1(CC[C@@H]2[C@@]1(CC[C@H]3[C@H]2C=C(C4=CC(=O)[C@@H]5C[C@@H]5[C@]34C)Cl)C)OC(=O)C,1
CC1=CC=NC2=CC=CC=C12,1
C1=CC(=CC=C1C2=CC=C(C=C2)F)N,1
CC(C)(C)Br,1
COP(=O)(OC)OC,1
CC(=O)O[C@H]1CC[C@@H]2[C@H]3CC[C@]4([C@H]([C@@H]3CCC2=C1)CC[C@]4(C#C)OC(=O)C)C,1
COC(=O)C(C1CCCCN1)C2=CC=CC=C2.Cl,1
CC(=O)[O-].CC(=O)[O-].[Pb+2],1
CN[NH3+].OS(=O)(=O)[O-],1
CC(=O)[C@]1(CC[C@@H]2[C@@]1(CC[C@H]3[C@H]2C=C(C4=CC(=O)CC[C@]34C)Cl)C)OC(=O)C,1
C[C@@H]1CC2=C(C=C(C(=C2C(=O)O1)O)C(=O)NC(CC3=CC=CC=C3)C(=O)O)Cl,1
CNNC.Cl.Cl,1
C(C(F)(F)F)(Cl)Cl,1
CCC(C)N1C(=O)C(=C(NC1=O)C)Br,1
CCCCCCC(=O)O[C@H]1CC[C@@H]2[C@@]1(CC[C@H]3[C@H]2CCC4=CC(=O)CC[C@]34C)C,1
CC1=C[C@@H]2[C@H](CC[C@]3([C@H]2CC[C@@]3(C(=O)C)OC(=O)C)C)[C@@]4(C1=CC(=O)CC4)C,1
CC1=C(C=CC(=C1)C2=CC(=C(C=C2)[NH3+])C)[NH3+].[Cl-].[Cl-],1
C1=CC=C2C=C3C=C(C=CC3=CC2=C1)N,1
C1=CC=C(C=C1)C(=O)NN,1
C1=CC(=CC=C1C2=CC=C(C=C2)N)N.Cl.Cl,1
C1=CC2=C3C(=C1)C=CC(=O)C3=CC=C2,1
CN(C)C1=CC=C(C=C1)C(=C2C=CC(=[N+](C)C)C=C2)C3=CC=C(C=C3)N(C)C.[Cl-],1
C1=CC(=CN=C1)C(=O)NN,1
CC1=C2C(=C(C3=CC=CC=C13)CO)C=CC4=CC=CC=C42,1
CCOC(=O)NO,1
C1=C(C=C(C(=C1C(=O)O)Cl)N)Cl,1
C1=CC=C(C=C1)CC2=C(C=CC(=C2)Cl)O,1
CCCCCCCCS(=O)C(C)CC1=CC2=C(C=C1)OCO2,1
C1=CC=C2C(=C1)C(=O)N(C2=O)SC(Cl)(Cl)Cl,1
COC1=CC=CC=C1N.Cl,1
CN(C)CCN(CC1=CC=CS1)C2=CC=CC=N2.Cl,1
C1CCC(CC1)NS(=O)(=O)[O-].C1CCC(CC1)NS(=O)(=O)[O-].[Ca+2],1
CCC(=O)O[C@H]1CC[C@@H]2[C@@]1(CC[C@H]3[C@H]2CCC4=C3C=CC(=C4)OC(=O)CC)C,1
C1=CC=C2C(=C1)C=C3C=CC4=C3C2=CC=C4,1
C1[C@@H]([C@H](OC2=CC(=CC(=C21)O)O)C3=CC(=C(C=C3)O)O)O,1
C1CCC2=C(C1)C=CC3=CC4=C(C=CC5=CC=CC=C54)C=C23,1
C1CCC2=C(C1)C=CC3=CC4=C(CCC5=CC=CC=C54)C=C23,1
C1CN(CCN1N=O)N=O,1
COC1=CC=C(C=C1)CC=C,1
CC1=C2CC(C3=C2C(=CC4=C3C=CC5=CC=CC=C54)C=C1)O,1
CC1=C2C=CC3=C2C(=CC4=C3C=CC5=CC=CC=C54)C=C1,1
CO[Si](CCC1CCC2C(C1)O2)(OC)OC,1
C[C@@H]([C@H]1CC[C@@]2([C@@]1(CC[C@H]3C2=CC(=O)[C@H]4[C@@]3(C[C@@H]([C@@H](C4)O)O)C)C)O)[C@@H](CCC(C)(C)O)O,1
CC1=C(C=CC(=C1)Cl)N.Cl,1
CN(C)[N+](=O)[O-],1
C1=CC=C(C=C1)C2=CC(=C(C=C2)N)O,1
CCCCN(CC)N=O,1
C(C(=O)[O-])N(CC(=O)[O-])CC(=O)[O-].[Na+].[Na+].[Na+],1
C1=CC=C(C=C1)CCN=C=S,1
CCCCCCCCCCCCN=C(N)N.CC(=O)O,1
CC1=C2C=CC3=CC=CC=C3C2=CC4=CC=CC=C14,1
CCCCN(C)N=O,1
CN(C(=O)OC1=CC=CC2=CC=CC=C21)N=O,1
[W],1
[O-]P(=O)([O-])[O-].[O-]P(=O)([O-])[O-].[Pb+2].[Pb+2].[Pb+2],1
S=[Se],1
C1=CC(=CN=C1)CCl.Cl,1
Cl[Hg]Cl,1
[O-][Cr](=O)(=O)[O-].[Pb+2],1
[O-][Cr](=O)(=O)[O-].[Sr+2],1
C(/C=C/Cl)Cl,1
C1=CC=C2C=C(C=CC2=C1)N=O,1
CCN1C2=C(C=C(C=C2)[NH3+])C3=CC=CC=C31.[Cl-],1
C1C2=C(C=CC(=C2)[N+](=O)[O-])C3=C1C=C(C=C3)[N+](=O)[O-],1
C(COC(=O)N)O,1
CC1=C(SCCO1)C(=O)NC2=CC=CC=C2,1
C=CCN(CC=C)N,1
C(C(F)(F)F)F,1
CCS(=O)(=O)C1=CC=C(C2=CC=CC=C21)S(=O)(=O)N,1
C1=CC=C(C=C1)N=NC2=C(C=CC3=CC=CC=C32)O,1
CN1CCCC1=O,1
CCCN(C)N=O,1
CC(C)OS(=O)(=O)C,1
C1=C(C=C(C(=C1Cl)N)Cl)Cl,1
CNC1=CC=C(C=C1)N=NC2=CC=CC=C2,1
CCOC(=O)C=[N+]=[N-],1
C(=O)NNC=O,1
C1CCCN(CC1)N=O,1
CC1=CC=CC=C1N.Cl,1
CN(C=O)N,1
O=[Ni],1
[O-2].[O-2].[O-2].[As+3].[As+3],1
O=[Cr](=O)=O,1
CC1=C(C=C2CCC(OC2=C1C)(C)CCCC(C)CCCC(C)CCCC(C)C)O,1
CC1CN(CC(O1)C)N=O,1
[O-2].[O-2].[O-2].[Sb+3].[Sb+3],1
C1=C(C=C(C(=C1Br)O)Br)C#N,1
CC(F)(Cl)Cl,1
CCOC1=C(C=C(C=C1)NC(=O)C)[N+](=O)[O-],1
[OH-].[OH-].[Mg+2],1
S=[Cd],1
O=[Cd],1
[Be]=O,1
[Be+2].[Be+2].[Be+2].[O-][Si](=O)[O-].[O-][Si](=O)[O-].[O-][Si](=O)[O-].[O-][Si](=O)[O-].[O-][Si](=O)[O-].[O-][Si](=O)[O-].[Al+3].[Al+3],1
CCOC1=CC=C(C=C1)NC(=O)CC(C)O,1
CC(C)COC(=O)C(=C)C#N,1
CCCCC(=O)O[C@H]1CC[C@@H]2[C@@]1(CC[C@H]3[C@H]2CCC4=C3C=CC(=C4)O)C,1
COP(=O)(OC)OC(=CCl)C1=CC(=C(C=C1Cl)Cl)Cl,1
CN(CC1=CC=CC=C1)N=O,1
C1=CC(=CC=C1OC2=C(C=C(C=N2)Cl)Cl)OC3=C(C=C(C=N3)Cl)Cl,1
[K+].[I-],1
CCCN(CCC)S(=O)(=O)C1=CC=C(C=C1)C(=O)O,1
C[C@]12CC[C@H]3[C@H]([C@@H]1CC[C@@H]2O)CCC4=CC(=O)CC[C@]34C,1
C[C@@]12CCN([C@@H]1N(C3=C2C=C(C=C3)OC(=O)NC)C)C,1
C1C2C(C(C1Cl)Cl)C3(C(=C(C2(C3(Cl)Cl)Cl)Cl)Cl)Cl,1
CC(=O)[C@H]1CC[C@@H]2[C@@]1(CC[C@H]3[C@H]2CCC4=CC(=O)CC[C@]34C)C,1
CCC(=O)O[C@H]1CC[C@@H]2[C@@]1(CC[C@H]3[C@H]2CCC4=CC(=O)CC[C@]34C)C,1
C1[C@@H]([C@H](O[C@H]1N2C=C(C(=O)NC2=O)Br)CO)O,1
CNN,1
CN1CCC=C(C1)C(=O)OC.Cl,1
C(CC=O)CC=O,1
CN(CCCl)CCCl.Cl,1
C[C@]12CC[C@H]3[C@H]([C@@H]1CCC2=O)CCC4=C3C=CC(=C4)O,1
C1(=O)C(=O)NC(=O)NC1=O,1
C[C@]12CC[C@H]3[C@H]([C@@H]1CC[C@@H]2O)CCC4=C3C=CC(=C4)O,1
C[C@]12CC[C@H]3[C@H]([C@@H]1C[C@H]([C@@H]2O)O)CCC4=C3C=CC(=C4)O,1
CC1=CNC(=O)NC1=O,1
C1C2=CC=CC=C2C3=C1C=C(C=C3)N,1
C(C=O)Cl,1
C1=CC=C(C=C1)C=O,1
C,1
C(=O)N,1
COC(=O)C1=C(C(=C(C(=C1Cl)Cl)C(=O)OC)Cl)Cl,1
C1=CC(=C(C(=C1)Cl)C#N)Cl,1
C1=CC(=CC=C1C(=C(Cl)Cl)C2=CC=C(C=C2)Cl)Cl,1
CN(C)C(=O)NC1=CC(=C(C=C1)Cl)Cl,1
C1=C(C=C(C(=C1Cl)N2C(=C(C(=N2)C#N)S(=O)C(F)(F)F)N)Cl)C(F)(F)F,1
CC(C)(C)C1=CC(=C(C=C1O)C(C)(C)C)O,1
CC(C)N1C(=O)C2=CC=CC=C2NS1(=O)=O,1
CCCCN(CC)C1=C(C=C(C=C1[N+](=O)[O-])C(F)(F)F)[N+](=O)[O-],1
C1CCC2CCCCC2C1,1
CC1=C(C=CC(=C1)Cl)OC(C)C(=O)O,1
C1=CC2=C(C=C1[N+](=O)[O-])NC=N2,1
CC1=CC=C(C=C1)N,1
C=CCOCC1CO1,1
C#CCO,1
C1=CC=C(C=C1)NN,1
C1=CC=C(C=C1)CCl,1
C([N+](=O)[O-])(Cl)(Cl)Cl,1
C[C@]12CCC(=O)C=C1CC[C@@H]3[C@@H]2CC[C@]4([C@H]3CCC4=O)C,1
CC(COC1=CC=CC=C1)[NH+](CCCl)CC2=CC=CC=C2.[Cl-],1
C[C@]12CC[C@H]3[C@H]([C@@H]1CC[C@]2(C#C)O)CCC4=CC(=O)CC[C@H]34,1
C[C@]12CC[C@H]3[C@H]([C@@H]1CC[C@]2(C#C)O)CCC4=C3CCC(=O)C4,1
C[C@]12CC[C@H]3[C@H]([C@@H]1CC[C@]2(C#C)O)CCC4=C3C=CC(=C4)OC,1
C1=CC(=CC=C1C(C2=CC=C(C=C2)Cl)C(Cl)Cl)Cl,1
CC(C)(C1=CC=C(C=C1)O)C2=CC=C(C=C2)O,1
CC1=CC=CC2=CC=CC=C12,1
[O-][O+]=O,1
CC(=C)C(=O)N,1
CC(C)CBr,1
CCC(C)Br,1
CCCCC(CC)COP(=O)(OCC(CC)CCCC)OCC(CC)CCCC,1
CC[Pb](CC)(CC)CC,1
C[C@@]12[C@H](C=C[C@@]3([C@@H]1[C@@H]([C@]45[C@H]3CC[C@](C4)(C(=C)C5)O)C(=O)O)OC2=O)O,1
[O-]Cl(=O)=O.[Na+],1
[Be+2].[OH-].[OH-],1
C/C=C/C1=CC(=C(C=C1OC)OC)OC,1
C/C=C/C1=CC=C(C=C1)OC,1
CC/C(=C(/CC)\C1=CC=C(C=C1)OC(=O)CC)/C2=CC=C(C=C2)OC(=O)CC,1
CC(=O)NC1=CC=C(C=C1)/C=C/C2=CC=CC=C2,1
[S-2].[S-2].[S-2].[S-2].[Fe+3].[Ni+2].[Ni+2].[Ni+2].[Ni+2],1
CC1=CC2=C(C=C1)N=C3C4=CC=CC=C4N=C5N3C2=NC6=CC=CC=C65,1
CC1=C(N=C(O1)C2=CC=CC=C2)CCOC3=CC=C(C=C3)CN(CC(=O)O)C(=O)OC4=CC=C(C=C4)OC,1
C[C@]12CC[C@H]3[C@H]([C@@H]1CC[C@@H]2O)CCC4=C3C=CC(=C4)OC(=O)C5=CC=CC=C5,1
C1[C@@H](O1)[C@@H]2CO2,1
C[C@]12CC[C@H]3[C@H]([C@@H]1CC[C@@H]2O)CCC4=CC(=C(C=C34)O)O,1
C[Hg]Cl,1
[O-][As]=O.[Na+],1
C([C@@H]1[C@@H]([C@@H]([C@H]([C@@H](O1)O[C@H]([C@@H](CO)O)[C@@H]([C@H](C=O)O)O)O)O)O)O,1
C1COCCN1C[C@H]2CN(C(=O)O2)N=CC3=CC=C(O3)[N+](=O)[O-],1
C1=CC=C2C(=C1)C=CC3=C2C=C(C4=CC=CC=C34)N=O,1
C(CCl)NC[C@H]([C@H]([C@@H]([C@@H](CNCCCl)O)O)O)O,1
CC1=CC2=C(CCC2=O)C3=C1C4=CC=CC=C4C=C3,1
C[C@H]1[C@H](O1)Cl,1
C(=O)(C(C(C(C(C(C(C(F)(F)F)(F)F)(F)F)(F)F)(F)F)(F)F)(F)F)[O-].[NH4+],1
COC1=C2C3=C(C(=O)CC3)C(=O)OC2=C4[C@@H]5C=CO[C@@H]5OC4=C1,1
CC/C(=C(\C1=CC=CC=C1)/C2=CC=C(C=C2)OCCN(C)C)/C3=CC=CC=C3.C(C(=O)O)C(CC(=O)O)(C(=O)O)O,1
COC1=C2C3=C(C(=O)OCC3)C(=O)OC2=C4[C@@H]5C=CO[C@@H]5OC4=C1,1
COC1=C2C3=C(C(=O)CC3)C(=O)OC2=C4[C@@H]5CCO[C@@H]5OC4=C1,1
C1=CC2=C(C=C1S(=O)(=O)[O-])C(=C(N2)C3=NC4=C(C3=O)C=C(C=C4)S(=O)(=O)[O-])O.[Na+].[Na+],1
C1=CC=C(C=C1)/C=C/C2=CC=C(C=C2)N,1
C1=CC=C2C(=C1)C=CC3=C(C4=CC=CC=C4C=C32)COS(=O)(=O)O,1
C1=NC2=C(N1[O-])C(=O)NC(=O)[NH2+]2,1
C1=C[C@H]2[C@H](O2)[C@@H]([C@H]1O)O,1
CC1CN(CO1)N=O,1
C1=C[C@@H]2[C@@H](O2)[C@H]([C@@H]1O)O,1
CC1=CC2=CC=CC=C2C3=C1C4=CC=CC=C4C(=C3)[N+](=O)[O-],1
CC(=O)CN(C(=O)NCCCl)N=O,1
C1=CC=C2C(=C1)C=CC3=C2C=C4C=CC5=CC=CC=C5C4=C3[N+](=O)[O-],1
C([C@@H]1[C@H](O1)Cl)Cl,1
CCNC(=O)N(C)N=O,1
CCCCN(C(CCC)OO)N=O,1
CCCCN(C(=O)CCC)N=O,1
CCCC(N(CCCC(=O)OC)N=O)OC(=O)C,1
CC(CNC(=O)N(CCCl)N=O)O,1
C1CC(=O)C2=C1C3=C4C(=C2)CC5=CC=CC(=C54)C=C3,1
CCN(C(=O)NC)N=O,1
CCC(=O)CNCN=O,1
CC(=O)CCNCN=O,1
C1C2=CC=CC=C2C3=C1C=C(C=C3)N([C@H]4[C@@H]([C@H]([C@@H]([C@H](O4)C(=O)O)O)O)O)O,1
COCCN(C(=O)N)N=O,1
C1=CC2=C3C(=C1)C=CC4=C(C=CC(=C43)C=C2)COS(=O)(=O)O,1
CC1=C2C=C(C3=C(C2=CC=C1)C=CC4=C3C5C(O5)C(C4O)O)C,1
CC1CN(C(=O)O1)N=O,1
CC(=O)OCN(C1=CC=CC=C1)N=O,1
CC1CN(CC(N1C(=O)C)C)N=O,1
C1=CC=C2C(=C1)C3=C4[C@@]25[C@@H](O5)C(C(C4=CC=C3)O)O,1
C1=CC=C2C(=C1)C=CC3=C4C=CC5=C(C4=C6C(=C32)O6)C(=C(C=C5)O)O,1
C1=CC=C2C3=C4C(=CC2=C1)C=CC5=CC(=CC(=C54)C=C3)[N+](=O)[O-],1
CC1=C2CC(C3=C2C(=CC4=C3C=CC5=CC=CC=C54)C=C1)OS(=O)(=O)O,1
CCCC(=O)CN(C)N=O,1
C[C@@H]1[C@H](O1)Cl,1
CC1=C2C=CC3=C(C2=C(C4=CC=CC=C14)C)C=C[C@@H]([C@H]3O)O,1
C([C@@H]1[C@@H]([C@@H]([C@H]([C@@H](O1)O[C@H]([C@@H](CO)O)[C@@H]([C@H](CO)O)O)O)O)O)O,1
C1=CC=C2C(=C1)C3=C(N2C4=CC=C(C=C4)N)C=NC=C3,1
CC1=CC=C(C=C1)[N+]#N.[O-]S(=O)(=O)[O-],1
C1=CC=C2C(=C1)C=C3C=CC4=C(C3=N2)C5C(O5)C(C4O)O,1
C1=CC=C2C(=C1)C=CC3=C2C4=C[C@@H]([C@H](C5=CC=CC3=C54)O)O,1
C1=CC=C2C(=C1)C3=CC=CC4=C3C5=C2C6=C(C=C5C=C4)[C@H]([C@@H]([C@H]7[C@@H]6O7)O)O,1
C1=CC=C(C=C1)N(C(=O)N)N,1
CN(C)C(=O)NN=O,1
COC1=C2C(=C3CCCC3=C1)C=CC4=CC=CC=C42,1
C1CC2=CC(=C3C(=C2C1)C=CC4=CC=CC=C43)O,1
C(CNCC(=O)[O-])NCC(=O)[O-].C(CNCC(=O)[O-])NCC(=O)[O-].C(CNCC(=O)[O-])NCC(=O)[O-].[Fe+3].[Fe+3],1
C1CC2=C([C@@H]3[C@H]1O3)C4=C(C=C2)C=C5C=CC6=CC=CC=C6C5=N4,1
C1=CC=C2C(=C1)C=CC3=CC4=C(C5=C(C=C4)[C@@H]([C@H]([C@H]6[C@@H]5O6)O)O)N=C32,1
C1=CC=C2C(=C1)C=CC3=CC4=C(C5=C(C=C4)[C@H]([C@@H]([C@@H]6[C@H]5O6)O)O)N=C32,1
C1=CC=C2C(=C1)C=CC3=CC4=C(C5=C(C=C4)[C@H]([C@@H]([C@H]6[C@@H]5O6)O)O)N=C32,1
CC(=O)CNCC(C(N=O)O)O,1
C(CNCCO)C(=O)N=O,1
CN(CCC(=O)O)N=O,1
C1=CC=C2C(=C1)C=C3C4=C(O4)C5=CC=CC=C5C3=N2,1
CCCCN(C(=O)CCC(=O)OCC)N=O,1
CCOC(=O)C(=C(C1=CC=CC=C1)N[O-])C(=O)OCC.[Na+],1
S=S=[Ni].[Ni].[Ni],1
CCC(C(C(CC(C(C(C)Cl)Cl)Cl)Cl)Cl)Cl,1
CC(CCCC(CCCC(CCCC(CCCC(CCCC(CCCl)Cl)Cl)Cl)Cl)Cl)Cl,1
CN(C(=O)N[C@@H](C=O)[C@H]([C@@H]([C@@H](CO)O)O)O)N=O,1
CCCCC(CC)COS(=O)(=O)[O-].[Na+],1
COC1=CC=C(C=C1)C(=O)/C(=C\C(=O)[O-])/Br.[Na+],1
[O-]Cl.[Na+],1
[Be+2].[O-][Si]([O-])([O-])[O-].[Zn+2],1
CC1=C(C(=O)N(N1C)C2=CC=CC=C2)N(C)CS(=O)(=O)[O-].O.[Na+],1
CCC1(C(=O)NC(=NC1=O)[O-])C2=CC=CC=C2.[Na+],1
C[C@]12CC[C@H]3C(=CCC4=C3C=CC(=C4)OS(=O)(=O)[O-])[C@@H]1CCC2=O.[Na+],1
CC(C)N1C2=CC=CC=C2C(=C1/C=C/[C@@H](C[C@@H](CC(=O)[O-])O)O)C3=CC=C(C=C3)F.[Na+],1
CC1=C2C(=C(C3=CC=CC=C13)COS(=O)(=O)[O-])C=CC4=CC=CC=C42.[Na+],1
CC(C)NC1=NC(=NC(=N1)NCC(=O)O)Cl,1
C[C@]12C[C@@H]([C@H]3[C@H]([C@@H]1CC[C@]2(C#C)O)CCC4=C3C=CC(=C4)O)OC,1
C1[C@@H]2C=C[C@H]1[C@H]3[C@@H]2[C@]4(C(=C([C@@]3(C4(Cl)Cl)Cl)Cl)Cl)Cl,1
C1=CC=C(C=C1)[N+]#N.OS(=O)(=O)[O-],1
C1C[C@H](N(C1)N=O)C2=CN=CC=C2,1
C1=CC=C2C(=C1)C=CC3=CC4=C(C5=C(C=C4)[C@H]([C@@H](C=C5)O)O)N=C32,1
C1=CC=C2C(=C1)C(=O)OC23C4=CC(=C(C(=C4OC5=C(C(=C(C=C35)I)[O-])I)I)[O-])I.[Na+].[Na+],1
C[C@H]1[C@@H](SC(=O)N1C(=O)NC2CCCCC2)C3=CC=C(C=C3)Cl,1
CCN(CC1=CC(=CC=C1)S(=O)(=O)O)C2=CC=C(C=C2)C(=C3C=CC(=[N+](C)C)C=C3)C4=CC=C(C=C4)N(CC)CC5=CC(=CC=C5)S(=O)(=O)[O-].[Na+],1
COC1=C2C3=C(C(=O)CC3)C(=O)OC2=C4C(=C1)O[C@@H]5[C@]4(C=CO5)O,1
CCCC[Sn](CCCC)(CCCC)O[Sn](CCCC)(CCCC)CCCC,1
C1C=CC[C@H]2[C@@H]1C(=O)N(C2=O)SC(C(Cl)Cl)(Cl)Cl,1
C1C=CC[C@H]2[C@@H]1C(=O)N(C2=O)SC(Cl)(Cl)Cl,1
CC(=O)NC1=C(C(=C(C(=C1I)C(=O)N[C@@H](C=O)[C@H]([C@@H]([C@@H](CO)O)O)O)I)N(C)C(=O)C)I,1
CC1CN(CCO1)N=O,1
CC1=C(C2=C(C=CC3=C2[C@@H]4[C@@H](O4)[C@H]([C@@H]3O)O)C5=CC=CC=C15)C,1
C1=CC=C2C(=C1)C=CC3=CC4=C(C=C[C@@H]([C@H]4O)O)N=C32,1
C1=CC=C2C(=C1)C=CC3=CC4=C([C@@H]([C@H](C=C4)O)O)N=C32,1
[H+].[H+].[O-][Si](=O)[O-].[O-][Si](=O)[O-].[O-][Si](=O)[O-].[O-][Si](=O)[O-].[O-][Si](=O)[O-].[O-][Si](=O)[O-].[O-][Si](=O)[O-].[O-][Si](=O)[O-].[Ca+2].[Ca+2].[Fe+2].[Fe+2].[Fe+2].[Fe+2].[Fe+2],1
O.O.O.O.O.O.O.OS(=O)(=O)O.[Co+2],1
CC[C@@H]1C(=O)N[C@H](C(=O)N[C@H](CC(=O)N[C@@H](C(=O)N2C[C@H]([C@H]([C@H]2C(=O)N1)Cl)Cl)CO)C3=CC=CC=C3)CO,1
C1=CC(=CC=C1CO)[N+]#N.OS(=O)[O-],1
O.O.O=[Al]O[Si](=O)O[Si](=O)O[Al]=O,1
C1=C(C(=C(C(=C1SC[C@@H](C(=O)NCC(=O)O)NC(=O)CC[C@@H](C(=O)O)N)O)SC[C@@H](C(=O)NCC(=O)O)NC(=O)CC[C@@H](C(=O)O)N)SC[C@@H](C(=O)NCC(=O)O)NC(=O)CC[C@@H](C(=O)O)N)O,1
CNC1=NN=CC2=CC=CC=C21.Cl,1
C1[C@@H]([C@H]([C@@H]1N2C=NC3=C2N=C(NC3=O)N)CO)CO,1
C1=CC=C(C=C1)/[N+](=N/[O-])/[O-].[NH4+],1
COC(=O)N/N=C/C1=[N+](C2=CC=CC=C2[N+](=C1)[O-])[O-],1
C[C@H]1/C=C/C=C(\C(=O)NC2=C(C(=C3C(=C2O)C(=C(C4=C3C(=O)[C@](O4)(O/C=C/[C@@H]([C@H]([C@H]([C@@H]([C@@H]([C@@H]([C@H]1O)C)O)C)OC(=O)C)C)OC)C)C)O)O)/C=N\N5CCN(CC5)C)/C,1
COC1=CC=CC2=C3C(=C(C=C21)[N+](=O)[O-])C(=CC4=C3OCO4)C(=O)O.COC1=CC=CC2=C3C(=C(C=C21)[N+](=O)[O-])C(=CC4=C3OCO4)C(=O)O.C1OC2=C(O1)C3=C(C(=C2)C(=O)O)C(=CC4=CC=CC=C43)[N+](=O)[O-],1
C1C[C@H]2[C@@H]([C@@H]([C@@H]1O2)C(=O)[O-])C(=O)[O-].[Na+].[Na+],1
C1C2=CC=CC3=C2C4=C(C=C3)C5=C(C=C41)C(C(C6C5O6)O)O,1
CC[NH2+]C(=O)N(CCN(C)C)C=O.N(=O)[O-],1
C(C(CBr)Br)OP(=O)(O)OCC(CBr)Br.[Mg],1
[O-][Si]([O-])([O-])[O-].[Al+3],1
S=[Ni].S=[Ni].[Ni],1
CC(CCC(=O)N(CC(=O)O)N=O)C1CCC2C1([C@H](CC3C2C(CC4C3(CC[C@H](C4)O)C)O)O)C,1
O.O.O.O.O.[Cl-].[Cl-].[Cl-].[Cl-].[Cd+2].[Cd+2],1
CCN(C(=O)C)N=O,1
[C@H]([C@@H]([C@H](C(=O)[O-])O)O)([C@@H](C(=O)O)O)O.[C@H]([C@@H]([C@H](C(=O)[O-])O)O)([C@@H](C(=O)O)O)O.[C@H]([C@@H]([C@H](C(=O)[O-])O)O)([C@@H](C(=O)O)O)O.[Fe+3],1
C1=CC(=CC=C1[N+]#N)O.OS(=O)(=O)[O-],1
[CH-](C=O)C=O.[Na+],1
C[C@H](CCC(=O)N(CCS(=O)(=O)[O-])N=O)[C@H]1CCC2[C@@]1([C@H](CC3C2[C@@H](C[C@H]4[C@@]3(CC[C@H](C4)O)C)O)O)C.[Na+],1
C1=CC=C(C=C1)NC2=C(C=C(C=C2)NC3=C(C=C(C=C3)[N+](=O)[O-])[N+](=O)[O-])S(=O)(=O)[O-].[Na+],1
CC1=C2C(=C(N=C1N)C)C3=CC=CC=C3N2.CC(=O)O,1
CC1=C2C3=CC=CC=C3NC2=CC(=N1)N.CC(=O)O,1
C1=CC=C(C=C1)N/N=C/2\C(=CC3=CC(=C(C(=C3C2=O)N)N=NC4=CC=C(C=C4)C5=CC=C(C=C5)N=NC6=C(C=C(C=C6)N)N)S(=O)(=O)[O-])S(=O)(=O)[O-].[Na+].[Na+],1
CN1C=C(C(=O)C2=C1N=C(C=C2)/C=C/C3=CC=C(O3)[N+](=O)[O-])C(=O)[O-].[K+],1
[Si],1
CCN(/C(=N\[N+](=O)[O-])/N)N=O,1
C1=CC(=C(C=C1[N+](=O)[O-])N)NC(CO)(CO)CO,1
CC(=O)N(C1=CC=C(C=C1)/C=C/C2=CC=CC=C2)O,1
C[C@]12CC[C@H]3[C@H]([C@@H]1CC[C@@H]2O)CCC4=C3C=CC(=C4O)O,1
C(/C=C\Cl)Cl,1
CCCC1O[C@@H]2C[C@H]3[C@@H]4CCC5=CC(=O)C=C[C@@]5([C@H]4[C@H](C[C@@]3([C@@]2(O1)C(=O)CO)C)O)C,1
C[C@H]1CCCC(=O)CCC/C=C/C2=C(C(=CC(=C2)O)O)C(=O)O1,1
CC1=CC=CC=C1OCC2=CC=CC=C2/C(=N\OC)/C(=O)OC,1
C1=C(OC(=C1)[N+](=O)[O-])/C=C/C2=NOC(=N2)N,1
C1=CC=C(C=C1)C2=CC=CC=C2N.Cl,1
C1=CC(=CC=C1N)Cl.Cl,1
C/C=C/Cl,1
CC(=O)[O-].CC(=O)[O-].[OH-].[OH-].[OH-].[OH-].[Pb+2].[Pb+2].[Pb+2],1
C1=CC=C2C(=C1)/C(=N/O)/C=CN2O.Cl,1
CN(/C(=N/[N+](=O)[O-])/N)N=O,1
CC1=C(C=CC(=C1)C2=CC(=C(C=C2)N/N=C\3/C(=O)C4=C(C=C3S(=O)(=O)[O-])C=C(C=C4N)S(=O)(=O)[O-])C)N/N=C\5/C(=O)C6=C(C=C5S(=O)(=O)[O-])C=C(C=C6N)S(=O)(=O)[O-].[Na+].[Na+].[Na+].[Na+],1
CC1=C(C=CC(=C1)C2=CC(=C(C=C2)N/N=C\3/C(=O)C4=C(C(=CC(=C4N)S(=O)(=O)[O-])S(=O)(=O)[O-])C=C3)C)N/N=C\5/C(=O)C6=C(C(=CC(=C6N)S(=O)(=O)[O-])S(=O)(=O)[O-])C=C5.[Na+].[Na+].[Na+].[Na+],1
C1=CC(=CC=C1C2=CC=C(C=C2)N/N=C\3/C(=O)C4=C(C=C3S(=O)(=O)[O-])C=C(C=C4N)S(=O)(=O)[O-])N/N=C\5/C(=O)C6=C(C=C5S(=O)(=O)[O-])C=C(C=C6N)S(=O)(=O)[O-].[Na+].[Na+].[Na+].[Na+],1
C1=CC(=CC=C1C2=CC=C(C=C2)N=NC3=CC(=C(C=C3)[O-])C(=O)[O-])N/N=C\4/C(=O)C=C/C(=N\NC5=C(C=CC(=C5)S(=O)(=O)[O-])[O-])/C4=O.[Na+].[Na+].[Cu+2],1
C1=CC(=C(C=C1C2=CC(=C(C=C2)N/N=C/3\C(=O)C4=C(C=C3S(=O)(=O)[O-])C=C(C=C4N)S(=O)(=O)[O-])O)O)N/N=C/5\C(=O)C6=C(C=C5S(=O)(=O)[O-])C=C(C=C6N)S(=O)(=O)[O-].[Na+].[Na+].[Na+].[Na+].[Cu].[Cu],1
CCCCC/C=N/N(C)C=O,1
C1=CN=CC(=C1C(F)(F)F)C(=O)NCC#N,1
CO[C@@H](CC1=CC=C(C=C1)OCCCOC2=CC=C(C=C2)OC3=CC=CC=C3)C(=O)O,1
CC1=CNC2=C1[C@@]34C[C@@H]3CN(C4=CC2=O)C(=O)C5=CC6=C7CCN(C7=C(C(=C6N5)OC)O)C(=O)C8=CC9=C1CCN(C1=C(C(=C9N8)OC)O)C(=O)N,1
O=[Al]O[Al]=O.O=[Si]=O,1
[O-2].[O-2].[O-2].[Al+3].[Al+3],1
CO/N=C(\C1=CC=CC=C1OC2=C(C(=NC=N2)OC3=CC=CC=C3Cl)F)/C4=NOCCO4,1
C[C@H]1[C@H](O1)C2=CC=C(C=C2)OC,1
C1C(O1)OC2=CC=C(C=C2)[N+](=O)[O-],1
CC(C)C/C=N/N(C)C=O,1
C1CCN([C@@H](C1)C2=CN=CC=C2)N=O,1
[2H]C1=C(C(=C2C(=C1[2H])C(=C(C3=C(C4=C(C(=C(C(=C4C(=C32)C([2H])([2H])[2H])[2H])[2H])[2H])[2H])C([2H])([2H])[2H])[2H])[2H])[2H])[2H],1
CC1CS(=O)(=O)CCN1/N=C/C2=CC=C(O2)[N+](=O)[O-],1
CC1=C(C=CC=C1C2=CC=CC=C2)COC(=O)[C@@H]3[C@@H](C3(C)C)/C=C(/C(F)(F)F)\Cl,1
C1=CC=C(C=C1)/C=C/C2=CC=C(C=C2)N(C=O)O,1
CC/C=C/C=C/C=C/C=C/C=C/OC[C@H](CO)O,1
C/[N+](=N/CO)/[O-],1
CCC(=O)N(C1=CC=C(C=C1)/C=C/C2=CC=CC=C2)O,1
CCOP(=O)=O.CCOP(=O)=O.CCOP(=O)=O.[Al+3],1
CO[P+](=O)OC,1
COC1=C(C=CC(=C1)C2=CC(=C(C=C2)N/N=C\3/C(=O)C4=C(C=C3S(=O)(=O)[O-])C=C(C=C4N)S(=O)(=O)[O-])OC)N/N=C\5/C(=O)C6=C(C=C5S(=O)(=O)[O-])C=C(C=C6N)S(=O)(=O)[O-].[Na+].[Na+].[Na+].[Na+],1
CC1=C(N=C(N=C1N)[C@H](CC(=O)N)NC[C@@H](C(=O)N)N)C(=O)N[C@@H]([C@H](C2=CN=CN2)O[C@H]3[C@H]([C@H]([C@@H]([C@@H](O3)CO)O)O)O[C@@H]4[C@H]([C@H]([C@@H]([C@H](O4)CO)O)OC(=O)N)O)C(=O)N[C@H](C)[C@H]([C@H](C)C(=O)N[C@@H]([C@@H](C)O)C(=O)NCCC5=NC(=CS5)C6=NC(=CS6)C(=O)NCCCN[C@@H](C)C7=CC=CC=C7)O.OS(=O)(=O)O,1
CC[C@@H](C(C[C@H](C)N(C)C)(C1=CC=CC=C1)C2=CC=CC=C2)OC(=O)C.Cl,1
CC(C)N.C(C(=O)O)NCP(=O)(O)O,1
COC1=C(C=C(C=C1)N)N.OS(=O)(=O)O,1
CC1N(CCO1)N=O,1
COC(=O)C1=C(C=CC(=C1)OC2=C(C=C(C=C2)Cl)Cl)[N+](=O)[O-],1
CC(=O)OCC1=C2C=CC3=CC=CC4=C3C2=C(C=C4)C5=CC=CC=C51,1
CC(C)(C)NC[C@@H](COC1=CC=CC2=C1CCCC2=O)O,1
CCN(CC)C(=O)N(CC)N=O,1
CCN(CC)C(=O)N(C)N=O,1
COC1=CC=C(C=C1)C(C=C)O,1
CC1=CC(=C(C=C1)N=CN(C)C=NC2=C(C=C(C=C2)C)C)C,1
CS(=O)CC(=O)C1=CC=CC=N1,1
CCCCCCN(C)N=O,1
C1=CC(=C(C=C1C2=CC(=C(C=C2Cl)Cl)Cl)Cl)Cl,1
CN(C#N)N=O,1
CCCCCCCCN(C)N=O,1
C=CCOC(CN1C=CN=C1)C2=C(C=C(C=C2)Cl)Cl,1
C1=C2C(=C(C(=C1Cl)Cl)Cl)OC3=C(O2)C(=C(C(=C3Cl)Cl)Cl)Cl,1
CC(C)NC(=O)N1CC(=O)N(C1=O)C2=CC(=CC(=C2)Cl)Cl,1
CCCCN(CCCC(=O)O)N=O,1
CC(=O)NC1=CC=C(C=C1)C2=CC=C(C=C2)N(C(=O)C)O,1
CCN(COC(=O)C)N=O,1
CCCN(COC(=O)C)N=O,1
C1=CC=C2C(=C1)C3=C4C(=C2COS(=O)(=O)O)C=CC5=CC=CC(=C54)C=C3,1
CC(C)CN(COC(=O)C)N=O,1
CC1=CC=CC=C1C2=CC(=C(C=C2)N=O)C,1
C1=CC=C2C(=C1)C=CC3=C2C=CC4=C3[C@@H]5[C@@H](O5)[C@H]([C@@H]4O)O,1
CCOC(=O)NCCOC1=CC=C(C=C1)OC2=CC=CC=C2,1
CC1=C(C(=CC=C1)OCC(CNC(C)(C)C)O)[N+](=O)[O-],1
CCCCN(C1CCC(=O)O1)N=O,1
CCCCCCCCCN(C)N=O,1
CCCI,1
C1=CC2=C3C(=C1)C=CC4=C3C(=CC5=C4[C@@H]6[C@@H](O6)[C@H]([C@@H]5O)O)C=C2,1
CCCCCCCCCCCCCC(=O)ON(C1=CC2=C(C=C1)C3=CC=CC=C3C2)C(=O)C,1
C1=CC(=C(C=C1C(F)(F)F)Cl)OC2=CC(=C(C=C2)[N+](=O)[O-])C(=O)O,1
CC(CN(CC(=O)C)N=O)O,1
C1=CC=C(C(=C1)N)NC(=O)C2=CC=C(C=C2)N,1
CC1=C(C(=CC=C1)C)N(C(C)C(=O)OC)C(=O)COC,1
C1=C2C(=C(C(=C1Cl)Cl)Cl)OC3=CC(=C(C(=C3O2)Cl)Cl)Cl,1
CCCCN(COC(=O)C)N=O,1
CCCCN(C(CCC)OC(=O)C)N=O,1
CC(=O)OCN(C)N=O,1
CCCN[NH3+].[Cl-],1
C1CN(CCC1=O)N=O,1
CCN(CC(=C)C)C1=C(C=C(C=C1[N+](=O)[O-])C(F)(F)F)[N+](=O)[O-],1
CCCCCCCN(C)N=O,1
[O-][Cr](=O)(=O)[O-].[Ca+2],1
C1CN(C1)N=O,1
C=C(C#N)C(=O)O,1
C=COC(=O)N,1
C1CCC2=C(C1)C=CC3=C2C=C4C(=C3)C=CC5=CC=CC=C54,1
C1=CC(=CC=C1CC2=CC=C(C=C2)N)N.Cl.Cl,1
CN1CCN(CC1)N=O,1
C(C(=O)[O-])N(CC(=O)[O-])CC(=O)[O-].[Fe+3],1
CCCCCCCCCCCCCC(=O)O[C@@H]1[C@H]([C@]2([C@@H](C=C(C[C@]3([C@H]2C=C(C3=O)C)O)CO)[C@H]4[C@@]1(C4(C)C)OC(=O)C)O)C,1
S=[Ni],1
CCOC1=C(C=C(C=C1)NC(=O)C)N,1
CCCCNC(=O)N1C2=CC=CC=C2N=C1NC(=O)OC,1
CCNN.Cl,1
CCCCCN(C)N=O,1
NN.OS(=O)(=O)O,1
Cl[Cd]Cl,1
[O-]S(=O)(=O)[O-].[Cd+2],1
COC(=O)NC1=NC2=CC=CC=C2N1,1
O.O[Si]([O-])([O-])[O-].O[Si]([O-])([O-])[O-].[Mg+2].[Mg+2].[Mg+2],1
CCN(CCO)N=O,1
C(C(=O)[O-])N(CC(=O)[O-])CC(=O)[O-].O.[Na+].[Na+].[Na+],1
CCN(C=C)N=O,1
CC1=C2C(=C(C3=CC=CC=C13)C=O)C=CC4=CC=CC=C42,1
CC1=CC=CC=C1C2=CC(=C(C=C2)N)C,1
[Be+2].[O-]S(=O)(=O)[O-],1
[O-][Cr](=O)(=O)[O-].[Zn+2],1
CC[NH+](CC)CCNC1=C2C(=C(C=C1)CO)SC3=CC=CC=C3C2=O.CS(=O)(=O)[O-],1
C1=CC=C(C=C1)CNC(=O)CN2C=CN=C2[N+](=O)[O-],1
CC(C)(C#C)NC(=O)C1=CC(=CC(=C1)Cl)Cl,1
[O-][Cr](=O)(=O)[O-].[O-][Cr](=O)(=O)[O-].[O-][Cr](=O)(=O)[O-].[Cr+3].[Cr+3],1
CC1=C2C=CC3=CC=CC=C3C2=C(C4=C1CCCC4)C,1
CN=[N+](C)[O-],1
C(Cl)(Br)Br,1
CCCCCCCCCCCCC1=CC=CC=C1,1
C1C2=CC=CC=C2C(=O)N3N1C(=O)C4=CC=CC=C4C3,1
C1=CC=C2C(=C1)C3=C4C(=C2CO)C=CC5=CC=CC(=C54)C=C3,1
CCOC1=CC=C(C=C1)N(C(=O)C)O,1
CN(C)C1=CC2=C(C=C1)N=C3C=CC(=[N+](C)C)C=C3S2.O.O.O.[Cl-],1
CCCCNN.Cl,1
CC(COCC(C)OC(=O)C=C)OCC(C)OC(=O)C=C,1
CN(C=O)N=O,1
C1=CC=C(C=C1)CCN(C(=O)N)N=O,1
CCNC(=O)N(CC)N=O,1
COC1=C2C3=C([C@H](CC3)O)C(=O)OC2=C4[C@@H]5C=CO[C@@H]5OC4=C1,1
C1CN(COC1)N=O,1
C1=CC2=C3C(=C1)C=CC4=C3C(=CC5=C4C=C[C@@H]([C@H]5O)O)C=C2,1
C1=CC2=C3C(=C1)C=CC4=C3C(=CC5=C4C=C[C@H]([C@@H]5O)O)C=C2,1
C[As](=O)(C)C,1
C1=CC(=CC=C1C2=C(C=C(C=C2Cl)Cl)Cl)O,1
C1CN2C=CC(=C2[C@@H]1O)CO,1
C1=CC=C(C=C1)C[N+]2=NOC(=C2CC(=O)N)[O-],1
C1=CC=C2C(=C1)C=CC3=C(C4=CC=CC=C4C=C32)CO,1
C1=CC=C2C(=C1)C3=C4C(=C2[N+](=O)[O-])C=CC5=C(C=CC(=C54)C=C3)[N+](=O)[O-],1
CSC(=O)C1=C2C(=CC=C1)N=NS2,1
C1CN(C(=N1)N[N+](=O)[O-])CC2=CN=C(C=C2)Cl,1
CCCC(CCC)C(=O)[O-].CCCC(CCC)C(=O)[O-].[Ca+2],1
C1=CC=C2C(=C1)C=CC3=C(C4=CC=CC=C4C=C32)Cl,1
C1=CC(=CC=C1C2=CC(=C(C(=C2Cl)Cl)Cl)Cl)O,1
CC1=CC(=C(C=C1)N)C.Cl,1
CC1=CC=C(C=C1)N(CC2=NCCN2)C3=CC(=CC=C3)O.CS(=O)(=O)O,1
C1=CC=C(C(=C1)C(C2=CC=C(C=C2)Cl)C(Cl)(Cl)Cl)Cl.C1=CC(=CC=C1C(C2=CC=C(C=C2)Cl)C(Cl)(Cl)Cl)Cl,1
CCCN(CC(=O)C)N=O,1
CC1CN(CC(N1)C)N=O,1
CC1COCCN1N=O,1
C([C@H]1[C@H](O1)Cl)Cl,1
C[C@]12CC[C@H]3[C@H]([C@@H]1C[C@H](C2=O)O)CCC4=C3C=CC(=C4)O,1
C1=CC=C2C(=C1)C3=C(C=C2[N+](=O)[O-])C4=C(C=C3)[C@@H]([C@H](C=C4)O)O,1
CN1C2=C(C3=C(C=C2)NC(=O)C=C3)N=C1N,1
C1=CC2=C(C=CC=N2)C(=C1)F,1
C1=CC2=C3C(=C1)C4=C(C3=CC=C2)C5=C(C=C4)[C@@H]([C@H](C=C5)O)O,1
C=COC1=CC=C(C=C1)[N+](=O)[O-],1
CC1=CC2=C([C@H]3[C@H](O3)[C@@H]([C@H]2O)O)C4=C1C5=CC=CC=C5C=C4,1
CN1C(=CN=C1C2=NOC3C2CCCC3)[N+](=O)[O-],1
CC1=CN=C2C=CC3=C(C2=N1)N=C(N3C)NO,1
CC(=O)CN(C(=O)N)N=O,1
CC1CN(CCC1=O)N=O,1
C1=CC=C2C(=C1)C3=CC=CC4=C3C5=C2C6=C(C=C5C=C4)C(C(C=C6)O)O,1
CC(CN(C(=O)N)N=O)O,1
CCC1C2=C(C=C(C=C2)O)C(=C1C3=CC=C(C=C3)O)C,1
CC1=CC=CC=C1C2=CC(=C(C=C2)NO)C,1
C1C(O1)OC(=O)N,1
O.O.[O-][Cr](=O)(=O)O[Cr](=O)(=O)[O-].[Na+].[Na+],1
C(C(=O)O)C(CC(=O)[O-])(C(=O)[O-])O.C(C(=O)O)C(CC(=O)[O-])(C(=O)[O-])O.[Pu],1
C1=CC=C2C(=C1)C3=C(C=C2N)C4=C(C=C3)[C@@H]([C@H](C=C4)O)O,1
C1COC(CN1N=O)O,1
C1=CC=C2C3=C4C(=CC=CC4=CC2=C1)C=C3,1
[Be+2].C(=O)([O-])[O-],1
C(N)[N+](=O)[O-],1
[OH-].[OH-].[Ni+2],1
[Ni]#[Sb],1
CC1=C(C2=CC=CC=C2C3=C1C4=CC=CC=C4C=C3)[N+](=O)[O-],1
C(C(=O)[O-])N(CC(=O)[O-])CC(=O)[O-].[Cu+2],1
CNNC.CN(C)N,1
CC1=CC2=CC=CC=C2C3=C1C4=C(C=C3)[C@H]([C@@H](C=C4)O)O,1
C1=CC=C2C(=C1)C=C3C=CC4=C(C3=N2)C=C[C@H]([C@@H]4O)O,1
CCCCCCCCCCCCCC(=O)ON(C1=CC2=C(C=C1)C3=C(C2)C=C(C=C3)I)C(=O)C,1
C=CSCCC(C(=O)O)N,1
CC1=CC2=C(C3=CC=CC=C13)C4=C(N2)C=C(C5=CC=CC=C54)C,1
CC1=CC2=C(C=C[C@H]([C@@H]2O)O)C3=C1C4=CC=CC=C4C=C3,1
CC1=CC2=CC=CC=C2C3=C1C4=C(C=C3)[C@@H]([C@H]([C@@H]5[C@H]4O5)O)O,1
CC1=CC2=CC=CC=C2C3=C1C4=C(C=C3)[C@@H]([C@@H]([C@H]5[C@@H]4O5)O)O,1
C[C@]12CC[C@H]3[C@H]([C@@H]1CC[C@@H]2C(=O)NC(C)(C)C)CC[C@@H]4[C@@]3(C=CC(=O)N4)C,1
C1=CC2=C3C(=C1)C=C(OC3=CC=C2)[N+](=O)[O-],1
COC1=C2C=CC=C3C2=C(C=C1)C=C(O3)[N+](=O)[O-],1
CCC(C)(CC)C1=NOC(=C1)NC(=O)C2=C(C=CC=C2OC)OC,1
CC1=C(C(=CC=C1)C)NC2=NCCCS2.Cl,1
C[C@]12C[C@@H]([C@H]3[C@H]([C@@H]1CC[C@@H]2O)CCC4=C3C=CC(=C4)O)OC,1
C1=CC=C2C=C(C=CC2=C1)NO,1
CC1=C(N=C(N=C1N)C(CC(=O)N)NCC(C(=O)N)N)C(=O)NC(C(C2=CN=CN2)O[C@H]3[C@H]([C@H]([C@@H]([C@@H](O3)CO)O)O)O[C@@H]4[C@H]([C@H]([C@@H]([C@H](O4)CO)O)OC(=O)N)O)C(=O)NC(C)C(C(C)C(=O)NC(C(C)O)C(=O)NCCC5=NC(=CS5)C6=NC(=CS6)C(=O)NCCC[S+](C)C)O.OS(=O)(=O)[O-],1
C1=CC=C2C(=C1)C=CC3=C(C4=CC=CC=C4C=C32)Br,1
C1=C(OC(=C1)C=O)CCl,1
CC(C)NC(=O)C1=CC=C(C=C1)CN=NC,1
CN1C2=C(C=C(C=C2)N(CCCl)CCCl)N=C1CCCC(=O)O.Cl,1
CNC(=O)N(C)N=O,1
CC1=C2C(=C3C=CC4=CC=CC=C4C3=C(C2=CC=C1)C)C,1
C1=NC2=C(N1)C(=O)NC(=O)N2O,1
CC(C)(C1=CC=C(C=C1)O)C2=CC=C(C=C2)O.C1C(O1)CCl,1
[Ni]=[Te],1
[Be+2].O.O.O.O.[O-]S(=O)(=O)[O-],1
O=[Zr]=O,1
[Ni]=[Se],1
[Ni]#[As],1
[CH-]1C=CC=C1.[CH-]1C=CC=C1.[Ni+2],1
COC1=C(C=CC(=C1)C2=CC(=C(C=C2)N)OC)N.Cl.Cl,1
C1=CC(=C(C=C1[N+](=O)[O-])[N+](=O)[O-])Cl,0
C1=CC(=C(C=C1C(=O)O)O)O,0
C1(C(=O)NC(=O)N1)NC(=O)N,0
C1=CC=C(C=C1)C(=O)[O-],0
C1=CC=C(C=C1)C(=O)O,0
C1=CC=C(C=C1)CO,0
C[N+](C)(C)CCO,0
C(C(=O)O)C(CC(=O)O)(C(=O)O)O,0
C1=C(C=C(C(=C1O)O)O)C(=O)O,0
C(CCC(=O)O)CCN,0
C(CC(=O)O)C(C(=O)O)N,0
C1=CC(=C(C=C1CCN)O)O,0
C1=CC(=C(C=C1CC(C(=O)O)N)O)O,0
CSCCC(C(=O)O)N,0
CC(CO)O,0
C1=CN=C(C=N1)C(=O)N,0
C1=CC=C2C(=C1)C(=CN2)CC(C(=O)O)N,0
CC1CCC(C(C1)O)C(C)C,0
C1=C(C(=CC(=C1Cl)Cl)Cl)OCC(=O)O,0
C(C[N+](=O)[O-])C(=O)O,0
CC(=O)C1=CC=C(C=C1)S(=O)(=O)NC(=O)NC2CCCCC2,0
CC(=O)NC1=CC=C(C=C1)CC(=O)O,0
CC1=C(C2=C(CCC(O2)(C)CCCC(C)CCCC(C)CCCC(C)C)C(=C1O)C)C,0
CC1=C(C(=C(C2=C1OC(CC2)(C)CCCC(C)CCCC(C)CCCC(C)C)C)OC(=O)C)C,0
CCC1(C(=O)NC(=O)NC1=O)CCC(C)C,0
CC(=O)OC1=CC=CC=C1C(=O)O,0
COC1=CC=C(C=C1)CCN2CCC(CC2)NC3=NC4=CC=CC=C4N3CC5=CC=C(C=C5)F,0
CC(C)NCC(COC1=CC=C(C=C1)CC(=O)N)O,0
COP(=S)(OC)SCN1C(=O)C2=CC=CC=C2N=N1,0
CC(C)(C)CC(C)(C)C1=CC=C(C=C1)OCCOCC[N+](C)(C)CC2=CC=CC=C2,0
C1=CC=C(C=C1)CN=C=S,0
CC1=C(C(=O)C(=C(C1=O)C)C(CCCCCC(=O)O)C2=CC=CC=C2)C,0
CCOC1=NC2=CC=CC(=C2N1CC3=CC=C(C=C3)C4=CC=CC=C4C5=NNN=N5)C(=O)OC(C)OC(=O)OC6CCCCC6,0
CC1=CC=C(C=C1)C2=CC(=NN2C3=CC=C(C=C3)S(=O)(=O)N)C(F)(F)F,0
CCN(CC)C(=O)NC1=CC(=C(C=C1)OCC(CNC(C)(C)C)O)C(=O)C,0
CCCNC(=O)NS(=O)(=O)C1=CC=C(C=C1)Cl,0
CCOP(=S)(OCC)OC1=NC(=C(C=C1Cl)Cl)Cl,0
CCOP(=S)(OCC)OC1=CC2=C(C=C1)C(=C(C(=O)O2)Cl)C,0
CC(CC1=CC=CC=C1)N,0
C(CC(C(F)F)(C(=O)O)N)CN,0
CC1(C(=O)NC(=O)O1)C,0
CNC(=O)CSP(=S)(OC)OC,0
CN(C)CCOC(C1=CC=CC=C1)C2=CC=CC=C2,0
CC1=C(C(=O)N(N1C)C2=CC=CC=C2)N(C)CS(=O)(=O)[O-],0
CC1=CC2=C(C(=C1)O)C(=O)C3=C(C2=O)C=C(C=C3O)O,0
C1C2C(COS(=O)O1)C3(C(=C(C2(C3(Cl)Cl)Cl)Cl)Cl)Cl,0
CCOC1=CC2=C(C=C1)NC(C=C2C)(C)C,0
CCC1=C2C(=CC=C1)C3=C(N2)C(OCC3)(CC)CC(=O)O,0
CC1=C(C=CC(=C1)OP(=S)(OC)OC)SC,0
C1CCNC(C1)CNC(=O)C2=C(C=CC(=C2)OCC(F)(F)F)OCC(F)(F)F,0
CNCCC(C1=CC=CC=C1)OC2=CC=C(C=C2)C(F)(F)F,0
CCCCCCC1=C(C=C(C=C1)O)O,0
CC(C)CC1=CC=C(C=C1)C(C)C(=O)O,0
C1=CC(=C(C=C1Cl)C2=NC(=NC(=N2)N)N)Cl,0
CC(C1=CC(=CC=C1)C(=O)C2=CC=CC=C2)C(=O)O,0
CC1=C(C(C(=C(N1)C)C(=O)OCCN2CCN(CC2)C(C3=CC=CC=C3)C4=CC=CC=C4)C5=CC(=CC=C5)[N+](=O)[O-])C(=O)OC,0
CC1=NN(C(=O)C1)C2=CC=CC=C2,0
CCC(=O)C(CC(C)N(C)C)(C1=CC=CC=C1)C2=CC=CC=C2,0
C1N2CN3CN1CN(C2)C3,0
COC(=O)C(C1CCCCN1)C2=CC=CC=C2,0
CCN(CC)C(=O)C1=CC=CC(=C1)C,0
C1=CC(=C(C=C1[N+](=O)[O-])Cl)NC(=O)C2=C(C=CC(=C2)Cl)O,0
CC(C)NCC(COC1=CC=CC=C1OCC=C)O,0
C1=CC=C(C=C1)C2C(=O)N=C(O2)N,0
C1CCC(CC1)C(CC2CCCCN2)C3CCCCC3,0
C1CNCCN1,0
CC(C)NCC(COC1=CC=C(C=C1)NC(=O)C)O,0
C1=CC=C(C=C1)CCCCOC2=CC=C(C=C2)C(=O)NC3=CC=CC4=C3OC(=CC4=O)C5=NNN=N5,0
C1CCC(CC1)C(=O)N2CC3C4=CC=CC=C4CCN3C(=O)C2,0
CC(CN1C2=CC=CC=C2SC3=CC=CC=C31)N(C)C,0
CC(C)NCC(COC1=CC=CC2=CC=CC=C21)O,0
CCCOC(=O)C1=CC(=C(C(=C1)O)O)O,0
CC(C)NCC(C1=CC=C(C=C1)NS(=O)(=O)C)O,0
CCCCC1(C(=O)N(N(C1=O)C2=CC=CC=C2)C3=CC=CC=C3)COC(=O)CCC(=O)O,0
C1CC(OC1)N2C=C(C(=O)NC2=O)F,0
C1=CC=C2C(=C1)NC(=N2)C3=CSC=N3,0
CC(C)(C)NCC(COC1=CN(C(=O)C2=CC=CC=C21)C)O,0
CC1=CC=C(C=C1)S(=O)(=O)NC(=O)NN2CCCCCC2,0
CCCCNC(=O)NS(=O)(=O)C1=CC=C(C=C1)C,0
CC1(C(=O)N(C(=O)O1)C)C,0
CN1C(=CC(=O)N(C1=O)C)NCCCN2CCN(CC2)C3=CC=CC=C3OC,0
CC1=C(C(=CC=C1)C)NC2=NCCCS2,0
C[C@@H]1C[C@H]2[C@@H]3CCC4=CC(=O)C=C[C@@]4([C@]3([C@H](C[C@@]2([C@]1(C(=O)CO)O)C)O)F)C,0
C[C@]12CCC(=O)C=C1CC[C@@H]3[C@@H]2[C@H](C[C@]4([C@H]3CC[C@@]4(C(=O)CO)O)C)O,0
C([C@@H](C(=O)O)N)S,0
CC[C@H]1[C@H](COC1=O)CC2=CN=CN2C,0
CNC[C@@H](C1=CC(=CC=C1)O)O,0
C1C(=O)NC(=O)NC1=O,0
CCN(CC)CCOC1=CC=C(C=C1)C(CC2=CC=C(C=C2)OC)(C3=CC=CC=C3)O,0
C([C@H]([C@H]([C@@H]([C@@H](CO)O)O)O)O)O,0
C1=C(NC=N1)C[C@@H](C(=O)O)N,0
CCC1=CC=C(C=C1)C(C2=CC=C(C=C2)CC)C(Cl)Cl,0
C1=CC=C2C(=C1)C(=CN2)C[C@@H](C(=O)O)N,0
C1=CC=C(C=C1)NC2=CC=C(C=C2)NC3=CC=CC=C3,0
C1=CC=C(C=C1)[SnH](C2=CC=CC=C2)C3=CC=CC=C3,0
C1(=C(C(C(=C1Cl)Cl)(Cl)Cl)Cl)Cl,0
CCC(CC)(C(=O)NC(=O)N)Br,0
C1C=CCS1(=O)=O,0
CCOC(=O)C1C(O1)(C)C2=CC=CC=C2,0
C(C(CO[N+](=O)[O-])(CO[N+](=O)[O-])CO[N+](=O)[O-])O[N+](=O)[O-],0
CC1=CC=C(C=C1)OP(=O)(OC2=CC=C(C=C2)C)OC3=CC=C(C=C3)C,0
CCOP(=S)(OCC)SC1C(OCCO1)SP(=S)(OCC)OCC,0
CC(C)C=O,0
C1=CC(=CC=C1S(=O)(=O)C2=CC=C(C=C2)Cl)Cl,0
C1C2C3CC4C(C3C1C5C2O5)O4,0
CC(=C)[C@H]1CC2=C(O1)C=CC3=C2O[C@@H]4COC5=CC(=C(C=C5[C@@H]4C3=O)OC)OC,0
CCOC(=O)C1=CC=CC=C1C(=O)OCC,0
C1=CC=C2C(=C1)C(=O)OC2=O,0
CC(C)(C)C1=CC(=CC(=C1O)C(C)(C)C)CO,0
C1=CC=C(C(=C1)C(=O)N)C(=O)N,0
C1=CC=C(C=C1)C2=CC=CC=C2N,0
CC1=CC2=C(C=C1)N=CC=C2,0
C1=CC=C(C=C1)C2=NC(=NC(=N2)N)N,0
CN(C)CCN(CC1=CSC=C1)C2=CC=CC=N2,0
CC(=O)OC(C1=CC=C(O1)[N+](=O)[O-])OC(=O)C,0
CC1=C(C=CC(=C1)Cl)OCC(=O)O,0
C1=CC2=NNN=C2C=C1,0
CC1=C(C=CC(=C1)O)O,0
CC1=C(C=C(C=C1)N)Cl,0
C1=CC(=C(C=C1N)N)O,0
CC1=CC(=C(C=C1SC2=CC(=C(C=C2C)O)C(C)(C)C)C(C)(C)C)O,0
C1=C(C=C(C=C1[N+](=O)[O-])[N+](=O)[O-])[N+](=O)[O-],0
C1=CC(=CC=C1N)[N+](=O)[O-],0
CC1=CC(=CC=C1)C=C,0
C1=CC=C(C(=C1)NC2=NC(=NC(=N2)Cl)Cl)Cl,0
C1=CC=C(C=C1)NC2=CC=C(C=C2)N,0
CCCCC(CC)CO,0
C=CCO,0
CCC[N+](=O)[O-],0
CC1=CC(=CC=C1)N,0
C1CCC(CC1)N,0
CCCCCl,0
CCCCCC,0
C1CCNCC1,0
CC(CNCC(C)O)O,0
CCCCCCCN,0
C(COCCOCCO)O,0
C1=CC=C(C=C1)CCN=C(N)N=C(N)N,0
CC1=CC(=C(C(=C1)C(C)(C)C)O)CC2=C(C(=CC(=C2)C)C(C)(C)C)O,0
C1=CC=C(C=C1)C(C(=O)C2=CC=CC=C2)O,0
COC(=O)C1=CC=C(C=C1)C(=O)OC,0
C1=CC(=C(C=C1Cl)Cl)O,0
CO[C@H]1[C@@H](C[C@@H]2CN3CCC4=C([C@H]3C[C@@H]2[C@@H]1C(=O)OC)NC5=CC=CC=C45)OC(=O)C6=CC(=C(C(=C6)OC)OC)OC,0
C=CCOC(=O)C1=CC=CC=C1C(=O)OCC=C,0
CC(=O)NC1=CC=C(C=C1)C(=O)CCl,0
C[C@@H]([C@@H](C1=CC=CC=C1)O)NC,0
C[C@H](CCC(=O)O)[C@H]1CC[C@@H]2[C@@]1(CC[C@H]3[C@H]2CC[C@H]4[C@@]3(CC[C@H](C4)O)C)C,0
C[C@]12CC[C@](C[C@H]1C3=CC(=O)[C@@H]4[C@]5(CC[C@@H](C([C@@H]5CC[C@]4([C@@]3(CC2)C)C)(C)C)O)C)(C)C(=O)O,0
CN(C)CCN(CC1=CC=CS1)C2=CC=CC=C2,0
C(O)[P+](CO)(CO)CO,0
C1=CC=C(C=C1)C(=O)CCl,0
COC1=CC=C(C=C1)C(=C(C2=CC=C(C=C2)OC)Cl)C3=CC=C(C=C3)OC,0
CCCCNC(=O)N,0
CC1=C2C(=CC=C1)C=CC=N2,0
C1=CC2=C(C=CC(=C2)[N+](=O)[O-])N=C1,0
C1=CC(=C(C=C1N)Cl)N,0
CC(=O)N[C@@H](CS)C(=O)O,0
CCN(CC)C=O,0
C1=CC(=C(C=C1[N+](=O)[O-])N)C(=O)O,0
CC1=CC=C(C=C1)NC(=O)N,0
CC1=CC=C(C=C1)C=C,0
C(C(F)(F)F)N(CC(F)(F)F)N=O,0
CCCC[N+](=O)[O-],0
CCCCCC(=O)N,0
C(CCC(=O)N)CC(=O)N,0
CC1=CC(=C(C2=CC=C(C=C2)N)C3=CC=C(C=C3)N)C=CC1=N,0
CC(C)(C)C1=CC(=C(C(=C1)C(C)(C)C)O)C(C)(C)C,0
CC1=C(C=CC=C1N)N,0
CN(C1=CC=C(C=C1)[N+](=O)[O-])N=O,0
C[N+](C)(C)CCCl,0
C1CCCNCCC1,0
C1=CC=C2C(=C1)C=CC=C2NCCN,0
CCOC(=O)CC(C(=O)OCC)SP(=O)(OC)OC,0
CCCCCCCCCCCC[N+](C)(C)[O-],0
CC(C)(C)C1=C(C=CC(=C1)O)O,0
CCCCCC1=CC(=C2[C@@H]3C=C(CC[C@H]3C(OC2=C1)(C)C)C)O,0
C1=CC(=CC=C1SC2=CC(=C(C=C2Cl)Cl)Cl)Cl,0
CCC(CC)C(=O)NC(=O)N,0
CC1=CC(=C(C=C1)O)C(C)(C)C,0
COC1=C(C(=C(C(=C1Cl)Cl)[N+](=O)[O-])Cl)Cl,0
C1=CC=C(C(=C1)C=C(C#N)C#N)Cl,0
C1=CC=C(C=C1)CSC#N,0
C1CC(CC(C1)N)N,0
CS(=O)(=O)OCCCNCCCOS(=O)(=O)C,0
C1CCN(C(C1)C(=O)O)N=O,0
CN(C)CCN(CC1=CC=CO1)C2=CC=CC=N2,0
CC(=O)C(C(=O)NC1=CC(=C(C=C1OC)Cl)OC)N=NC2=C(C=C(C=C2)C3=CC(=C(C=C3)N=NC(C(=O)C)C(=O)NC4=CC(=C(C=C4OC)Cl)OC)Cl)Cl,0
CC1=CC2=C(C=C1)SC3=CC=CC=C3N=C2N4CCN(CC4)C,0
CC1=C(C=CC(=C1)C2=CC(=C(C=C2)NC(=O)C(C(=O)C)N=NC3=C(C=C(C=C3)Cl)Cl)C)NC(=O)C(C(=O)C)N=NC4=C(C=C(C=C4)Cl)Cl,0
C(CC(=O)O)[C@H](C(=O)O)N,0
C1=CC=NC(=C1)CCl,0
CC(CN(CC(C)O)CC(C)O)O,0
C=CC1=CC=CC=[N+]1[O-],0
CCCCCCCCCC1=CC=C(C=C1)OCCOCCO,0
C(C(=O)O)C(CC(=O)[O-])(C(=O)[O-])O,0
C1=CN2[C@H]3[C@H]([C@@H]([C@H](O3)CO)O)OC2=NC1=N,0
CC(=O)NCCSP(=S)(OC)OC,0
CS(=O)(=O)C1=CC=C(C=C1)[C@H]([C@@H](CO)NC(=O)C(Cl)Cl)O,0
CCN(CC)C(=S)[S-],0
CCOC(=O)[C@@]1(CCC=C[C@H]1N(C)C)C2=CC=CC=C2,0
CC(C1=NCCN1)OC2=C(C=CC=C2Cl)Cl,0
C=CCOC1=C(C=C(C=C1)CC(=O)O)Cl,0
CC(C)C(=O)OC[C@@H]1[C@H]([C@@H]([C@](O1)(COC(=O)C)O[C@@H]2[C@@H]([C@H]([C@@H]([C@H](O2)COC(=O)C)OC(=O)C(C)C)OC(=O)C(C)C)OC(=O)C(C)C)OC(=O)C(C)C)OC(=O)C(C)C,0
CC(=C)C#N,0
CC(CCl)O,0
C(C(=O)O)N(CC(=O)O)N=O,0
CC(=O)NC1=CC=CC2=C1CC3=CC=CC=C32,0
CC(=O)NC1=CC=CC2=C1C3=CC=CC=C3C2,0
C1(=C(C(=C(C(=C1Cl)Cl)Cl)Cl)Cl)C(=C(Cl)Cl)Cl,0
C1=COC(=C1)C2=CSC(=N2)NNC=O,0
C1=C(C=C(C=C1Cl)Cl)C2=CC(=CC(=C2)Cl)Cl,0
C1=CC2=C(C=C1Cl)OC3=C(O2)C=C(C=C3)Cl,0
CC(C)(CCCCCCC(C)(C)CO)CO,0
C[C@](CC1=CC(=C(C=C1)O)O)(C(=O)O)N,0
C1=CC=C2C(=C1)C(=NN2CC3=C(C=C(C=C3)Cl)Cl)C(=O)O,0
COC(=O)C(C1CCCCN1N=O)C2=CC=CC=C2,0
C1=CC=C2C(=C1)C(=NC(=N2)C3=CC=CS3)N(CCO)CCO,0
CC1=C(SSC1=S)C2=NC=CN=C2,0
CC1=C(N=CN1)CSCCN=C(NC#N)N(C)N=O,0
CC[C@H](C)C(=O)O[C@H]1C[C@H](C=C2[C@H]1[C@H]([C@H](C=C2)C)CC[C@@H]3C[C@H](CC(=O)O3)O)C,0
CCOC(=O)[C@H](CCC1=CC=CC=C1)N[C@@H](C)C(=O)N2CC3=CC=CC=C3C[C@H]2C(=O)O,0
C1CC(N2C=NC=C2C1)C3=CC=C(C=C3)C#N,0
CCN(CC)CCCNC(=O)CN1C(=C(C=N1)C2=CC=CC=C2)C3=CC=CC=C3,0
CCCCCCCCCC[N+](C)(C)[O-],0
CCOC(C=C)OCC,0
CC1=CC2=C(C=C1)C(=NC(=O)N2C(C)C)C3=CC(=CC=C3)O,0
C1=CC=C2C(=C1)C3=C(N2)C=NC=C3,0
C1=NN(C(=O)N=C1N)[C@H]2[C@@H]([C@@H]([C@H](O2)CO)O)O,0
C[C@@H]1CCC[C@@H](N1CCCC(C2=CC=CC=C2)(C3=CC=CC=N3)O)C,0
CC1=C(C(C(=C(N1)N)C(=O)OC2CN(C2)C(C3=CC=CC=C3)C4=CC=CC=C4)C5=CC(=CC=C5)[N+](=O)[O-])C(=O)OC(C)C,0
CC(C)C(=O)OC1=C(C=C(C=C1)CCNC)OC(=O)C(C)C,0
CN[C@H]1CC[C@H](C2=CC=CC=C12)C3=CC(=C(C=C3)Cl)Cl,0
C1(=C(C(=C(C(=C1F)F)F)N)F)N,0
CC1=C(C(=CC=C1)C)NC(=O)CN2CCCC2=O,0
CC(C)(C(=O)O)OCC1=CC=C(C=C1)C2=CC=C(C=C2)Cl,0
CCC(C1=CC=CC=C1)C(=O)NC(=O)N,0
C1=CC=C(C=C1)CCCN=C=S,0
CN(C(=O)C1=CC=CC=C1C(=O)N(C)N=O)N=O,0
C1=CC(=CC=C1N)N(CCO)CCO,0
C[C@@H]1O[C@]2(CN3CCC2CC3)CS1,0
C([C@@H]1[C@H]([C@@H]([C@H]([C@H](O1)OC[C@H]([C@H]([C@@H]([C@@H](CO)O)O)O)O)O)O)O)O,0
CN1CCC[C@H]1C2=CN=CC=C2,0
CC1(C(=O)NC(=O)NC1=O)C,0
CC(C(=O)[O-])O,0
C1CCC(CC1)NC2=CC=C(C=C2)NC3=CC=CC=C3,0
CCSC[C@@H](C(=O)O)N,0
C1CN(C(=O)NC1=O)[C@H]2[C@@H]([C@@H]([C@H](O2)CO)O)O,0
C1=CC=C(C=C1)C2=CSC(=N2)NN,0
C1N=C(NC(=O)N1[C@H]2[C@@H]([C@@H]([C@H](O2)CO)O)O)N,0
C1=CC=C(C=C1)CCCCCCN=C=S,0
CC1=C(C(C(=C(N1)C)C(=O)OCC(C)(C)CN(C)CC2=CC=CC=C2)C3=C(C=CC(=C3)[N+](=O)[O-])F)C(=O)OC,0
CC1=C(C(C(=C(N1)C)P2(=O)OCC(CO2)(C)C)C3=CC(=CC=C3)[N+](=O)[O-])C(=O)OCCN(CC4=CC=CC=C4)C5=CC=CC=C5,0
CC1C2=NN=C(N2C3=C(C=C(S3)CCC4=CC=C(C=C4)CC(C)C)C(=N1)C5=CC=CC=C5Cl)C,0
CCCCCCOC1=C(C(=C(C(=C1)C)O)C)C,0
C[C@H](C(=O)O)OC1=C(C=C(C=C1)Cl)Cl,0
CC1=C(C(C(=C(N1)C)C(=O)OCCC2=CC=C(C=C2)N3CCN(CC3)C(C4=CC=CC=C4)C5=CC=CC=C5)C6=CC(=CC=C6)[N+](=O)[O-])C(=O)OC,0
CC1CN(C(=O)NC1=O)N=O,0
CN(C1=CN=CC=C1)N=O,0
C1N(CSCS1)N=O,0
C[C@H](CCC1=CC=CC=C1)NC[C@@H](C2=CC(=C(C=C2)O)C(=O)N)O,0
COC1=CC2=C(C3=C(C(=O)CC3)C(=O)O2)C(=C1)OC,0
CN(C1=CC=NC=C1)N=O,0
CC(C)(C)C1=C(C(=CC(=C1)[N+](=O)[O-])[N+](=O)[O-])OS(=O)(=O)C,0
CCN(CC)CC#CC(C)(C)OC(=O)C(C1CCCCC1)(C2=CC=CC=C2)O,0
CCOC1=C(C(=O)O[C@@H]1[C@H](CO)O)O,0
CCCCCCCCCCCCCCCC(=O)CC(=O)CCCCCCCCCCCCCCC,0
C1=CC2=C(C=C(C=C2Br)Br)N=C1,0
C1=CC(=C(C(=C1C2=CC(=C(C(=C2)Br)Br)Br)Br)Br)Br,0
C=CC(=O)C1=CC2=C(C=C1)OCO2,0
COC1=CC2=C(C3=C(CCC3)C(=O)O2)C(=C1)OC,0
CN1[C@@H]2CC[C@H]1CC(C2)OC(=O)C(CO)C3=CC=CC=C3,0
CC(=O)C(C(=O)NC1=CC=CC=C1)N=NC2=C(C=C(C=C2)C3=CC(=C(C=C3)N=NC(C(=O)C)C(=O)NC4=CC=CC=C4)Cl)Cl,0
CN[C@H]1CCC2=CC(=C(C(=C2C3=CC=C(C(=O)C=C13)OC)OC)OC)OC,0
CC[C@@]1(C[C@@H]2C[C@@](C3=C(CCN(C2)C1)C4=CC=CC=C4N3)(C5=C(C=C6C(=C5)[C@]78CCN9[C@H]7[C@@](C=CC9)([C@H]([C@@]([C@@H]8N6C)(C(=O)OC)O)OC(=O)C)CC)OC)C(=O)OC)O,0
CCNNC(=O)[C@H]1[C@@H]([C@H](C2=CC3=C(C=C2[C@H]1C4=CC(=C(C(=C4)OC)OC)OC)OCO3)O)CO,0
C[C@@]12CCC[C@@]([C@H]1CC[C@]34[C@H]2CC[C@](C3)(C(=C)C4)O[C@H]5[C@@H]([C@H]([C@@H]([C@H](O5)CO)O)O)O[C@H]6[C@@H]([C@H]([C@@H]([C@H](O6)CO)O)O)O)(C)C(=O)O[C@H]7[C@@H]([C@H]([C@@H]([C@H](O7)CO)O)O)O,0
C1[C@@H]([C@@H]([C@H]([C@@H]([C@]1(CO)O)O)O)O)NC(CO)CO,0
CC1=C(C(CCC1)(C)C)/C=C/C(=C/C=C/C(=C/C(=O)O)/C)/C,0
CCCCC(CC)COS(=O)(=O)[O-],0
C12C3C(C4C1C5(C(C3(C4(C5(Cl)Cl)Cl)Cl)Cl)Cl)C6C2O6,0
C1=CC=C(C=C1)/C=C/C=O,0
CC(=CCC/C(=C/C=O)/C)C,0
C/C=C/C=C/C(=O)O,0
CN1[C@@H]2CC(C[C@H]1[C@H]3[C@@H]2O3)OC(=O)[C@@H](CO)C4=CC=CC=C4,0
C1=CC=C(C=C1)NC(=S)N,0
C1CCC(CC1)NC(=S)NC2CCCCC2,0
C1=C(NC(=O)NC1=O)C(=O)[O-],0
CC(=CCC/C(=C/COC(=O)C)/C)C,0
CNC(=S)NC,0
CC(=O)NC1=C(C=C(C=C1)C2=CC=CC=C2)O,0
CC1=NC=C(C(=N1)N)CN(C=O)/C(=C(/CCOC(=O)C2=CC=CC=C2)\SC(=O)C3=CC=CC=C3)/C,0
C1CCC(CC1)NS(=O)(=O)[O-],0
C1=CC=C(C(=C1)C2=C3C=C(C(=O)C(=C3OC4=C(C(=C(C=C24)I)[O-])I)I)I)C(=O)[O-],0
C1=CC=C2C(=C1)C=CC(=C2N=NC3=C(C4=CC=CC=C4C=C3)S(=O)(=O)[O-])O,0
C(C(=O)O)NCC(=O)[O-],0
C1=CC=C2C(=C1)C(=CC=C2S(=O)(=O)[O-])N=NC3=C(C4=CC=CC=C4C(=C3)S(=O)(=O)[O-])O,0
C(CC(=O)[O-])C(=O)O,0
C[NH+](C)CCC(C1=CC=C(C=C1)Cl)C2=CC=CC=N2,0
C1=CC2=C(C=C1S(=O)(=O)[O-])C(=C(N2)C3=NC4=C(C3=O)C=C(C=C4)S(=O)(=O)[O-])O,0
COC1=CC2=C(C(=C1)OC)C3=C(CCC3=O)C(=O)O2,0
CC(=O)NC1=C2C(=C(C=C1)S(=O)(=O)[O-])C=C(C(=C2O)N=NC3=C4C=C(C=CC4=C(C=C3)N=NC5=CC=C(C=C5)S(=O)(=O)[O-])S(=O)(=O)[O-])S(=O)(=O)[O-],0
CCN(CC1=CC(=CC=C1)S(=O)(=O)[O-])C2=CC=C(C=C2)C(=C3C=CC(=[N+](CC)CC4=CC(=CC=C4)S(=O)(=O)[O-])C=C3)C5=CC=CC=C5S(=O)(=O)[O-],0
CC1=CC(=CC(=C1)S(=O)(=O)[O-])C,0
CCN(CC1=CC(=CC=C1)S(=O)(=O)[O-])C2=CC=C(C=C2)C(=C3C=CC(=[N+](CC)CC4=CC(=CC=C4)S(=O)(=O)[O-])C=C3)C5=C(C=C(C=C5)O)S(=O)(=O)[O-],0
CN(C)C1=CC=C(C=C1)N=NS(=O)(=O)[O-],0
CCCN(CCC)C1=CC=C(C=C1)N=NC2=CC=[N+](C=C2)[O-],0
C(CN(CC(=O)[O-])CC(=O)[O-])N(CC(=O)O)CC(=O)[O-],0
CCOC(=O)/C=C\C(=O)OCC,0
CC1=C(C(CCC1)(C)C)/C=C/C(=C/C=C/C(=C/C=C/C=C(/C=C/C=C(/C=C/C2=C(CCCC2(C)C)C)\C)\C)/C)/C,0
CCCCCCCCCCCCCCCC(=O)OC/C=C(\C)/C=C/C=C(\C)/C=C/C1=C(CCCC1(C)C)C,0
C[C@H]1[C@@H]([C@H]([C@H]([C@@H](O1)OC[C@@H]2[C@H]([C@@H]([C@H]([C@@H](O2)OC3=C(OC4=CC(=CC(=C4C3=O)O)O)C5=CC(=C(C=C5)O)O)O)O)O)O)O)O,0
C1=C2C3=C(C(=C1O)O)OC(=O)C4=CC(=C(C(=C43)OC2=O)O)O,0
C[C@H](CCC=C(C)C)[C@H]1CC[C@@]2([C@@]1(CC[C@]34[C@H]2CC[C@@H]5[C@]3(C4)CC[C@@H](C5(C)C)OC(=O)/C=C/C6=CC(=C(C=C6)O)OC)C)C,0
CCCCC(C)(C/C=C/[C@H]1[C@@H](CC(=O)[C@@H]1CCCCCCC(=O)OC)O)O,0
CC1=CC=C(C=C1)/C(=C\CN2CCCC2)/C3=CC=CC=N3,0
C[C@H](CC[C@H](C(C)(C)O)O)[C@H]1CC[C@@H]\2[C@@]1(CCC/C2=C\C=C/3\C[C@H](CCC3=C)O)C,0
CCCC(CCC(CCC(CCC(CCC(CCC(CCC(C)Cl)Cl)Cl)Cl)Cl)Cl)Cl,0
CN1CC[C@]23[C@@H]4[C@H]1CC5=C2C(=C(C=C5)OC)O[C@H]3[C@H](C=C4)O,0
CCCCCCCCCCCCC(=O)COC1=C(C(=O)O[C@@H]1[C@H](CO)O)O,0
CC1=CC2[C@@](C(C1=O)O)([C@]3([C@@H]([C@H](C([C@@]34CO4)O2)O)OC(=O)C)C)CO,0
CCCCCC(/C=C/C=C\CCCCCCCC(=O)OC)OO,0
CCCCC/C=C\C/C=C\CCCCCCCC(=O)OC,0
C1=CC=C(C=C1)/C(=C\CCCCC(=O)O)/C2=CN=CC=C2,0
COC1=C(C=CC(=C1)/C=C/C(=O)OCCC2=CC=CC=C2)O,0
C[C@@H]1C/C=C/C=C/C=C/C=C/[C@@H](C[C@H]2[C@@H]([C@H](C[C@](O2)(C[C@H](C[C@@H]3[C@H](O3)/C=C/C(=O)O1)O)O)O)C(=O)O)O[C@H]4[C@H]([C@H]([C@@H]([C@H](O4)C)O)N)O,0
CCCCCCCC/C=C/CCCCCCCC(=O)OCCOCC(C1C(CC(O1)OCCO)OCCO)OCCO,0
C1=CC=C(C=C1)/C=C/[N+](=O)[O-],0
C[C@@H]1C/C=C/C=C/[C@@H]([C@@H](C[C@@H]([C@@H](C([C@@H](CC(=O)O1)OC(=O)C)OC)O[C@H]2[C@@H]([C@H]([C@@H]([C@H](O2)C)O[C@H]3C[C@@]([C@@H]([C@@H](O3)C)OC(=O)CC(C)C)(C)O)N(C)C)O)CC=O)C)O,0
CC(C)(/C=N\OC(=O)NC)SC,0
CNC(=O)O/N=C(\C(=O)N(C)C)/SC,0
CCCCCCCC/C=C\CCCCCCCC(=O)[O-],0
CC\1=C(C2=C(/C1=C\C3=CC=C(C=C3)S(=O)(=O)C)C=CC(=C2)F)CC(=O)O,0
C1=C(OC(=C1)[N+](=O)[O-])/C(=N\O)/N,0
C1=COC(=C1)/C=N\NC(=O)N,0
C1=CC(=C(C=C1N)S(=O)(=O)[O-])/C=C/C2=C(C=C(C=C2)N)S(=O)(=O)[O-],0
C=C/C=N\O,0
CC[C@H](C)[C@@H]1[C@H](CC[C@@]2(O1)C[C@@H]3C[C@H](O2)C/C=C(/[C@H]([C@H](/C=C/C=C/4\CO[C@H]5[C@@]4([C@@H](C=C([C@H]5O)C)C(=O)O3)O)C)O[C@H]6C[C@@H]([C@H]([C@@H](O6)C)O[C@H]7C[C@@H]([C@H]([C@@H](O7)C)O)OC)OC)\C)C,0
CC1([C@@H](N2[C@H](S1)[C@@H](C2=O)NC(=O)COC3=CC=CC=C3)C(=O)[O-])C,0
CCC(O)OC(CC)O,0
C(CC(=O)O)[C@@H](C(=O)[O-])N,0
C([C@@H](C(=O)[O-])N)C(=O)O,0
CCCC[Sn](CCCC)(OC(=O)C)OC(=O)C,0
C[C@]12CC[C@H]3C(=CCC4=C3C=CC(=C4)OS(=O)(=O)[O-])[C@@H]1CCC2=O,0
C1[C@@H]2C=CC1[C@H]3[C@@H]2[C@]4(C(=C(C3(C4(Cl)Cl)Cl)Cl)Cl)Cl,0
C1[C@H]2[C@@H]([C@H]([C@@H]1Cl)Cl)[C@@]3(C(=C(C2(C3(Cl)Cl)Cl)Cl)Cl)Cl,0
CC1(CC2=C(O1)C(=CC(=C2)Cl)C(=O)NC3C[C@H]4CCC(C3)N4C)C,0
CC[C@@H]1[C@@]([C@@H]([C@H](C(=O)[C@@H](C[C@@]([C@@H]([C@H]([C@@H]([C@H](C(=O)O1)C)O[C@H]2C[C@@]([C@H]([C@@H](O2)C)O)(C)OC)C)O[C@H]3[C@@H]([C@H](C[C@H](O3)C)[NH+](C)C)O)(C)O)C)C)O)(C)O,0
C([C@@H]([C@@H]1C(=C(C(=O)O1)O)O)O)O,0
CN1C(=C(C2=CC=CC=C2S1(=O)=O)O)C(=O)NC3=CC=CC=N3,0
CC1=CN=C(S1)NC(=O)C2=C(C3=CC=CC=C3S(=O)(=O)N2C)O,0
CN1C(=C(C2=C(S1(=O)=O)C=C(S2)Cl)O)C(=O)NC3=CC=CC=N3,0
C(C(C1C(=C(C(=O)O1)[O-])O)O)O,0
C([C@H]([C@@H]1C(=C(C(=O)O1)O)O)O)[O-],0
CCCCCCCCCCC(C)C1=CC=C(C=C1)S(=O)(=O)[O-],0
C1=NC2=C(C(=O)N1)N=CN2[C@H]3[C@@H]([C@@H]([C@H](O3)COP(=O)([O-])[O-])O)O,0
CN1C=NC2=C1C(=O)NC(=N2)N,0
C[C@H]1/C=C/C=C(\C(=O)NC2=C(C(=C3C(=C2O)C(=C(C4=C3C(=O)[C@](O4)(O/C=C/[C@@H]([C@H]([C@H]([C@@H]([C@@H]([C@@H]([C@H]1O)C)O)C)OC(=O)C)C)OC)C)C)O)O)C=NN5CCN(CC5)C)/C,0
C1=CC=C(C=C1)C2C(=O)NC(=N)O2,0
C(CCl)O,0
C(CO)O,0
C(C(=O)O)Cl,0
C1=CC=C(C(=C1)C(=O)O)O,0
COC1=CC=CC=C1O,0
C(C(=O)CO)O,0
C(C(=O)O)N,0
C(C(=O)O)O,0
C1=CC(=CC=C1[N+](=O)[O-])O,0
CCCO,0
C1=CC(=C(C=C1Cl)Cl)OCCCC(=O)O,0
C1=CC=C2C(=C1)C3=CC=CC=C3NC2=O,0
CC(=O)NP(=O)(OC)SC,0
CC(C)(C=NOC(=O)NC)SC,0
CC1(OC2=C(O1)C(=CC=C2)OC(=O)NC)C,0
CC1(CC2=C(O1)C(=CC=C2)OC(=O)NC)C,0
CCOP(=S)(OCC)SCCSCC,0
CCCSP(=O)(OCC)SCCC,0
C(CN)N,0
CCC1=C(CN(C1=O)C(=O)NCCC2=CC=C(C=C2)S(=O)(=O)NC(=O)NC3CCC(CC3)C)C,0
C(C(F)(F)F)(OC(F)F)Cl,0
CCN1C=C(C(=O)C2=CC(=C(C=C21)N3CCNCC3)F)C(=O)O,0
[Cl-].[K+],0
CC(C)OC1=CC=CC=C1OC(=O)NC,0
C1=CC(=C(C=C1[As](=O)(O)O)[N+](=O)[O-])O,0
[F-].[Na+],0
C1=CC(=C(C=C1Cl)O)OC2=C(C=C(C=C2)Cl)Cl,0
C1C(C(C(C(C1(CO)O)O)O)O)NC(CO)CO,0
C[C@@]12CCC[C@H]1[C@@H]3CCC4=C([C@H]3CC2)C=CC(=C4)O,0
C([C@H]([C@H]([C@@H](C(=O)CO)O)O)O)O,0
CC1=C(C(=O)N(N1C)C2=CC=CC=C2)N(C)C,0
CC(CN1C2=CC=CC=C2SC3=CC=CC=C31)N(C)C.Cl,0
C1[C@H]([C@@H]([C@H]([C@H](O1)O)O)O)O,0
CC(CC1=CC=CC=C1)N.CC(CC1=CC=CC=C1)N.OS(=O)(=O)O,0
CC(CNN)C1=CC=CC=C1.Cl,0
C1=CN(C(=O)N=C1N)[C@H]2[C@H]([C@@H]([C@H](O2)CO)O)O,0
CC#N,0
CC(Cl)Cl,0
C(I)(I)I,0
C(F)(Cl)(Cl)Cl,0
C(F)(F)(Cl)Cl,0
CC1=CC=C(C=C1)NC2=C3C(=C(C=C2)O)C(=O)C4=CC=CC=C4C3=O,0
C1=CC=C2C(=C1)C=CC3=C2C=CC=N3,0
CCN1C2=CC=CC=C2C3=CC=CC=C31,0
CCC1=CC(=C(C(=C1)C(C)(C)C)O)CC2=C(C(=CC(=C2)CC)C(C)(C)C)O,0
CCCCOC(=O)C1=CC=C(C=C1)O,0
C1COC(=O)O1,0
C1=CC=C(C=C1)C(Cl)Cl,0
C=CC1=CC=NC=C1,0
C=CC1=CC=CC=N1,0
B(O)(O)O,0
CCCCCCCCCC1=CC=C(C=C1)OCCO,0
C(=O)C=O,0
C(C(Cl)(Cl)Cl)O,0
CCCCCCCCCCCC(=O)N(CCO)CCO,0
CC(C)(C)CC(C)(C)C1=CC=C(C=C1)OCCOCC[N+](C)(C)CC2=CC=CC=C2.[Cl-],0
C1=CC(=C(C=C1N)N)O.Cl.Cl,0
CN(C)CCOC(C1=CC=CC=C1)C2=CC=CC=C2.Cl,0
C(CN(CC(=O)[O-])CC(=O)[O-])N(CC(=O)O)CC(=O)[O-].[Na+].[Na+].[Na+],0
C(CC(=O)[O-])C(=O)[O-].[Na+].[Na+],0
CN(C)CCN(CC1=CC=CC=C1)C2=CC=CC=N2.Cl,0
C1=CC=C2C(=C1)C=NC3=CC=CC=C23,0
C1=CC=C2C(=C1)C=CC3=C2N=CC=C3,0
C1=CC=C2C(=C1)C=C3C=CC=CC3=N2,0
C(CN)N.Cl.Cl,0
C1=CC=C(C=C1)C2=CC(=O)C=CC2=O,0
C(#N)N=C(N)N,0
CC(C)(C)C1=CC(=CC(=C1O)C(C)(C)C)OC,0
C1CSCN1,0
CN1CN(C(=S)SC1)C,0
CC(=O)[O-].CC(=O)[O-].[Ba+2],0
C1=CC=C2C(=C1)C(=O)OC23C4=C(C(=C(C=C4)O)Br)OC5=C3C=CC(=C5Br)O,0
C1=CC(=CC=C1N)N.Cl.Cl,0
CCCCCCCCCCCCCCCCCC(=O)O.CC[C@@H]1[C@@]([C@@H]([C@H](C(=O)[C@@H](C[C@@]([C@@H]([C@H]([C@@H]([C@H](C(=O)O1)C)O[C@H]2C[C@@]([C@H]([C@@H](O2)C)O)(C)OC)C)O[C@H]3[C@@H]([C@H](C[C@H](O3)C)N(C)C)O)(C)O)C)C)O)(C)O,0
CC(C)N=C=NC(C)C,0
CC(C)OP(=S)(OC(C)C)SCCNS(=O)(=O)C1=CC=CC=C1,0
CCCN(CCC)C(=O)SCC,0
CC(C(=O)[O-])O.CC(C(=O)[O-])O.[Ca+2],0
CCOP(=S)(CC)SC1=CC=CC=C1,0
COC1=NN(C(=O)S1)CSP(=S)(OC)OC,0
C[NH+](C)CCN(CC1=CSC=C1)C2=CC=CC=N2.[Cl-],0
CCNC1=CC2=C(C=C1C)C(=C3C=C(C(=[NH+]CC)C=C3O2)C)C4=CC=CC=C4C(=O)OCC.[Cl-],0
C[N+](C)(C)CCCl.[Cl-],0
C1=CC=C(C=C1)C2=C(C=CC(=C2)O)O,0
CCC(=O)C(CC(C)N(C)C)(C1=CC=CC=C1)C2=CC=CC=C2.Cl,0
C=CC1=CN=CC=C1,0
CCN(C1CCCCC1)C(=O)SCC,0
O[Fe]=O.O[Fe]=O.[Fe],0
C1=CC(=C(C=C1[N+](=O)[O-])Cl)NC(=O)C2=C(C=CC(=C2)Cl)O.C(CO)N,0
C1=CC=C2C(=C1)C=CC=C2NCCN.Cl.Cl,0
CN1C2=CC=CC=C2C3=CC=CC=C31,0
CCSC(=O)N(CC(C)C)CC(C)C,0
C[C@@H]1CC[C@H]([C@@H](C1)O)C(C)C,0
CC1=CC[C@@H](CC1=O)C(=C)C,0
C1=CC=C2C(=C1)C(=O)OC23C4=C(C=C(C=C4)O)OC5=C3C=CC(=C5)O,0
CO[Si](CCCOCC1CO1)(OC)OC,0
C1=CC=C2C(=C1)C(=CC=C2S(=O)(=O)[O-])N=NC3=C(C=CC4=CC(=CC(=C43)S(=O)(=O)[O-])S(=O)(=O)[O-])O.[Na+].[Na+].[Na+],0
C1=CC=C2C(=C1)C=CC3=C2C=C(C4=CC=CC=C34)N,0
C1=CC(=CC=C1N=NC2=C(C=CC3=C2C=CC(=C3)S(=O)(=O)[O-])O)S(=O)(=O)[O-].[Na+].[Na+],0
C1=CC=C2C(=C1)C=CC(=C2N=NC3=C(C=C(C=C3)[N+](=O)[O-])Cl)O,0
C(C(F)(F)F)(F)Cl,0
C1=CC=C2C(=C1)C=CC(=C2N=NC3=C(C=C(C=C3)[N+](=O)[O-])[N+](=O)[O-])O,0
CC(C)COC(=O)C1=CC=C(C=C1)O,0
CC(=O)N(C1=CC=C(C=C1)C2=CC=CC=C2)O,0
CCOC(C(=O)C1=CC=CC=C1)OCC,0
C1=CC(=C(C=C1N)Cl)N.OS(=O)(=O)O,0
CC1=C(C=CC(=C1)N)N.OS(=O)(=O)O,0
CCCCC(CC)COC(=O)C1=CC=C(C=C1)C(=O)OCC(CC)CCCC,0
C1=CC=NC(=C1)CCl.Cl,0
CC1([C@@H](N2[C@H](S1)[C@@H](C2=O)NC(=O)[C@@H](C3=CC=CC=C3)N)C(=O)O)C.O.O.O,0
CN(C)N=NC1=CC=C(C=C1)Cl,0
[Ta],0
[N+](=O)([O-])[O-].[Na+],0
Cl[Fe](Cl)Cl,0
P,0
Cl[Sn]Cl,0
O[As](=O)([O-])[O-].[Na+].[Na+],0
ClCl,0
[O-]P1(=O)OP(=O)(OP(=O)(O1)[O-])[O-].[Na+].[Na+].[Na+],0
[O-]S(=O)(=O)[O-].[Ni+2],0
O.O.O.O.O.O.[Mg+2].[Cl-].[Cl-],0
CCOC1=CC=C(C=C1)NC(=O)C.CC(=O)OC1=CC=CC=C1C(=O)O.CN1C=NC2=C1C(=O)N(C(=O)N2C)C,0
CCOC(=O)NC1=CC(=CC=C1)OC(=O)NC2=CC=CC=C2,0
[O-]S(=O)(=O)[O-].[O-]S(=O)(=O)[O-].[Al+3].[K+],0
O.O.[Cl-].[Cl-].[Ba+2],0
C1=CC=C2C(=C1)C3=CC=CC4=CC(=CC2=C43)[N+](=O)[O-],0
C1=CC=C2C(=C1)C(=O)OC23C4=CC(=C(C(=C4OC5=C(C(=C(C=C35)Br)O)Br)Br)O)Br,0
CC1=C(C=CC=C1N)N.Cl.Cl,0
C(CCl)P(=O)(O)O,0
C[C@H]1[C@@H]([C@H]([C@H]([C@@H](O1)OC[C@@H]2[C@H]([C@@H]([C@H]([C@@H](O2)OC3=CC4=C(C=C(C=C4[O+]=C3C5=CC(=C(C=C5)O)O)O)O)O)O)O)O)O)O.[Cl-],0
CCOP(=O)(NC(C)C)OC1=CC(=C(C=C1)SC)C,0
C(O)[P+](CO)(CO)CO.[Cl-],0
CNC(=O)ON=C(C(=O)N(C)C)SC,0
CNC(=O)OC1=CC=CC(=C1)N=CN(C)C.Cl,0
CC1=CC(=C(C=C1S(=O)(=O)[O-])OC)N=NC2=C(C=CC3=C2C=CC(=C3)S(=O)(=O)[O-])O.[Na+].[Na+],0
[N-]=[N+]=[N-].[Na+],0
[O-]S(=O)(=O)[O-].O=[V+2],0
C1=C(C(=CC(=C1Cl)Cl)Cl)C2=CC(=C(C=C2Cl)Cl)Cl,0
C1=CC(=C(C=C1Cl)C2=C(C=CC(=C2)Cl)Cl)Cl,0
CC(=CC1C(C1(C)C)C(=O)OC(C#N)C2=CC(=CC=C2)OC3=CC=CC=C3)C,0
C[C@](CC1=CC(=C(C=C1)O)O)(C(=O)O)N.C[C@](CC1=CC(=C(C=C1)O)O)(C(=O)O)N.O.O.O,0
CCOP(=S)(OCC)OC1=NN(C(=N1)Cl)C(C)C,0
CN1C(=NC(=O)N(C1=O)C2CCCCC2)N(C)C,0
CC1=C[C@@H]2[C@]([C@@H](C1=O)O)([C@]3(C[C@H]([C@H]([C@@]34CO4)O2)O)C)CO,0
COC1=CC(=C(C=C1)[NH3+])OC.[Cl-],0
C(O)[P+](CO)(CO)CO.C(O)[P+](CO)(CO)CO.[O-]S(=O)(=O)[O-],0
CCN(CC)C(=O)NC1=CC(=C(C=C1)OCC(CNC(C)(C)C)O)C(=O)C.Cl,0
CN1C=C(C(=O)C(=C1)C2=CC(=CC=C2)C(F)(F)F)C3=CC=CC=C3,0
C1COCCN1C(C(Cl)(Cl)Cl)NC=O,0
C1=CC=C(C(=C1)C(C2=CC=C(C=C2)Cl)(C3=CN=CN=C3)O)Cl,0
CC(C)(C)[NH2+]CC(COC1=CN(C(=O)C2=CC=CC=C21)C)O.[Cl-],0
C1=CC=C2C(=C1)C=CC3=C2C=CC4=C3C=CC=C4[N+](=O)[O-],0
CC1(C(C1(C)C)C(=O)OC(C#N)C2=CC(=CC=C2)OC3=CC=CC=C3)C,0
CC1=NC(=NC(=N1)OC)NC(=O)NS(=O)(=O)C2=CC=CC=C2Cl,0
CCOC(=O)C(C)OC1=CC=C(C=C1)OC2=NC3=C(O2)C=C(C=C3)Cl,0
CC1([C@H]([C@H]1C(=O)O[C@H](C#N)C2=CC(=CC=C2)OC3=CC=CC=C3)C(C(Br)(Br)Br)Br)C,0
CCNC(=O)[C@@H]1CCCN1C(=O)[C@H](CCCN=C(N)N)NC(=O)[C@H](CC(C)C)NC(=O)[C@@H](COC(C)(C)C)NC(=O)[C@H](CC2=CC=C(C=C2)O)NC(=O)[C@H](CO)NC(=O)[C@H](CC3=CNC4=CC=CC=C43)NC(=O)[C@H](CC5=CN=CN5)NC(=O)[C@@H]6CCC(=O)N6,0
C(C(=O)O)OC1=NC(=C(C(=C1Cl)N)Cl)F,0
C1=CC=C2C3=C4C(=CC2=C1)C=CC5=C4C(=C(C=C5)[N+](=O)[O-])C=C3,0
C1=CC=C2C3=C4C(=CC2=C1)C=CC5=C(C=CC(=C54)C=C3)[N+](=O)[O-],0
C1C=CCN([C@@H]1C2=CN=CC=C2)N=O,0
CC(C)NCCCC1(C2=CC=CC=C2C3=CC=CC=C31)C(=O)N,0
C1=CC=C(C=C1)C2=CC=C(C=C2)NC(=O)O,0
CC(=O)N(C1=C2C=CC3=CC=CC4=C3C2=C(C=C4)C=C1)O,0
C([C@@H](C(=O)O)N)S.Cl,0
C(C(=O)[O-])C(CC(=O)[O-])(C(=O)[O-])O.[Fe+3],0
[O-]P(=O)([O-])[O-].[O-]P(=O)([O-])[O-].[O-]P(=O)([O-])[O-].[O-]P(=O)([O-])[O-].[O-]Cl.[Na+].[Na+].[Na+].[Na+].[Na+].[Na+].[Na+].[Na+].[Na+].[Na+].[Na+].[Na+].[Na+],0
[O-][Cr](=O)(=O)[O-].[Ni+2],0
C(CC(CBr)(C#N)Br)C#N,0
CC1=CC(=C(C=C1NC(=O)C)NS(=O)(=O)C(F)(F)F)C.C(CO)NCCO,0
CCCCNC(=O)OCC#CI,0
C1=CC=C2C(=C1)C=CC3=C2C=CC4=C3C=CC(=C4)[N+](=O)[O-],0
C[N+]1(CCCCC1)C.[Cl-],0
CNCCC(C1=CC=CC=C1)OC2=CC=C(C=C2)C(F)(F)F.Cl,0
C1=CC(=CC=C1S(=O)(=O)NC=NCCSCC2=CSC(=N2)N=C(N)N)Br,0
C[C@]12CC[C@H]3[C@H]([C@@H]1CC[C@H]2O)CCC4=C3C=CC(=C4)O,0
C([C@@H]1[C@@H]([C@@H]([C@H]([C@H](O1)O[C@]2([C@H]([C@@H]([C@H](O2)CCl)O)O)CCl)O)O)Cl)O,0
CC(C)(C)C1=CC(=C(C=C1OC)C(C)(C)C)O,0
CC(C)(C(C)(C)[N+](=O)[O-])[N+](=O)[O-],0
CNC1=CC=C(C=C1)N.Cl.Cl,0
CN(C)CCN(CC1=CC=C(C=C1)OC)C2=CC=CC=N2.Cl,0
CN(C)N=NC1=CC=C(C=C1)Br,0
P#[Ga],0
C1=C2C(=C(C(=C1Br)O)Br)OC3=C(C(=C(C=C3C24C5=C(C(=C(C(=C5Cl)Cl)Cl)Cl)C(=O)O4)Br)O)Br,0
CC(C)C1(C(=O)NC(=N1)C2=C(C=C(C=N2)COC)C(=O)O)C,0
C1=CC=C2C(=C1)C3=C4C(=C2[N+](=O)[O-])C=CC5=C4C(=C(C=C5)[N+](=O)[O-])C=C3,0
C1=CC(=CC=C1C(=O)O)NN.Cl,0
CN(C)C1=CC=C(C=C1)C(=C2C=CC(=[N+](C)C)C=C2)C3=C4C=CC(=CC4=CC(=C3O)S(=O)(=O)[O-])S(=O)(=O)[O-].[Na+],0
C1=CC=C(C(=C1)C(CN2C=NC=N2)(C3=CC=C(C=C3)F)O)F,0
CCC(C)SP(=O)(N1CCSC1=O)OCC,0
CC1=CC(=C(N=C1)C2=NC(C(=O)N2)(C)C(C)C)C(=O)O,0
CCOCN1C(=C(C(=C1C(F)(F)F)Br)C#N)C2=CC=C(C=C2)Cl,0
CC(=O)N(C1=CC2=C(C=C1)C3=CC=CC=C3C2)O[C@H]4[C@@H]([C@H]([C@@H]([C@H](O4)C(=O)O)O)O)O,0
C1=CC=C2C(=C1)C(=O)OC23C4=C(C(=C(C=C4)O)I)OC5=C3C=CC(=C5I)O,0
C#CCN1C(=O)COC2=CC(=C(C=C21)N3C(=O)C4=C(C3=O)CCCC4)F,0
COC1=CC(=NC(=N1)NC(=O)NS(=O)(=O)C2=C(N=C3N2C=CC=C3)Cl)OC,0
CC1CC(CC(C1)(OOC(C)(C)C)OOC(C)(C)C)(C)C,0
C1=CC(=CC=C1N)N(CCO)CCO.OS(=O)(=O)O,0
CCC(C)OC(C(=O)C1=CC=CC=C1)OC(C)CC,0
C1=CC=C(C=C1)NC(=O)NC2=CC(=NC=C2)Cl,0
COC(=O)COC1=CC=C(C=C1)Cl,0
CN(C)N=NC1=C(C=C(C=C1Br)Br)Br,0
CCO[Si](CCCOCC1CO1)(OCC)OCC,0
CC1(C(C1C(=O)OC(C#N)C2=CC(=C(C=C2)F)OC3=CC=CC=C3)C=C(Cl)Cl)C,0
C1=CC2=C3C(=C1)C=CC4=C(C=C(C(=C43)C=C2)[N+](=O)[O-])O,0
C1=CC2C(O2)C=C1,0
CN1C2=C(N=CC(=C2)C3=CC=CC=C3)N=C1NO,0
C1=CC2=C3C(=C1)C=CC4=C(C=CC(=C43)C=C2)CO,0
C1=CC2=C(C=CC3=C2C4=C1C=CC(=C4C=C3)O)[N+](=O)[O-],0
CN(C(CCCO)C1=CN=CC=C1)N=O,0
COC(=O)[C@]12CC3=C(C1=NN(CO2)C(=O)N(C4=CC=C(C=C4)OC(F)(F)F)C(=O)OC)C=CC(=C3)Cl,0
C1=CC2=C3C(=C1)C4C(O4)C5=C(C=CC(=C53)C=C2)[N+](=O)[O-],0
CN1C=C(C2=CC=CC=C21)C(=O)[C@@H]3CCC4=C(C3)NC=N4.Cl,0
C[C@H](CCCC(C)C)[C@H]1CC[C@@H]2[C@@]1(CC[C@H]3[C@H]2C[C@@H]4[C@]5([C@@]3(CC[C@@H](C5)O)C)O4)C,0
C1=CC=C(C=C1)C[C@H]2C(=O)N[C@H](C(=O)N2)CC(=O)O,0
CCC(=O)OCCCCCC(C)C,0
CN1C(=O)C[C@H](NC1=O)C(=O)N[C@@H](CC2=CN=CN2)C(=O)N3CCC[C@H]3C(=O)N,0
C([C@@H]([C@@H](CO)O)O)C(=O)C=O,0
C[C@]12CC[C@H]3[C@H]([C@@H]1CCC2=O)CCC4=C3C=CC(=O)C4=O,0
C1=CC=C2C(=C1)C3=CC=CC4=C3C5=C(C=C4)C=CC(=C25)[N+](=O)[O-],0
CN(C(CCC(=O)O)C1=CN=CC=C1)N=O,0
CC1=C(C(C(=C(N1)C)C(=O)OCC(C)(C)CN(C)CC2=CC=CC=C2)C3=C(C=CC(=C3)[N+](=O)[O-])F)C(=O)OC.Cl,0
CC1=C(C(C(=C(N1)C)P2(=O)OCC(CO2)(C)C)C3=CC(=CC=C3)[N+](=O)[O-])C(=O)OCCN(CC4=CC=CC=C4)C5=CC=CC=C5.Cl,0
CC(=CC1C(C1(C)C)C(=O)OCN2C(=O)CN(C2=O)CC#C)C,0
C[N+](C)(C)NCCC(=O)[O-],0
CCC(C)OC(=O)N1CCCCC1CCO,0
C1=CC=C2C(=C1)C=C3C(C(C4=CC=CC5=C4C3=C2C6=CC=CC=C56)O)O,0
C1C2=CC=CC=C2C3=C1C=C(C=C3)N[C@H]4[C@@H]([C@H]([C@@H]([C@H](O4)C(=O)O)O)O)O,0
C1=CC(=CC=C1C(=O)O)N=NC2=CC(=C(C=C2)O)C(=O)O,0
C(CCCCC(=O)[O-])CCCC(=O)[O-].[Na+].[Na+],0
CCCC1=CC2=CC=CC=C2C3=C1C4=C(C=C3)C(C(C5C4O5)O)O,0
CCC1=CC2=CC=CC=C2C3=C1C4=C(C=C3)[C@@H]([C@H]([C@@H]5[C@H]4O5)O)O,0
CCN(CC)CC#CC(C)(C)OC(=O)C(C1CCCCC1)(C2=CC=CC=C2)O.Cl,0
CN=NNC1=C(C=C(C=C1Cl)Cl)Cl,0
C1=C[C@H]([C@@H](C=C1)O)O,0
CCC(=O)N(C1=CC=C(C=C1)C2=CC=CC=C2)O,0
C1=CC=C2C(=C1)C3=C4C(=C(C=C3)[N+](=O)[O-])C=CC5=C4C2=CC=C5,0
C1=CC=C2C(=C1)C3=C(C=CC=N3)C4=C2O4,0
C1=CC2=C(C3=C(C=C2)[C@@H]([C@H](C=C3)O)O)N=C1,0
C1=CC=C2C(=C1)C=C3C4=CC=CC=C4C5=CC=CC=C5C3=C2[N+](=O)[O-],0
C1=CC=C2C(=C1)C=C3[C@H]([C@@H](C4=CC=CC=C4C3=N2)O)O,0
CC(CN(C)C1=NN=C(C=C1)NN)O.Cl.Cl,0
C1=CC=C2C(=C1)C=CC3=CC4=C(C5=C(C=C4)[C@@H]([C@H]([C@@H]6[C@H]5O6)O)O)N=C32,0
C1CC2=C([C@H]3[C@@H]1O3)C4=C(C=C2)C=C5C=CC6=CC=CC=C6C5=N4,0
C1=CC=C2C(=C1)C=CC3=C2C=CC4=C3C=C(C=C4)[N+](=O)[O-],0
C1=C[C@@H]2[C@@H](O2)[C@@H]([C@H]1O)O,0
C1=C[C@@H]([C@H](C=C1)O)O,0
COC1=C2C(=CC(=C1N3C[C@@H]4CCCN[C@@H]4C3)F)C(=O)C(=CN2C5CC5)C(=O)O,0
CCCCCCOC1=C2C(=C3CCC(=O)C3=C1)C=CC4=CC=CC=C42,0
CCO[Si](CCC1CCC2C(C1)O2)(OCC)OCC,0
CCC1C(C(C2=C1C=CC(=C2)O)C)C3=CC=C(C=C3)O,0
C([C@@H]1[C@@H]([C@@H]([C@H]([C@@H](O1)O[C@H]([C@@H](CO)O)[C@@H]([C@H](CO)O)O)O)O)O)O.O.O,0
[O-2].[O-2].[O-2].[Ga+3].[Ga+3],0
C1=CC=C2C(=C1)C=CC3=CC4=C(C5C(O5)C(C4O)O)N=C32,0
C1=CC=C2C(=C1)C=CC3=CC4=C(C(C(C5C4O5)O)O)N=C32,0
C1=CC2=C(C=CC3=C2C=C[C@@H]([C@H]3O)O)N=C1,0
C1=CC(=CC=C1N=NC2C(=NN(C2=O)C3=CC=C(C=C3)S(=O)(=O)[O-])C(=O)[O-])S(=O)(=O)[O-].[Na+].[Na+].[Na+],0
CC(C)CCCCCOC(=O)C=C,0
CCN(CC(=O)O)N=O,0
CC(C)OC(=O)NNC1=C(C=CC(=C1)C2=CC=CC=C2)OC,0
O.[O-]S(=O)(=O)[O-].[Mn+2],0
CCCCOC(=O)[C@@H](C)OC1=CC=C(C=C1)OC2=C(C=C(C=C2)C#N)F,0
C1CC2=C(C=CC3=C2N=C4C(=C3)C=CC5=CC=CC=C54)[C@@H]([C@H]1O)O,0
C1=C(C(=C(N=C1Cl)C(=O)O)Cl)N,0
CC(=NC#N)N(C)CC1=CN=C(C=C1)Cl,0
CN=C(NCC1=CN=C(S1)Cl)N[N+](=O)[O-],0
CC1(C(=O)N(C(=O)O1)NC2=CC=CC=C2)C3=CC=C(C=C3)OC4=CC=CC=C4,0
C([C@H]([C@H](CO)O)O)O,0
C[C@H](CCCC(C)C)[C@H]1CC[C@@H]2[C@@]1(CC[C@H]3[C@H]2C[C@H]4[C@@]5([C@@]3(CC[C@@H](C5)O)C)O4)C,0
C1=C(OC(=C1)C=O)CO,0
CC(=O)NC1=C2C=CC3=CC=CC4=C3C2=C(C=C4)C=C1,0
CC1=C[C@@H]2[C@]([C@@H](C1=O)O)([C@]3([C@@H]([C@H]([C@H]([C@@]34CO4)O2)O)OC(=O)C)C)CO,0
CCCCCOC(=O)COC1=C(C=C(C(=C1)N2C(=O)C3=C(C2=O)CCCC3)F)Cl,0
CC[C@H]1CCC[C@@H]([C@H](C(=O)C2=C[C@H]3[C@@H]4C[C@@H](C[C@H]4C=C[C@H]3[C@@H]2CC(=O)O1)O[C@H]5[C@@H]([C@@H]([C@H]([C@@H](O5)C)OC)OC)OC)C)O[C@H]6CC[C@@H]([C@H](O6)C)N(C)C,0
C([C@@H]1[C@@H]2[C@@H]([C@H]([C@H](O1)O[C@@H]3[C@H](O[C@@H]([C@@H]([C@H]3O)O)O[C@@H]4[C@H](O[C@@H]([C@@H]([C@H]4O)O)O[C@@H]5[C@H](O[C@@H]([C@@H]([C@H]5O)O)O[C@@H]6[C@H](O[C@@H]([C@@H]([C@H]6O)O)O[C@@H]7[C@H](O[C@@H]([C@@H]([C@H]7O)O)O[C@@H]8[C@H](O[C@H](O2)[C@@H]([C@H]8O)O)CO)CO)CO)CO)CO)CO)O)O)O,0
CC(=CCC/C(=C/C=C/C(=C/C=C/C(=C/C=C/C=C(/C=C/C=C(/C=C/C=C(/CCC=C(C)C)\C)\C)\C)/C)/C)/C)C,0
CC/C(=C(\C1=CC=C(C=C1)O)/C2=CC=C(C=C2)OCCN(C)C)/C3=CC=CC=C3,0
C(#N)[S-].[Na+],0
C1=C(NC=N1)CC(C(=O)O)N.O.Cl,0
CC1=C(C(=O)N(N1C)C2=CC=CC=C2)N(C)CS(=O)(=O)[O-].[Na+],0
C([C@H]([C@@H]([C@H](C=O)O)O)O)O,0
C1=CC=C2C(=C1)C(=O)[N-]S2(=O)=O.[Na+],0
[O-]S(=O)S(=O)(=O)[O-].[Na+].[Na+],0
C1[C@@H]2C=CC(=O)[C@H](O1)O2,0
COC1=C(C=CC(=C1)/C=C/C(=O)CC(=O)/C=C/C2=CC(=C(C=C2)O)OC)O,0
CC(=O)N[C@@H](C=O)[C@H]([C@@H]([C@@H](CO)O)O)O,0
C(=S)(N)NN,0
C1=CC2=C(C=C1S(=O)(=O)[O-])C(=C(C=C2[N+](=O)[O-])[N+](=O)[O-])[O-].[Na+].[Na+],0
C(=S)(N)NNC(=S)N,0
C1[C@@H]2[C@H]([C@@H]([C@H]([C@H](O1)O2)O)O)O,0
CCN(CC)CCCC(C)NC1=C2C=C(C=CC2=NC3=C1C=CC(=C3)Cl)OC.O.O.Cl.Cl,0
COC1=CC=C(C=C1)N.Cl,0
CN(C)CCOC1=CC=C(C=C1)/C(=C(/CCCl)\C2=CC=CC=C2)/C3=CC=CC=C3.C(C(=O)O)C(CC(=O)O)(C(=O)O)O,0
CCC(O)OC,0
CCN(CC)C(=O)/C(=C(\C)/OP(=O)(OC)OC)/Cl,0
CCCCOC(=O)[C@@H](C)OC1=CC=C(C=C1)OC2=NC=C(C=C2)C(F)(F)F,0
CC1=NC=C(C(=N1)N)CN(C=O)/C(=C(/CCOC(=O)C2=CC=CC=C2)\SC(=O)C3=CC=CC=C3)/C.Cl,0
C(C1C(C(C(C(O1)OCC2C(C(C(C(O2)OCC(C(C(C(C=O)O)O)O)O)O)O)O)O)O)O)O,0
C1=CC(=CC=C1C2=COC3=CC(=CC(=C3C2=O)O)O)O,0
CN(C)CCC(C1=CC=C(C=C1)Cl)C2=CC=CC=N2.C(=C\C(=O)O)\C(=O)O,0
C/C(=C\C=C\C=C(\C=C\C=C(\C(=O)O[C@@H]1O[C@@H]([C@H]([C@@H]([C@H]1O)O)O)CO[C@@H]2O[C@@H]([C@H]([C@@H]([C@H]2O)O)O)CO)/C)/C)/C=C/C=C(/C(=O)O[C@@H]3O[C@@H]([C@H]([C@@H]([C@H]3O)O)O)CO[C@@H]4O[C@@H]([C@H]([C@@H]([C@H]4O)O)O)CO)\C,0
CC1(CN=C(NC1)NN=C(/C=C/C2=CC=C(C=C2)C(F)(F)F)/C=C/C3=CC=C(C=C3)C(F)(F)F)C,0
CCCCCCCC/C=C/CCCCCCCC(=O)OCCOCC(C1C(C(CO1)OCCO)OCCO)OCCO,0
C[C@@H]1C/C=C/C=C/[C@@H]([C@@H](C[C@@H]([C@@H]([C@H]([C@@H](CC(=O)O1)OC(=O)C)OC)O[C@H]2[C@@H]([C@H]([C@@H]([C@H](O2)C)O[C@H]3C[C@@]([C@H]([C@@H](O3)C)OC(=O)CC(C)C)(C)O)N(C)C)O)CC=O)C)O,0
CCCCCC(/C=C/C=O)O,0
CCN(CC)CCCNC(=O)CN1C(=C(C=N1)C2=CC=CC=C2)C3=CC=CC=C3.C(=C/C(=O)O)\C(=O)O,0
C[C@H]1[C@@H]([C@H]([C@H]([C@@H](O1)OC[C@@H]2[C@H]([C@@H]([C@H]([C@@H](O2)OC3=CC(=C4C(=O)C[C@H](OC4=C3)C5=CC(=C(C=C5)OC)OC)O)O)O)O)O)O)O,0
CC1=C[C@@H]2[C@]([C@@H](C1=O)O)([C@]3([C@@H]([C@H]([C@H]([C@@]34CO4)O2)O)O)C)CO,0
CNC[C@@H](C1=CC(=CC=C1)O)O.Cl,0
CN(C)CCN(CC1=CC=C(C=C1)OC)C2=CC=CC=N2.C(=C\C(=O)O)\C(=O)O,0
CC1=CC=C(C=C1)/C(=C\CN2CCCC2)/C3=CC=CC=N3.O.Cl,0
C[C@@H]([C@@H](C1=CC=CC=C1)O)NC.C[C@@H]([C@@H](C1=CC=CC=C1)O)NC.OS(=O)(=O)O,0
C1=CC=C(C=C1)/C=C(/C=O)\Br,0
C1=CC(=C(C=C1C2=C(C(=O)C3=C(C=C(C=C3O2)O)O)O[C@H]4[C@@H]([C@H]([C@H](O4)[C@@H](CO)O)O)O)O)O,0
CN\1COCN(/C1=N/[N+](=O)[O-])CC2=CN=C(S2)Cl,0
C1CCC(CC1)[Sn](C2CCCCC2)C3CCCCC3.O,0
C1=CC=C(C=C1)[Sn](C2=CC=CC=C2)C3=CC=CC=C3.O,0
O.O[Si](O)(O)O.O[Si](O)(O)O.[Mg].[Mg].[Mg],0
C1=CC(=C(C=C1/C=C/C2=C(C=C(C=C2)N)S(=O)(=O)[O-])S(=O)(=O)[O-])N.[Na+].[Na+],0
C1=C2C(=C(C(=C1Br)[O-])Br)OC3=C(C(=C(C=C3C24C5=C(C(=C(C(=C5Cl)Cl)Cl)Cl)C(=O)O4)Br)[O-])Br.[Na+].[Na+],0
CCC(C)[C@@H]1[C@H](CC[C@@]2(O1)CC3C[C@H](O2)C/C=C(/[C@H]([C@H](/C=C/C=C/4\CO[C@H]5[C@@]4([C@@H](C=C([C@H]5O)C)C(=O)O3)O)C)O[C@H]6C[C@@H]([C@H]([C@@H](O6)C)OC7C[C@@H]([C@H]([C@@H](O7)C)O)OC)OC)\C)C.C[C@H]1CC[C@]2(CC3C[C@H](O2)C/C=C(/[C@H]([C@H](/C=C/C=C/4\CO[C@H]5[C@@]4([C@@H](C=C([C@H]5O)C)C(=O)O3)O)C)O[C@H]6C[C@@H]([C@H]([C@@H](O6)C)OC7C[C@@H]([C@H]([C@@H](O7)C)O)OC)OC)\C)O[C@@H]1C(C)C,0
CCC/C=C/C=C/C=C/C1C2C1C3C(C2/C=C\C=C)/C=C/CC(=O)O[C@@]45C[C@H]([C@]6([C@H]([C@@H]4[C@]5(COC3=O)C)C=C(C[C@]7(C6C=C(C7=O)C)O)CO)O)C,0
CCCCCC[C@H](C/C=C\CCCCCCCC(=O)O)O.C(C(CO)O)O,0
C1=CC=C2C(=C1)C(=CN2)C[C@H](C(=O)O)NC(=O)CC[C@H](C(=O)O)N,0
CN(/C(=N/[N+](=O)[O-])/N)[N+](=O)[O-],0
CC1=NN(C(=C1/C=N/OCC2=CC=C(C=C2)C(=O)OC(C)(C)C)OC3=CC=CC=C3)C,0
C=C/C=N/O,0
CCN(CC)C1=CC2=C(C=C1)C(=C3C=CC(=[N+](CC)CC)C=C3O2)C4=C(C=C(C=C4)S(=O)(=O)[O-])S(=O)(=O)[O-].[Na+],0
[Fe].[Ni],0
CC(C)[C@@H](C1=CC=C(C=C1)Cl)C(=O)O[C@H](C#N)C2=CC(=CC=C2)OC3=CC=CC=C3,0
C[C@@]1(C(=O)N(C(=N1)SC)NC2=CC=CC=C2)C3=CC=CC=C3,0
COC1=C(C=CC(=C1)CCNC(=O)C(C2=CC=C(C=C2)Cl)OCC#C)OCC#C,0
COC1=CC(=NC(=N1)NC(=O)NS(=O)(=O)C2=C(C=CC(=C2)CNS(=O)(=O)C)C(=O)OC)OC,0
CN(C)C(=O)C1=C(C=C(C=C1)NC=O)S(=O)(=O)NC(=O)NC2=NC(=CC(=N2)OC)OC,0
C1=CC(=CC(=C1)C(F)(F)F)/C(=N/NC(=O)NC2=CC=C(C=C2)OC(F)(F)F)/CC3=CC=C(C=C3)C#N,0
[O-]P(=O)=O.[O-]P(=O)=O.[O-]P(=O)=O.[Na+].[Ca+2],0
CC(=O)O[Hg]C,0
CC(C)(C[Sn](CC(C)(C)C1=CC=CC=C1)(CC(C)(C)C2=CC=CC=C2)O[Sn](CC(C)(C)C3=CC=CC=C3)(CC(C)(C)C4=CC=CC=C4)CC(C)(C)C5=CC=CC=C5)C6=CC=CC=C6,0
CN1[C@@H]2CC(C[C@H]1[C@H]3[C@@H]2O3)OC(=O)[C@H](CO)C4=CC=CC=C4.O.O.O.Br,0
CCCCCCCC/C=C\CCCCCCCC(=O)O.C1COCCN1,0
CC1=CC(=C(C=C1)C(=O)OC)C2=NC(C(=O)N2)(C)C(C)C.CC1=CC(=C(C=C1)C2=NC(C(=O)N2)(C)C(C)C)C(=O)OC,0
C1=CC=NC(=C1)C(=O)[O-].C1=CC=NC(=C1)C(=O)[O-].C1=CC=NC(=C1)C(=O)[O-].O.[Cr+3],0
CC[C@H](C)[C@@H]1[C@H](C=C[C@@]2(O1)C[C@@H]3C[C@H](O2)C/C=C(/[C@H]([C@H](/C=C/C=C/4\CO[C@H]5[C@@]4([C@@H](C=C([C@H]5O)C)C(=O)O3)O)C)O[C@H]6C[C@@H]([C@H]([C@@H](O6)C)O[C@H]7C[C@@H]([C@H]([C@@H](O7)C)[NH2+]C)OC)OC)\C)C.C1=CC=C(C=C1)C(=O)[O-],0
C[C@H]1C[C@]2([C@@H](CC[C@@H]2O)[C@H]3[C@H]1C4=C(CC3)C=C(C=C4)O)C,0
CCCCCCCC/C=C\CCCCCCCC(=O)[O-].[Na+],0
C([C@@H]([C@@H]1C(=C(C(=O)O1)O)[O-])O)O.[Na+],0
CC1=C(C=C(C=C1)S(=O)(=O)[O-])C.[Na+],0
N(=O)[O-].[Na+],0
C(CC(=O)O)[C@@H](C(=O)[O-])N.[Na+],0
C([C@@H](C(=O)[O-])N)C(=O)O.[Na+],0
CC1([C@@H](N2[C@H](S1)[C@@H](C2=O)NC(=O)COC3=CC=CC=C3)C(=O)[O-])C.[K+],0
COC1=CC(=NC(=N1)OC2=C(C(=CC=C2)OC3=NC(=CC(=N3)OC)OC)C(=O)[O-])OC.[Na+],0
CC1=CC(=NS(=O)(=O)O1)[O-].[K+],0
C([C@H]([C@@H]1C(=C(C(=O)O1)O)[O-])O)O.[Na+],0
C1=CC(=NNC1=O)[O-].[K+],0
CC1=C2C(=CC(=C1C(=O)O)O)C(=O)C3=C(C2=O)C(=C(C(=C3O)O)[C@H]4[C@@H]([C@@H]([C@H]([C@@H](O4)CO)O)O)O)O,0
C[C@H]1CC2=C([C@@H]1NC3=NC(=NC(=N3)N)C(C)F)C=C(C=C2)C,0
C1=CC(=CC2=[NH+]C3=C(C=CC(=C3)N)C=C21)N.[Cl-],0
C[C@@]1([C@H]2[C@@H]([C@H]3[C@@H](C(=O)C(=C([C@]3(C(=O)C2=C(C4=C1C=CC=C4O)O)O)O)C(=O)N)N(C)C)O)O.Cl,0
C[C@@]1([C@H]2C[C@H]3[C@@H](C(=O)C(=C([C@]3(C(=O)C2=C(C4=C1C=CC=C4O)O)O)O)C(=O)N)N(C)C)O.Cl,0
C(=O)(C(=O)[O-])[O-].C(=O)(C(=O)[O-])[O-].O=[Ti+2].[K+].[K+],0
C1=CC=C2C(=C1)C=C3C=CC4=C(C3=N2)[C@@H]([C@H](C=C4)O)O,0
C[C@H]1[C@@H]([C@H]([C@H]([C@@H](O1)OC[C@@H]2[C@H]([C@@H]([C@H]([C@@H](O2)OC3=C(OC4=C(C3=O)C(=CC(=C4)OS(=O)(=O)[O-])OS(=O)(=O)[O-])C5=CC(=C(C=C5)O)O)O)O)O)O)O)O.[Na+].[Na+],0
C[C@@H]1CCC[C@@H](N1CCC[C@@](C2=CC=CC=C2)(C3=CC=CC=N3)O)C.Cl,0
C[C@]12CC[C@](C[C@H]1C3=CC(=O)[C@@H]4[C@]5(CC[C@@H](C([C@@H]5CC[C@]4([C@@]3(CC2)C)C)(C)C)O[C@@H]6[C@@H]([C@H]([C@@H]([C@H](O6)C(=O)[O-])O)O)O[C@H]7[C@@H]([C@H]([C@@H]([C@H](O7)C(=O)[O-])O)O)O)C)(C)C(=O)[O-].[Na+].[Na+],0
C1=CC(=C(C=C1Cl)C2=C([C@@H]3[C@@H](O3)C(=C2)Cl)Cl)Cl,0
C1=CC2=C3C(=C1)[C@H]4[C@H](O4)C5=C3C(=C(C=C5)[N+](=O)[O-])C=C2,0
[C@@H]12[C@@H]3[C@@H](O3)C4[C@@H]1[C@@]5([C@@H](C6(C4C2[C@]5(C6(Cl)Cl)Cl)Cl)Cl)Cl,0
CC1=CC(=C(C=C1)N=NC2=C(C(=CC3=CC=CC=C32)C(=O)O)[O-])S(=O)(=O)[O-].[Ca+2],0
C1=CC=C2C(=C1)C=CC(=C2N=NC3=CC=C(C=C3)S(=O)(=O)[O-])O.[Na+],0
C1=CC=C2C(=C1)C=CC(=C2N=NC3=C(C4=CC=CC=C4C=C3)S(=O)(=O)[O-])O.[Na+],0
C1=CC=C2C(=C1)C=CC(=C2S(=O)(=O)[O-])N=NC3=C(C(=CC4=CC=CC=C43)C(=O)O)[O-].[Ca+2],0
CC/C(=N\OC/C=C/Cl)/C1=C(CC(CC1=O)CC(C)SCC)O,0
C1=CC=C(C=C1)N=NC2=C(C(=CC3=CC=CC=C32)C(=O)O)[O-].C1=CC=C(C=C1)N=NC2=C(C(=CC3=CC=CC=C32)C(=O)O)[O-].[Ca+2],0
