SMILES,LABEL,molecular_weight,TPSA,NumHDonors,NumHAcceptors,MolLogP,MolMR
[H]c1c([H])c([H])c2c(c1[H])c([H])c1c3c([H])c([H])c([H])c([H])c3c3c([H])c4c([H])c([H])c([H])c([H])c4c4c([H])c([H])c2c1c43,1,352.4360000000001,0.0,0,0,8.043600000000003,122.66400000000003
[H]c1c([H])c([H])c2c3c(c([H])c([H])c2c1[H])C([H])([H])c1c-3c([H])c([H])c2c([H])c([H])c([H])c([H])c12,1,266.34299999999996,0.0,0,0,5.564200000000003,89.69600000000004
[H]c1c([H])c([H])c2c(c1[H])c([H])c([H])c1c3c([H])c([H])c([H])c(C([H])([H])[H])c3c([H])c([H])c21,1,242.32099999999997,0.0,0,0,5.454620000000004,83.69700000000005
[H]c1c([H])c([H])c2c(c1[H])c([H])c([H])c1c3c([H])c([H])c(C([H])([H])[H])c([H])c3c([H])c([H])c21,1,242.32099999999997,0.0,0,0,5.454620000000004,83.69700000000005
[H]c1c([H])c2c3c(c([H])c([H])c(N([H])[H])c3c1[H])C([H])([H])C2([H])[H],1,169.22699999999995,26.02,1,1,2.520600000000001,55.76840000000002
[H]C1([H])C([H])(Cl)C([H])(Cl)C2([H])C1([H])[C@]1(Cl)C(Cl)=C(Cl)[C@@]2(Cl)C1(Cl)Cl,1,409.78200000000004,0.0,0,0,5.682800000000001,81.21600000000001
[H]c1c([H])c([H])c2c(N([H])N([H])[H])nnc([H])c2c1[H],1,160.18000000000004,63.83,2,4,0.9154,47.34810000000001
[H]ON([H])C(=O)N([H])[H],1,76.055,75.35,3,2,-0.9561000000000002,14.5056
[H]C(=O)C(=O)C([H])([H])[H],1,72.063,34.14,0,2,-0.22570000000000012,16.745
[H]OC(=O)C([H])([H])N([H])C([H])([H])P(=O)(O[H])O[H],1,169.073,106.86000000000001,4,3,-1.2042000000000002,32.54959999999999
[H]Oc1c([H])c([H])c(O[H])c2c1C(=O)c1c(c(N([H])C([H])([H])C([H])([H])N([H])C([H])([H])C([H])([H])O[H])c([H])c([H])c1N([H])C([H])([H])C([H])([H])N([H])C([H])([H])C([H])([H])O[H])C2=O,1,444.4880000000002,163.18,8,10,-0.13920000000000032,119.96900000000004
[H]c1c([H])c([H])c2c(c1[H])c([H])c([H])c1c([H])c([H])c([H])c([H])c12,1,178.23399999999998,0.0,0,0,3.993000000000002,61.454000000000036
[H]c1c([H])c(N([H])S(=O)(=O)C([H])([H])[H])c([H])c(OC([H])([H])[H])c1N([H])c1c2c([H])c([H])c([H])c([H])c2nc2c([H])c([H])c([H])c([H])c12,1,393.4680000000001,80.32000000000001,2,5,4.511700000000003,113.99220000000003
[H]c1c([H])c([H])c2c(sc3c([H])c([H])c([H])c([H])c32)c1[H],1,184.263,0.0,0,1,4.054500000000003,59.331000000000024
[H]c1c([H])c([H])c(C(=O)c2c([H])c([H])c([H])c([H])c2[H])c([H])c1[H],1,182.222,17.07,0,1,2.917600000000001,56.31650000000003
[H]C([H])([H])[C@@]12C(=O)OC(=O)[C@]1(C([H])([H])[H])[C@]1([H])O[C@@]2([H])C([H])([H])C1([H])[H],1,196.20199999999997,52.60000000000001,0,4,0.6436,45.20800000000003
[H]C([H])([H])I,1,141.939,0.0,0,0,1.0512000000000001,19.943999999999996
[H]C([H])=C([H])C(=O)OC([H])([H])C([H])(C([H])([H])C([H])([H])[H])C([H])([H])C([H])([H])C([H])([H])C([H])([H])[H],1,184.27899999999994,26.3,0,2,2.9320000000000013,54.462000000000046
[H]C([H])([H])C([H])([H])C([H])([H])Br,1,122.993,0.0,0,0,1.7913000000000001,24.08499999999999
[H]C([H])(Cl)C#N,1,75.498,23.79,0,1,0.74878,16.333
[H]c1c([N+](=O)[O-])c([H])c([N+](=O)[O-])c(C([H])([H])[H])c1[N+](=O)[O-],1,227.13199999999998,129.42000000000002,0,6,1.7196200000000001,51.1422
[H]Oc1c(Br)c([H])c(C(c2c([H])c(Br)c(O[H])c(Br)c2[H])(C([H])([H])[H])C([H])([H])[H])c([H])c1Br,1,543.8750000000001,40.46,2,2,6.473700000000003,99.14160000000001
[H]OC(=O)c1c([H])c([H])c([H])c([H])c1-c1c2c([H])c([H])c(=[N+](C([H])([H])C([H])([H])[H])C([H])([H])C([H])([H])[H])c([H])c-2oc2c([H])c(N(C([H])([H])C([H])([H])[H])C([H])([H])C([H])([H])[H])c([H])c([H])c12,1,443.56700000000023,56.69,1,3,5.561000000000005,135.14329999999995
[H]c1c([H])c2c3c(c([H])c([H])c([H])c3c1[H])C([H])([H])C2([H])[H],1,154.21199999999993,0.0,0,0,2.9384000000000006,51.35600000000003
[H]c1c([H])c([H])c(C([H])(C([H])([H])[H])C([H])([H])[H])c([H])c1[H],1,120.19499999999996,0.0,0,0,2.8100000000000005,40.53100000000002
[H]c1nc(C([H])([H])C([H])([H])Oc2c([H])c([H])c(C([H])([H])C3([H])SC(=O)N([H])C3=O)c([H])c2[H])c([H])c([H])c1C([H])([H])C([H])([H])[H],1,356.4470000000001,68.28999999999999,1,5,3.159600000000002,97.87770000000005
[H]c1c(N([H])S(=O)(=O)c2c([H])c([H])c(N([H])[H])c([H])c2[H])noc1C([H])([H])[H],1,253.283,98.22,2,5,1.36602,62.90290000000001
[H]c1nc2c(c(=O)n([H])c(=O)n2C([H])([H])[H])n1C([H])([H])[H],1,180.16699999999997,72.68,1,5,-1.0397,46.5757
[H]C1=C2C([H])([H])[C@@]([H])(SC(=O)C([H])([H])[H])[C@]3([H])[C@]([H])(C([H])([H])C([H])([H])[C@]4(C([H])([H])[H])[C@@]5(OC(=O)C([H])([H])C5([H])[H])C([H])([H])C([H])([H])[C@]43[H])[C@@]2(C([H])([H])[H])C([H])([H])C([H])([H])C1=O,1,416.5830000000003,60.440000000000005,0,5,4.852300000000004,112.21000000000008
[H]C1([H])N(P2(N3C([H])([H])C3([H])[H])=NP(N3C([H])([H])C3([H])[H])(N3C([H])([H])C3([H])[H])=NP(N3C([H])([H])C3([H])[H])(N3C([H])([H])C3([H])[H])=N2)C1([H])[H],1,387.3090000000002,55.13999999999999,0,9,1.7322,97.48200000000004
[H]O[C@]1([H])C([H])([H])C2=C([H])C([H])([H])[C@@]3([H])[C@]4([H])C([H])([H])C([H])([H])[C@]([H])([C@]([H])(C([H])([H])[H])C([H])([H])C([H])([H])C([H])([H])C([H])(C([H])([H])[H])C([H])([H])[H])[C@@]4(C([H])([H])[H])C([H])([H])C([H])([H])[C@]3([H])[C@@]2(C([H])([H])[H])C([H])([H])C1([H])[H],1,386.6640000000002,20.23,1,1,7.388700000000009,119.05280000000009
[H]c1nc(N2C(=O)N([H])C([H])([H])C2([H])[H])sc1[N+](=O)[O-],1,214.206,88.37,1,5,0.5808999999999999,49.5131
[H]C([H])=C([H])[H],1,28.053999999999995,0.0,0,0,0.8022,11.254000000000001
[H]c1c([N+](=O)[O-])c(C([H])([H])[H])c([N+](=O)[O-])c(OC([H])([H])[H])c1C(C([H])([H])[H])(C([H])([H])[H])C([H])([H])[H],1,268.26899999999995,95.51,0,5,3.1175200000000016,69.73980000000003
[H]OC([H])(C([H])([H])Cl)C([H])([H])Cl,1,128.986,20.23,1,1,0.8249,27.446799999999993
[H]C([H])([H])C([H])([H])C([H])([H])C([H])([H])C([H])([H])C([H])([H])C([H])([H])C([H])([H])C([H])([H])C([H])([H])C([H])([H])C(=O)OOC(=O)C([H])([H])C([H])([H])C([H])([H])C([H])([H])C([H])([H])C([H])([H])C([H])([H])C([H])([H])C([H])([H])C([H])([H])C([H])([H])[H],1,398.6280000000004,52.6,0,4,7.829600000000009,115.8720000000001
[H]OC([H])([H])C([H])([H])N([H])C([H])([H])C([H])([H])O[H],1,105.137,52.489999999999995,3,3,-1.4393999999999998,27.041299999999993
[H]C(=O)C(Cl)(Cl)Cl,1,147.388,17.07,0,1,1.5555,26.353999999999996
[H]c1nc2c([H])c([H])c([H])c([H])c2c([H])c1[H],1,129.16199999999998,12.89,0,1,2.2348,41.743000000000016
[H]N1C([H])([H])C([H])([H])OC([H])([H])C1([H])[H],1,87.122,21.259999999999998,1,2,-0.39380000000000015,23.68869999999999
[H]c1c([H])c([H])c2c(c1[H])C(=O)c1c([H])c([H])c([H])c3c([N+](=O)[O-])c([H])c([H])c-2c13,1,275.26300000000003,60.209999999999994,0,3,3.9594000000000023,79.47090000000001
[H]O[C@@]1([H])[C@@]([H])(O[H])C([H])([H])[C@]([H])(O[C@@]2([H])[C@@]([H])(O[H])C([H])([H])[C@]([H])(O[C@@]3([H])[C@@]([H])(O[H])C([H])([H])[C@]([H])(O[C@@]4([H])C([H])([H])C([H])([H])[C@@]5(C([H])([H])[H])[C@]([H])(C([H])([H])C([H])([H])[C@]6([H])[C@]5([H])C([H])([H])[C@@]([H])(O[H])[C@@]5(C([H])([H])[H])[C@]6(O[H])C([H])([H])C([H])([H])[C@]5([H])C5=C([H])C(=O)OC5([H])[H])C4([H])[H])O[C@]3([H])C([H])([H])[H])O[C@]2([H])C([H])([H])[H])O[C@]1([H])C([H])([H])[H],1,780.9490000000001,203.05999999999995,6,14,2.2181000000000015,192.61079999999936
[H]/C(=C(\[H])C([H])([H])C([H])([H])C([H])([H])C([H])([H])C([H])([H])C([H])([H])C([H])([H])C([H])([H])[H])C([H])([H])C([H])([H])C([H])([H])C([H])([H])C([H])([H])C([H])([H])C([H])([H])C(=O)OC([H])([H])C1([H])OC1([H])[H],1,338.53200000000004,38.83,0,3,5.965900000000006,100.15100000000008
P#[In],1,145.792,0.0,0,0,0.48039999999999994,12.674
[H]c1c([H])c([N+](=O)[O-])c([H])c2c1-c1c([H])c([H])c([H])c3c([N+](=O)[O-])c([H])c([H])c-2c13,1,292.25,86.28,0,4,4.303600000000002,81.68680000000002
[H]c1c([H])c2c([H])c([H])c3c([H])c([H])c([H])c4c([H])c([H])c(c1[H])c2c34,1,202.25599999999997,0.0,0,0,4.584000000000002,70.14600000000003
[H]c1c([H])c2c([H])c([H])c3c([N+](=O)[O-])c([H])c([H])c4c([H])c([H])c(c1[N+](=O)[O-])c2c43,1,292.25000000000006,86.28,0,4,4.400400000000002,83.45480000000002
[H]c1c(Cl)c(Cl)c([H])c2c1oc1c(Cl)c(Cl)c(Cl)c([H])c12,1,340.42,13.14,0,1,6.853000000000001,78.77000000000001
[H]c1c([H])c([H])c2c(c1[H])-c1c([H])c([H])c([H])c3c([H])c(C([H])([H])[H])c([H])c-2c13,1,216.28299999999996,0.0,0,0,4.795620000000002,73.11500000000004
[H]Oc1c(OC([H])([H])[H])c([H])c([C@]2([H])c3c([H])c4c(c([H])c3[C@@]([H])(O[C@]3([H])O[C@]5([H])C([H])([H])O[C@@]([H])(C([H])([H])[H])O[C@@]5([H])[C@]([H])(O[H])[C@@]3([H])O[H])[C@@]3([H])C([H])([H])OC(=O)[C@]23[H])OC([H])([H])O4)c([H])c1OC([H])([H])[H],1,588.5620000000002,160.82999999999998,3,13,1.3385999999999996,138.3453999999999
[H]c1c([H])c([H])c(-c2c3c([H])c(Br)c(=O)c(Br)c-3oc3c(Br)c(O)c(Br)c([H])c23)c(C(=O)O)c1[H],1,647.8950000000001,87.74,2,4,7.018600000000003,123.96610000000005
[H]c1c([H])c([H])c2c([H])c([N+](=O)[O-])c([H])c([H])c2c1[H],1,173.171,43.14,0,2,2.748000000000001,50.602400000000024
[H]c1c([H])c([H])c2c([H])c3c([H])c([H])c([H])c([H])c3c([H])c2c1[H],1,178.23399999999995,0.0,0,0,3.993000000000002,61.45400000000003
CN(C)C(=S)[S-].CN(C)C(=S)[S-].[Zn+2],1,305.834,6.48,0,4,0.7571000000000002,67.30000000000003
[H]c1c([H])c2c([H])c([H])c3c([H])c4c([H])c([H])c([H])c5c([H])c([H])c6c([H])c(c1[H])c2c3c6c54,1,276.338,0.0,0,0,6.3282000000000025,96.34400000000004
[H]c1c([H])c2c([H])c([H])c([H])c3c4c([H])c([H])c([H])c5c([H])c([H])c([H])c(c(c1[H])c23)c54,1,252.31599999999997,0.0,0,0,5.737200000000003,87.65200000000003
[H]c1c([H])c([H])c2c(c1[H])-c1c([H])c([H])c([H])c3c([H])c([H])c([H])c-2c13,1,202.25599999999997,0.0,0,0,4.487200000000002,68.37800000000004
[H]c1c([H])c([H])c2c(c1[H])c([H])c([H])c1c2c([H])c([H])c2c3c([H])c([H])c([H])c([H])c3c([H])c([H])c21,1,278.354,0.0,0,0,6.299400000000004,96.46600000000005
[H]c1c([H])c([H])c2c(c1[H])c1c([H])c([H])c([H])c([H])c1c1c([H])c([H])c([H])c([H])c21,1,228.29399999999998,0.0,0,0,5.146200000000003,78.96000000000005
[H]C([H])=[N+]=[N-],1,42.041,36.400000000000006,0,0,-0.0832,10.740400000000001
[H]c1c([H])c(N([H])C(=O)C([H])([H])[H])c([H])c([H])c1-c1c([H])c([H])c(N([H])C(=O)C([H])([H])[H])c([H])c1[H],1,268.316,58.2,2,2,3.2704000000000013,80.48540000000003
[H]c1c([H])c2c([H])c([H])c3c([H])c([H])c4c([H])c([H])c5c([H])c([H])c6c([H])c([H])c1c1c2c3c4c5c61,1,300.36000000000007,0.0,0,0,6.919200000000002,105.03600000000007
[H]c1c([H])c([H])c2c(c1[H])c([H])c([H])c1c3c([H])c([H])c([H])c([H])c3c([H])c([H])c21,1,228.29399999999998,0.0,0,0,5.146200000000003,78.96000000000005
[H]c1c([H])c([H])c2c([H])c(N(C([H])([H])C([H])([H])Cl)C([H])([H])C([H])([H])Cl)c([H])c([H])c2c1[H],1,268.18699999999995,3.24,0,1,4.123800000000003,77.60100000000003
N#CC(Cl)(Cl)Cl,1,144.388,23.79,0,1,1.88018,25.903
[H]c1c([H])c([H])c2c([N+](=O)[O-])c3c([H])c([H])c([H])c([H])c3c([H])c2c1[H],1,223.23100000000002,43.14,0,2,3.901200000000002,68.10840000000002
[H]c1c([N+](=O)[O-])c([H])c(C([H])([H])[H])c([H])c1[N+](=O)[O-],1,182.13499999999996,86.28,0,4,1.81142,44.487800000000014
[H]c1c([H])c([H])c2c(c1[H])c([H])c([H])c1c3c([H])c([H])c([H])c([H])c3c(C([H])([H])[H])c([H])c21,1,242.32099999999997,0.0,0,0,5.454620000000004,83.69700000000005
[H]c1c([H])c([H])c2c(c1[H])c([H])c([H])c1c(C([H])([H])[H])c([H])c([H])c([H])c12,1,192.26099999999997,0.0,0,0,4.301420000000003,66.19100000000003
[H]c1c([H])c([H])c2c(c1[H])-c1c([H])c([H])c([H])c3c(C([H])([H])[H])c([H])c([H])c-2c13,1,216.28299999999996,0.0,0,0,4.795620000000002,73.11500000000004
[H]c1nc([H])n([H])c1C([H])([H])[H],1,82.106,28.68,1,1,0.7181199999999999,23.324699999999993
[H]c1c([H])c2c([H])c([H])c3c([H])c([N+](=O)[O-])c([H])c4c([H])c([H])c(c1[H])c2c34,1,247.253,43.14,0,2,4.492200000000002,76.80040000000002
[H]C(C(=NN=C(N([H])[H])N([H])[H])C([H])=C([H])c1oc([N+](=O)[O-])c([H])c1[H])=C([H])c1oc([N+](=O)[O-])c([H])c1[H],1,360.2860000000001,189.32,2,8,2.045,92.0376
[H]N(N([H])C([H])([H])C([H])([H])[H])C([H])([H])C([H])([H])[H],1,88.154,24.06,2,2,0.12039999999999962,27.353399999999986
[H]C([H])([H])C([H])(OS(=O)(=O)OC([H])(C([H])([H])[H])C([H])([H])[H])C([H])([H])[H],1,182.24099999999999,52.60000000000001,0,4,1.0812,41.36180000000001
[H]c1c([H])c([H])c2c(c1[H])c([H])c([H])c1c3c(C([H])([H])[H])c([H])c([H])c([H])c3c([H])c([H])c21,1,242.32099999999997,0.0,0,0,5.454620000000004,83.69700000000005
[H]C(Cl)(Cl)C#N,1,109.94300000000001,23.79,0,1,1.31368,21.107
[H]C(Br)(Br)C#N,1,198.845,23.79,0,1,1.62588,27.255
[H]c1c([H])c([H])c2c(c1[H])c([H])c([H])c1c3c([H])c(C([H])([H])[H])c([H])c([H])c3c([H])c([H])c21,1,242.32099999999997,0.0,0,0,5.454620000000004,83.69700000000005
[H]c1c([H])c(N=C=O)c2c([H])c([H])c([H])c(N=C=O)c2c1[H],1,210.19199999999998,58.86,0,4,2.774400000000001,59.51100000000002
[H]Oc1c([H])c([H])c2c([H])c([H])c([H])c([H])c2c1N=Nc1c([H])c([H])c(C([H])([H])[H])c([H])c1C([H])([H])[H],1,276.339,44.95,1,3,5.577640000000003,85.70480000000002
[H]C([H])=C([H])N(N=O)C([H])([H])[H],1,86.094,32.67,0,2,0.7431,23.754999999999992
[H]C(=Nc1c([H])c([H])c(Cl)c([H])c1C([H])([H])[H])N(C([H])([H])[H])C([H])([H])[H],1,196.68099999999998,15.6,0,1,2.8698200000000016,58.02800000000003
[Pu],1,244.0,0.0,0,0,0.0,0.0
[H]c1c([H])c([H])c2c(c1[H])c([H])c([H])c1c3c([H])c([H])c([H])c([H])c3c([N+](=O)[O-])c([H])c21,1,273.291,43.14,0,2,5.054400000000003,85.61440000000003
[H]OC(=O)C([H])([H])N(N=O)C([H])([H])[H],1,118.092,69.97,1,3,-0.31579999999999986,26.060799999999993
[H]O[C@@]1(C([H])([H])[H])C(=O)OC([H])([H])C2=C([H])C([H])([H])N3C([H])([H])C([H])([H])[C@@]([H])(OC(=O)[C@]4(O[C@@]4([H])C([H])([H])[H])C([H])([H])[C@@]1([H])C([H])([H])[H])[C@@]23[H],1,351.39900000000006,88.6,1,7,0.4040000000000008,86.58280000000005
[H]C1=C([H])C([H])([H])[C@]([H])(C([H])([H])[H])OC1=O,1,112.12799999999999,26.3,0,2,0.8779999999999999,29.310999999999986
[H]Oc1c(OC([H])([H])[H])c([H])c([C@]2([H])c3c([H])c4c(c([H])c3[C@@]([H])(O[C@]3([H])O[C@]5([H])C([H])([H])O[C@@]([H])(c6sc([H])c([H])c6[H])O[C@@]5([H])[C@]([H])(O[H])[C@@]3([H])O[H])[C@@]3([H])C([H])([H])OC(=O)[C@]23[H])OC([H])([H])O4)c([H])c1OC([H])([H])[H],1,656.6620000000001,160.82999999999998,3,14,2.7529000000000012,155.9433999999997
[H]O[C@@]1(C([H])([H])[H])C(=O)OC([H])([H])C2=C([H])C([H])([H])N3C([H])([H])C([H])([H])[C@@]([H])(OC(=O)/C(=C(/[H])C([H])([H])[H])C([H])([H])C1=C([H])[H])[C@@]23[H],1,333.38400000000007,76.07,1,6,1.1128999999999996,87.03780000000003
[H]/C(Cl)=C(/OP(=O)(OC([H])([H])[H])OC([H])([H])[H])c1c([H])c(Cl)c(Cl)c([H])c1Cl,1,365.96400000000006,44.760000000000005,0,4,5.6015000000000015,78.01150000000003
[H]O[C@@]([H])(C([H])([H])OS(=O)(=O)C([H])([H])[H])[C@@]([H])(O[H])C([H])([H])OS(=O)(=O)C([H])([H])[H],1,278.30400000000003,127.19999999999999,2,8,-2.3393999999999977,53.60520000000003
[H]C(Cl)(Br)C#N,1,154.394,23.79,0,1,1.46978,24.181
[H]c1c([H])c([H])c(N=Nc2c([H])c([H])c(N=Nc3c(N([H])C([H])([H])C([H])([H])[H])c([H])c([H])c4c([H])c([H])c([H])c([H])c34)c([H])c2[H])c([H])c1[H],1,379.4670000000001,61.47,1,5,8.102400000000005,119.3477
[H]c1c([H])c2c(c([N+](=O)[O-])c1[H])-c1c([H])c([H])c([H])c3c([N+](=O)[O-])c([H])c([H])c-2c13,1,292.25,86.28,0,4,4.303600000000002,81.68680000000002
[H]c1c([H])c2c([H])c([H])c3c([H])c([H])c([H])c4c([N+](=O)[O-])c([H])c(c1[H])c2c34,1,247.25299999999996,43.14,0,2,4.492200000000002,76.80040000000001
[H]C([H])([H])C([H])([H])C([H])([H])C([H])([H])C([H])([H])C([H])([H])C([H])([H])C([H])([H])C([H])([H])C([H])([H])C([H])([H])C([H])([H])C([H])([H])C([H])([H])C([H])([H])C([H])([H])C([H])([H])C(=O)OC([H])([H])C1([H])OC1([H])[H],1,340.54800000000006,38.83,0,3,6.189900000000007,100.24500000000009
[H]c1c([H])c([H])c2c(c1[H])c([H])c([H])c1c(C([H])([H])[H])c([H])c([H])c(C([H])([H])[H])c12,1,206.28799999999995,0.0,0,0,4.609840000000003,70.92800000000004
[H]c1nc(N(C([H])([H])[H])C([H])([H])C([H])([H])Oc2c([H])c([H])c(C([H])([H])C3([H])SC(=O)N([H])C3=O)c([H])c2[H])c([H])c([H])c1[H],1,357.43500000000006,71.53,1,6,2.490900000000001,98.06570000000002
[H]/C(=N\N1C(=O)N([H])C(=O)C1([H])[H])c1oc([N+](=O)[O-])c([H])c1[H],1,238.159,118.05000000000001,1,6,0.07350000000000018,53.2011
[H]OC([H])([H])[C@]1(O[H])C(=O)OC([H])([H])C2=C([H])C([H])([H])[N@@+]3(C([H])([H])[H])C([H])([H])C([H])([H])[C@@]([H])(OC(=O)/C(=C(/[H])C([H])([H])[H])C([H])([H])[C@@]1([H])C([H])([H])[H])[C@@]23O[H],1,382.4330000000001,113.29,3,7,-0.37019999999999825,93.98080000000004
[H]OC([H])([H])[C@]1(O[H])C(=O)OC([H])([H])C2=C([H])C([H])([H])[N@@+]3([O-])C([H])([H])C([H])([H])[C@@]([H])(OC(=O)/C(=C(/[H])C([H])([H])[H])C([H])([H])[C@@]1([H])C([H])([H])[H])[C@@]23[H],1,367.39800000000014,116.12,2,7,0.17780000000000085,90.26200000000004
[H]C(=O)N(/N=C(\[H])C([H])([H])[H])C([H])([H])[H],1,100.12099999999998,32.67,0,2,0.08029999999999993,27.992999999999988
[H]/C(=N\N1C(=O)OC([H])([H])C1([H])[H])c1oc([N+](=O)[O-])c([H])c1[H],1,225.16,98.18,0,6,0.9739,51.01040000000002
[H]Oc1c([H])c([H])c([H])c(/C(=C(/c2c([H])c([H])c([H])c([H])c2[H])C([H])([H])C([H])([H])[H])c2c([H])c([H])c(OC([H])([H])C([H])([H])N(C([H])([H])[H])C([H])([H])[H])c([H])c2[H])c1[H],1,387.5230000000002,32.7,1,3,5.701700000000007,121.24680000000005
[H]OC(=O)C([H])([H])C([H])([H])[C@@]([H])(C(=O)O[H])N(N=O)C(=O)c1c([H])c([H])c(N([H])C([H])([H])c2nc3c(=O)n([H])c(N([H])[H])nc3nc2[H])c([H])c1[H],1,470.4020000000002,233.91999999999996,5,11,0.3490000000000008,116.39290000000003
[H]c1nc(/N=N/N(C([H])([H])[H])C([H])([H])[H])c(C(=O)N([H])[H])n1[H],1,182.18699999999998,99.72999999999999,2,4,0.0688999999999999,45.308600000000006
[H]OC(=O)C([H])([H])[C@@]([H])(C(=O)O[H])C([H])([H])C(=O)O[C@]([H])([C@]([H])(C([H])([H])[H])C([H])([H])C([H])([H])C([H])([H])C([H])([H])[H])[C@@]([H])(OC(=O)C([H])([H])[C@]([H])(C(=O)O[H])C([H])([H])C(=O)O[H])C([H])([H])[C@@]([H])(C([H])([H])[H])C([H])([H])[C@]([H])(O[H])C([H])([H])C([H])([H])C([H])([H])C([H])([H])[C@@]([H])(O[H])C([H])([H])[C@]([H])(O[H])[C@@]([H])(N([H])[H])C([H])([H])[H],1,721.8380000000001,288.50999999999993,8,12,2.564200000000003,177.59299999999965
[H]OC(=O)[C@@]([H])(N([H])C(=O)c1c([H])c(Cl)c2c(c1O[H])C(=O)O[C@]([H])(C([H])([H])[H])C2([H])[H])C([H])([H])c1c([H])c([H])c([H])c([H])c1[H],1,403.81800000000015,112.93000000000002,3,5,2.5727,100.7343
[H]Oc1c([H])c([H])c(/C(=C(/c2c([H])c([H])c(O[H])c([H])c2[H])C([H])([H])C([H])([H])[H])C([H])([H])C([H])([H])[H])c([H])c1[H],1,268.356,40.46,2,2,4.828600000000003,83.60960000000004
[H]OC([H])([H])[C@@]([H])(O[H])[C@@]([H])(O[H])[C@]([H])(O[H])[C@]([H])(C([H])=O)N([H])C(=O)N(N=O)C([H])([H])C([H])([H])Cl,1,313.6940000000001,159.76,5,8,-2.4392999999999994,66.71090000000002
[H]OC1([H])OC(=O)C(Cl)=C1C([H])(Cl)Cl,1,217.435,46.53,1,3,1.1582,40.47180000000001
[H]Oc1c([H])c([H])c([H])c2c1C(=O)c1c([H])c([H])c([H])c([H])c1C2=O,1,224.215,54.37,1,3,2.1676,61.413800000000016
[H]c1c([H])c([H])c2c(N([H])[H])c([H])c([H])c([H])c2c1[H],1,143.189,26.02,1,1,2.4220000000000006,48.36040000000002
[H]OC([H])([H])C1([H])OC1([H])[H],1,74.07900000000001,32.76,1,2,-0.6225,16.8258
[H]c1c([H])c(C([H])([H])[H])c([N+](=O)[O-])c([H])c1[N+](=O)[O-],1,182.13499999999996,86.28,0,4,1.81142,44.487800000000014
[H]N([H])N([H])[H],1,32.046,52.04,2,2,-1.1812,8.3748
[H]OC([H])([H])C([H])([H])N(N=O)C([H])([H])C([H])([H])O[H],1,134.13500000000002,73.13,2,4,-1.0456000000000003,31.53959999999999
[H]OC(=O)C(Oc1c([H])c([H])c(C2([H])c3c([H])c([H])c([H])c([H])c3C([H])([H])C([H])([H])C2([H])[H])c([H])c1[H])(C([H])([H])[H])C([H])([H])[H],1,310.39300000000003,46.53,1,2,4.396800000000004,90.00780000000006
[H]c1c([H])c([H])c2c(c1[H])c([H])c1c([H])c([H])c3c([H])c([H])c([H])c4c([H])c([H])c2c1c34,1,252.31599999999997,0.0,0,0,5.737200000000003,87.65200000000004
[H]N(N([H])C([H])([H])[H])C([H])([H])[H],1,60.099999999999994,24.06,2,2,-0.6598000000000002,18.1194
[H]N([H])N(C([H])([H])[H])C([H])([H])[H],1,60.099999999999994,29.259999999999998,1,2,-0.5783,17.874399999999998
[H]C(Br)(Br)Br,1,252.731,0.0,0,0,2.4547,30.569
[H]C1([H])OC([H])([H])C([H])([H])N(N=O)C1([H])[H],1,116.11999999999999,41.9,0,3,0.0,28.18699999999999
[H]c1c([H])c([H])c(N(N=O)c2c([H])c([H])c([H])c([H])c2[H])c([H])c1[H],1,198.22500000000002,32.67,0,2,3.5061000000000018,60.81800000000003
[H]c1c([H])c([H])c2c(c1[H])c1c([H])c([H])c([H])c([H])c1n2[H],1,167.21099999999998,15.79,1,0,3.3211000000000013,55.804700000000025
[H]c1c([H])c(N([H])[H])c(Cl)c([H])c1-c1c([H])c([H])c(N([H])[H])c(Cl)c1[H],1,253.13199999999998,52.04,2,2,3.8248000000000015,70.72280000000002
[H]c1c([H])c([H])c(-c2c([H])c([H])c(N([H])[H])c([H])c2[H])c([H])c1[H],1,169.227,26.02,1,1,2.9358000000000004,56.29040000000003
[H]C1([H])N(N=O)C([H])([H])C([H])([H])C([H])([H])C1([H])[H],1,114.14800000000001,32.67,0,2,1.1537,31.218999999999987
[H]c1c([H])c([H])c2c([N+](=O)[O-])c([H])c([H])c([H])c2c1[H],1,173.171,43.14,0,2,2.748000000000001,50.602400000000024
[H]c1c([H])c([H])c2c([H])c(N([H])[H])c([H])c([H])c2c1[H],1,143.189,26.02,1,1,2.4220000000000006,48.36040000000002
[H]c1c([H])c(C([H])([H])[H])c(N([H])[H])c([H])c1N([H])[H],1,122.17099999999999,52.04,2,2,1.1594200000000001,40.0038
[H]C([H])=C([H])C([H])=C([H])[H],1,54.09199999999999,0.0,0,0,1.3584,20.393999999999995
[H]C(Cl)(Cl)Br,1,163.829,0.0,0,0,2.1425,24.420999999999996
[H]C([H])=C([H])C([H])([H])c1c([H])c([H])c(OC([H])([H])[H])c(OC([H])([H])[H])c1[H],1,178.23099999999997,18.46,0,2,2.4323000000000006,53.44700000000004
[H]C([H])=C([H])C#N,1,53.06399999999999,23.79,0,1,0.6959799999999999,15.81
[H]c1c([H])c([H])c2c(sc(=S)n2[H])c1[H],1,167.258,15.79,1,2,2.958890000000001,47.0097
[H]OC([H])([H])[C@@]1([H])O[C@@]([H])(O[C@]23C([H])=C(C([H])([H])[H])C4(C([H])([H])C4([H])[H])[C@](O[H])(C([H])([H])[H])[C@@]2([H])C(=O)[C@]([H])(C([H])([H])[H])C3([H])[H])[C@]([H])(O[H])[C@@]([H])(O[H])[C@]1([H])O[H],1,398.45200000000006,136.68,5,8,-0.7420999999999984,95.90900000000003
[H]OC([H])([H])[C@@]1([H])C(=O)N2C([H])([H])[C@@]([H])(Cl)[C@@]([H])(Cl)[C@@]2([H])C(=O)N([H])[C@@]([H])(C([H])([H])C([H])([H])[H])C(=O)N([H])[C@@]([H])(C([H])([H])O[H])C(=O)N([H])[C@@]([H])(c2c([H])c([H])c([H])c([H])c2[H])C([H])([H])C(=O)N1[H],1,572.4460000000003,177.17000000000002,6,7,-1.4777999999999938,136.98039999999995
[H]c1c([H])n(C([H])([H])[H])c(=S)n1[H],1,114.17299999999999,20.72,1,2,1.08269,30.597699999999996
[H]c1c([H])c([H])c(/C(=C(/c2c([H])c([H])c([H])c([H])c2[H])C([H])([H])C([H])([H])Cl)c2c([H])c([H])c(OC([H])([H])C([H])([H])N(C([H])([H])[H])C([H])([H])[H])c([H])c2[H])c([H])c1[H],1,405.96900000000016,12.47,0,2,6.215000000000007,124.62800000000004
[H]C1([H])[C@@]2([H])[C@@]3([H])O[C@@]3([H])[C@]1([H])[C@@]1([H])[C@]2([H])[C@@]2(Cl)C(Cl)=C(Cl)[C@]1(Cl)C2(Cl)Cl,1,380.913,12.53,0,1,4.481400000000002,77.57500000000002
[H]C(=O)/C([H])=C([H])/C([H])=C(\[H])C([H])([H])[H],1,96.12899999999999,17.07,0,1,1.3175999999999999,30.017999999999986
[H]c1nc(C([H])([H])C([H])([H])[H])c([H])c(C(=S)N([H])[H])c1[H],1,166.24899999999997,38.91,1,2,1.2782,49.502400000000016
[H]c1c([H])n([H])c(=S)n([H])c1=O,1,128.156,48.65,2,2,0.43248999999999993,32.2474
[H]Oc1c2c(/C([H])=N/N3C([H])([H])C([H])([H])N(C([H])([H])[H])C([H])([H])C3([H])[H])c(O[H])c3c4c(c(C([H])([H])[H])c(O[H])c13)O[C@](C([H])([H])[H])(O/C([H])=C(\[H])[C@]([H])(OC([H])([H])[H])[C@@]([H])(C([H])([H])[H])[C@@]([H])(OC(=O)C([H])([H])[H])[C@]([H])(C([H])([H])[H])[C@]([H])(O[H])[C@]([H])(C([H])([H])[H])[C@@]([H])(O[H])[C@@]([H])(C([H])([H])[H])/C([H])=C([H])/C([H])=C(/C([H])([H])[H])C(=O)N2[H])C4=O,1,822.9530000000002,220.15,6,15,4.335420000000003,220.47919999999948
[H]OC([H])([H])[C@@]1([H])O[C@@]([H])(OC([H])([H])/N=[N+](\[O-])C([H])([H])[H])[C@]([H])(O[H])[C@@]([H])(O[H])[C@]1([H])O[H],1,252.223,137.81,4,8,-2.647299999999998,51.69860000000004
[Pb],1,207.2,0.0,0,0,-0.3808,5.754
[H]c1c(C([H])([H])C([H])([H])C([H])([H])[H])n([H])c(=S)n([H])c1=O,1,170.237,48.65,2,2,1.38499,46.24240000000001
[H]N(C(=S)S)C([H])([H])C([H])([H])N([H])C(=S)S,1,212.39000000000001,24.06,4,2,0.595,59.173400000000015
[H]N([H])C(=S)C([H])([H])[H],1,75.136,26.02,1,1,0.2924000000000001,22.4594
[H]Oc1c(S(=O)(=O)O)c([H])c2c([H])c(S(=O)(=O)O)c([H])c([H])c2c1N=Nc1c([H])c([H])c(C([H])([H])[H])c([H])c1C([H])([H])[H],1,436.4670000000002,153.69,3,7,4.071040000000002,105.33400000000002
[H]N1C(=S)N([H])C([H])([H])C1([H])[H],1,102.162,24.06,2,1,-0.5359000000000003,28.6034
[H]N([H])C(=S)N([H])[H],1,76.12400000000001,52.04,2,1,-0.8113000000000001,20.972800000000007
[H]N(C(=S)N([H])C([H])([H])C([H])([H])[H])C([H])([H])C([H])([H])[H],1,132.232,24.06,2,1,0.4902999999999995,39.95140000000002
[H]c1c([H])c([H])c(/C(=C(/c2c([H])c([H])c([H])c([H])c2[H])C([H])([H])C([H])([H])[H])c2c([H])c([H])c(OC([H])([H])C([H])([H])N(C([H])([H])[H])C([H])([H])[H])c([H])c2[H])c([H])c1[H],1,371.5240000000001,12.47,0,2,5.996100000000006,119.58200000000005
[H]OC(C([H])([H])[H])(C([H])([H])[H])[C@@](O[H])(C(=O)OC([H])([H])C1=C([H])C([H])([H])N2C([H])([H])C([H])([H])[C@]([H])(OC(=O)/C(=C(/[H])C([H])([H])[H])C([H])([H])[H])[C@@]12[H])[C@@]([H])(OC([H])([H])[H])C([H])([H])[H],1,411.4950000000002,105.53000000000002,2,8,0.9587999999999999,106.04960000000004
[H]OC([H])([H])[C@]1(O[H])C(=O)OC([H])([H])C2=C([H])C([H])([H])N3C([H])([H])C([H])([H])[C@@]([H])(OC(=O)/C(=C(/[H])C([H])([H])[H])C([H])([H])C1=C([H])[H])[C@@]23[H],1,349.38300000000015,96.30000000000001,2,7,0.08530000000000082,88.44960000000003
[H]O[C@@]1(C([H])([H])[H])C(=O)OC([H])([H])/C2=C(\[H])C([H])([H])N(C([H])([H])[H])C([H])([H])C([H])([H])[C@@]([H])(OC(=O)/C(=C(/[H])C([H])([H])[H])C([H])([H])[C@@]1([H])C([H])([H])[H])C2=O,1,365.4260000000001,93.13999999999999,1,7,1.0094999999999998,94.20480000000005
[H]OC(=O)[C@@]([H])(N([H])[H])C([H])([H])C([H])([H])C(=O)N([H])N([H])c1c([H])c([H])c(C([H])([H])O[H])c([H])c1[H],1,267.285,124.67999999999999,5,5,-0.18589999999999923,68.97540000000001
[H]C1=C(OC([H])([H])[H])[C@@]2(Oc3c(Cl)c(OC([H])([H])[H])c([H])c(OC([H])([H])[H])c3C2=O)[C@]([H])(C([H])([H])[H])C([H])([H])C1=O,1,352.7700000000001,71.06,0,6,2.8103000000000007,86.12550000000005
[H]C(=O)/C([H])=C(\[H])C([H])([H])[H],1,70.09100000000001,17.07,0,1,0.7614,20.877999999999993
[H]OC(=O)[C@@]([H])(N([H])[H])C([H])([H])c1c([H])c([H])c(N(C([H])([H])C([H])([H])Cl)C([H])([H])C([H])([H])Cl)c([H])c1[H],1,305.2049999999999,66.55999999999999,2,3,1.9249999999999996,79.41020000000005
[H]OC(=O)[C@@]([H])(N([H])[H])C([H])([H])OC(=O)C([H])=[N+]=[N-],1,173.12800000000001,126.02,2,4,-1.7578999999999998,36.2536
[H]OC([H])([H])C([H])([H])N(C(=S)S)C([H])([H])C([H])([H])O[H],1,181.28199999999998,43.7,3,3,-0.5123000000000002,47.32860000000002
[H]Oc1c([H])c([H])c([H])c2oc3c4c(c([H])c(OC([H])([H])[H])c3c(=O)c12)O[C@@]1([H])OC([H])=C([H])[C@@]41[H],1,324.288,78.13000000000001,1,6,3.006400000000001,85.58880000000003
[H]O[C@@]1(C([H])([H])[H])C(=O)OC([H])([H])/C2=C(\[H])C([H])([H])N(C([H])([H])[H])C([H])([H])C([H])([H])[C@@]([H])(OC(=O)[C@@]3(O[C@]3([H])C([H])([H])[H])C([H])([H])[C@@]1([H])C([H])([H])[H])C2=O,1,381.4250000000001,105.66999999999999,1,8,0.220700000000001,93.72580000000005
[H]Oc1c([H])c([H])c(-c2oc3c([H])c(O[H])c([H])c(O[H])c3c(=O)c2O[H])c([H])c1O[H],1,302.238,131.36,5,7,1.988,76.244
[H]Oc1c([H])c([H])c(-c2oc3c([H])c(O[H])c([H])c(O[H])c3c(=O)c2O[H])c([H])c1[H],1,286.239,111.13000000000001,4,6,2.282400000000001,74.5792
[H]O[C@@]([H])(C([H])([H])[H])[C@](O[H])(C(=O)OC([H])([H])C1=C([H])C([H])([H])N2C([H])([H])C([H])([H])[C@@]([H])(OC(=O)/C(=C(\[H])C([H])([H])[H])C([H])([H])[H])[C@@]12[H])C([H])(C([H])([H])[H])C([H])([H])[H],1,381.4690000000001,96.30000000000001,2,7,1.1897999999999993,99.79960000000004
CCN(CC)C(=S)S[Te](SC(=S)N(CC)CC)(SC(=S)N(CC)CC)SC(=S)N(CC)CC,1,720.7039999999997,12.96,0,8,6.861600000000008,178.19399999999945
[H]c1nc(=S)c2c(nc([H])n2[H])n1[H],1,152.182,57.36,2,3,1.0154899999999998,39.0734
[H]c1c(C([H])([H])[H])n([H])c(=S)n([H])c1=O,1,142.183,48.65,2,2,0.74091,36.984399999999994
[H]OC1=C2C(=O)C3([H])C([H])(O[H])C4([H])C2(C(=O)c2c(O[H])c(C([H])([H])[H])c([H])c(O[H])c21)C1([H])C(=O)C2=C(O[H])c5c(O[H])c([H])c(C([H])([H])[H])c(O[H])c5C(=O)C23C4([H])C1([H])O[H],1,574.4940000000003,230.11999999999995,8,12,1.1088399999999996,137.62939999999995
[H]c1c([H])c([H])c(OC([H])([H])C2([H])OC2([H])[H])c([H])c1[H],1,150.177,21.759999999999998,0,2,1.4641999999999997,41.67700000000003
[H]C([H])=C([H])C(Cl)=C([H])[H],1,88.53699999999999,0.0,0,0,1.9248999999999998,25.189999999999994
[H]O[C@@]1([H])C([H])([H])[C@@]2(C([H])([H])[H])[C@@]([H])(C([H])([H])C([H])([H])[C@]2(O[H])C(=O)C([H])([H])OC(=O)C([H])([H])C([H])([H])C([H])([H])c2c([H])c([H])c(N(C([H])([H])C([H])([H])Cl)C([H])([H])C([H])([H])Cl)c([H])c2[H])[C@]2([H])C([H])([H])C([H])([H])C3=C([H])C(=O)C([H])=C([H])[C@]3(C([H])([H])[H])[C@]21[H],1,646.652,104.14000000000001,2,7,5.415400000000005,171.95459999999954
[H]c1c([H])c([H])c(C2=NC([H])([H])C(=O)N([H])c3c(C([H])([H])[H])nn(C([H])([H])C([H])([H])[H])c32)c([H])c1[H],1,268.32,59.28,1,4,2.00092,78.21570000000003
[H]C1([H])OC([H])([H])C([H])([H])OC1([H])[H],1,88.106,18.46,0,2,0.03320000000000001,21.637999999999995
[H]OC1([H])N=C(c2c([H])c([H])c([H])c([H])c2F)c2c([H])c(Cl)c([H])c([H])c2N(C([H])([H])C([H])([H])O[H])C1=O,1,348.76100000000014,73.13,2,4,1.9738000000000002,88.93660000000004
[H]c1c([H])c2c([H])c([H])c3c([H])c([H])c([N+](=O)[O-])c4c([H])c([H])c(c1[N+](=O)[O-])c2c34,1,292.25,86.28,0,4,4.400400000000002,83.45480000000002
[H]C(=C(Br)Br)[C@]1([H])C(C([H])([H])[H])(C([H])([H])[H])[C@]1([H])C(=O)O[C@]([H])(C#N)c1c([H])c([H])c([H])c(Oc2c([H])c([H])c([H])c([H])c2[H])c1[H],1,505.20600000000024,59.32000000000001,0,4,6.490180000000004,114.10199999999999
[H]OC(=O)C1=C(O[H])C(C([H])([H])[H])=C2C(=C([H])O[C@]([H])(C([H])([H])[H])[C@@]2([H])C([H])([H])[H])C1=O,1,250.24999999999997,83.83000000000001,2,4,1.721,62.791600000000024
[H]c1c([H])c2c([H])c([H])c3c([N+](=O)[O-])c([H])c([N+](=O)[O-])c4c([H])c([H])c(c1[H])c2c34,1,292.25,86.28,0,4,4.400400000000003,83.45480000000002
[H]c1c(-c2nnc(N([H])[H])s2)oc([N+](=O)[O-])c1[H],1,212.19,108.08000000000001,1,7,1.2885,48.67779999999999
[H]c1c([H])c([H])c(N([H])N([H])C(=O)N([H])[H])c([H])c1[H],1,151.169,67.14999999999999,3,2,0.6818,42.7838
CC(C)NCC(C1=CC2=CC=CC=C2C=C1)O.Cl,1,265.784,32.26,2,2,3.293000000000002,79.29450000000004
[H]C([H])(Cl)OC([H])([H])C([H])(OC([H])([H])Cl)C([H])([H])OC([H])([H])Cl,1,237.50999999999996,27.69,0,3,1.9937,48.937000000000026
[H]OC(=O)[C@@]1([H])N(N=O)C([H])([H])[C@]([H])(O[H])C1([H])[H],1,160.12900000000002,90.2,2,4,-0.8124000000000002,34.5486
[H]C1=C(C(=O)OC([H])([H])[H])C([H])([H])N(N=O)C([H])([H])C1([H])[H],1,170.16799999999998,58.97,0,4,0.4728999999999999,42.08400000000002
[H]c1c([H])c(N([H])C(=O)N(C([H])([H])[H])C([H])([H])[H])c([H])c([H])c1Cl,1,198.653,32.34,1,1,2.4335000000000004,54.15770000000002
C[As](=O)(O)O,1,139.97,57.53,2,1,-1.0298,16.7421
[H]C(=O)C([H])([H])C([H])=O,1,72.063,34.14,0,2,-0.2257,16.745
C(=O)(N)NN.Cl,1,111.532,81.14,3,2,-1.0498,24.154500000000006
[H]c1c([H])c(N([H])[H])c(OC([H])([H])[H])c([H])c1OC([H])([H])[H],1,153.18099999999995,44.480000000000004,1,3,1.286,43.95840000000001
Clc1c(Cl)c(Cl)c(Cl)c(Cl)c1Cl,1,284.784,0.0,0,0,5.606999999999999,56.502
[H]C1=C([H])C([H])([H])C2([H])C(=O)N(SC(Cl)(Cl)Cl)C(=O)C2([H])C1([H])[H],1,300.5940000000001,37.38,0,3,2.9135000000000018,65.08800000000002
[H]OC(C(=O)OC([H])([H])C([H])([H])[H])(c1c([H])c([H])c(Cl)c([H])c1[H])c1c([H])c([H])c(Cl)c([H])c1[H],1,325.19100000000003,46.53,1,3,3.7924000000000024,82.53580000000002
[H]C([H])([H])C([H])(C([H])([H])[H])C([H])([H])ON=O,1,103.121,38.66,0,3,1.3404,26.58499999999999
[H]C([H])(Cl)C(Cl)(Cl)Cl,1,167.85,0.0,0,0,2.5954000000000006,31.009999999999998
[H]c1c(N([H])[H])c(C([H])([H])[H])c([H])c(C([H])([H])[H])c1C([H])([H])[H],1,135.20999999999998,26.02,1,1,2.1940600000000003,45.06540000000002
[H]c1c([H])c(N([H])[H])c([H])c([H])c1Sc1c([H])c([H])c(N([H])[H])c([H])c1[H],1,216.30899999999997,52.04,2,3,3.0022,65.83180000000002
[H]c1c([H])c([H])c(C([H])([H])OC(=O)C([H])([H])[H])c([H])c1[H],1,150.177,26.3,0,2,1.7496999999999998,41.91200000000003
[H]c1c([H])c(N([H])C(=O)N([H])[H])c([H])c([H])c1OC([H])([H])C([H])([H])[H],1,180.20699999999997,64.35000000000001,2,2,1.5759,50.81710000000002
[H]N1C([H])([H])C1([H])[H],1,43.068999999999996,21.94,1,1,-0.4104000000000001,12.869700000000002
O=[N+]([O-])C([N+](=O)[O-])([N+](=O)[O-])[N+](=O)[O-],1,196.031,172.56,0,8,-1.2954999999999997,30.708600000000008
[H]c1c([H])c2c3c(c([H])c([H])c([N+](=O)[O-])c3c1[H])C([H])([H])C2([H])[H],1,199.20899999999995,43.14,0,2,2.8466000000000014,58.010400000000025
[H]c1c([H])c([N+](=O)[O-])c(C([H])([H])[H])c([N+](=O)[O-])c1[H],1,182.13499999999996,86.28,0,4,1.81142,44.487800000000014
C1=CC=C(C=C1)N=NC2=C(N=C(C=C2)N)N.Cl,1,249.705,89.64999999999999,2,5,3.0832,70.9278
[H]c1oc2c([H])c([H])c([H])c([H])c2c1[H],1,118.13499999999996,13.14,0,1,2.4328000000000003,36.214000000000006
[H]O[C@@]1(C([H])([H])[H])[C@](O[H])(C([H])([H])[H])C(=O)OC([H])([H])C2=C([H])C([H])([H])N3C([H])([H])C([H])([H])[C@@]([H])(OC(=O)[C@]1([H])C([H])([H])[H])[C@@]23[H],1,325.36100000000005,96.30000000000001,2,7,-0.3925999999999994,79.31160000000004
[H]C([H])(F)Cl,1,68.47800000000001,0.0,0,0,1.1522,11.828000000000001
[H]c1c([H])c([H])c2c(c1[H])-c1c([H])c([H])c([N+](=O)[O-])c([H])c1C2([H])[H],1,211.21999999999994,43.14,0,2,3.1660000000000013,61.33840000000002
[H]C([H])([H])N(C([H])([H])[H])P(=O)(N(C([H])([H])[H])C([H])([H])[H])N(C([H])([H])[H])C([H])([H])[H],1,179.204,26.790000000000006,0,1,0.7792999999999999,48.66750000000003
[H]N([H])C(=O)N(N=O)C([H])([H])[H],1,103.08099999999999,75.76,1,3,-0.3216999999999999,23.1414
[H]C([H])([H])C(=O)OC1([H])OC([H])(C([H])([H])[H])OC([H])(C([H])([H])[H])C1([H])[H],1,174.19599999999997,44.760000000000005,0,4,1.047,41.26500000000001
[H]c1nc(C([H])([H])[H])n([H])c1[H],1,82.10599999999998,28.68,1,1,0.7181199999999999,23.324699999999996
[H]C1=C([H])C2([H])c3c(c([H])c(OC([H])([H])[H])c4c5c(c(=O)oc34)C(=O)OC([H])([H])C5([H])[H])OC2([H])O1,1,328.27600000000007,84.2,0,7,1.8605,80.40450000000003
[H]OC(=O)c1nc(Cl)c(Cl)c(N([H])[H])c1Cl,1,241.461,76.21,2,3,2.3222,50.63869999999999
ClC1(Cl)C2(Cl)C3(Cl)C4(Cl)C(Cl)(Cl)C5(Cl)C3(Cl)C1(Cl)C5(Cl)C24Cl,1,545.5460000000003,0.0,0,0,6.222999999999999,97.54599999999998
[H]N([H])C(=O)N(N=O)C([H])([H])C([H])([H])[H],1,117.10799999999999,75.76,1,3,0.06840000000000024,27.758399999999998
[H]OC([H])([H])N([H])C(=O)C([H])=C([H])[H],1,101.10499999999999,49.33,2,2,-0.7616,25.425499999999996
[H]C1([H])N(N=O)C([H])([H])C([H])([H])C1([H])[H],1,100.12100000000001,32.67,0,2,0.7636,26.60199999999999
[H]Oc1c([H])c([H])c(C(=C2C([H])=C([H])C(=[N+](C([H])([H])c3c([H])c([H])c([H])c(S(=O)(=O)O)c3[H])C([H])([H])C([H])([H])[H])C([H])=C2[H])c2c([H])c([H])c(N(C([H])([H])c3c([H])c([H])c([H])c(S(=O)(=O)O)c3[H])C([H])([H])C([H])([H])[H])c([H])c2[H])c(S(=O)(=O)[O-])c1[H],1,764.9000000000003,192.41999999999996,3,9,5.417700000000004,195.56359999999958
[H]C(=O)C1([H])OC1([H])[H],1,72.063,29.6,0,2,-0.41590000000000005,15.804000000000002
[H]c1c([H])c([H])c2c(c1[H])-c1c([H])c([H])c([H])c3c([N+](=O)[O-])c([H])c([H])c-2c13,1,247.25299999999996,43.14,0,2,4.395400000000002,75.03240000000002
[H]Oc1c(S(=O)(=O)O)c([H])c2c([H])c(S(=O)(=O)O)c([H])c([H])c2c1N=Nc1c([H])c([H])c(S(=O)(=O)O)c2c([H])c([H])c([H])c([H])c12,1,538.5370000000003,208.05999999999997,4,9,3.8541000000000016,123.18060000000001
O=[Mo](=O)=O,1,143.93699999999998,51.21,0,3,-0.3589,2.0595
N#Cc1c(Cl)c(Cl)c(Cl)c(C#N)c1Cl,1,265.914,47.58,0,2,4.04356,55.912000000000006
[H]c1c([H])c(N([H])C(=O)N(C([H])([H])[H])C([H])([H])[H])c([H])c(C(F)(F)F)c1[H],1,232.20499999999996,32.34,1,1,2.7989000000000015,54.14970000000001
[H]C([H])=C([H])C([H])([H])OC(=O)C([H])([H])C([H])(C([H])([H])[H])C([H])([H])[H],1,142.19799999999998,26.3,0,2,1.7617,40.61100000000001
[H]OC(=O)C([H])([H])C([H])([H])C([H])([H])C([H])([H])C([H])([H])C([H])([H])C([H])([H])C([H])([H])C([H])([H])C([H])([H])N([H])[H],1,201.30999999999995,63.31999999999999,2,2,2.5406,58.24320000000004
[H]Oc1c(S(=O)(=O)O)c([H])c2c([H])c(S(=O)(=O)O)c([H])c([H])c2c1N=Nc1c([H])c(C([H])([H])[H])c(C([H])([H])[H])c([H])c1C([H])([H])[H],1,450.49400000000026,153.69,3,7,4.379460000000003,110.07100000000003
[H]c1c([H])c([H])c2c(c1[H])c([H])c(C([H])([H])[H])c1c3c([H])c([H])c([H])c([H])c3c([H])c([H])c21,1,242.321,0.0,0,0,5.454620000000004,83.69700000000005
[H]C1=C([H])C([H])([H])C2([H])C(=O)N(SC(Cl)(Cl)C([H])(Cl)Cl)C(=O)C2([H])C1([H])[H],1,349.0660000000001,37.38,0,3,3.520900000000001,74.72900000000003
[H]c1c([H])c(N([H])[H])c2c(c1N([H])[H])C(=O)c1c(c(N([H])[H])c([H])c([H])c1N([H])[H])C2=O,1,268.27599999999995,138.22,4,6,0.7908000000000002,77.3986
[H]c1c([H])c([H])c(N([H])C(=O)OC([H])(C([H])([H])[H])C([H])([H])[H])c([H])c1[H],1,179.219,38.33,1,2,2.6435000000000004,51.68170000000003
ClC#CCl,1,94.928,0.0,0,0,1.3824,19.482
[H]c1c([H])c2c([H])c([H])c3c([H])c([H])c([N+](=O)[O-])c4c([H])c([H])c(c1[H])c2c34,1,247.25299999999996,43.14,0,2,4.492200000000002,76.80040000000002
[H]C([H])([H])N(N=O)C([H])([H])C([H])([H])[H],1,88.11,32.67,0,2,0.6194999999999999,24.09899999999999
[H]c1c(Cl)c(N([H])[H])c([H])c(Cl)c1-c1c([H])c(Cl)c(N([H])[H])c([H])c1Cl,1,322.02200000000005,52.04,2,2,5.131600000000001,80.7428
O=[Ti]=O,1,79.865,34.14,0,2,-0.2401,1.373
CN(C)C(=S)[S-].CN(C)C(=S)[S-].CN(C)C(=S)[S-].[Fe+3],1,416.5110000000001,9.72,0,6,1.1369,100.95000000000003
[H]C(=O)C([H])([H])[H],1,44.053,17.07,0,1,0.2052,11.738000000000001
[H]c1c([H])c([H])c([H])c([H])c1[H],1,78.11399999999999,0.0,0,0,1.6866,26.441999999999993
[H]Oc1c([H])c([H])c([H])c([H])c1O[H],1,110.11199999999998,40.46,2,2,1.0977999999999999,29.771599999999992
[H]Oc1c([H])c([H])c(O[H])c([H])c1[H],1,110.11199999999998,40.46,2,2,1.0977999999999999,29.771599999999996
[H]c1c([H])c([H])c(N(C([H])([H])[H])C([H])([H])[H])c([H])c1[H],1,121.18299999999998,3.24,0,1,1.7526,40.76900000000002
[H]c1nc([H])c([H])c([H])c1[H],1,79.10199999999999,12.89,0,1,1.0816,24.23699999999999
[H]c1nc2c(c(=O)n(C([H])([H])[H])c(=O)n2C([H])([H])[H])n1[H],1,180.167,72.68,1,5,-1.0397,46.5757
[H]c1nc(Sc2c([N+](=O)[O-])nc([H])n2C([H])([H])[H])c2c(n1)nc([H])n2[H],1,277.26899999999995,115.41999999999999,1,8,1.1458,65.6691
[H]c1c(OP(=S)(OC([H])([H])C([H])([H])[H])OC([H])([H])C([H])([H])[H])nc(C([H])(C([H])([H])[H])C([H])([H])[H])nc1C([H])([H])[H],1,304.35200000000003,53.47,0,6,3.5847200000000026,79.02300000000004
[H]C([H])([H])C([H])([H])N(C(=S)SSC(=S)N(C([H])([H])C([H])([H])[H])C([H])([H])C([H])([H])[H])C([H])([H])C([H])([H])[H],1,296.5520000000001,6.48,0,4,3.6212000000000026,86.22000000000004
[H]c1c([H])c([H])c(C2=NC([H])([H])c3nnc([H])n3-c3c([H])c([H])c(Cl)c([H])c32)c([H])c1[H],1,294.74500000000006,43.07,0,4,3.271700000000002,82.15400000000002
[H]c1c(F)c(=O)n([H])c(=O)n1[H],1,130.078,65.72,2,2,-0.7977000000000001,27.641399999999994
[H]C1=C([H])C2([H])C3(Cl)C(Cl)=C(Cl)C(Cl)(C3(Cl)Cl)C2([H])C1([H])Cl,1,373.321,0.0,0,0,5.241500000000001,76.09800000000001
[H]OC([H])([H])C([H])([H])n1c(C([H])([H])[H])nc([H])c1[N+](=O)[O-],1,171.15599999999998,81.19,1,5,0.09201999999999977,40.70420000000002
[H]C([H])=O,1,30.026,17.07,0,1,-0.1849,7.121
[H]Oc1c([H])c([H])c([H])c([H])c1[H],1,94.11299999999999,20.23,1,1,1.3921999999999999,28.106799999999993
[H]c1c([H])c([H])c(C([H])([H])[H])c([H])c1[H],1,92.14099999999998,0.0,0,0,1.99502,31.17899999999999
[H]N(c1nc(Cl)nc(N([H])C([H])(C([H])([H])[H])C([H])([H])[H])n1)C([H])([H])C([H])([H])[H],1,215.688,62.730000000000004,2,5,1.7770999999999997,57.75940000000002
[H]c1c([H])c([H])c(N=Nc2c([H])c([H])c([H])c([H])c2[H])c([H])c1[H],1,182.22600000000003,24.72,0,2,4.102000000000002,57.06000000000003
[H]OC(=O)C([H])([H])C([H])([H])C([H])([H])c1c([H])c([H])c(N(C([H])([H])C([H])([H])Cl)C([H])([H])C([H])([H])Cl)c([H])c1[H],1,304.217,40.54,1,2,3.377900000000002,80.66880000000005
[H]c1nc(C([H])([H])SC([H])([H])C([H])([H])N([H])C(=NC([H])([H])[H])N([H])C#N)c(C([H])([H])[H])n1[H],1,252.347,88.88999999999999,3,4,0.5973999999999998,69.59710000000001
[H]c1c([H])c(OC(C(=O)OC([H])([H])C([H])([H])[H])(C([H])([H])[H])C([H])([H])[H])c([H])c([H])c1Cl,1,242.702,35.53,0,3,3.060500000000001,62.79200000000004
[H]c1c([H])c([H])c(C2=NC([H])([H])C(=O)N(C([H])([H])[H])c3c([H])c([H])c(Cl)c([H])c32)c([H])c1[H],1,284.74600000000004,32.67,0,2,3.1538000000000013,81.81000000000003
[H]C([H])([H])OP(=S)(OC([H])([H])[H])SC([H])(C(=O)OC([H])([H])C([H])([H])[H])C([H])([H])C(=O)OC([H])([H])C([H])([H])[H],1,330.3640000000001,71.06,0,8,2.1218000000000004,77.56500000000004
[H]C([H])(Cl)C([H])([H])Cl,1,98.96000000000001,0.0,0,0,1.464,21.439999999999994
[H]c1c([H])c([H])c2c([H])c([H])c(=O)oc2c1[H],1,146.14499999999998,30.21,0,2,1.7929999999999997,42.484000000000016
[H]c1c([H])c([H])c2c([H])c([H])c([H])c([H])c2c1[H],1,128.17399999999995,0.0,0,0,2.839800000000001,43.94800000000003
[H]c1c([H])c([N+](=O)[O-])c([H])c([H])c1OP(=S)(OC([H])([H])C([H])([H])[H])OC([H])([H])C([H])([H])[H],1,291.26500000000004,70.83000000000001,0,6,3.2711000000000015,71.26140000000004
[H]c1nc(N([H])[H])n([H])n1,1,84.082,67.59,2,3,-0.6131000000000002,20.795100000000005
[H]c1c([H])c([H])c(C2(c3c([H])c([H])c([H])c([H])c3[H])C(=O)N([H])C(=O)N2[H])c([H])c1[H],1,252.273,58.2,2,2,1.7695999999999996,70.33840000000002
[H]Oc1c([H])c([H])c([H])c2c([H])c([H])c([H])nc12,1,145.16099999999997,33.120000000000005,1,2,1.9403999999999995,43.407800000000016
[H]c1nc2c(c(=O)n(C([H])([H])[H])c(=O)n2C([H])([H])[H])n1C([H])([H])[H],1,194.194,61.82,0,6,-1.0293,51.196000000000005
[H]N1C([H])([H])C([H])([H])C([H])([H])OP1(=O)N(C([H])([H])C([H])([H])Cl)C([H])([H])C([H])([H])Cl,1,261.08899999999994,41.57,1,2,1.884,59.19120000000002
[H]c1c([H])c(S(=O)(=O)c2c([H])c([H])c(N([H])[H])c([H])c2[H])c([H])c([H])c1N([H])[H],1,248.307,86.17999999999999,2,4,1.6838,67.16060000000002
[H]C(OP(=O)(OC([H])([H])[H])OC([H])([H])[H])=C(Cl)Cl,1,220.976,44.760000000000005,0,4,2.6804000000000006,42.49850000000002
[H]c1c([H])c([H])c(Oc2c([H])c([H])c([H])c(C([H])(C#N)OC(=O)C([H])(c3c([H])c([H])c(Cl)c([H])c3[H])C([H])(C([H])([H])[H])C([H])([H])[H])c2[H])c([H])c1[H],1,419.908,59.32,0,4,6.679980000000005,116.43500000000003
[H]OC(=O)C(C([H])([H])[H])(C([H])([H])[H])C([H])([H])C([H])([H])C([H])([H])Oc1c([H])c(C([H])([H])[H])c([H])c([H])c1C([H])([H])[H],1,250.338,46.53,1,2,3.573240000000003,72.06180000000005
[H]c1c(Cl)c(S(=O)(=O)N([H])[H])c([H])c2c1N([H])C([H])([H])N([H])S2(=O)=O,1,297.74500000000006,118.35999999999999,3,5,-0.35129999999999967,61.63640000000001
[H]c1c([H])c(C([H])(c2c([H])c([H])c(OC([H])([H])[H])c([H])c2[H])C(Cl)(Cl)Cl)c([H])c([H])c1OC([H])([H])[H],1,345.6530000000001,18.46,0,2,5.205900000000003,88.12100000000004
[H]N([H])C(=O)C([H])([H])[H],1,59.068,43.09,1,1,-0.5084000000000002,14.868400000000001
[H]C([H])([H])C([H])([N+](=O)[O-])C([H])([H])[H],1,89.094,43.14,0,2,0.6715,22.130399999999995
[H]C([H])(OS(=O)(=O)C([H])([H])[H])C([H])([H])C([H])([H])C([H])([H])OS(=O)(=O)C([H])([H])[H],1,246.30599999999995,86.74000000000001,0,6,-0.2809999999999997,50.82560000000003
[H]Oc1c([H])c([H])c(C([H])([H])C([H])=C([H])[H])c([H])c1OC([H])([H])[H],1,164.20399999999998,29.46,1,2,2.1292999999999997,48.55980000000003
[H]Oc1c(Cl)c([H])c(Cl)c(Cl)c1C([H])([H])c1c(Cl)c(Cl)c([H])c(Cl)c1O[H],1,406.90700000000004,40.46,2,2,6.609000000000002,89.0796
[H]OC1([H])N=C(c2c([H])c([H])c([H])c([H])c2[H])c2c([H])c(Cl)c([H])c([H])c2N([H])C1=O,1,286.718,61.690000000000005,2,3,2.4478999999999997,78.16950000000003
[H]OC1([H])OC([H])([H])C([H])=C2OC(=O)C([H])=C21,1,154.12099999999998,55.76,1,4,-0.29790000000000005,34.21679999999999
[H]Oc1c([H])c([H])c(C2(c3c([H])c([H])c(O[H])c([H])c3[H])OC(=O)c3c([H])c([H])c([H])c([H])c32)c([H])c1[H],1,318.32800000000003,66.75999999999999,2,4,3.560100000000002,87.95310000000002
[H]C([H])=C([H])C([H])([H])c1c([H])c([H])c2c(c1[H])OC([H])([H])O2,1,162.18799999999993,18.46,0,2,2.1437999999999997,46.46600000000003
[H]N(c1nc(Cl)nc(N([H])C([H])([H])C([H])([H])[H])n1)C([H])([H])C([H])([H])[H],1,201.66099999999997,62.730000000000004,2,5,1.3885999999999996,53.164400000000015
[H]C([H])([H])N(N=O)C([H])([H])[H],1,74.083,32.67,0,2,0.22939999999999994,19.481999999999996
[H]C(Cl)(Cl)Cl,1,119.37800000000001,0.0,0,0,1.9864,21.346999999999998
[H]C(F)(F)Cl,1,86.468,0.0,0,0,1.4478,11.857000000000001
[H]C([H])(Cl)C(F)(F)F,1,118.48500000000001,0.0,0,0,1.7875,16.775000000000002
[H]C1=C(C([H])([H])[H])C([H])([H])C(C([H])([H])[H])(C([H])([H])[H])C([H])([H])C1=O,1,138.20999999999998,17.07,0,1,2.3218000000000005,41.77900000000002
[H]C([H])([H])C([H])(Cl)C([H])([H])Cl,1,112.98700000000001,0.0,0,0,1.8525,26.03499999999999
[H]c1c([H])c([H])c2c(c1[H])C(=O)c1c([H])c([H])c([H])c([H])c1C2=O,1,208.21599999999998,34.14,0,2,2.4620000000000006,59.749000000000024
[H]c1c([H])c([H])c(C([H])([H])[H])c([N+](=O)[O-])c1[H],1,137.138,43.14,0,2,1.90322,37.83340000000001
[H]C([H])=C(Cl)C([H])([H])SC(=S)N(C([H])([H])C([H])([H])[H])C([H])([H])C([H])([H])[H],1,223.79399999999998,3.24,0,2,3.0988000000000016,62.97000000000003
[H]c1c([H])c(N([H])[H])c(C([H])([H])[H])c([H])c1N([H])[H],1,122.17099999999998,52.04,2,2,1.1594200000000001,40.0038
[H]c1c([H])c([H])c([N+](=O)[O-])c([H])c1[H],1,123.11099999999998,43.14,0,2,1.5947999999999998,33.0964
[H]c1c([H])c([H])c(C([H])([H])C([H])([H])[H])c([H])c1[H],1,106.16799999999998,0.0,0,0,2.2490000000000006,35.82
[H]N1C(=O)C([H])([H])C([H])([H])C([H])([H])C([H])([H])C1([H])[H],1,113.16000000000001,29.1,1,1,0.6765999999999999,31.477699999999988
[H]C1([H])OC([H])([H])C([H])([H])C1([H])[H],1,72.107,9.23,0,1,0.7968000000000001,20.052999999999997
[H]C([H])=C([H])C([H])([H])[H],1,42.080999999999996,0.0,0,0,1.1923,15.871000000000002
[H]OC(c1c([H])c([H])c(Cl)c([H])c1[H])(c1c([H])c([H])c(Cl)c([H])c1[H])C(Cl)(Cl)Cl,1,370.49,20.23,1,1,5.599500000000002,86.1928
[H]c1c([H])c(N([H])C(=O)C([H])([H])[H])c([H])c([H])c1OC([H])([H])C([H])([H])[H],1,179.21899999999994,38.33,1,2,2.0437,51.91470000000003
[H]c1c([H])c([H])c(C2=NC([H])([H])C(=O)N(C([H])([H])C3([H])C([H])([H])C3([H])[H])c3c([H])c([H])c(Cl)c([H])c32)c([H])c1[H],1,324.811,32.67,0,2,3.934000000000003,93.47700000000003
[H]Oc1c([H])c([H])c([H])c(O[H])c1[H],1,110.11199999999998,40.46,2,2,1.0977999999999999,29.771599999999992
[H]c1c([H])c([H])c(-c2nc3c(N([H])[H])nc(N([H])[H])nc3nc2N([H])[H])c([H])c1[H],1,253.269,129.62,3,7,0.8333999999999996,73.8012
[H]N([H])C(=O)OC([H])([H])[C@]1([H])C2=C(C(=O)C(C([H])([H])[H])=C(N([H])[H])C2=O)N2C([H])([H])[C@]3([H])N([H])[C@]3([H])[C@@]21OC([H])([H])[H],1,334.332,146.89000000000001,3,8,-1.6511999999999973,80.11050000000002
[H]c1c(OC([H])([H])[H])c(OC([H])([H])[H])c(OC([H])([H])[H])c([H])c1C(=O)O[C@]1([H])C([H])([H])[C@]2([H])C([H])([H])N3C([H])([H])C([H])([H])c4c(n([H])c5c([H])c(OC([H])([H])[H])c([H])c([H])c45)[C@@]3([H])C([H])([H])[C@]2([H])[C@]([H])(C(=O)OC([H])([H])[H])[C@@]1([H])OC([H])([H])[H],1,608.6880000000003,117.78000000000003,1,10,4.171100000000004,160.68719999999962
ClC(Cl)(Cl)C(Cl)(Cl)Cl,1,236.74,0.0,0,0,3.7268,40.580000000000005
[H]C([H])([H])C(Cl)(Cl)Cl,1,133.405,0.0,0,0,2.376500000000001,25.963999999999995
[H]C([H])=C(Cl)Cl,1,96.944,0.0,0,0,1.9352,20.845999999999997
[H]C([H])(Cl)C([H])(Cl)Cl,1,133.405,0.0,0,0,2.0289,26.213999999999995
[H]c1c([H])c([H])c2c(c1[H])C(=O)c1c([H])c([H])c(C([H])([H])[H])c(N([H])[H])c1C2=O,1,237.25799999999995,60.160000000000004,1,3,2.35262,68.89840000000001
[H]C(=O)c1oc([H])c([H])c1[H],1,96.08499999999998,30.21,0,2,1.0921,24.095499999999994
[H]OC([H])([H])C([H])([H])N(C([H])([H])C([H])([H])O[H])C([H])([H])C([H])([H])O[H],1,149.19,63.93000000000001,3,4,-1.734699999999999,37.6974
[H]C([H])([H])C([H])([H])C1([H])OC1([H])[H],1,72.107,12.53,0,1,0.7952,20.030999999999995
[H]C([H])=C([H])C([H])([H])Cl,1,76.526,0.0,0,0,1.4112,20.916999999999994
[H]C1([H])C(=O)OC(=O)C1([H])[H],1,100.073,43.370000000000005,0,3,-0.15000000000000002,20.33299999999999
[H]c1c([H])c([H])c(N2C(=O)C([H])(C([H])([H])C([H])([H])C([H])([H])C([H])([H])[H])C(=O)N2c2c([H])c([H])c([H])c([H])c2[H])c([H])c1[H],1,308.381,40.620000000000005,0,2,3.7878000000000025,90.87100000000004
[H]c1c([H])c([H])c(C2(C([H])([H])C([H])([H])[H])C(=O)N([H])C([H])([H])N([H])C2=O)c([H])c1[H],1,218.256,58.2,2,2,0.5378999999999997,59.56340000000003
[H]c1c([H])c(-c2c(N([H])[H])nc(N([H])[H])nc2C([H])([H])C([H])([H])[H])c([H])c([H])c1Cl,1,248.71699999999998,77.82,2,4,2.5238000000000005,70.6808
[H]C1([H])N(P(=S)(N2C([H])([H])C2([H])[H])N2C([H])([H])C2([H])[H])C1([H])[H],1,189.22399999999996,9.03,0,1,0.15769999999999995,49.004000000000026
[H]c1c([N+](=O)[O-])c(N(C([H])([H])C([H])([H])C([H])([H])[H])C([H])([H])C([H])([H])C([H])([H])[H])c([N+](=O)[O-])c([H])c1C(F)(F)F,1,335.282,89.52000000000001,0,5,4.148200000000003,77.54780000000001
[H]OC([H])(C(Cl)(Cl)Cl)P(=O)(OC([H])([H])[H])OC([H])([H])[H],1,257.43699999999995,55.760000000000005,1,4,2.1609,47.921300000000016
[H]OC([H])([H])C(=O)[C@@]1(O[H])C([H])([H])C([H])([H])[C@@]2([H])[C@]3([H])C([H])([H])C([H])([H])C4=C([H])C(=O)C([H])=C([H])[C@]4(C([H])([H])[H])[C@@]3([H])C(=O)C([H])([H])[C@@]21C([H])([H])[H],1,358.4340000000002,91.66999999999999,2,5,1.7657999999999998,94.04860000000004
[H]C([H])([H])C([H])([H])N(N=O)C([H])([H])C([H])([H])[H],1,102.13699999999999,32.67,0,2,1.0096,28.715999999999987
[H]c1c([H])c([H])c2c(OC(=O)N([H])C([H])([H])[H])c([H])c([H])c([H])c2c1[H],1,201.225,38.33,1,2,2.5580000000000007,59.03170000000002
[H]OC(=O)[C@]1([H])N2C(=O)[C@@]([H])(N([H])C(=O)[C@@]([H])(c3c([H])c([H])c([H])c([H])c3[H])N([H])[H])[C@@]2([H])SC1(C([H])([H])[H])C([H])([H])[H],1,349.4120000000001,112.73,3,5,0.3181000000000007,89.02890000000004
[H]C([H])([H])C([H])([H])Cl,1,64.515,0.0,0,0,1.2451,16.394000000000002
[H]C([H])=C(F)F,1,64.034,0.0,0,0,1.3965999999999998,11.356000000000002
[H]C([H])=C([H])C(=C([H])[H])C([H])([H])[H],1,68.119,0.0,0,0,1.7485,25.01099999999999
[H]c1c([H])c([H])c2c(c1[H])C(=O)c1c(Br)c([H])c(Br)c(N([H])[H])c1C2=O,1,381.0230000000001,60.160000000000004,1,3,3.5692000000000013,79.56140000000002
[H]c1c([H])c([H])c2c(c1[H])-c1c([H])c([H])c([H])c([H])c1C2([H])[H],1,166.22299999999996,0.0,0,0,3.2578000000000014,54.684000000000026
ClC(Cl)=C(Cl)C(Cl)=C(Cl)Cl,1,260.762,0.0,0,0,4.7574,49.17
[H]c1c(C([H])([H])[H])c([H])c(C([H])([H])[H])c(N([H])[H])c1C([H])([H])[H],1,135.21,26.02,1,1,2.1940600000000003,45.06540000000002
[H]c1c([H])c(-c2c([H])c([H])c(N=C=O)c(OC([H])([H])[H])c2[H])c([H])c(OC([H])([H])[H])c1N=C=O,1,296.282,77.32,0,6,3.3054000000000014,80.54500000000003
[H]c1c([H])c(C([H])([H])C([H])([H])C([H])([H])[H])c([H])c2c1OC([H])([H])O2,1,164.20399999999995,18.46,0,2,2.3678,46.56000000000003
[H]C([H])(Cl)C([H])(Cl)C([H])([H])Cl,1,147.43200000000002,0.0,0,0,2.0713999999999997,31.080999999999992
[H]C([H])=C([H])c1c([H])c([H])c([H])c([H])c1[H],1,104.15199999999997,0.0,0,0,2.3296,36.53300000000001
[H]C1([H])N(N=O)C([H])([H])N2C([H])([H])N(N=O)C([H])([H])N1C2([H])[H],1,186.17499999999998,71.82000000000001,0,6,-0.6280999999999999,43.28100000000002
[H]c1oc([H])c([H])c1[H],1,68.075,13.14,0,1,1.2796,18.707999999999995
[H]OC([H])([H])C([H])([H])OC([H])([H])C([H])([H])C([H])([H])C([H])([H])[H],1,118.176,29.46,1,2,0.7953999999999999,32.81279999999998
FC(F)=C(F)F,1,100.01400000000001,0.0,0,0,1.991,11.458000000000002
[H]c1c([H])c([H])c2c(c1[H])C(=O)c1c([H])c([H])c(N([H])[H])c([H])c1C2=O,1,223.23099999999997,60.160000000000004,1,3,2.0442,64.16140000000001
[H]c1c([H])c([H])c(C2(C([H])([H])C([H])([H])[H])C(=O)N([H])C(=O)N([H])C2=O)c([H])c1[H],1,232.239,75.27000000000001,2,3,0.7003999999999999,60.092400000000026
[H]c1c(C([H])([H])[H])nc(N([H])S(=O)(=O)c2c([H])c([H])c(N([H])[H])c([H])c2[H])nc1C([H])([H])[H],1,278.33700000000005,97.97,2,5,1.4764400000000002,73.16890000000002
[H]OC(=O)c1c([H])c(N=Nc2c([H])c([H])c(S(=O)(=O)N([H])c3nc([H])c([H])c([H])c3[H])c([H])c2[H])c([H])c([H])c1O[H],1,398.4000000000001,141.31,3,7,3.7016000000000013,100.7296
[H]OC1([H])N=C(c2c([H])c([H])c([H])c([H])c2[H])c2c([H])c(Cl)c([H])c([H])c2N(C([H])([H])[H])C1=O,1,300.74500000000006,52.900000000000006,1,3,2.472200000000001,82.94980000000004
[H]C([H])([H])N(C(=S)SSC(=S)N(C([H])([H])[H])C([H])([H])[H])C([H])([H])[H],1,240.44400000000002,6.48,0,4,2.0607999999999995,67.75200000000002
[H]OC([H])([H])[C@@]([H])(N([H])C(=O)C([H])(Cl)Cl)[C@]([H])(O[H])c1c([H])c([H])c([N+](=O)[O-])c([H])c1[H],1,323.13200000000006,112.70000000000002,3,5,0.909,72.56670000000003
[H]C([H])([H])[N+](=O)[O-],1,61.040000000000006,43.14,0,2,-0.10710000000000008,12.9184
[H]C(Cl)(Cl)C(Cl)(Cl)Cl,1,202.29500000000002,0.0,0,0,3.1603000000000003,35.784000000000006
[H]C(Cl)=C(Cl)Cl,1,131.389,0.0,0,0,2.5017000000000005,25.642
[H]C([H])=C([H])C(=O)N([H])[H],1,71.07900000000001,43.09,1,1,-0.3423,19.3914
[H]C(Cl)(Cl)C([H])(Cl)Cl,1,167.85,0.0,0,0,2.5938,30.988
[H]c1c([H])c(N([H])[H])c([H])c([H])c1-c1c([H])c([H])c(N([H])[H])c([H])c1[H],1,184.24199999999996,52.04,2,2,2.5180000000000007,60.70280000000001
[H]C([H])(Cl)C1([H])OC1([H])[H],1,92.525,12.53,0,1,0.624,20.459999999999994
[H]C(=O)C([H])=C([H])[H],1,56.064,17.07,0,1,0.37129999999999996,16.261
[H]N([H])c1nc(N([H])[H])nc(N([H])[H])n1,1,126.12300000000002,116.72999999999999,3,6,-1.3818000000000001,33.0642
[H]C1([H])C(=O)C([H])([H])C([H])([H])C([H])([H])C1([H])[H],1,98.14500000000001,17.07,0,1,1.5196,28.091999999999985
[H]C([H])(Cl)C([H])([H])OP(=O)(OC([H])([H])C([H])([H])Cl)OC([H])([H])C([H])([H])Cl,1,285.491,44.760000000000005,0,4,2.8607000000000014,57.622500000000024
[H]OC(=O)C([H])([H])[C@@]([H])(C(=O)N([H])[C@]([H])(C(=O)OC([H])([H])[H])C([H])([H])c1c([H])c([H])c([H])c([H])c1[H])N([H])[H],1,294.307,118.72,3,5,-0.31109999999999943,74.32090000000002
[H]OC(=O)C([H])([H])C([H])([H])[C@@]([H])(C(=O)O[H])N([H])C(=O)c1c([H])c([H])c(N(C([H])([H])[H])C([H])([H])c2nc3c(N([H])[H])nc(N([H])[H])nc3nc2[H])c([H])c1[H],1,454.44700000000023,210.54000000000002,5,10,0.2684000000000003,118.26160000000002
[H]O[C@]12O[C@]([H])([C@@]([H])(OC([H])([H])[H])C([H])([H])[C@@]([H])(C([H])([H])[H])C([H])([H])/C(C([H])([H])[H])=C(\[H])[C@@]([H])(C([H])([H])C([H])=C([H])[H])C(=O)C([H])([H])[C@]([H])(O[H])[C@@]([H])(C([H])([H])[H])[C@@]([H])(/C(=C(\[H])[C@]3([H])C([H])([H])C([H])([H])[C@@]([H])(O[H])[C@]([H])(OC([H])([H])[H])C3([H])[H])C([H])([H])[H])OC(=O)[C@@]3([H])N(C(=O)C1=O)C([H])([H])C([H])([H])C([H])([H])C3([H])[H])[C@@]([H])(OC([H])([H])[H])C([H])([H])[C@@]2([H])C([H])([H])[H],1,804.0309999999998,178.35999999999999,3,12,4.639000000000005,212.59239999999917
[H]/C(=C(/[H])C([H])([H])[H])c1c([H])c([H])c2c(c1[H])OC([H])([H])O2,1,162.18799999999993,18.46,0,2,2.4484000000000004,47.27300000000003
[H]OC([H])([H])[C@@]1([H])O[C@]([H])(S)[C@]([H])(O[H])[C@@]([H])(O[H])[C@]1([H])O[H],1,196.22400000000002,90.15,5,6,-2.2839000000000005,42.753200000000014
N.N.Cl[Pt]Cl,1,300.04600000000005,70.0,2,2,1.7004999999999997,21.750200000000007
[H]c1nc2c([H])c(Cl)c([H])c([H])c2c(N([H])C([H])(C([H])([H])[H])C([H])([H])C([H])([H])C([H])([H])N(C([H])([H])C([H])([H])[H])C([H])([H])C([H])([H])[H])c1[H],1,319.8800000000001,28.160000000000004,1,3,4.8106000000000035,96.85970000000005
[H]C([H])([H])C([H])(Br)C([H])([H])[H],1,122.993,0.0,0,0,1.7896999999999998,24.06299999999999
[H]c1c([H])c([N+](=O)[O-])c([H])c([H])c1Cl,1,157.55599999999998,43.14,0,2,2.2482000000000006,38.106400000000015
[H]C([H])=C([H])C1([H])C([H])([H])C([H])=C([H])C([H])([H])C1([H])[H],1,108.18399999999998,0.0,0,0,2.5287000000000006,36.678
[H]c1c([H])c(Cl)c([H])c(N([H])C(=O)OC([H])(C([H])([H])[H])C([H])([H])[H])c1[H],1,213.664,38.33,1,2,3.296900000000001,56.69170000000002
[H]Oc1c([H])c([H])c(N([H])C(=O)C([H])([H])[H])c([H])c1[H],1,151.16500000000002,49.33,2,2,1.3505999999999998,42.41050000000002
[H]N([H])Cl,1,51.476,26.02,1,1,0.0989000000000001,10.0404
[H]OC([H])([H])C([H])([H])N1C([H])([H])C1([H])[H],1,87.122,23.240000000000002,1,2,-0.7057000000000002,23.52579999999999
[H]Oc1c([H])c([H])c([H])c2c1C(=O)c1c(O[H])c([H])c([H])c([H])c1C2([H])[H],1,226.231,57.53,2,3,2.2329999999999997,62.45210000000002
[H]/C(=N\OC(=O)N([H])C([H])([H])[H])C(SC([H])([H])[H])(C([H])([H])[H])C([H])([H])[H],1,190.26799999999997,50.69,1,4,1.4698,51.62670000000003
[H]Oc1c([H])c([H])c(N([H])[H])c([H])c1[N+](=O)[O-],1,154.125,89.39,2,4,0.8826,39.17360000000001
[H]c1nc(N([H])[H])sc1[N+](=O)[O-],1,145.14299999999997,82.05,1,5,0.6335,33.1808
[H]Oc1c([H])c([N+](=O)[O-])c([H])c([H])c1N([H])[H],1,154.12499999999997,89.39,2,4,0.8826,39.17360000000001
[H]c1c([H])c([H])c(N([H])c2c([H])c([H])c([H])c([H])c2[H])c([H])c1[H],1,169.227,12.03,1,1,3.430200000000001,56.16670000000003
[H]C([H])([H])Br,1,94.939,0.0,0,0,1.0110999999999999,14.851
[H]Oc1c([H])c([H])c(N2C(=O)C([H])(C([H])([H])C([H])([H])C([H])([H])C([H])([H])[H])C(=O)N2c2c([H])c([H])c([H])c([H])c2[H])c([H])c1[H],1,324.38,60.85,1,3,3.493400000000002,92.53580000000002
[H]OC(=O)[C@]([H])(N([H])[H])C([H])([H])c1c([H])c([H])c(N(C([H])([H])C([H])([H])Cl)C([H])([H])C([H])([H])Cl)c([H])c1[H],1,305.2049999999999,66.55999999999999,2,3,1.9249999999999996,79.41020000000005
[H]O/N=[N+](\[O-])c1c([H])c([H])c([H])c([H])c1[H],1,138.12599999999998,58.66,1,2,1.6698,33.943900000000006
[H]O[C@](c1c([H])c([H])c(F)c([H])c1F)(C([H])([H])n1nc([H])nc1[H])[C@]([H])(c1nc([H])nc([H])c1F)C([H])([H])[H],1,349.31600000000003,76.72,1,6,2.1769,80.68180000000002
[H]c1nc(N([H])C(=O)N([H])C([H])([H])C([H])([H])[H])sc1[N+](=O)[O-],1,216.22199999999998,97.16,2,5,1.1926999999999999,51.4638
[H]c1c([H])c(C([H])([H])C([H])([H])[H])c(N(C(=O)C([H])([H])Cl)C([H])([H])OC([H])([H])[H])c(C([H])([H])C([H])([H])[H])c1[H],1,269.77199999999993,29.540000000000003,0,2,2.9871000000000016,75.28000000000004
[H]Oc1c([H])c([H])c(N=Nc2c([H])c([H])c([H])c([H])c2[H])c([H])c1[H],1,198.22500000000005,44.95,1,3,3.8076000000000025,58.72480000000003
[H]OC([H])([H])[C@@]1([H])O[C@]([H])(O[H])[C@]([H])(N([H])C(=O)N(N=O)C([H])([H])[H])[C@@]([H])(O[H])[C@]1([H])O[H],1,265.222,151.91999999999996,5,8,-2.890899999999998,55.85690000000003
[H]c1oc2c([H])c3oc(=O)c(C(=O)OC([H])([H])C([H])([H])[H])c([H])c3c([H])c2c1[H],1,258.2289999999999,69.65,0,5,2.7159000000000004,68.2125
[H]c1c([H])c2c([H])c([H])c([H])c3c4c([H])c([H])c([N+](=O)[O-])c5c([H])c([H])c([H])c(c(c1[H])c23)c54,1,297.31300000000005,43.14,0,2,5.645400000000003,94.30640000000002
[H]/C(Cl)=C(/Cl)C([H])([H])SC(=O)N(C([H])(C([H])([H])[H])C([H])([H])[H])C([H])(C([H])([H])[H])C([H])([H])[H],1,270.225,20.310000000000002,0,2,4.277400000000004,69.75400000000003
[H]OC1=C2C(=O)C3([H])C([H])(O[H])C4([H])C2(C(=O)c2c([H])c(C([H])([H])[H])c([H])c(O[H])c21)C1([H])C(=O)C2=C(O[H])c5c(O[H])c([H])c(C([H])([H])[H])c([H])c5C(=O)C23C4([H])C1([H])O[H],1,542.4960000000003,189.65999999999997,6,10,1.69764,134.29979999999998
[H]c1c(OC(=O)N([H])C([H])([H])[H])c([H])c(C([H])([H])[H])c(N(C([H])([H])[H])C([H])([H])[H])c1C([H])([H])[H],1,222.28799999999995,41.57,1,3,2.08764,65.32670000000003
[H]OC([H])([H])[C@@]1([H])O[C@@]([H])(n2c([H])nc(N([H])[H])nc2=O)[C@]([H])(O[H])[C@]1([H])O[H],1,244.207,143.72,4,9,-3.167999999999999,53.71380000000001
[H]Oc1c(N=Nc2c([H])c([H])c(S(=O)(=O)O)c3c([H])c([H])c([H])c([H])c23)c([H])c(S(=O)(=O)O)c2c([H])c([H])c([H])c([H])c12,1,458.4730000000001,153.69,3,7,4.607400000000003,113.36600000000003
[H]N(C([H])([H])C([H])([H])Cl)P1(=O)OC([H])([H])C([H])([H])C([H])([H])N1C([H])([H])C([H])([H])Cl,1,261.08899999999994,41.57,1,2,1.884,59.19120000000003
[H]c1oc2c([H])c3oc(=O)c([H])c([H])c3c(OC([H])([H])[H])c2c1[H],1,216.19199999999998,52.58,0,4,2.5478000000000005,58.808000000000014
[H]C([H])=C([H])C1(C([H])([H])[H])OC(=O)N(c2c([H])c(Cl)c([H])c(Cl)c2[H])C1=O,1,286.11400000000003,46.61,0,3,3.4213000000000013,69.03100000000002
[H]c1c([H])c(N([H])[H])c([H])c(N([H])[H])c1Cl,1,142.589,52.04,2,2,1.5044,40.2768
[H]C(=C(Cl)Cl)C1([H])C([H])(C(=O)OC([H])([H])c2c([H])c([H])c([H])c(Oc3c([H])c([H])c([H])c([H])c3[H])c2[H])C1(C([H])([H])[H])C([H])([H])[H],1,391.2940000000001,35.53,0,3,6.113300000000004,103.30400000000003
[H]OC(=O)C([H])(N([H])[H])C([H])([H])c1c([H])c([H])c(N(C([H])([H])C([H])([H])Cl)C([H])([H])C([H])([H])Cl)c([H])c1[H],1,305.2049999999999,66.55999999999999,2,3,1.9249999999999996,79.41020000000005
C1=CC=C(C=C1)N=NC2=C(C=C(C=C2)N)N.Cl,1,248.717,76.75999999999999,2,4,3.6882000000000015,73.1328
[H]OC(=O)C1=C([H])C([H])([H])C([H])([H])N(N=O)C1([H])[H],1,156.141,69.97,1,3,0.3845,37.70380000000001
[H]c1c([H])c([N+](=O)[O-])c([H])c([H])c1OC([H])([H])[H],1,153.13699999999997,52.370000000000005,0,3,1.6034,39.648400000000024
[H][131I],1,131.9141246,0.0,0,0,0.6180000000000001,15.415
[222Rn],1,222.0175777,0.0,0,0,0.0,0.0
[90Sr],1,89.907738,0.0,0,0,-0.3808,5.754
[H]c1c([H])c(C([H])([H])c2c([H])c([H])c(N([H])[H])c(Cl)c2[H])c([H])c(Cl)c1N([H])[H],1,267.159,52.04,2,2,3.7486000000000015,74.53480000000002
[H]c1c([H])c(C([H])([H])c2c([H])c([H])c(N(C([H])([H])[H])C([H])([H])[H])c([H])c2[H])c([H])c([H])c1N(C([H])([H])[H])C([H])([H])[H],1,254.37699999999998,6.48,0,2,3.4094000000000024,84.34400000000005
[H]c1c([H])c(C([H])([H])c2c([H])c([H])c(N=C=O)c([H])c2[H])c([H])c([H])c1N=C=O,1,250.25699999999998,58.86,0,4,3.2120000000000015,71.25300000000003
[H]c1c([H])c(C([H])([H])c2c([H])c([H])c(N([H])[H])c([H])c2[H])c([H])c([H])c1N([H])[H],1,198.269,52.04,2,2,2.4417999999999997,64.51480000000002
[H]c1c([H])c(N([H])[H])c([H])c([H])c1Oc1c([H])c([H])c(N([H])[H])c([H])c1[H],1,200.24099999999999,61.269999999999996,2,3,2.6433,61.782800000000016
[H]c1c([H])c(OC([H])([H])C2([H])OC2([H])[H])c([H])c(OC([H])([H])C2([H])OC2([H])[H])c1[H],1,222.23999999999995,43.519999999999996,0,4,1.2417999999999998,56.91200000000004
[H]OC(=O)[C@]1([H])N([H])C(=O)[C@@]([H])(C([H])([H])[H])[C@]([H])(/C([H])=C([H])/C(=C(\[H])[C@]([H])(C([H])([H])[H])[C@@]([H])(OC([H])([H])[H])C([H])([H])c2c([H])c([H])c([H])c([H])c2[H])C([H])([H])[H])N([H])C(=O)[C@]([H])(C([H])([H])C([H])([H])C([H])([H])N=C(N([H])[H])N([H])[H])N([H])C(=O)[C@@]([H])(C([H])([H])[H])[C@]([H])(C(=O)O[H])N([H])C(=O)[C@]([H])(C([H])([H])C([H])(C([H])([H])[H])C([H])([H])[H])N([H])C(=O)[C@@]([H])(C([H])([H])[H])N([H])C(=O)C(=C([H])[H])N(C([H])([H])[H])C(=O)C([H])([H])C1([H])[H],1,995.1889999999997,343.13999999999993,10,11,0.6184000000000007,264.37159999999955
[H]c1c([H])c(N([H])[H])c(C([H])([H])[H])c([H])c1OC([H])([H])[H],1,137.18199999999996,35.25,1,2,1.58582,42.14340000000001
[H]C([H])([H])C([H])([H])C([H])([H])C([H])([H])C([H])(C([H])([H])OC(=O)C([H])([H])C([H])([H])C([H])([H])C([H])([H])C(=O)OC([H])([H])C([H])(C([H])([H])C([H])([H])[H])C([H])([H])C([H])([H])C([H])([H])C([H])([H])[H])C([H])([H])C([H])([H])[H],1,370.5740000000002,52.60000000000001,0,4,6.066000000000007,106.99800000000009
C1=CC2=C(C(=C1)[O-])N=CC=C2.C1=CC2=C(C(=C1)[O-])N=CC=C2.[Cu+2],1,351.852,71.9,0,4,2.6143,82.37800000000004
[H]c1c([H])c(N([H])[H])c([H])c([H])c1OC([H])([H])[H],1,123.15499999999996,35.25,1,2,1.2774,37.40640000000001
[H]ON([H])c1c([H])c([H])c(N=O)c([H])c1[H],1,138.126,61.69,2,4,1.8856,37.30620000000001
[H]c1nc2nc(N([H])[H])n(C([H])([H])[H])c2c([H])c1-c1c([H])c([H])c([H])c([H])c1[H],1,224.26700000000002,56.73,1,4,2.2175000000000002,68.35740000000001
[H]c1c([H])c(Cl)c([H])c([H])c1Cl,1,147.00399999999996,0.0,0,0,2.9934000000000003,36.46200000000001
[H]c1c([H])c(N([H])[H])c([H])c([H])c1Cl,1,127.57399999999997,26.02,1,1,1.9222,35.864399999999996
[H]c1c([H])c(N([H])[H])c([H])c([H])c1N([H])[H],1,108.14399999999998,52.04,2,2,0.8510000000000002,35.2668
[H]C1=C([H])C(=O)C([H])=C([H])C1=O,1,108.09599999999998,34.14,0,2,0.25059999999999993,28.29399999999999
[H]C1([H])OC1([H])C1([H])C([H])([H])C([H])([H])C2([H])OC2([H])C1([H])[H],1,140.182,25.06,0,2,0.9527,35.742
[H]C([H])=C(C(=O)OC([H])([H])C1([H])OC1([H])[H])C([H])([H])[H],1,142.154,38.83,0,3,0.5044999999999998,35.513
[H]C([H])(Br)C([H])([H])Br,1,187.862,0.0,0,0,1.7762,27.587999999999994
[H]C([H])([H])OC([H])([H])Cl,1,80.51400000000001,9.23,0,1,0.8291000000000001,17.729
[H]C([H])=C([H])OC(=O)C([H])([H])[H],1,86.08999999999999,26.3,0,2,0.693,21.962999999999994
[H]C([H])([H])C(=O)C([H])([H])C([H])(C([H])([H])[H])C([H])([H])[H],1,100.16099999999999,17.07,0,1,1.6215,30.13599999999998
[H]C([H])([H])C([H])(OC([H])(C([H])([H])[H])C([H])([H])[H])C([H])([H])[H],1,102.17699999999999,9.23,0,1,1.8197999999999999,31.35699999999998
[H]c1c([H])c(N([H])[H])c([H])c(N([H])[H])c1[H],1,108.14399999999998,52.04,2,2,0.8510000000000002,35.2668
[H]C([H])([H])C([H])(OC([H])(C([H])([H])[H])C([H])([H])Cl)C([H])([H])Cl,1,171.067,9.23,0,1,2.2576,41.44900000000001
[H]c1nc([H])c(C([H])([H])[H])c([H])c1[H],1,93.12899999999998,12.89,0,1,1.39002,28.973999999999993
[H]C([H])(Cl)C([H])([H])C([H])([H])Br,1,157.438,0.0,0,0,2.0102,29.130999999999993
[H]/C(=C(/[H])C([H])([H])Cl)C([H])([H])Cl,1,124.998,0.0,0,0,2.0202,30.57999999999999
[H]OC([H])([H])C1([H])OC([H])(O[C@@]([H])(c2c([H])nc([H])n2[H])[C@@]([H])(C(=O)N([H])[C@]([H])(C([H])([H])[H])[C@@]([H])(O[H])[C@@]([H])(C(=O)N([H])[C@]([H])(C(=O)N([H])C([H])([H])C([H])([H])c2nc(-c3nc(C(=O)N([H])C([H])([H])C([H])([H])C([H])([H])[S+](C([H])([H])[H])C([H])([H])[H])c([H])s3)c([H])s2)[C@]([H])(O[H])C([H])([H])[H])C([H])([H])[H])N([H])C(=O)c2nc([C@@]([H])(N([H])C([H])([H])[C@@]([H])(C(=O)N([H])[H])N([H])[H])C([H])([H])C(=O)N([H])[H])nc(N([H])[H])c2C([H])([H])[H])C([H])(OC2([H])OC([H])(C([H])([H])O[H])C([H])(O[H])C([H])(OC(=O)N([H])[H])C2([H])O[H])C([H])(O[H])C1([H])O[H],1,1415.5760000000002,627.0699999999999,20,31,-7.703580000000025,338.77730000000037
[H]C([H])(Cl)C([H])([H])OC([H])([H])C([H])([H])Cl,1,143.013,9.23,0,1,1.4806,32.258999999999986
[H]c1c([H])c([H])c2c(c1[H])-c1c([H])c([H])c([H])c3c1c-2c([H])c1c2c([H])c([H])c([H])c([H])c2c([H])c([H])c31,1,302.37600000000003,0.0,0,0,6.793600000000003,103.39000000000003
[H]C1([H])OS(=O)(=O)C([H])([H])C1([H])[H],1,122.145,43.370000000000005,0,3,-0.26350000000000007,24.35579999999999
[H]OC(=O)C1([H])C([H])(C(=O)O[H])C2(Cl)C(Cl)=C(Cl)C1(Cl)C2(Cl)Cl,1,388.845,74.6,2,2,3.2335000000000003,72.58860000000003
Brc1c(Br)c(Br)c(Oc2c(Br)c(Br)c(Br)c(Br)c2Br)c(Br)c1Br,1,959.171,9.23,0,1,11.1039,129.958
[H]Oc1c([H])c([H])c([H])c2c1C(=O)c1c(O[H])c([H])c([H])c([H])c1C2=O,1,240.214,74.6,2,4,1.8731999999999998,63.078600000000016
[H]c1c([H])c([H])c(C(=O)OC([H])([H])C([H])(C([H])([H])C([H])([H])[H])C([H])([H])C([H])([H])C([H])([H])C([H])([H])[H])c(C(=O)OC([H])([H])C([H])(C([H])([H])C([H])([H])[H])C([H])([H])C([H])([H])C([H])([H])C([H])([H])[H])c1[H],1,390.5640000000002,52.60000000000001,0,4,6.433000000000008,113.61900000000009
[H]OC(=O)c1c([H])c([H])c([H])c([H])c1N([H])[H],1,137.13799999999995,63.31999999999999,2,2,0.9669999999999999,37.813700000000004
[H]OC(=O)[C@]1([H])N([H])C(=O)[C@@]([H])(C([H])([H])[H])[C@]([H])(/C([H])=C([H])/C(=C(\[H])[C@]([H])(C([H])([H])[H])[C@@]([H])(OC([H])([H])[H])C([H])([H])c2c([H])c([H])c([H])c([H])c2[H])C([H])([H])[H])N([H])C(=O)[C@]([H])(C([H])([H])C([H])([H])C([H])([H])N=C(N([H])[H])N([H])[H])N([H])C(=O)[C@@]([H])(C([H])([H])[H])[C@]([H])(C(=O)O[H])N([H])C(=O)/C(=C(\[H])C([H])([H])[H])N(C([H])([H])[H])C(=O)C([H])([H])C1([H])[H],1,824.977,284.94,8,9,0.972900000000009,219.99819999999949
[H]c1c([H])c(N([H])[H])c(OC([H])([H])[H])c([H])c1-c1c([H])c([H])c(N([H])[H])c(OC([H])([H])[H])c1[H],1,244.29399999999995,70.5,2,4,2.5352000000000006,73.80680000000002
[H]c1c([H])c(N([H])[H])c(C([H])([H])[H])c([H])c1-c1c([H])c([H])c(N([H])[H])c(C([H])([H])[H])c1[H],1,212.29599999999996,52.04,2,2,3.1348400000000014,70.17680000000001
[H]c1c([H])c(C([H])([H])[H])c([H])c(N([H])[H])c1OC([H])([H])[H],1,137.182,35.25,1,2,1.58582,42.143400000000014
[H]/C(=C(/C([H])([H])[H])C([H])([H])C([H])([H])C([H])([H])C([H])(C([H])([H])[H])C([H])([H])C([H])([H])C([H])([H])C([H])(C([H])([H])[H])C([H])([H])C([H])([H])C([H])([H])C([H])(C([H])([H])[H])C([H])([H])[H])C([H])([H])C1=C(C([H])([H])[H])C(=O)c2c([H])c([H])c([H])c([H])c2C1=O,1,450.7070000000002,34.14,0,2,9.1576,140.8959999999999
[O-2].[O-2].[O-2].[Cr+3].[Cr+3],1,151.989,85.5,0,0,-0.3614,2.0595
[H]c1c([H])c(Cl)c([H])c([N+](=O)[O-])c1[H],1,157.55599999999998,43.14,0,2,2.2482000000000006,38.10640000000001
O.O.O.O.[OH-].[O-2].[O-2].[O-2].[O-2].[O-2].[O-2].[O-2].[O-2].[O-2].[O-2].[Mg+2].[Al+3].[Si].[Si].[Si].[Si],1,412.688,441.0,0,1,-6.948399999999995,57.780000000000015
[H]c1c([H])c([H])c(N([H])N([H])c2c([H])c([H])c([H])c([H])c2[H])c([H])c1[H],1,184.24200000000002,24.06,2,2,3.1256000000000013,60.129400000000025
[H]c1c([H])c(=O)n([H])n([H])c1=O,1,112.08799999999998,65.72,2,2,-0.9368000000000001,27.6834
[H]C([H])=C([H])C(=C([H])[H])C([H])([H])C([H])([H])C([H])=C(C([H])([H])[H])C([H])([H])[H],1,136.238,0.0,0,0,3.4750000000000023,48.00200000000003
[H]C([H])(Br)C([H])(Br)C([H])([H])OP(=O)(OC([H])([H])C([H])(Br)C([H])([H])Br)OC([H])([H])C([H])(Br)C([H])([H])Br,1,697.613,44.760000000000005,0,4,5.619500000000003,104.98950000000004
[H]C([H])(Cl)C([H])([H])[N+]([O-])(C([H])([H])[H])C([H])([H])C([H])([H])Cl,1,172.05499999999998,23.06,0,1,1.4084,40.725400000000015
ClC(Cl)=C(Cl)Cl,1,165.834,0.0,0,0,3.0682,30.438000000000002
[H]C([H])([H])C(=O)N(C([H])([H])[H])C([H])([H])[H],1,87.122,20.310000000000002,0,1,0.09450000000000003,24.36799999999999
[H]c1c([H])c(S(=O)(=O)N([H])c2onc(C([H])([H])[H])c2C([H])([H])[H])c([H])c([H])c1N([H])[H],1,267.31,98.22,2,5,1.67444,67.63990000000001
[H]Oc1c(C(C([H])([H])[H])(C([H])([H])[H])C([H])([H])[H])c([H])c(C([H])([H])[H])c([H])c1C(C([H])([H])[H])(C([H])([H])[H])C([H])([H])[H],1,220.35599999999997,20.23,1,1,4.295620000000004,70.24380000000005
[H]c1c([H])c([H])c2c(c1[H])C(=O)c1c([H])c([H])c3c4c(c([H])c([H])c-2c14)C(=O)c1c([H])c([H])c([H])c([H])c1-3,1,332.35800000000006,34.14,0,2,5.2626000000000035,101.68500000000002
[H]c1c([H])c([H])c2c(c1[H])C(=O)c1c([H])c([H])c(C([H])([H])[H])c([N+](=O)[O-])c1C2=O,1,267.23999999999995,77.28,0,4,2.6786200000000013,71.14040000000001
[H]C1=C([H])C(=[N+](C([H])([H])C([H])([H])[H])C([H])([H])C([H])([H])[H])C([H])=C([H])C1=C(c1c([H])c([H])c(N(C([H])([H])C([H])([H])[H])C([H])([H])C([H])([H])[H])c([H])c1[H])c1c([H])c([H])c(S(=O)(=O)O)c([H])c1S(=O)(=O)[O-],1,544.6950000000003,117.82,1,6,4.104800000000003,144.87419999999983
[H]c1c([H])c([H])c(C([H])(c2c([H])c([H])c(N(C([H])([H])[H])C([H])([H])[H])c([H])c2[H])c2c([H])c([H])c(N(C([H])([H])[H])C([H])([H])[H])c([H])c2[H])c([H])c1[H],1,330.475,6.48,0,2,4.998800000000005,108.92500000000005
[H]N(C(=O)N(N=O)C([H])([H])C([H])([H])Cl)C1([H])C([H])([H])C([H])([H])C([H])([H])C([H])([H])C1([H])[H],1,233.69899999999996,61.77,1,3,2.2509000000000006,58.62570000000003
[Ga]#[As],1,144.64499999999998,0.0,0,0,-0.7616,11.508
O=[Co],1,74.932,17.07,0,1,-0.1213,0.6865
O=[Co].O=[Co]O[Co]=O,1,240.795,60.440000000000005,0,4,-0.4323,3.1445000000000003
O=[Fe]O[Fe]=O,1,159.68699999999998,43.370000000000005,0,3,-0.311,2.458
[Sb+3],1,121.76,0.0,0,0,-0.3808,5.754
[H]c1c([H])c([H])c(C([H])([H])[H])c(N=Nc2c(N([H])[H])c([H])c([H])c3c([H])c([H])c([H])c([H])c23)c1[H],1,261.32800000000003,50.739999999999995,1,3,5.145820000000003,83.71540000000003
O=[V](=O)O[V](=O)=O,1,181.88299999999998,77.51,0,5,-0.5486,3.8310000000000004
S=[Co],1,91.0,0.0,0,1,0.6457,7.591
[O-2].[O-2].[O-2].[Fe+3].[Fe+3],1,159.687,85.5,0,0,-0.3614,2.0595
[H]c1c([H])c([H])c(-c2c([H])c([H])c([H])c([H])c2O)c([H])c1[H],1,170.21099999999998,20.23,1,1,3.0592000000000015,53.54280000000003
[224Ra],1,224.0202118,0.0,0,0,0.0,0.0
CC1=CC=C(C=C1)C.CC1=CC(=CC=C1)C.CC1=CC=CC=C1C,1,318.5040000000001,0.0,0,0,6.910320000000007,107.74800000000006
O[Si](=O)O.O[Si](=O)O.O[Si](=O)O.O[Si](=O)O.O[Si](=O)O.O[Si](=O)O.O[Si](=O)O.O[Si](=O)O.[Na+].[Na+].[Mg+2].[Mg+2].[Mg+2].[Fe+3].[Fe+3],1,855.3770000000003,460.24000000000007,16,8,-20.048200000000023,104.28679999999994
[H]OC(=O)c1c([H])c2c(=O)c3c([H])c4c(=O)c(=O)c5c([H])c6c7c8c(c([H])c9c%10c8c8c%11c%12c(c3c3c%13c%14c%15c%16c%17c%18c(c([H])c%19oc%20c([H])c([H])c%21c([H])c([H])c%22c([H])c%23c([H])c1c(c23)c%14c%23c1c%22c%21c%20c(c%19%17)c%151)C1([H])SC([H])([H])C([H])([H])C([H])(C9([H])[H])C1([H])C%10([H])C=%18C=8C%16([H])C%12%13[H])c4c5c%117)C([H])([H])O6,1,1035.0599999999995,110.88,1,7,14.005999999999986,319.79030000000046
[H]c1c([H])c(-c2c([H])c(Cl)c(Cl)c([H])c2Cl)c(Cl)c(Cl)c1Cl,1,360.88200000000006,0.0,0,0,7.274,81.938
[H]c1c([H])c([H])c(N([H])[H])c(OC([H])([H])[H])c1[H],1,123.15499999999999,35.25,1,2,1.2773999999999999,37.406400000000005
[H]C([H])(Cl)OC([H])([H])C([H])([H])OC([H])([H])Cl,1,159.012,18.46,0,2,1.4122000000000001,33.343999999999994
[H]c1c([H])c([H])c(N([H])c2c([H])c([H])c3c([H])c([H])c([H])c([H])c3c2[H])c([H])c1[H],1,219.287,12.03,1,1,4.583400000000002,73.67270000000005
[H]OC(=O)C1=C([H])[C@@]([H])(O[H])[C@@]([H])(O[H])[C@]([H])(O[H])C1([H])[H],1,174.152,97.99000000000001,4,4,-1.5162000000000004,38.35620000000001
[H]N(C1([H])C([H])([H])C([H])([H])C([H])([H])C([H])([H])C1([H])[H])S(=O)(=O)O,1,179.241,66.4,2,2,0.7115,41.55730000000001
[H]OC(=O)C([H])([H])N(C([H])([H])C(=O)O[H])C([H])([H])C(=O)O[H],1,191.13899999999998,115.14,3,4,-1.4577999999999993,39.3474
[H]N(C(=O)N(N=O)C([H])([H])C([H])([H])Cl)C1([H])C([H])([H])C([H])([H])C([H])(C([H])([H])[H])C([H])([H])C1([H])[H],1,247.72599999999997,61.77,1,3,2.496900000000001,63.172700000000034
[226Ra],1,226.0254098,0.0,0,0,0.0,0.0
[O-][Si](=O)[O-].[Ca+2],1,116.161,63.19,0,3,-3.2584,12.194499999999998
[H]c1c([H])c(N(C([H])([H])[H])C([H])([H])[H])c([H])c([H])c1N=NS(=O)(=O)O,1,229.26099999999997,82.33,1,4,1.6391,56.83360000000002
[H]c1c([H])c(C(C([H])([H])[H])(C([H])([H])[H])C([H])([H])[H])c([H])c([H])c1OC([H])([H])C([H])(O[S+]([O-])OC([H])([H])C([H])([H])Cl)C([H])([H])[H],1,334.86500000000007,50.75,0,4,3.6021000000000027,85.99840000000006
[H]C([H])=C([H])C(=O)OC([H])([H])C([H])([H])[H],1,100.11699999999999,26.3,0,2,0.7354999999999999,26.829999999999988
[H]Oc1c([H])c(C(=O)Oc2c([H])c(C(=O)OC([H])([H])[C@]3([H])O[C@]([H])(OC(=O)c4c([H])c(O[H])c(O[H])c(OC(=O)c5c([H])c(O[H])c(O[H])c(O[H])c5[H])c4[H])[C@@]([H])(OC(=O)c4c([H])c(O[H])c(O[H])c(OC(=O)c5c([H])c(O[H])c(O[H])c(O[H])c5[H])c4[H])[C@]([H])(OC(=O)c4c([H])c(O[H])c(O[H])c(OC(=O)c5c([H])c(O[H])c(O[H])c(O[H])c5[H])c4[H])[C@@]3([H])OC(=O)c3c([H])c(O[H])c(O[H])c(OC(=O)c4c([H])c(O[H])c(O[H])c(O[H])c4[H])c3[H])c([H])c(O[H])c2O[H])c([H])c(O[H])c1O[H],1,1701.2060000000008,777.9800000000005,25,46,4.838100000000014,382.80200000000025
[H]C1=C([H])C(Cl)(Cl)C(Cl)(Cl)C([H])=C1N=Nc1c([H])c([H])c([H])c([H])c1[H],1,322.02200000000005,24.72,0,2,5.571800000000002,77.055
[H]C([H])=C([H])C(=O)OC([H])([H])C([H])([H])C([H])([H])C([H])([H])[H],1,128.171,26.3,0,2,1.5156999999999998,36.06399999999999
[H]C([H])([H])C1([H])C([H])([H])C2([H])OC2([H])C([H])([H])C1([H])C(=O)OC([H])([H])C1([H])C([H])([H])C2([H])OC2([H])C([H])([H])C1([H])C([H])([H])[H],1,280.364,51.36,0,4,2.1566,72.05700000000004
[H]c1c([H])c([H])c(N([H])[H])c([H])c1[H],1,93.12899999999999,26.02,1,1,1.2688,30.854400000000002
O=C1C2(Cl)C3(Cl)C4(Cl)C(Cl)(Cl)C5(Cl)C3(Cl)C1(Cl)C5(Cl)C24Cl,1,490.63900000000024,17.07,0,1,4.6182,88.11599999999999
CC[C@@]1(C[C@H]2C[C@@](C3=C(CCN(C2)C1)C4=CC=CC=C4N3)(C5=C(C=C6C(=C5)[C@]78CCN9[C@H]7[C@@](C=CC9)([C@H]([C@@]([C@@H]8N6C)(C(=O)OC)O)OC(=O)C)CC)OC)C(=O)OC)O.OS(=O)(=O)O,1,909.0680000000003,228.69999999999996,5,14,3.3381000000000047,234.60569999999944
CN(C)C(=S)S[Se](SC(=S)N(C)C)(SC(=S)N(C)C)SC(=S)N(C)C,1,559.8480000000001,12.96,0,8,3.740800000000003,141.25799999999987
[H][32P]([H])[H],1,34.99790727,0.0,0,0,0.05809999999999993,11.104999999999999
[H]C1([H])OC1([H])C1([H])OC1([H])[H],1,86.09,25.06,0,2,-0.21599999999999997,19.479999999999997
[H]C([H])([H])C([H])([H])N(C(=S)S)C([H])([H])C([H])([H])[H],1,149.284,3.24,1,1,1.5429,44.50500000000003
O[Si](=O)O.O[Si](=O)O.O[Si](=O)O.O[Si](=O)O.[Mg+2].[Mg+2].[Mg+2],1,385.31100000000004,230.11999999999998,8,4,-7.5967999999999964,60.774400000000014
O[Si](=O)[O-].O[Si](=O)[O-].[O-][Si](=O)[O-].[O-][Si](=O)[O-].[Mg+2].[Mg+2].[Mg+2],1,379.26300000000003,247.1,2,10,-11.388800000000003,47.4616
O=[Si]=O,1,60.084,34.14,0,2,-0.6184000000000001,7.126999999999999
[H]OC(=O)c1c([H])c([H])c(N([H])[H])c([H])c1[H],1,137.138,63.31999999999999,2,2,0.9670000000000001,37.813700000000004
[228Ra],1,228.0310703,0.0,0,0,0.0,0.0
[H]N(C(=O)N(N=O)C([H])([H])C([H])([H])Cl)C([H])([H])C([H])([H])Cl,1,214.052,61.77,1,3,1.157,47.339700000000015
O.O.O.O.O.O.[OH-].[OH-].[O-][Si](=O)O[Si](=O)[O-].[O-][Si](=O)O[Si](=O)[O-].[O-][Si](=O)O[Si](=O)[O-].[Mg+2].[Mg+2].[Mg+2].[Mg+2],1,647.8250000000002,517.47,0,17,-17.161800000000007,90.46839999999995
[H]c1c([H])c([H])c(N([H])c2c([H])c([H])c(N=O)c([H])c2[H])c([H])c1[H],1,198.225,41.46,1,3,3.828100000000002,61.621700000000025
C1=CC=C(C=C1)CCNN.OS(=O)(=O)O,1,234.277,112.64999999999999,4,4,0.03960000000000019,56.513500000000015
[H]C([H])=C([H])C(=O)OC([H])([H])C(C([H])([H])OC(=O)C([H])=C([H])[H])(C([H])([H])OC(=O)C([H])=C([H])[H])C([H])([H])C([H])([H])[H],1,296.3190000000001,78.9,0,6,1.5703999999999998,76.19200000000004
[Cr+3],1,51.996,0.0,0,0,-0.0025,0.0
[H]C([H])([H])OC(C([H])([H])[H])(C([H])([H])[H])C([H])([H])[H],1,88.14999999999999,9.23,0,1,1.4313,26.761999999999986
[H]c1nc([H])c(C2([H])N(N=O)C([H])([H])C([H])([H])C2([H])[H])c([H])c1[H],1,177.207,45.56,0,3,1.8999,48.71300000000002
[H]c1c([H])c(C(c2c([H])c([H])c(OC([H])([H])C3([H])OC3([H])[H])c([H])c2[H])(C([H])([H])[H])C([H])([H])[H])c([H])c([H])c1OC([H])([H])C1([H])OC1([H])[H],1,340.4190000000001,43.519999999999996,0,4,3.567700000000002,95.48200000000006
[H]C1=C([H])C(=[N+](C([H])([H])[H])C([H])([H])[H])C([H])=C([H])C1=C(c1c([H])c([H])c(N(C([H])([H])c2c([H])c([H])c([H])c(S(=O)(=O)[O-])c2[H])C([H])([H])C([H])([H])[H])c([H])c1[H])c1c([H])c([H])c(N(C([H])([H])c2c([H])c([H])c([H])c(S(=O)(=O)O)c2[H])C([H])([H])C([H])([H])[H])c([H])c1[H],1,711.9060000000003,121.05999999999999,1,7,6.531400000000008,198.41119999999944
[F-],1,18.998,0.0,0,0,-2.996,0.0
[H]c1c(Cl)c(Cl)c([H])c2c1Oc1c([H])c(Cl)c(Cl)c([H])c1O2,1,321.97400000000005,18.46,0,2,6.198200000000001,73.07200000000002
[H]OS(=O)(=O)C(F)(F)C(F)(F)C(F)(F)C(F)(F)C(F)(F)C(F)(F)C(F)(F)C(F)(F)F,1,500.1259999999999,54.37,1,2,4.841100000000001,52.232599999999984
[H]c1c([H])c(Oc2c([H])c([H])c([N+](=O)[O-])c([H])c2[H])c(Cl)c([H])c1Cl,1,284.09799999999996,52.370000000000005,0,3,4.693900000000001,69.63240000000002
[Cr+6],1,51.996,0.0,0,0,-0.0025,0.0
[H]c1c([H])c([H])c2c(c1[H])c([H])c1c([H])c([H])c3c([H])c4c([H])c([H])c([H])c([H])c4c4c([H])c([H])c2c1c34,1,302.37600000000003,0.0,0,0,6.890400000000002,105.15800000000004
[H]c1c([H])c([H])c2c(c1[H])c([H])c1c([H])c([H])c3c4c([H])c([H])c([H])c([H])c4c([H])c4c([H])c([H])c2c1c43,1,302.37600000000003,0.0,0,0,6.890400000000002,105.15800000000004
[H]c1c([H])c2c([H])c([H])c3c([H])c([H])c4c([H])c([H])c5c([H])c([H])c([H])c6c(c1[H])c2c3c4c56,1,276.338,0.0,0,0,6.3282000000000025,96.34400000000005
[H]c1c([H])c([H])c2c(c1[H])c([H])c1c([H])c([H])c3c([H])c([H])c([H])c4c5c([H])c([H])c([H])c([H])c5c2c1c34,1,302.3760000000001,0.0,0,0,6.890400000000002,105.15800000000004
[H]c1c([H])c([H])c2c(c1[H])c1c([H])c([H])c([H])c3c4c([H])c([H])c([H])c([H])c4c4c([H])c([H])c([H])c2c4c13,1,302.37600000000003,0.0,0,0,6.890400000000002,105.15800000000004
[H]c1c([H])c([H])c2c(c1[H])c([H])c1c3c([H])c([H])c([H])c([H])c3c3c([H])c([H])c([H])c4c([H])c([H])c2c1c43,1,302.37600000000003,0.0,0,0,6.890400000000003,105.15800000000004
[H]c1c([H])c([H])c2c(c1[H])c1c([H])c([H])c([H])c3c([H])c([H])c4c([H])c([H])c([H])c2c4c31,1,252.31599999999997,0.0,0,0,5.737200000000003,87.65200000000004
[H]c1c([H])c([H])c2c([H])c3c(c([H])c2c1[H])c1c([H])c([H])c([H])c2c([H])c([H])c4c([H])c([H])c([H])c3c4c21,1,302.37600000000003,0.0,0,0,6.890400000000003,105.15800000000003
[H]c1c([H])c([H])c2c(c1[H])-c1c([H])c([H])c3c([H])c([H])c4c([H])c([H])c([H])c5c([H])c-2c1c3c45,1,276.338,0.0,0,0,6.2314000000000025,94.57600000000004
[H]Oc1c(N=Nc2c([H])c([H])c(-c3c([H])c([H])c(N=Nc4c(C([H])([H])[H])nn(-c5c([H])c([H])c([H])c([H])c5[H])c4O[H])c(Cl)c3[H])c([H])c2Cl)c(C([H])([H])[H])nn1-c1c([H])c([H])c([H])c([H])c1[H],1,623.5040000000001,125.54000000000002,2,10,9.890639999999992,170.18159999999966
[H]Oc1c([H])c([H])c2c([H])c(S(=O)(=O)O)c([H])c(S(=O)(=O)O)c2c1N=Nc1c([H])c([H])c([H])c([H])c1[H],1,408.4130000000001,153.69,3,7,3.454200000000001,95.86
[H]c1c([H])c([H])c2c(c1[H])c([H])c([H])c1c2c2c3c([H])c([H])c([H])c([H])c3c([H])c([H])c2n1[H],1,267.33099999999996,15.79,1,0,5.627500000000003,90.81670000000004
[H]c1c([H])c([H])c2c(c1[H])c([H])c([H])c1c([H])c([H])c3c([H])c([H])c([H])c([H])c3c12,1,228.29399999999998,0.0,0,0,5.146200000000003,78.96000000000005
[H]C([H])(OC([H])([H])C([H])([H])OC([H])([H])C1([H])OC1([H])[H])C([H])([H])OC([H])([H])C([H])([H])OC([H])([H])C1([H])OC1([H])[H],1,262.30199999999996,61.980000000000004,0,6,-0.14959999999999862,62.75600000000006
[H]c1c([H])c([H])c2c(c1[H])c([H])c([H])c1c3c([H])c([H])c([H])c([H])c3c3c([H])c([H])c([H])c([H])c3c21,1,278.35400000000004,0.0,0,0,6.299400000000004,96.46600000000005
[H]C1=C([H])c2c3c1c([H])c([H])c([H])c3c([H])c1c2c([H])c([H])c2c([H])c([H])c([H])c([H])c21,1,252.31599999999997,0.0,0,0,5.6300000000000034,87.88800000000003
[H]c1c([H])c([H])c2c3c4c(c([H])c([H])c5c([H])c([H])c([H])c(c54)C3([H])[H])c([H])c2c1[H],1,240.30499999999998,0.0,0,0,5.050400000000003,81.76600000000002
[H]c1c([H])c([H])c2c(c1[H])c([H])c1c3c4c(c([H])c([H])c([H])c4c([H])c([H])c23)C1([H])[H],1,240.30499999999998,0.0,0,0,5.050400000000003,81.76600000000003
[H]c1c([H])c([H])c2c([H])c3c(c([H])c([H])c4c([H])c([H])c([H])c([H])c43)c([N+](=O)[O-])c2c1[H],1,273.291,43.14,0,2,5.054400000000003,85.61440000000003
[H]c1c([H])c2c3c(c1[H])c([H])c([H])c1c([H])c([H])c4c([H])c([H])c([H])c-2c4c13,1,226.27799999999996,0.0,0,0,5.1266000000000025,77.95400000000005
[H]c1c([H])c([H])c2c(c1[H])-c1c([H])c([H])c([H])c3c([H])c4c(c([H])c([H])c5c([H])c([H])c([H])c([H])c54)c-2c13,1,302.37600000000003,0.0,0,0,6.793600000000003,103.39000000000003
[H]c1c([H])c([H])c2c(c1[H])-c1c([H])c([H])c([H])c3c([H])c4c([H])c([H])c([H])c([H])c4c-2c13,1,252.31599999999997,0.0,0,0,5.640400000000003,85.88400000000004
[H]c1c([H])c([H])c2c(c1[H])-c1c(c([H])c([H])c3c([H])c([H])c([H])c([H])c13)C2([H])[H],1,216.28299999999996,0.0,0,0,4.411000000000003,72.19000000000004
[H]c1c([H])c([H])c2c3c(c([H])c([H])c2c1[H])-c1c([H])c([H])c([H])c2c([H])c([H])c([H])c-3c12,1,252.31599999999997,0.0,0,0,5.640400000000003,85.88400000000003
[H]c1c([H])c([H])c2c(c1[H])-c1c([H])c([H])c([H])c3c1c-2c([H])c1c([H])c([H])c([H])c([H])c13,1,252.31599999999997,0.0,0,0,5.640400000000003,85.88400000000003
CC[C@@]1(C[C@@H]2C[C@@](C3=C(CCN(C2)C1)C4=CC=CC=C4N3)(C5=C(C=C6C(=C5)[C@]78CCN9[C@H]7[C@@](C=CC9)([C@H]([C@@]([C@@H]8N6C=O)(C(=O)OC)O)OC(=O)C)CC)OC)C(=O)OC)O.OS(=O)(=O)O,1,923.0510000000004,245.76999999999998,5,14,2.864700000000004,234.7456999999995
[H]c1c([H])c([H])c2c([H])c3c(c([H])c2c1[H])-c1c([H])c([H])c([H])c2c([H])c([H])c([H])c-3c12,1,252.31599999999997,0.0,0,0,5.640400000000003,85.88400000000003
[H]Oc1c2c(c(O[H])c3c1C([H])([H])[C@@](O[H])(C(=O)C([H])([H])[H])C([H])([H])[C@]3([H])O[C@]1([H])O[C@@]([H])(C([H])([H])[H])[C@@]([H])(O[H])[C@@]([H])(N([H])[H])C1([H])[H])C(=O)c1c(OC([H])([H])[H])c([H])c([H])c([H])c1C2=O,1,527.5260000000003,185.83999999999997,5,11,1.0288999999999997,130.3426
[H]C1=C([H])c2c3c1c([H])c([H])c([H])c3c([H])c1c([H])c([H])c3c([H])c([H])c([H])c([H])c3c21,1,252.31599999999997,0.0,0,0,5.6300000000000034,87.88800000000005
[H]O[C@@]1([H])[C@@]2([H])O[C@]3([H])C([H])=C(C([H])([H])[H])[C@@]([H])(OC(=O)C([H])([H])C([H])(C([H])([H])[H])C([H])([H])[H])C([H])([H])[C@]3(C([H])([H])OC(=O)C([H])([H])[H])[C@@](C([H])([H])[H])([C@]1([H])OC(=O)C([H])([H])[H])[C@@]21OC1([H])[H],1,466.5270000000003,120.89000000000001,1,9,1.6926999999999996,113.78680000000006
[H]c1c([H])c([H])c2c([H])c3c(c([H])c([H])c4c5c([H])c([H])c([H])c([H])c5c([H])c([H])c34)c([H])c2c1[H],1,278.354,0.0,0,0,6.299400000000004,96.46600000000005
[H]c1c([H])c([H])c2c([H])c3c4c([H])c([H])c([H])c([H])c4c4c([H])c([H])c([H])c([H])c4c3c([H])c2c1[H],1,278.354,0.0,0,0,6.299400000000003,96.46600000000005
[H]C1([H])OC([H])([H])C([H])([H])N(P(=S)(N2C([H])([H])C2([H])[H])N2C([H])([H])C2([H])[H])C1([H])[H],1,233.27699999999993,18.490000000000002,0,2,0.17430000000000012,59.823000000000036
[H]c1c([H])c([H])c2c(c1[H])c([H])c([H])c1c([H])c3c([H])c([H])c4c([H])c([H])c([H])c([H])c4c3c([H])c12,1,278.354,0.0,0,0,6.299400000000003,96.46600000000005
[H]c1c([H])c([H])c2c(c1[H])c([H])c([H])c1nc3c([H])c([H])c4c([H])c([H])c([H])c([H])c4c3c([H])c12,1,279.342,12.89,0,1,5.6944000000000035,94.26100000000005
[H]c1c([H])c([H])c2c(c1[H])c([H])c([H])c1c([H])c3c([H])c([H])c4c([H])c([H])c([H])c([H])c4c3nc12,1,279.342,12.89,0,1,5.694400000000003,94.26100000000005
[H]c1c([H])c(N([H])[H])c2c([H])c([H])c([H])c(N([H])[H])c2c1[H],1,158.20399999999995,52.04,2,2,2.0042,52.77280000000001
[H]c1c([H])c([H])c2c([H])c3c(nc2c1[H])c([H])c([H])c1c([H])c([H])c([H])c([H])c13,1,229.282,12.89,0,1,4.541200000000003,76.75500000000004
[H]c1c([H])c([H])c2c([H])c3c([H])c([H])c4c([H])c([H])c([H])c([H])c4c3nc2c1[H],1,229.28199999999998,12.89,0,1,4.541200000000003,76.75500000000004
[H]c1c([H])c([H])c2c(c1[H])c([H])c([H])c1c([H])c3c(nc12)c([H])c([H])c1c([H])c([H])c([H])c([H])c13,1,279.342,12.89,0,1,5.6944000000000035,94.26100000000002
[H]c1c([H])c2c(c([H])c1OC(=O)C([H])([H])c1c([H])c([H])c(N(C([H])([H])C([H])([H])Cl)C([H])([H])C([H])([H])Cl)c([H])c1[H])C([H])([H])C([H])([H])[C@@]1([H])[C@]3([H])C([H])([H])C([H])([H])[C@]([H])(OC(=O)C([H])([H])c4c([H])c([H])c(N(C([H])([H])C([H])([H])Cl)C([H])([H])C([H])([H])Cl)c([H])c4[H])[C@@]3(C([H])([H])[H])C([H])([H])C([H])([H])[C@]21[H],1,788.6839999999997,59.08,0,6,9.4133,214.1719999999993
[H]c1oc2c([H])c([H])c3c(C([H])([H])[H])c([H])c(=O)oc3c2c1C([H])([H])[H],1,214.21999999999994,43.35,0,3,3.1560400000000017,61.73000000000002
[H]Oc1c2c(c(O[H])c3c1C([H])([H])[C@@](O[H])(C(=O)C([H])([H])O[H])C([H])([H])[C@]3([H])O[C@]1([H])O[C@@]([H])(C([H])([H])[H])[C@@]([H])(O[H])[C@@]([H])(N([H])[H])C1([H])[H])C(=O)c1c(OC([H])([H])[H])c([H])c([H])c([H])c1C2=O,1,543.5250000000002,206.07,6,12,0.0012999999999994127,131.75439999999998
CCN(CC)CCNC1=C2C(=C(C=C1)CO)SC3=CC=CC=C3C2=O.CS(=O)(=O)O,1,452.5980000000002,106.94000000000001,3,7,3.1647000000000007,125.27410000000006
[H]c1c([H])c([H])c2c(c1[H])-c1c([H])c([H])c3c([H])c([H])c([H])c([H])c3c1C2([H])[H],1,216.28299999999996,0.0,0,0,4.411000000000003,72.19000000000004
[H]C1([H])C([H])([H])C2([H])OC2([H])C1([H])OC1([H])C([H])([H])C([H])([H])C2([H])OC12[H],1,182.21899999999997,34.29,0,3,0.8625999999999998,44.45100000000003
[H]c1c([H])c([H])c2c(sc3c4c([H])c([H])c([H])c([H])c4c([H])c([H])c32)c1[H],1,234.323,0.0,0,1,5.2077000000000035,76.83700000000003
[H]Oc1c(C(=O)N([H])c2c([H])c([H])c([H])c([N+](=O)[O-])c2[H])c([H])c2c([H])c([H])c([H])c([H])c2c1N=Nc1c([H])c([N+](=O)[O-])c([H])c([H])c1OC([H])([H])[H],1,487.4280000000002,169.56,2,9,6.038100000000004,130.48680000000002
[H]C([H])([H])C([H])([H])C([H])([H])C([H])([H])OC([H])([H])C1([H])OC1([H])[H],1,130.18699999999998,21.759999999999998,0,2,1.2019,35.467
[H]Oc1c(N=Nc2c([H])c([H])c(-c3c([H])c([H])c(N=Nc4c(S(=O)(=O)O)c([H])c5c([H])c(S(=O)(=O)O)c([H])c(N([H])[H])c5c4O[H])c(OC([H])([H])[H])c3[H])c([H])c2OC([H])([H])[H])c(S(=O)(=O)O)c([H])c2c([H])c(S(=O)(=O)O)c([H])c(N([H])[H])c12,1,904.8920000000002,377.88,8,18,6.0704000000000065,212.64279999999988
[H]c1c([H])c([H])c2c(c1[H])-c1c(c([H])c3c([H])c([H])c([H])c([H])c3c1[H])C2([H])[H],1,216.283,0.0,0,0,4.411000000000003,72.19000000000003
[H]OC(=O)C([H])([H])C([H])([H])C([H])([H])C([H])([H])C([H])([H])C([H])([H])C([H])([H])C1([H])OC1([H])C([H])([H])C([H])([H])C([H])([H])C([H])([H])C([H])([H])C([H])([H])C([H])([H])C([H])([H])[H],1,298.46700000000004,49.83,1,2,5.319700000000005,86.60880000000007
C1=CC(=CC=C1C(=O)Cl)C(=O)Cl.C1=CC(=CC=C1N)N,1,311.16800000000006,86.17999999999999,2,4,3.295600000000001,82.07580000000002
[H]C([H])=C([H])OS(=O)(=O)c1c([H])c([H])c([H])c([H])c1C([H])([H])[H],1,198.243,43.370000000000005,0,3,1.84382,49.64680000000003
[H]Oc1c([H])c([H])c(OC([H])([H])[H])c([H])c1C(C([H])([H])[H])(C([H])([H])[H])C([H])([H])[H],1,180.24699999999999,29.46,1,2,2.6983000000000006,53.35880000000004
C1CCC(=O)NCC1.C(CCCN)CCN.C(CCC(=O)O)CC(=O)O,1,375.5100000000001,155.74,5,5,1.8568000000000016,101.79410000000006
[H]c1c([H])c2c([H])c([H])c3c([H])c([H])c4c5c(c([H])c(c1[H])c2c35)C([H])([H])C4([H])[H],1,228.29399999999993,0.0,0,0,4.6826000000000025,77.55400000000003
[H]/C(=N\c1nnc(/C([H])=C(\[H])c2oc([N+](=O)[O-])c([H])c2[H])o1)N(C([H])([H])[H])C([H])([H])[H],1,277.24,110.8,0,7,1.9625999999999997,70.4274
[H]c1c(N([H])[H])nc2c(c1[H])c1c([H])c([H])c([H])c([H])c1n2[H],1,183.214,54.699999999999996,2,2,2.2983,58.01210000000002
[H]c1c([H])c([H])c2c(c1[H])Oc1c([H])c([H])c([H])c([H])c1O2,1,184.194,18.46,0,2,3.584600000000002,53.032000000000025
[H]Oc1c([H])c([H])c2c([H])c([H])c([H])c([H])c2c1N=Nc1c([H])c([H])c([H])c([H])c1C([H])([H])[H],1,262.312,44.95,1,3,5.269220000000003,80.96780000000003
[H]c1c([H])c(C([H])([H])[H])c(N=C=O)c([H])c1N=C=O,1,174.15899999999996,58.86,0,4,1.9296200000000001,46.74200000000002
[H]C1=C([H])c2c([H])c3c([H])c([H])c([H])c4c([H])c([H])c5c([H])c([H])c1c2c5c43,1,226.27799999999996,0.0,0,0,5.067800000000003,79.07400000000004
[H]Oc1c([H])c([H])c2c([H])c(S(=O)(=O)O[H])c([H])c([H])c2c1N=Nc1c([H])c([H])c(S(=O)(=O)O[H])c([H])c1[H],1,408.4130000000001,153.68999999999997,3,7,3.454200000000001,95.86000000000003
[H]OC([H])([H])C([H])([H])N(c1c([H])c([H])c(N([H])C([H])([H])[H])c([N+](=O)[O-])c1[H])C([H])([H])C([H])([H])O[H],1,255.27399999999994,98.87,3,6,0.4274999999999996,69.02770000000002
[H]Oc1c([H])c([H])c(C([H])([H])[H])c([H])c1N=Nc1c([H])c([H])c(N([H])C(=O)C([H])([H])[H])c([H])c1[H],1,269.304,74.05000000000001,2,4,4.074420000000003,77.76550000000003
[H]Oc1c([H])c(-c2c([H])c([H])c(N=Nc3c(S(=O)(=O)O)c([H])c4c([H])c(S(=O)(=O)O)c([H])c(N([H])[H])c4c3O[H])c(O[H])c2[H])c([H])c([H])c1N=Nc1c(S(=O)(=O)O)c([H])c2c([H])c(S(=O)(=O)O)c([H])c(N([H])[H])c2c1O[H],1,876.8380000000001,399.88,10,18,5.464400000000003,202.8684
[H]c1c([H])c(N([H])[H])c(Cl)c([H])c1Oc1c([H])c([H])c(N([H])[H])c(Cl)c1[H],1,269.131,61.269999999999996,2,3,3.950100000000001,71.80280000000002
[H]OC([H])([H])C([H])([H])N([H])c1c([H])c([H])c(N([H])[H])c([H])c1[N+](=O)[O-],1,197.194,101.42,3,5,0.5811999999999999,53.084300000000006
[H]c1c([H])c([N+](=O)[O-])c([H])c([H])c1OP(=S)(OC([H])([H])[H])OC([H])([H])[H],1,263.21099999999996,70.83000000000001,0,6,2.490900000000001,62.02740000000003
[H]c1oc2c(OC([H])([H])[H])c3oc(=O)c([H])c([H])c3c([H])c2c1[H],1,216.19199999999998,52.580000000000005,0,4,2.5478000000000005,58.808000000000014
[H]OC([H])(O[H])C(Cl)(Cl)Cl,1,165.403,40.46,2,2,0.6672999999999998,28.515599999999996
[H]OC([H])([H])[C@@]1([H])O[C@@]([H])(n2c([H])c(C([H])([H])[H])c(=O)n([H])c2=O)C([H])([H])[C@]1([H])N=[N+]=[N-],1,267.245,133.08,2,6,-0.19628,64.60650000000001
[H]C([H])([H])C1([H])OC(=O)C1([H])[H],1,86.08999999999999,26.3,0,2,0.3218,20.170999999999996
[H]C([H])([H])[H],1,16.043,0.0,0,0,0.6361,6.731
c12c3c4c5c1c1c6c7c2c2c8c3c3c9c4c4c%10c5c5c1c1c6c6c%11c7c2c2c7c8c3c3c8c9c4c4c9c%10c5c5c1c1c6c6c%11c2c2c7c3c3c8c4c4c9c5c1c1c6c2c3c41,1,720.6599999999999,0.0,0,0,17.73000000000001,260.76000000000016
[C-]#[Si+],1,40.096999999999994,0.0,0,0,-0.29951000000000005,8.997
[H]C1([H])[C@@]2([H])[C@@]3([H])O[C@@]3([H])[C@]1([H])[C@]1([H])[C@@]2([H])[C@]2(Cl)C(Cl)=C(Cl)[C@@]1(Cl)C2(Cl)Cl,1,380.913,12.53,0,1,4.481400000000002,77.57500000000002
[H]OC(=O)c1c([H])c2c(c3c1c([N+](=O)[O-])c([H])c1c(OC([H])([H])[H])c([H])c([H])c([H])c13)OC([H])([H])O2,1,341.2750000000001,108.13000000000001,1,6,3.336700000000002,87.74270000000004
[H]Oc1c(N=Nc2c([H])c([H])c(-c3c([H])c([H])c(N=Nc4c([H])c([H])c5c(S(=O)(=O)O)c([H])c(S(=O)(=O)O)c(N([H])[H])c5c4O[H])c(C([H])([H])[H])c3[H])c([H])c2C([H])([H])[H])c([H])c([H])c2c(S(=O)(=O)O)c([H])c(S(=O)(=O)O)c(N([H])[H])c12,1,872.8940000000001,359.42,8,16,6.670040000000008,209.0127999999999
[H]OC([H])([H])C(C([H])([H])Br)(C([H])([H])Br)C([H])([H])O[H],1,261.941,40.46,2,2,0.7471999999999999,44.19260000000002
[H]OC(=O)/C([H])=C(\[H])c1c([H])c([H])c(O[H])c(O[H])c1[H],1,180.159,77.76,3,3,1.1956,46.441400000000016
[H]OC([H])([H])C([H])([H])N([H])c1c([H])c([H])c(N(C([H])([H])C([H])([H])O[H])C([H])([H])C([H])([H])O[H])c([H])c1[N+](=O)[O-],1,285.3,119.10000000000002,4,7,-0.21000000000000013,75.05650000000001
C[C@@H]1OC[C@@H]2[C@@H](O1)[C@@H]([C@H]([C@@H](O2)OC3[C@H]4COC(=O)[C@@H]4[C@@H](C5=CC6=C(C=C35)OCO6)C7=CC(=C(C(=C7)OC)O)OC)O)O.CC1=C(N=C(N=C1N)[C@H](CC(=O)N)NC[C@@H](C(=O)N)N)C(=O)N[C@@H](C(C2=CN=CN2)O[C@H]3[C@H]([C@H]([C@@H]([C@@H](O3)CO)O)O)O[C@@H]4[C@@H]([C@H]([C@@H]([C@H](O4)CO)O)OC(=O)N)O)C(=O)N[C@H](C)[C@H]([C@H](C)C(=O)N[C@@H]([C@@H](C)O)C(=O)NCCC5=NC(=CS5)C6=NC(=CS6)C(=O)NCCC[S+](C)C)O.[NH2-].[NH2-].Cl[Pt+2]Cl,1,2302.1680000000006,854.9000000000002,23,44,-3.5542800000000314,499.3975000000008
[H]OC(=O)C(F)(F)C(F)(F)C(F)(F)C(F)(F)C(F)(F)C(F)(F)C(F)(F)F,1,414.06399999999996,37.3,1,1,4.4451,43.3728
[H]C(=O)N([H])N([H])c1nc(-c2oc([N+](=O)[O-])c([H])c2[H])c([H])s1,1,254.227,110.30000000000001,2,7,1.3841999999999999,59.29280000000001
CC(C)NC(=O)C1=CC=C(C=C1)CNNC.Cl,1,257.765,53.160000000000004,3,3,1.4705999999999997,72.19160000000004
[H]/C(=C(/C(=O)N([H])[H])c1oc([H])c([H])c1[H])c1oc([N+](=O)[O-])c([H])c1[H],1,248.194,112.51000000000002,1,5,1.8067,61.1358
[H]c1nc([H])c(C2([H])N(N=O)C([H])([H])C([H])([H])C([H])([H])C2([H])[H])c([H])c1[H],1,191.23399999999998,45.56,0,3,2.29,53.33000000000003
[H]/C(=N\N1C(=O)OC([H])(C([H])([H])N2C([H])([H])C([H])([H])OC([H])([H])C2([H])[H])C1([H])[H])c1oc([N+](=O)[O-])c([H])c1[H],1,324.29299999999995,110.65,0,8,0.6747000000000001,77.19040000000003
[H]C1=C([H])C(=[N+](C([H])([H])c2c([H])c([H])c([H])c(S(=O)(=O)O)c2[H])C([H])([H])C([H])([H])[H])C([H])=C([H])C1=C(c1c([H])c([H])c(N(C([H])([H])c2c([H])c([H])c([H])c(S(=O)(=O)O)c2[H])C([H])([H])C([H])([H])[H])c([H])c1[H])c1c([H])c([H])c([H])c([H])c1S(=O)(=O)[O-],1,748.9010000000002,172.19,2,8,5.712100000000006,193.89879999999954
[H]c1c(C([H])([H])[H])c2c([H])c3c([H])c(C([H])([H])[H])oc3c(C([H])([H])[H])c2oc1=O,1,228.24699999999993,43.35,0,3,3.4644600000000025,66.46700000000003
[H]c1c(C([H])([H])[H])c2c([H])c([H])c3oc(C([H])([H])[H])c([H])c3c2oc1=O,1,214.21999999999994,43.35,0,3,3.1560400000000017,61.73000000000002
[H]C1([H])SC1([H])[H],1,60.121,0.0,0,1,0.7332,17.325
[H]Oc1c(N=Nc2c([H])c(S(=O)(=O)O)c(C([H])([H])[H])c([H])c2C([H])([H])[H])c([H])c(S(=O)(=O)O)c2c([H])c([H])c([H])c([H])c12,1,436.4670000000001,153.69,3,7,4.071040000000002,105.33400000000003
[H]C1=C([H])C(=[N+](C([H])([H])c2c([H])c([H])c([H])c(S(=O)(=O)[O-])c2[H])C([H])([H])C([H])([H])[H])C([H])=C([H])C1=C(c1c([H])c([H])c([H])c([H])c1[H])c1c([H])c([H])c(N(C([H])([H])c2c([H])c([H])c([H])c(S(=O)(=O)O)c2[H])C([H])([H])C([H])([H])[H])c([H])c1[H],1,668.8370000000002,117.82000000000001,1,6,6.465400000000007,184.08419999999947
[H]c1c([H])c([H])c(N([H])[H])c(-c2c([H])c([H])c(N([H])[H])c([H])c2[H])c1[H],1,184.242,52.04,2,2,2.5180000000000007,60.70280000000002
[H]N=C(c1c([H])c([H])c(N(C([H])([H])[H])C([H])([H])[H])c([H])c1[H])c1c([H])c([H])c(N(C([H])([H])[H])C([H])([H])[H])c([H])c1[H],1,267.37600000000003,30.330000000000005,1,3,3.234770000000002,87.46870000000004
[H]OC(=O)c1c([H])c([H])c([H])c([H])c1N=Nc1c([H])c([H])c(N(C([H])([H])[H])C([H])([H])[H])c([H])c1[H],1,269.304,65.25999999999999,1,4,3.866200000000002,78.34630000000004
[H]c1c(N(C([H])([H])[H])C([H])([H])[H])c([H])c2nc3c([H])c(N(C([H])([H])[H])C([H])([H])[H])c([H])c([H])c3c([H])c2c1[H],1,265.36,19.370000000000005,0,3,3.5200000000000022,87.90300000000003
[H]c1c([H])c(C([H])(c2c([H])c([H])c(Cl)c([H])c2[H])C(Cl)(Cl)Cl)c([H])c([H])c1Cl,1,354.491,0.0,0,0,6.495500000000002,85.03700000000003
CCN(CC)CCOC1=CC=C(C=C1)C(=C(C2=CC=CC=C2)Cl)C3=CC=CC=C3.C(C(=O)O)C(CC(=O)O)(C(=O)O)O,1,598.0920000000004,144.60000000000002,4,6,5.314100000000005,161.46919999999974
[H]c1c([H])c(C([H])([H])[H])c2oc3c(C([H])([H])[H])c(=O)c(N([H])[H])c(C(=O)N([H])[C@]4([H])C(=O)N([H])[C@]([H])(C([H])(C([H])([H])[H])C([H])([H])[H])C(=O)N5C([H])([H])C([H])([H])C([H])([H])[C@@]5([H])C(=O)N(C([H])([H])[H])C([H])([H])C(=O)N(C([H])([H])[H])[C@@]([H])(C([H])(C([H])([H])[H])C([H])([H])[H])C(=O)O[C@]4([H])C([H])([H])[H])c-3nc2c1C(=O)N([H])[C@]1([H])C(=O)N([H])[C@]([H])(C([H])(C([H])([H])[H])C([H])([H])[H])C(=O)N2C([H])([H])C([H])([H])C([H])([H])[C@@]2([H])C(=O)N(C([H])([H])[H])C([H])([H])C(=O)N(C([H])([H])[H])[C@@]([H])(C([H])(C([H])([H])[H])C([H])([H])[H])C(=O)O[C@]1([H])C([H])([H])[H],1,1255.4379999999992,359.98,5,18,0.7256400000000058,325.4772000000007
[H]Oc1c([H])oc(C([H])([H])O[H])c([H])c1=O,1,142.10999999999999,70.67000000000002,2,4,-0.16229999999999994,32.56559999999999
[H]C([H])(Cl)C([H])([H])SC([H])([H])C([H])([H])Cl,1,159.08100000000002,0.0,0,1,2.1972000000000005,38.76500000000001
O=[Sn].[In],1,249.52800000000002,17.07,0,1,-0.8804000000000001,12.194499999999998
[H]c1c2c(c([H])c(C([H])([H])C([H])([H])C([H])([H])[H])c1C([H])([H])OC([H])([H])C([H])([H])OC([H])([H])C([H])([H])OC([H])([H])C([H])([H])C([H])([H])C([H])([H])[H])OC([H])([H])O2,1,338.4440000000001,46.150000000000006,0,5,3.7177000000000024,92.76200000000007
[H]C1([H])N(c2nc(N3C([H])([H])C3([H])[H])nc(N3C([H])([H])C3([H])[H])n2)C1([H])[H],1,204.237,47.7,0,6,-0.6683999999999999,56.46600000000003
[H]C([H])([H])N(C([H])([H])C([H])([H])Cl)C([H])([H])C([H])([H])Cl,1,156.056,3.24,0,1,1.3958,38.93700000000001
[H]N([H])C(=O)OC([H])([H])C([H])([H])[H],1,89.09400000000001,52.32000000000001,1,2,0.10160000000000013,21.209399999999995
[H]C(Cl)=C(C([H])([H])[H])C([H])([H])[H],1,90.553,0.0,0,0,2.1489000000000003,25.28399999999999
[H]OS(=O)(=O)c1c([H])c([H])c([H])c(C([H])([H])[N+](=C2C([H])=C([H])C(=C(c3c([H])c([H])c(N(C([H])([H])c4c([H])c([H])c([H])c(S(=O)(=O)O)c4[H])C([H])([H])C([H])([H])[H])c([H])c3[H])c3c([H])c([H])c(S(=O)(=O)[O-])c([H])c3[H])C([H])=C2[H])C([H])([H])C([H])([H])[H])c1[H],1,748.9010000000002,172.19,2,8,5.712100000000007,193.89879999999957
CC1=CC(=C(C=C1Cl)S(=O)(=O)[O-])N=NC2=C(C=CC3=CC=CC=C32)O.CC1=CC(=C(C=C1Cl)S(=O)(=O)[O-])N=NC2=C(C=CC3=CC=CC=C32)O.[Ba+2],1,888.9540000000002,204.29999999999998,2,12,9.272639999999996,193.6359999999997
[H]Oc1c([H])c([H])c(N=Nc2c([H])c([H])c(S(=O)(=O)O)c([H])c2[H])c2c([H])c([H])c([H])c([H])c12,1,328.3490000000001,99.32000000000001,2,5,4.207500000000002,86.04540000000003
[H]c1oc2c([H])c([H])c3c([H])c([H])c(=O)oc3c2c1[H],1,186.16599999999997,43.35,0,3,2.539200000000001,52.25600000000002
[H]c1c([H])c([H])c2c(c1[H])c([H])c([H])c1c([H])c3c(c([H])c([H])c4c([H])c([H])c([H])c([H])c43)c([H])c12,1,278.354,0.0,0,0,6.299400000000003,96.46600000000004
[H]c1c([H])c(N([H])[H])c([N+](=O)[O-])c([H])c1N([H])[H],1,153.14099999999996,95.17999999999999,2,4,0.7592000000000001,41.9212
[H]c1sc(N([H])C(=O)C([H])([H])[H])nc1-c1oc([N+](=O)[O-])c([H])c1[H],1,253.23899999999998,98.27000000000001,1,6,2.2697000000000003,60.774100000000004
[H]c1c([H])c([H])c2c(c1[H])-c1c([H])c3c([H])c([H])c([H])c([H])c3c3c([H])c4c([H])c([H])c([H])c([H])c4c-2c13,1,302.37600000000003,0.0,0,0,6.793600000000003,103.39000000000003
[H]OC(=O)c1c([H])c(S(=O)(=O)N([H])[H])c(Cl)c([H])c1N([H])C([H])([H])c1oc([H])c([H])c1[H],1,330.7490000000001,122.63,3,5,1.8907,75.81920000000002
[H]c1nc([H])c([H])c(C(=O)N([H])N([H])[H])c1[H],1,137.14200000000002,68.01,2,3,-0.3149000000000001,35.8906
[H]c1c([H])c(Cl)c([H])c(Cl)c1[H],1,147.004,0.0,0,0,2.993400000000001,36.46200000000001
[H]C(Cl)=C([H])C([H])([H])Cl,1,110.97100000000002,0.0,0,0,1.9777,25.712999999999994
[H]C([H])(Cl)OC([H])([H])Cl,1,114.959,9.23,0,1,1.3956,22.52499999999999
[H]C1([H])N(P(=O)(N2C([H])([H])C2([H])[H])N2C([H])([H])C2([H])[H])C1([H])[H],1,173.15599999999995,26.099999999999994,0,1,0.04129999999999989,42.32550000000002
CCN(CC)C(=S)[S-].CCN(CC)C(=S)[S-].CCN(CC)C(=S)[S-].CCN(CC)C(=S)[S-].[Se+4],1,672.0640000000003,12.96,0,8,4.259200000000004,177.2899999999995
[H]c1c([H])c(C([H])(c2c([H])c([H])c(N(C([H])([H])[H])C([H])([H])[H])c([H])c2[H])c2c([H])c([H])c(N(C([H])([H])[H])C([H])([H])[H])c([H])c2[H])c([H])c([H])c1N(C([H])([H])[H])C([H])([H])[H],1,373.5440000000001,9.72,0,3,5.064800000000004,123.25200000000007
C(CCl)NC[C@H]([C@H]([C@@H]([C@@H](CNCCCl)O)O)O)O.Cl.Cl,1,378.12399999999997,104.98,6,6,-1.0695999999999999,85.7026
[H]/C(=N\N1C(=O)N([H])C([H])([H])C1([H])[H])c1oc([N+](=O)[O-])c([H])c1[H],1,224.176,100.98,1,5,0.5468999999999999,53.06110000000001
[H]OC(=O)C([H])(Cl)Br,1,173.393,37.3,1,1,1.0308,26.203799999999998
ClC(Cl)(Cl)Cl,1,153.823,0.0,0,0,2.5529,26.143
[H]c1c([H])c([H])c2c([H])c3c(c([H])c([H])c4c([H])c([H])c([H])c([H])c43)c([H])c2c1[H],1,228.29399999999998,0.0,0,0,5.146200000000003,78.96000000000004
CC(C1=CC=CC=C1)(C2=CC=CC=N2)OCCN(C)C.C(CC(=O)O)C(=O)O,1,388.46400000000017,99.96,2,5,2.8590999999999998,106.1446000000001
[H]C([H])=C(C([H])([H])[H])C([H])([H])Cl,1,90.553,0.0,0,0,1.8013,25.53399999999999
[H]c1c([H])c(C([H])([H])OC([H])([H])Cl)c([H])c([H])c1C([H])([H])OC([H])([H])Cl,1,235.10999999999999,18.46,0,2,3.112400000000002,57.46000000000003
C1=CC(=N)C=CC1=C(C2=CC=C(C=C2)N)C3=CC=C(C=C3)N.Cl,1,323.82699999999994,75.89,3,3,4.220470000000002,100.98549999999999
[H]C1=C([H])C(=[N+](C([H])([H])[H])C([H])([H])[H])C([H])=C([H])C1=C(c1c([H])c([H])c([H])c([H])c1[H])c1c([H])c([H])c(N(C([H])([H])[H])C([H])([H])[H])c([H])c1[H],1,329.4670000000001,6.25,0,1,4.393600000000004,108.62840000000006
[H]C([H])=C([H])C([H])([H])N=C=S,1,99.15799999999999,12.36,0,2,1.2752,30.089999999999993
[H]C([H])([H])C1([H])N(P(=O)(N2C([H])([H])C2([H])C([H])([H])[H])N2C([H])([H])C2([H])C([H])([H])[H])C1([H])[H],1,215.237,26.099999999999994,0,1,1.2068,56.11050000000004
[H]C1([H])OC(=O)C1([H])[H],1,72.063,26.3,0,2,-0.06670000000000009,15.576
[H]OC([H])(C([H])([H])[H])C([H])([H])OC(C([H])([H])[H])(C([H])([H])[H])C([H])([H])[H],1,132.203,29.46,1,2,1.1823000000000001,37.3858
[H]c1c([H])c(-c2c([H])c(Cl)c(Cl)c(Cl)c2[H])c([H])c(Cl)c1Cl,1,326.437,0.0,0,0,6.6206000000000005,76.92800000000001
[H]C1(Cl)C([H])(Cl)C([H])(Cl)C([H])(Cl)C([H])(Cl)C1([H])Cl,1,290.832,0.0,0,0,3.644400000000001,57.846000000000025
[H]/C(=N\N([H])C(=O)N([H])[H])c1oc([N+](=O)[O-])c([H])c1[H],1,198.13799999999998,123.76000000000002,2,5,0.1900000000000001,45.6755
[H]C([H])(/N=[N+](\[O-])C([H])([H])[H])OC(=O)C([H])([H])[H],1,132.119,64.72999999999999,0,4,0.09930000000000005,28.612399999999987
[H]OC([H])([H])C([H])([H])OC([H])([H])n1c([H])nc2c(=O)n([H])c(N([H])[H])nc21,1,225.208,119.04999999999998,3,7,-1.3317999999999988,55.59890000000001
[H]C([H])=C([H])Br,1,106.94999999999999,0.0,0,0,1.5248,19.123999999999995
[H]c1c(Br)c(Br)c([H])c(-c2c([H])c(Br)c(Br)c([H])c2Br)c1Br,1,627.588,0.0,0,0,7.928600000000003,98.078
[H]N([H])C(=O)OC([H])([H])[H],1,75.06700000000001,52.32000000000001,1,2,-0.2885,16.5924
[H]OC([H])([H])C([H])([H])Oc1c([H])c([N+](=O)[O-])c([H])c([H])c1N([H])C([H])([H])C([H])([H])O[H],1,242.231,104.86,3,6,0.3700999999999997,61.25270000000003
[H]O[C@]([H])([C@]([H])(C([H])([H])[H])C([H])([H])/C([H])=C(\[H])C([H])([H])[H])[C@@]1([H])C(=O)N([H])[C@@]([H])(C([H])([H])C([H])([H])[H])C(=O)N(C([H])([H])[H])C([H])([H])C(=O)N(C([H])([H])[H])[C@@]([H])(C([H])([H])C([H])(C([H])([H])[H])C([H])([H])[H])C(=O)N([H])[C@@]([H])(C([H])(C([H])([H])[H])C([H])([H])[H])C(=O)N(C([H])([H])[H])[C@@]([H])(C([H])([H])C([H])(C([H])([H])[H])C([H])([H])[H])C(=O)N([H])[C@@]([H])(C([H])([H])[H])C(=O)N([H])[C@]([H])(C([H])([H])[H])C(=O)N(C([H])([H])[H])[C@@]([H])(C([H])([H])C([H])(C([H])([H])[H])C([H])([H])[H])C(=O)N(C([H])([H])[H])[C@@]([H])(C([H])([H])C([H])(C([H])([H])[H])C([H])([H])[H])C(=O)N(C([H])([H])[H])[C@@]([H])(C([H])(C([H])([H])[H])C([H])([H])[H])C(=O)N1C([H])([H])[H],1,1202.634999999999,278.8,5,12,3.2690000000000046,328.4446000000004
[H]C([H])=C(C([H])([H])[H])[C@@]1([H])C([H])([H])C([H])=C(C([H])([H])[H])C([H])([H])C1([H])[H],1,136.23799999999997,0.0,0,0,3.308900000000002,45.91200000000003
[H]c1c([H])c([H])c(N=Nc2c([H])c([H])c(N([H])[H])c([H])c2[H])c([H])c1[H],1,197.241,50.739999999999995,1,3,3.6842000000000015,61.47240000000002
[H]c1c([H])c([H])c(N=Nc2c([H])c([H])c(N(C([H])([H])[H])C([H])([H])[H])c([H])c2[H])c([H])c1[H],1,225.29500000000002,27.96,0,3,4.168000000000003,71.38700000000004
[H]O[C@@]([H])(c1c([H])c([H])c(OC(=O)C(C([H])([H])[H])(C([H])([H])[H])C([H])([H])[H])c(OC(=O)C(C([H])([H])[H])(C([H])([H])[H])C([H])([H])[H])c1[H])C([H])([H])N([H])C([H])([H])[H],1,351.4430000000001,84.86000000000001,2,6,2.8424000000000014,95.50850000000005
[H]C([H])([H])N(N=O)C([H])([H])C([H])([H])C#N,1,113.12,56.46,0,3,0.51328,28.65499999999999
[H]c1c(Cl)c(N([H])[H])c(Cl)c([H])c1N([H])[H],1,177.034,52.04,2,2,2.1578,45.2868
[H]c1c([H])c([N+](=O)[O-])c(Cl)c([H])c1Cl,1,192.00099999999998,43.14,0,2,2.9016,43.11640000000001
CNC1=CC=CC=C1N.Cl.Cl,1,195.09300000000002,38.05,2,2,2.1540999999999997,54.89710000000002
[H]C([H])([H])N(N=O)C(=O)OC([H])([H])C([H])([H])[H],1,132.119,58.97,0,4,0.7561,30.579999999999988
[H]C([H])([H])C([H])([H])OS(=O)(=O)C([H])([H])[H],1,124.16099999999999,43.370000000000005,0,3,-0.01749999999999985,26.46979999999999
C1=CC=C(C=C1)N.Cl,1,129.59,26.02,1,1,1.6905999999999997,38.10240000000001
[H]C([H])([H])C([H])([H])C([H])([H])N(N=O)C([H])([H])C([H])([H])C([H])([H])[H],1,130.19099999999997,32.67,0,2,1.7898,37.95
[H]c1c([H])c([H])c2c(c1[H])c1c(C([H])([H])[H])nc(N([H])[H])c(C([H])([H])[H])c1n2[H],1,211.26799999999997,54.699999999999996,2,2,2.91514,67.48610000000001
[H]c1c([H])c([H])c2c(c1[H])c1c(C([H])([H])[H])nc(N([H])[H])c([H])c1n2[H],1,197.24099999999999,54.699999999999996,2,2,2.60672,62.74910000000001
[H]N([H])C(=O)OC([H])([H])C([H])([H])C([H])([H])[H],1,103.12100000000001,52.32000000000001,1,2,0.4917000000000001,25.826399999999996
CC(COC1=CC=CC=C1)N(CCCl)CC2=CC=CC=C2.Cl,1,340.2939999999999,12.47,0,2,4.616700000000005,96.21900000000005
[H]c1c([H])c([H])c2c(c1[H])c([N+](=O)[O-])c1c([H])c([H])c3c([H])c([H])c([H])c4c([H])c([H])c2c1c34,1,297.31300000000005,43.14,0,2,5.645400000000003,94.30640000000004
[H]OC(=O)C([H])(Br)Br,1,217.844,37.3,1,1,1.1869,29.277799999999996
CC1=CC(=C(C2=CC=C(C=C2)N)C3=CC=C(C=C3)N)C=CC1=N.Cl,1,337.854,75.89,3,3,4.610570000000004,105.60250000000005
[H]Oc1c([H])c([H])c2c([H])c([H])c([H])c([H])c2c1N=Nc1c([H])c(OC([H])([H])[H])c([H])c([H])c1OC([H])([H])[H],1,308.33700000000005,63.41000000000001,1,5,4.978000000000003,89.33480000000003
[H]C([H])([H])C([H])([H])OC(C([H])([H])[H])(C([H])([H])[H])C([H])([H])[H],1,102.17699999999999,9.23,0,1,1.8214000000000001,31.37899999999998
[H]OS(=O)(=O)c1c([H])c(N([H])c2c([H])c([H])c([N+](=O)[O-])c([H])c2[N+](=O)[O-])c([H])c([H])c1N([H])c1c([H])c([H])c([H])c([H])c1[H],1,430.3980000000001,164.71,3,8,4.236900000000001,109.0148
[H]OC([H])([H])C([H])([H])[H],1,46.069,20.23,1,1,-0.0014000000000000679,12.759800000000002
[H]C([H])([H])C([H])([H])OS(=O)(=O)OC([H])([H])C([H])([H])[H],1,154.18699999999998,52.60000000000001,0,4,0.30420000000000014,32.17179999999999
[H]c1c([H])c([H])c2c3c4c(c([H])c([H])c([H])c4c([H])c2c1[H])C([H])([H])C3([H])[H],1,204.27199999999993,0.0,0,0,4.091600000000002,68.86200000000002
[H]c1c([H])c(N([H])[H])c([H])c(N([H])[H])c1N=Nc1c([H])c([H])c([H])c2c([H])c([H])c([H])c([H])c12,1,262.31600000000003,76.76,2,4,4.419600000000002,83.39080000000003
C[As+](C)(C)CC(=O)[O-],1,178.06299999999996,40.129999999999995,0,2,0.07449999999999979,33.15999999999999
[H]Oc1c([H])c([H])c2c([H])c(S(=O)(=O)O)c([H])c(S(=O)(=O)O)c2c1N=Nc1c([H])c([H])c(-c2c([H])c([H])c(N=Nc3c([H])c([H])c(OS(=O)(=O)c4c([H])c([H])c(C([H])([H])[H])c([H])c4[H])c([H])c3[H])c(C([H])([H])[H])c2[H])c([H])c1C([H])([H])[H],1,786.8660000000001,221.78,3,12,9.229560000000001,200.38079999999957
[H]C([H])([H])OS(=O)(=O)C([H])([H])[H],1,110.13399999999999,43.370000000000005,0,3,-0.40759999999999996,21.85279999999999
[H]c1c(N(C([H])([H])C([H])([H])Cl)C([H])([H])C([H])([H])Cl)c(=O)n([H])c(=O)n1[H],1,252.10100000000003,68.96000000000001,2,3,0.34720000000000006,61.336400000000005
O.O.O.O.O.O.O.O.O.O.O.O.O.O.O.O.O.O.O.O.O.O.O.O.O.O.O.O.O.O.[O-2].[O-][Si](=O)O[Si](=O)[O-].[Na+].[Al+3].[K+].[Ca+2],1,821.7640000000006,1062.99,0,5,-35.05900000000005,134.57449999999986
[H]OC([H])(C([H])([H])[H])C([H])([H])[H],1,60.096000000000004,20.23,1,1,0.3871,17.3548
[H]c1c(N([H])[H])nc2c(nc3c([H])c([H])c([H])c([H])n32)c1[H],1,184.20200000000003,56.209999999999994,1,4,1.4647,54.905400000000014
[H]c1c(N([H])[H])nc2c(nc3c(C([H])([H])[H])c([H])c([H])c([H])n32)c1[H],1,198.229,56.209999999999994,1,4,1.77312,59.64240000000002
[H]C(=O)N(C([H])([H])[H])C([H])([H])[H],1,73.095,20.310000000000002,0,1,-0.2956000000000001,19.750999999999998
[H]C1=C(N2C([H])([H])C2([H])[H])C(=O)C(N2C([H])([H])C2([H])[H])=C(N2C([H])([H])C2([H])[H])C1=O,1,231.25499999999994,43.169999999999995,0,5,-0.8195000000000001,59.84200000000002
[H]c1c([H])c([H])c2c(c1[H])c1c([H])c(C([H])([H])[H])c(N([H])[H])nc1n2[H],1,197.24099999999996,54.699999999999996,2,2,2.6067199999999993,62.74910000000001
CNC.C1=CC(=C(C=C1Cl)Cl)OCC(=O)O.C(=O)(C(Cl)(Cl)Cl)C(Cl)(Cl)Cl,1,530.874,75.63,2,4,5.588300000000002,110.1635
[H]OC([H])([H])[C@@]1([H])O[C@@]([H])(n2c([H])nc3c(=O)n([H])c([H])nc32)C([H])([H])C1([H])[H],1,236.231,93.02999999999999,2,6,-0.21050000000000058,58.378500000000024
[H]N=C(N([H])[N+](=O)[O-])N(N=O)C([H])([H])[H],1,147.094,111.69,2,5,-0.6843299999999999,31.4148
[H]c1c2c(c3c([H])c4c([H])c([H])c5c([H])c([H])c([H])c([H])c5c4c([H])c3c1[H])C([H])([H])C([H])([H])C2([H])[H],1,268.359,0.0,0,0,5.634900000000004,90.98500000000004
[H]C1=C2[C@@]([H])(C([H])([H])[H])C([H])([H])[C@@]3([H])[C@]4([H])C([H])([H])C([H])([H])[C@](OC(=O)C([H])([H])[H])(C(=O)C([H])([H])[H])[C@@]4(C([H])([H])[H])C([H])([H])C([H])([H])[C@]3([H])[C@@]2(C([H])([H])[H])C([H])([H])C([H])([H])C1=O,1,386.53200000000027,60.440000000000005,0,4,4.655200000000004,106.43500000000007
[H]C1=C([H])C([H])([H])C([H])(c2c([2H])nc([2H])c([2H])c2[2H])N(N=O)C1([H])[H],1,193.24240711199997,45.56,0,3,2.066,53.23600000000001
[H]Oc1c(N=Nc2c([H])c([H])c(-c3c([H])c([H])c(N=Nc4c(S(=O)(=O)O[H])c([H])c5c([H])c(S(=O)(=O)O[H])c([H])c(N([H])[H])c5c4O[H])c(C([H])([H])[H])c3[H])c([H])c2C([H])([H])[H])c(S(=O)(=O)O[H])c([H])c2c([H])c(S(=O)(=O)O[H])c([H])c(N([H])[H])c12,1,872.8940000000001,359.42,8,16,6.670040000000008,209.01279999999988
[H]c1c2nc3c([H])c([H])c(N(C([H])([H])[H])C([H])([H])[H])c([H])c3sc-2c([H])c(=[N+](C([H])([H])[H])C([H])([H])[H])c1[H],1,284.408,19.14,0,3,2.498900000000001,87.68600000000004
[H]c1oc2c([H])c(C([H])([H])[H])c3c([H])c([H])c(=O)oc3c2c1[H],1,200.19299999999996,43.35,0,3,2.847620000000001,56.993000000000016
[H]C([H])([H])Cl,1,50.488,0.0,0,0,0.855,11.777000000000001
[H]C([H])([H])C([H])([H])Br,1,108.966,0.0,0,0,1.4012,19.467999999999996
[Hg],1,200.59,0.0,0,0,-0.0025,0.0
[Ni],1,58.693,0.0,0,0,-0.0025,0.0
[232Th],1,232.0380553,0.0,0,0,0.0,0.0
[As],1,74.922,0.0,0,0,-0.3808,5.754
[Be],1,9.012,0.0,0,0,-0.3808,5.754
[Cd],1,112.412,0.0,0,0,-0.0025,0.0
[Cr],1,51.996,0.0,0,0,-0.0025,0.0
[Co],1,58.933,0.0,0,0,-0.0025,0.0
O=S=O,1,64.065,34.14,0,2,-0.6701999999999999,8.9198
[H]OC([H])([H])[C@@]1([H])O[C@@]([H])(n2c([H])c([H])c(N([H])[H])nc2=O)C([H])([H])C1([H])[H],1,211.22099999999995,90.37,2,6,-0.504600000000001,53.13920000000002
[H]C([H])=C([H])Cl,1,62.498999999999995,0.0,0,0,1.3687,16.05
[H]C([H])=C([H])F,1,46.044,0.0,0,0,1.0994,11.305000000000001
[H]C([H])(Cl)Cl,1,84.933,0.0,0,0,1.4215,16.573
[H]C1([H])OC1([H])[H],1,44.053,12.53,0,1,0.01660000000000006,10.819
[H]N1C([H])([H])C1([H])C([H])([H])[H],1,57.096000000000004,21.94,1,1,-0.02190000000000003,17.4647
[H]C([H])([H])C1([H])OC1([H])[H],1,58.07999999999999,12.53,0,1,0.4051,15.414000000000001
C[As](=O)(C)O,1,137.998,37.3,1,1,0.11099999999999993,20.387299999999996
[H]OC(C([H])([H])[H])(C([H])([H])[H])C([H])([H])[H],1,74.12299999999999,20.23,1,1,0.7772,21.971799999999995
[H]OC(=O)[C@@]1([H])N(N=O)C([H])([H])C([H])([H])C1([H])[H],1,144.13,69.97,1,3,0.21679999999999988,33.1588
[H]OC(=O)C(Cl)(Cl)Cl,1,163.387,37.3,1,1,1.4412,27.925800000000002
[H]Oc1c([H])c2c(nc(N([H])[H])n2C([H])([H])[H])c2c([H])c([H])c([H])nc12,1,214.22800000000004,76.96,2,5,1.4092999999999998,62.09220000000001
[H]Cl,1,36.461000000000006,0.0,0,0,0.4218,7.247999999999999
[H]OS(=O)(=O)O[H],1,98.07899999999998,74.6,2,2,-0.6527999999999998,14.1774
[H]C([H])([H])OS(=O)(=O)OC([H])([H])[H],1,126.13299999999998,52.60000000000001,0,4,-0.476,22.937799999999992
[H]c1nc2c([H])c(C([H])([H])[H])c3c(nc(N([H])[H])n3C([H])([H])[H])c2c([H])c1[H],1,212.256,56.73,1,4,2.01212,65.16440000000001
[H]OO[H],1,34.014,40.46,2,2,0.01739999999999997,5.2576
[H]c1nc2c([H])c([H])c3c(nc(N([H])[H])n3C([H])([H])[H])c2nc1C([H])([H])[H],1,213.24399999999997,69.62,1,5,1.4071199999999997,62.9594
O[Br+2](O)O,1,130.925,60.69,3,3,-1.671,6.6564
[O-][Cl+][O-],1,67.45100000000001,46.12,0,2,-2.378,0.0
[Se],1,78.96,0.0,0,0,-0.3808,5.754
[H]OC(=O)C([H])=C([H])[H],1,72.06300000000002,37.3,1,1,0.25700000000000006,17.8328
[H]OC(=O)C([H])(Cl)Cl,1,128.942,37.3,1,1,0.8747,23.1298
[H]C([H])([H])N(C(=O)Cl)C([H])([H])[H],1,107.53999999999999,20.310000000000002,0,1,0.9068,24.935999999999993
[H]OC([H])([H])N(c1nnc(/C([H])=C(\[H])c2oc([N+](=O)[O-])c([H])c2[H])c([H])n1)C([H])([H])O[H],1,293.23900000000003,138.65,2,9,0.24919999999999992,70.768
[H]c1c(SC([H])([H])c2oc(C(=O)N([H])C([H])(C([H])([H])[H])C([H])(C([H])([H])[H])C([H])([H])[H])c([H])c2[H])nnc(-c2c([H])c([H])c(Cl)c([H])c2[H])c1[H],1,415.94600000000014,68.02000000000001,1,5,5.456600000000004,112.5132
[H]C([H])=C(C(=O)OC([H])([H])[H])C([H])([H])[H],1,100.11699999999999,26.3,0,2,0.7354999999999999,26.829999999999988
[H]C([H])([H])OC([H])([H])C([H])([H])OC1=C(N2C([H])([H])C2([H])[H])C(=O)C(OC([H])([H])C([H])([H])OC([H])([H])[H])=C(N2C([H])([H])C2([H])[H])C1=O,1,338.36000000000007,77.08,0,8,-0.4813999999999983,82.86800000000004
[H]C([H])=C1C2(Cl)C([H])(Cl)C([H])(Cl)C(Cl)(C2(Cl)Cl)C1(C([H])([H])Cl)C([H])([H])Cl,1,411.7980000000001,0.0,0,0,5.377700000000001,83.90000000000002
[H]C([H])=C1C(C([H])([H])[H])(C([H])([H])[H])[C@]2(Cl)C(Cl)(Cl)C(Cl)(Cl)[C@@]1(Cl)C2([H])Cl,1,377.35299999999995,0.0,0,0,5.506400000000002,78.60400000000003
[H]OC(=O)c1c([H])c([H])c(C(F)(F)F)c([H])c1OC(=O)C([H])([H])[H],1,248.15599999999995,63.6,1,3,2.3289,49.71230000000001
C[N+]1=C2C=C(C=CC2=CC3=C1C=C(C=C3)N)N.C1=CC(=CC2=NC3=C(C=CC(=C3)N)C=C21)N.[Cl-],1,468.9920000000002,120.85,4,5,1.5383,139.52859999999998
C([C@@H]1[C@H]([C@@H]([C@H]([C@H](O1)O[C@]2([C@H]([C@@H]([C@H](O2)CO)O)O)CO)O)O)O)O.O.O.O.[OH-].[O-2].[O-2].[O-2].[O-2].[O-2].[O-2].[O-2].[O-2].[Na+].[Na+].[Fe+3].[Fe+3].[Fe+3].[Fe+3].[Fe+3],1,866.5460000000005,542.03,8,12,-15.001400000000002,86.91059999999997
[H]OC([H])([H])C([H])([H])OC([H])([H])C([H])([H])N1C([H])([H])C([H])([H])N(C([H])(c2c([H])c([H])c([H])c([H])c2[H])c2c([H])c([H])c(Cl)c([H])c2[H])C([H])([H])C1([H])[H],1,374.91200000000015,35.940000000000005,1,4,3.055900000000001,105.65480000000005
[H]c1c([H])c([H])c2c(c1[H])C(=O)N([H])S2(=O)=O,1,183.18799999999996,63.24,1,3,0.11870000000000008,41.09400000000001
[H]C([H])([H])c1c([N+](=O)[O-])c(C([H])([H])[H])c([N+](=O)[O-])c(C(C([H])([H])[H])(C([H])([H])[H])C([H])([H])[H])c1[N+](=O)[O-],1,297.267,129.42000000000002,0,6,3.325540000000002,74.57920000000003
C(CCl)N(CCCl)CCCl.Cl,1,240.989,3.24,0,1,2.426600000000001,55.848000000000035
O=[N+]([O-])c1c(Cl)c(Cl)c(Cl)c(Cl)c1Cl,1,295.336,43.14,0,2,4.8618,58.14640000000001
[H]c1c([H])c([H])c(C([H])([H])[H])c(N=Nc2c([H])c([H])c(N(C(=O)C([H])([H])[H])C(=O)C([H])([H])[H])c(C([H])([H])[H])c2[H])c1[H],1,309.369,62.1,0,4,4.618240000000005,90.37500000000003
[H]c1c([H])c(C([H])([H])c2c([H])c([H])c(N([H])[H])c(C([H])([H])[H])c2[H])c([H])c(C([H])([H])[H])c1N([H])[H],1,226.32299999999998,52.04,2,2,3.0586400000000014,73.98880000000003
[H]Oc1c([H])c([H])c2c([H])c([H])c([H])c([H])c2c1N=Nc1c([2H])c([2H])c([2H])c([2H])c1[2H],1,253.31550888999993,44.95,1,3,4.960800000000003,76.23080000000002
[H]c1c([H])c([H])c(C([H])([H])OC(=O)c2c([H])c([H])c([H])c([H])c2C(=O)OC([H])([H])C([H])([H])C([H])([H])C([H])([H])[H])c([H])c1[H],1,312.36500000000007,52.60000000000001,0,4,4.000500000000003,87.19400000000005
[H]Oc1c([H])c([H])c2c([H])c([H])c([H])c([H])c2c1N=Nc1c([H])c([H])c(N=Nc2c([H])c([H])c([H])c([H])c2C([H])([H])[H])c([H])c1C([H])([H])[H],1,380.45100000000014,69.67,1,5,7.993040000000007,116.3228
[H]c1c([H])c([H])c(N=Nc2c(N([H])[H])c([H])c([H])c3c([H])c([H])c([H])c([H])c23)c([H])c1[H],1,247.30100000000004,50.739999999999995,1,3,4.837400000000002,78.97840000000004
[H]Oc1c([H])c([H])c2c([H])c([H])c([H])c([H])c2c1N=Nc1c([H])c([H])c(N=Nc2c([H])c([H])c([H])c([H])c2[H])c([H])c1[H],1,352.39700000000005,69.67,1,5,7.376200000000005,106.84879999999998
[H]C(=O)C([H])([H])C([H])([H])N(N=O)C([H])([H])[H],1,116.11999999999999,49.74,0,3,0.1886,29.10599999999999
[H]c1nc([H])c2c(=O)oc3c([H])c4oc([H])c([H])c4c([H])c3c2c1[H],1,237.21399999999997,56.24,0,4,3.0874000000000015,67.55700000000002
[H]c1nc([H])c2c(=O)oc3c(C([H])([H])[H])c4oc([H])c([H])c4c([H])c3c2c1[H],1,251.24099999999999,56.24,0,4,3.3958200000000014,72.29400000000001
[H]c1c([H])c([H])c2c(N([H])C(=S)N([H])[H])c([H])c([H])c([H])c2c1[H],1,202.282,38.05,2,1,2.4953000000000003,64.35610000000001
[H]C([H])([H])OP([H])(=O)OC([H])([H])[H],1,110.04899999999999,35.53,0,3,0.6688999999999998,23.01949999999999
[H]/C(=C(/[H])C([H])([H])OC(=O)c1c([H])c([H])c([H])c([H])c1N([H])[H])c1c([H])c([H])c([H])c([H])c1[H],1,253.301,52.32,1,3,3.139000000000001,76.61290000000002
[H]c1c([H])c(C([H])([H])[H])c(N([H])[H])c(C([H])([H])[H])c1[H],1,121.18299999999998,26.02,1,1,1.88564,40.32840000000001
[H]Oc1c(Cl)c(Cl)c(Cl)c(Cl)c1Cl,1,266.33799999999997,20.23,1,1,4.6592,53.15680000000001
[H]Oc1c(Cl)c([H])c(Cl)c([H])c1Cl,1,197.44799999999998,20.23,1,1,3.3523999999999994,43.13680000000001
[H]C([H])=C([H])N1C(=O)C([H])([H])C([H])([H])C1([H])[H],1,111.14399999999999,20.310000000000002,0,1,0.7523,31.143999999999988
[H]c1c([H])c([H])c([N+](=O)[O-])c(Cl)c1[H],1,157.55599999999998,43.14,0,2,2.2481999999999998,38.106400000000015
[H]c1c([H])c(Cl)c([N+](=O)[O-])c([H])c1Cl,1,192.001,43.14,0,2,2.9016,43.116400000000006
[H]C([H])([H])C(=C1C(=O)C([H])([H])[C@]([H])(C([H])([H])[H])C([H])([H])C1([H])[H])C([H])([H])[H],1,152.23699999999997,17.07,0,1,2.711900000000001,46.39600000000003
[H]Oc1c([H])c([H])c([H])c([H])c1-c1c([H])c([H])c([H])c([H])c1[H],1,170.211,20.23,1,1,3.0592000000000015,53.54280000000003
[H]OC(=O)/C([H])=C(\OC([H])([H])[H])C(=O)C(=C([H])[H])C([H])([H])[H],1,170.164,63.6,1,3,0.7464999999999999,42.548800000000014
[H]c1c([H])c(N(C([H])([H])[H])C([H])([H])[H])c([H])c([H])c1C(=O)c1c([H])c([H])c(N(C([H])([H])[H])C([H])([H])[H])c([H])c1[H],1,268.35999999999996,23.550000000000004,0,3,3.0496000000000016,84.97050000000004
CCC(=O)C1=C(C(=C(C=C1)F)[C@@H]2C[C@@H]2NC(=O)NC3=NC=C(C=C3)C#N)O.CC(=O)[O-].CC(=O)[O-].[Zn+2],1,551.8460000000003,195.37,3,9,0.578179999999999,116.30070000000005
[H]C1=C(OC([H])([H])[H])C([H])([H])C([H])(/C([H])=C(\[H])c2c([H])c([H])c3c(c2[H])OC([H])([H])O3)OC1=O,1,274.272,53.99,0,5,2.2743,71.18800000000003
[H]OC([H])=C([H])[H],1,44.053,20.23,1,1,0.6879,12.825800000000001
CC(=O)OC=C.C=CCl,1,148.589,26.3,0,2,2.0617,38.013000000000005
C=CC#N.C=CC1=CC=CC=C1,1,157.21599999999998,23.79,0,1,3.0255800000000015,52.34300000000003
C=CC=C.C=CC1=CC=CC=C1.C=CC(=O)O,1,230.307,37.3,1,1,3.945000000000002,74.75980000000004
C1=CC=C(C=C1)N2C(=NN=N2)SC3=C(C=C(C=C3[N+](=O)[O-])C(=O)O)[N+](=O)[O-].N,1,405.35200000000015,202.18,2,11,2.4901,95.00920000000005
[H]N([H])C(=O)N([H])C([H])([H])C([H])([H])[H],1,88.11,55.120000000000005,2,1,-0.3253999999999999,23.260099999999998
C=CCl.C=C(Cl)Cl,1,159.44299999999998,0.0,0,0,3.3039000000000014,36.896000000000015
C=O.C1=CC=C(C=C1)N=C=O,1,149.14899999999997,46.5,0,3,1.4689999999999999,41.34450000000002
[H]c1oc2c(C([H])([H])[H])c([H])c3c(C([H])([H])[H])c([H])c(=O)oc3c2c1C([H])([H])[H],1,228.24699999999996,43.35,0,3,3.4644600000000025,66.46700000000003
[H]c1c([H])c([H])c([N+](=O)[O-])c(OC([H])([H])[H])c1[H],1,153.137,52.370000000000005,0,3,1.6033999999999997,39.64840000000002
[H]c1c([H])c([H])c(-c2c([H])c([H])c([N+](=O)[O-])c([H])c2[H])c([H])c1[H],1,199.209,43.14,0,2,3.261800000000001,58.532400000000024
[H]C([H])([H])C([H])([H])C([H])([H])C([H])([H])N(N=O)C([H])([H])C([H])([H])C([H])([H])C([H])([H])[H],1,158.24499999999998,32.67,0,2,2.570000000000001,47.184000000000026
[H]c1c([H])c([H])c(C(=O)OOC(=O)c2c([H])c([H])c([H])c([H])c2[H])c([H])c1[H],1,242.23000000000002,52.6,0,4,2.615400000000001,63.71500000000003
[H]OC(=O)C([H])([H])Oc1c([H])c([H])c(Cl)c([H])c1Cl,1,221.039,46.53,1,2,2.4568000000000003,49.59280000000002
[H]c1c([H])c([H])c(Cl)c(Cl)c1[H],1,147.00400000000002,0.0,0,0,2.993400000000001,36.46200000000001
[H]c1c([H])c([H])c(C([H])([H])[H])c(N([H])[H])c1[H],1,107.15599999999999,26.02,1,1,1.5772199999999998,35.59139999999999
[H]c1c([H])c([H])c(N([H])[H])c(N([H])[H])c1[H],1,108.144,52.04,2,2,0.851,35.266799999999996
[H]c1c([H])c(C([H])([H])[H])c([H])c(C([H])([H])[H])c1N([H])[H],1,121.18299999999998,26.02,1,1,1.88564,40.32840000000001
[H]c1c([H])c(N([H])[H])c(C([H])([H])[H])c([H])c1Cl,1,141.60099999999997,26.02,1,1,2.23062,40.601400000000005
[H]c1c([H])c(C([H])([H])[H])c(N([H])[H])c([H])c1C([H])([H])[H],1,121.18299999999998,26.02,1,1,1.88564,40.32840000000001
[H]c1c([H])c(C([H])([H])[H])c(N([H])[H])c([H])c1Cl,1,141.601,26.02,1,1,2.23062,40.60140000000001
[H]c1c([H])c(N([H])[H])c(N([H])[H])c([H])c1Cl,1,142.589,52.04,2,2,1.5044,40.2768
[H]Oc1c([H])c([H])c(Cl)c([H])c1N([H])[H],1,143.57299999999998,46.25,2,2,1.6277999999999997,37.5292
[H]c1c([H])c([H])c(C2([H])OC2([H])[H])c([H])c1[H],1,120.15099999999997,12.53,0,1,1.7578999999999998,35.135000000000005
[H]C([H])(Cl)C([H])(Br)C([H])([H])Br,1,236.33399999999997,0.0,0,0,2.3836000000000004,37.229000000000006
[H]OC([H])([H])C([H])(Br)C([H])([H])Br,1,217.88799999999998,20.23,1,1,1.1371,33.5948
[H]OC([H])([H])C([H])(O[H])C([H])([H])Cl,1,110.54000000000002,40.46,2,2,-0.4216,23.812599999999993
[H]C([H])=C([H])C(=O)OC([H])([H])[H],1,86.08999999999999,26.3,0,2,0.34539999999999993,22.21299999999999
[H]C1([H])OC(=O)C([H])([H])C1([H])[H],1,86.09,26.3,0,2,0.3233999999999999,20.192999999999994
[H]Oc1c([H])c([H])c(/C([H])=C(\[H])C([H])([H])[H])c([H])c1OC([H])([H])[H],1,164.20399999999998,29.46,1,2,2.4339000000000004,49.36680000000003
[H]c1c([H])c([H])c(C([H])([H])[H])c(N=Nc2c([H])c([H])c(N([H])[H])c(C([H])([H])[H])c2[H])c1[H],1,225.29500000000002,50.739999999999995,1,3,4.301040000000003,70.94640000000003
[H]C([H])=C(C(=O)OC([H])([H])C([H])([H])C([H])([H])C([H])([H])[H])C([H])([H])[H],1,142.198,26.3,0,2,1.9058,40.68100000000001
[H]OC([H])([H])c1oc([H])c([H])c1[H],1,98.10099999999998,33.370000000000005,1,2,0.7719,24.630799999999994
[H]c1c([H])c(C(F)(F)F)c([H])c([H])c1Cl,1,180.556,0.0,0,0,3.3588000000000005,36.454000000000015
[H]C([H])=C(c1c([H])c([H])c([H])c([H])c1[H])C([H])([H])[H],1,118.17899999999996,0.0,0,0,2.7197000000000013,41.15000000000002
[H]c1c([H])c([H])c(C(Cl)(Cl)Cl)c([H])c1[H],1,195.47600000000003,0.0,0,0,3.513300000000001,45.679000000000016
[H]c1c([H])c([H])c(-c2c3c([H])c(C([H])([H])[H])c(=NC([H])([H])C([H])([H])[H])c([H])c-3oc3c([H])c(N([H])C([H])([H])C([H])([H])[H])c(C([H])([H])[H])c([H])c23)c(C(=O)OC([H])([H])C([H])([H])[H])c1[H],1,442.55900000000025,63.83,1,5,6.350540000000005,133.97019999999998
[H]c1c([H])c(C([H])([H])[H])c(N([H])[H])c([H])c1[N+](=O)[O-],1,152.153,69.16,1,3,1.48542,42.24580000000001
[H]c1c([H])c([N+](=O)[O-])c([H])c(N([H])[H])c1N([H])[H],1,153.141,95.17999999999999,2,4,0.7592000000000001,41.9212
[H]Oc1c([H])c([H])c([N+](=O)[O-])c([H])c1N([H])[H],1,154.125,89.39,2,4,0.8826,39.17360000000001
[H]c1c([H])c([N+](=O)[O-])c([H])c(N([H])[H])c1OC([H])([H])[H],1,168.152,78.39,1,4,1.1856,44.060800000000015
[H]c1c([H])c(N(N=O)C([H])([H])[H])c([H])c([H])c1N=O,1,165.15199999999996,62.1,0,4,2.2021000000000006,46.09500000000001
[H]c1c([H])c(C([H])([H])[H])c([H])c([H])c1N(C([H])([H])[H])C([H])([H])[H],1,135.20999999999998,3.24,0,1,2.06102,45.50600000000003
[H]C([H])([H])OC(C([H])([H])[H])(C([H])([H])[H])C([H])([H])C([H])([H])[H],1,102.17699999999999,9.23,0,1,1.8214000000000001,31.37899999999998
[H]OC(=O)C([H])([H])[C@@]([H])(C(=O)O[H])C([H])([H])C(=O)O[C@]([H])([C@]([H])(C([H])([H])[H])C([H])([H])C([H])([H])C([H])([H])C([H])([H])[H])[C@@]([H])(OC(=O)C([H])([H])[C@]([H])(C(=O)O[H])C([H])([H])C(=O)O[H])C([H])([H])[C@@]([H])(C([H])([H])[H])C([H])([H])C([H])([H])C([H])([H])C([H])([H])C([H])([H])C([H])([H])[C@@]([H])(O[H])C([H])([H])[C@]([H])(O[H])[C@@]([H])(N([H])[H])C([H])([H])[H],1,705.8389999999999,268.2799999999999,7,11,3.5934000000000026,176.20319999999964
[H]OC([H])([H])C([H])([H])[C@@]1(O[H])N([H])C(=O)[C@@]2(C(=O)/C(=C([H])/C([H])=C([H])/C(=C([H])/C(=C([H])/C(C(=O)OC([H])([H])[H])=C(/[H])C([H])([H])[H])C([H])([H])[H])C([H])([H])[H])C([H])([H])[H])O[C@]21[H],1,431.48500000000024,125.46,3,7,1.408299999999999,113.59030000000001
[H]C([H])(O[N+](=O)[O-])C([H])(O[N+](=O)[O-])C([H])([H])O[N+](=O)[O-],1,227.08499999999998,157.11,0,9,-1.0200999999999996,37.76020000000001
[H]OC(c1c([H])c([H])c(F)c([H])c1F)(C([H])([H])n1nc([H])nc1[H])C([H])([H])n1nc([H])nc1[H],1,306.276,81.64999999999999,1,7,0.7357999999999996,70.29880000000003
[H]/C(=N/N1C(=O)N([H])C(=O)C1([H])[H])c1oc([N+](=O)[O-])c([H])c1[H],1,238.159,118.05000000000001,1,6,0.07350000000000018,53.2011
[H]/C(=N/N([H])C(=O)N([H])[H])c1oc([N+](=O)[O-])c([H])c1[H],1,198.13799999999998,123.76000000000002,2,5,0.1900000000000001,45.6755
[H]c1c([H])c([H])c(C([H])(C([H])([H])OC(=O)N([H])[H])C([H])([H])OC(=O)N([H])[H])c([H])c1[H],1,238.24299999999994,104.64,2,4,0.9607999999999999,60.25380000000003
[H]OC([H])([H])C(=O)[C@@]12OC(C([H])([H])[H])(C([H])([H])[H])O[C@]1([H])C([H])([H])[C@@]1([H])[C@]3([H])C([H])([H])C([H])([H])C4=C([H])C(=O)C([H])=C([H])[C@]4(C([H])([H])[H])[C@@]3(F)[C@@]([H])(O[H])C([H])([H])[C@]21C([H])([H])[H],1,434.5040000000002,93.06000000000002,2,6,2.418800000000001,108.59860000000006
[H]OC([H])([H])C(=O)[C@@]1(O[H])C([H])([H])C([H])([H])[C@@]2([H])[C@]3([H])C([H])([H])C([H])([H])C4=C([H])C(=O)C([H])=C([H])[C@]4(C([H])([H])[H])[C@@]3([H])[C@@]([H])(O[H])C([H])([H])[C@@]21C([H])([H])[H],1,360.45000000000016,94.83,3,5,1.5575999999999999,95.04840000000004
[H]C#C[C@]1(O[H])C([H])([H])C([H])([H])[C@@]2([H])[C@]3([H])C([H])([H])C([H])([H])c4c([H])c(O[H])c([H])c([H])c4[C@@]3([H])C([H])([H])C([H])([H])[C@@]21C([H])([H])[H],1,296.4100000000001,40.46,2,2,3.6126000000000023,86.50660000000005
[H]c1c([H])c(C([H])([H])N([H])N([H])C([H])([H])[H])c([H])c([H])c1C(=O)N([H])C([H])(C([H])([H])[H])C([H])([H])[H],1,221.30399999999997,53.16,3,3,1.0487999999999995,64.94360000000003
[H]C#C[C@]1(OC(=O)C([H])([H])[H])C([H])([H])C([H])([H])[C@@]2([H])[C@]3([H])C([H])([H])C([H])([H])C4=C([H])C(=O)C([H])([H])C([H])([H])[C@]4([H])[C@@]3([H])C([H])([H])C([H])([H])[C@@]21C([H])([H])[H],1,340.46300000000014,43.370000000000005,0,3,4.0633000000000035,95.42300000000006
[H]c1nc(C([H])([H])[S+]([O-])c2nc3c([H])c([H])c(OC([H])([H])[H])c([H])c3n2[H])c(C([H])([H])[H])c(OC([H])([H])[H])c1C([H])([H])[H],1,345.42400000000015,83.09000000000002,1,5,2.8997400000000013,93.02110000000003
[H]C([H])([H])C([H])([H])C([H])([H])C([H])(C(=O)O)C([H])([H])C([H])([H])C([H])([H])[H],1,144.21399999999997,37.3,1,1,2.2874000000000008,40.94180000000001
[H]Oc1c([H])c([H])c(OC([H])([H])[H])c([H])c1[H],1,124.13899999999998,29.46,1,2,1.4008,34.6588
[H]c1c([H])c([H])c2c(c1[H])-c1c([H])c([H])c(N([H])C(=O)C([H])([H])[H])c([H])c1C2([H])[H],1,223.27499999999995,29.1,1,1,3.2162000000000006,68.98770000000003
[H]c1c(C([H])([H])[H])c2c3c(c4c([H])c([H])c5c([H])c([H])c([H])c([H])c5c4c([H])c3c1[H])C([H])([H])C2([H])[H],1,268.359,0.0,0,0,5.553220000000004,91.10500000000005
[H]C1=C([H])C2([H])c3c(c([H])c(OC([H])([H])[H])c4c5c(c(=O)oc34)C(=O)C([H])([H])C5([H])[H])OC2([H])O1,1,312.277,74.97,0,6,2.2765000000000004,79.06950000000002
[H]c1nc(N(C([H])([H])c2sc([H])c([H])c2[H])C([H])([H])C([H])([H])N(C([H])([H])[H])C([H])([H])[H])c([H])c([H])c1[H],1,261.394,19.370000000000005,0,4,2.7113000000000005,78.16000000000004
[H]c1c([H])c([H])c(OC([H])([H])C([H])(N(C([H])([H])c2c([H])c([H])c([H])c([H])c2[H])C([H])([H])C([H])([H])Cl)C([H])([H])[H])c([H])c1[H],1,303.833,12.47,0,2,4.194900000000003,88.97100000000006
[H]OC(=O)C([H])([H])Sc1nc(Cl)c([H])c(N([H])c2c([H])c([H])c([H])c(C([H])([H])[H])c2C([H])([H])[H])n1,1,323.8050000000001,75.11,2,5,3.6671400000000016,84.60050000000003
[H]c1nc(C(OC([H])([H])C([H])([H])N(C([H])([H])[H])C([H])([H])[H])(c2c([H])c([H])c([H])c([H])c2[H])C([H])([H])[H])c([H])c([H])c1[H],1,270.37600000000003,25.36,0,3,2.923300000000001,81.63900000000005
[H]OC(=O)C(Oc1c([H])c([H])c(C2([H])C([H])([H])C2(Cl)Cl)c([H])c1[H])(C([H])([H])[H])C([H])([H])[H],1,289.158,46.53,1,2,3.589800000000002,70.57980000000003
[H]c1c([H])c([H])c(-n2c(=O)c([H])c(C([H])([H])[H])n2C([H])([H])[H])c([H])c1[H],1,188.23,26.93,0,3,1.4844199999999999,55.74700000000002
[H]c1c([H])c([H])c(-c2c([H])c([H])c([H])c([H])c2[H])c([H])c1[H],1,154.21199999999996,0.0,0,0,3.353600000000001,51.87800000000003
[H]OC(=O)C([H])(N([H])[H])C([H])([H])C([H])([H])SC([H])([H])C([H])([H])[H],1,163.242,63.31999999999999,2,3,0.5415000000000001,43.22720000000002
[H]c1nc(N(C([H])([H])c2c([H])c([H])c(OC([H])([H])[H])c([H])c2[H])C([H])([H])C([H])([H])N(C([H])([H])[H])C([H])([H])[H])c([H])c([H])c1[H],1,285.39099999999996,28.6,0,4,2.658400000000001,86.83500000000005
[H]OC(=O)c1c([H])n(C([H])([H])C([H])([H])[H])c2nc(C([H])([H])[H])c([H])c([H])c2c1=O,1,232.23899999999998,72.19,1,4,1.42302,63.37330000000002
[H]OC(=O)[C@@]([H])(N([H])[H])C([H])([H])C([H])([H])SC([H])([H])C([H])([H])[H],1,163.242,63.31999999999999,2,3,0.5415000000000001,43.22720000000002
[H]OC(=O)C([H])([H])c1c(C([H])([H])[H])n(C(=O)c2c([H])c([H])c(Cl)c([H])c2[H])c2c([H])c([H])c(OC([H])([H])[H])c([H])c12,1,357.7930000000001,68.53,1,4,3.9273200000000026,95.74730000000004
[H]Oc1c([H])c([H])c(C([H])(O[H])C([H])([H])N([H])C(C([H])([H])[H])(C([H])([H])[H])C([H])([H])[H])c([H])c1C([H])([H])O[H],1,239.31499999999997,72.72,4,4,1.3059999999999998,66.74510000000004
[H]c1c([H])n([H])c(=O)n([H])c1=O,1,112.08799999999998,65.72,2,2,-0.9368000000000001,27.6834
[H]N1C(=O)C([H])([H])N(C([H])([H])C([H])(N2C([H])([H])C(=O)N([H])C(=O)C2([H])[H])C([H])([H])[H])C([H])([H])C1=O,1,268.27299999999997,98.82,2,6,-2.708299999999996,63.77440000000002
[H]Oc1c([H])c(O[H])c([H])c(C([H])(O[H])C([H])([H])N([H])C(C([H])([H])[H])(C([H])([H])[H])C([H])([H])[H])c1[H],1,225.28799999999995,72.72,4,4,1.5192999999999999,62.48710000000004
[H]OC(=O)C([H])([H])C1(C([H])([H])N([H])[H])C([H])([H])C([H])([H])C([H])([H])C([H])([H])C1([H])[H],1,171.23999999999998,63.31999999999999,2,2,1.3702999999999996,46.825200000000024
[H]ON(C(=O)C([H])([H])[H])c1c([H])c([H])c2c(c1[H])C([H])([H])c1c([H])c([H])c([H])c([H])c1-2,1,239.274,40.54,1,2,2.999900000000001,69.63050000000003
[H]c1c([H])c(N=Nc2c([H])c([H])c(N(C([H])([H])[H])C([H])([H])[H])c([H])c2[H])c([H])c(C([H])([H])[H])c1[H],1,239.32199999999997,27.96,0,3,4.476420000000004,76.12400000000004
[H]c1c([H])c([H])c2c(c1[H])c([N+](=O)[O-])c([H])c([H])[n+]2[O-],1,190.158,70.08,0,3,1.3814,49.56240000000002
[H]c1c([H])c([H])c2c(C([H])([H])[H])c3c(c([H])c([H])c4c([H])c([H])c([H])c([H])c43)c(C([H])([H])[H])c2c1[H],1,256.34799999999996,0.0,0,0,5.763040000000004,88.43400000000004
[H]OC(=O)c1c([H])c([H])c([N+](=O)[O-])c([H])c1[H],1,167.12,80.44,1,3,1.293,40.05570000000001
[H]c1c([H])c([H])c(S(=O)(=O)N([H])[H])c(C([H])([H])[H])c1[H],1,171.22099999999998,60.16,1,2,0.6424200000000002,42.55220000000001
[H]c1c([H])c([H])c2c(c1[H])C([H])([H])C([H])([H])C([H])(N([H])[H])C2([H])[H],1,147.22099999999995,26.02,1,1,1.5026000000000002,46.44240000000002
[H]c1c([H])c(C([H])([H])[H])c(C([H])([H])[H])c([H])c1C([H])([H])[H],1,120.19499999999996,0.0,0,0,2.611860000000001,40.65300000000001
[H]C(=O)C1([H])OC([H])([H])C([H])([H])C1([H])[H],1,100.117,26.3,0,2,0.36429999999999996,25.03799999999999
[H]OC([H])(C([H])([H])[H])C1([H])C([H])([H])C([H])([H])C([H])([H])C([H])([H])C1([H])[H],1,128.215,20.23,1,1,1.9475,38.2558
[H]c1c([H])c(C([H])([H])[H])c([H])c([H])c1[N+](=O)[O-],1,137.13799999999998,43.14,0,2,1.9032200000000001,37.83340000000001
[H]OC([H])([H])C([H])([H])OC([H])([H])C([H])([H])O[H],1,106.121,49.69,2,3,-1.0124,24.99059999999999
[H]C([H])([H])C([H])([H])C([H])([H])C([H])([H])OP(=O)(OC([H])([H])C([H])([H])C([H])([H])C([H])([H])[H])OC([H])([H])C([H])([H])C([H])([H])C([H])([H])[H],1,266.3179999999999,44.760000000000005,0,4,4.544600000000004,70.18650000000007
[H]ON=C(C([H])([H])[H])C([H])([H])[H],1,73.095,32.59,1,2,0.8564,20.569499999999994
[H]c1c([H])c([H])c2c(c1[H])c1c([H])c(N([H])[H])c([H])c([H])c1n2C([H])([H])C([H])([H])[H],1,210.27999999999997,30.95,1,2,3.3966000000000003,69.53040000000003
[H]C1=C(C([H])([H])[H])c2c([H])c([H])c([H])c([H])c2N([H])C1(C([H])([H])[H])C([H])([H])[H],1,173.25899999999996,12.03,1,1,3.2940000000000014,57.794700000000034
[H]OC([H])([H])N(c1nc(N(C([H])([H])O[H])C([H])([H])O[H])nc(N(C([H])([H])O[H])C([H])([H])O[H])n1)C([H])([H])O[H],1,306.279,169.77,6,12,-4.010399999999998,69.77880000000002
[H]C([H])([H])C([H])([H])C([H])([H])C([H])([H])C([H])([H])C([H])([H])C([H])([H])C(=O)OC([H])([H])C([H])(OC(=O)C([H])([H])C([H])([H])C([H])([H])C([H])([H])C([H])([H])C([H])([H])C([H])([H])[H])C([H])([H])OC(=O)C([H])([H])C([H])([H])C([H])([H])C([H])([H])C([H])([H])C([H])([H])C([H])([H])[H],1,470.6910000000005,78.9,0,6,7.066100000000009,131.92600000000004
[H]/C(=N/N1C(=O)N([H])C([H])([H])C1([H])[H])c1oc([N+](=O)[O-])c([H])c1[H],1,224.176,100.98,1,5,0.5468999999999999,53.06110000000001
[H]N=C1C([H])=C([H])C(=C(c2c([H])c([H])c(N([H])[H])c([H])c2[H])c2c([H])c([H])c(N([H])[H])c([H])c2[H])C([H])=C1[H],1,287.366,75.89,3,3,3.7986700000000013,93.73750000000003
[H]C([H])([H])OP(=O)(OC([H])([H])[H])N1C([H])([H])C([H])([H])OC([H])([H])C1([H])[H],1,195.15499999999994,48.0,0,4,0.7195,44.01650000000002
[H]C([H])([H])N(N=O)C1([H])C([H])([H])C([H])([H])C([H])([H])C([H])([H])C1([H])[H],1,142.20199999999997,32.67,0,2,1.9323,40.43100000000001
[H]C([H])([H])C([H])([H])OC(=O)N(N=O)C([H])([H])C([H])([H])[H],1,146.146,58.97,0,4,1.1462,35.196999999999996
[H]C([H])([H])C(=O)N(C([H])([H])C([H])([H])[H])C([H])([H])C([H])([H])[H],1,115.176,20.310000000000002,0,1,0.8747,33.60199999999999
[H]C([H])([H])OP(=O)(OC([H])([H])[H])C([H])([H])[H],1,124.07599999999998,35.53,0,3,1.1020999999999999,27.548499999999986
[H]N([H])C(=O)N(N=O)C([H])([H])C([H])([H])C([H])([H])[H],1,131.135,75.76,1,3,0.4585000000000002,32.3754
[H]N([H])C(=O)N(N=O)C([H])([H])C([H])([H])C([H])([H])C([H])([H])[H],1,145.16199999999998,75.76,1,3,0.8486000000000002,36.99240000000001
[H]OC(=O)C([H])([H])C([H])([H])C(=O)N([H])N(C([H])([H])[H])C([H])([H])[H],1,160.173,69.63999999999999,2,3,-0.556,38.69950000000001
[H]C([H])([H])Oc1c(Cl)c(Cl)c(Cl)c(Cl)c1Cl,1,280.365,9.23,0,1,4.9622,58.04400000000001
[H]C([H])([H])C1(C([H])([H])[H])C(=O)OC1([H])[H],1,100.11699999999999,26.3,0,2,0.5694,24.739999999999988
[H]N(C(=S)N(C([H])([H])[H])C([H])([H])[H])C([H])([H])[H],1,118.205,15.27,1,1,0.05230000000000001,35.3447
[H]c1nc([H])c(C([H])([H])Cl)c([H])c1[H],1,127.57399999999998,12.89,0,1,1.8204,33.794
[H]OC([H])([H])C([H])([H])C([H])([H])C([H])([H])N(N=O)C([H])([H])C([H])([H])C([H])([H])C([H])([H])[H],1,174.24399999999997,52.9,1,3,1.5424,48.59580000000003
[H]N1C([H])([H])C([H])([H])N(N=O)C([H])([H])C1([H])[H],1,115.136,44.7,1,3,-0.42700000000000005,30.237699999999993
[H]C1=C([H])C(C([H])([H])[H])(C([H])([H])[H])Oc2c([H])c(OC([H])([H])[H])c3c(=O)c4c([H])c([H])c([H])c([H])c4n(C([H])([H])[H])c3c21,1,321.37600000000003,40.46,0,4,3.8845000000000027,96.98800000000006
[H]c1c([H])c([H])c(N=NN(C([H])([H])[H])C([H])([H])[H])c([H])c1[H],1,149.19700000000003,27.96,0,2,2.2469,44.645000000000024
[H]c1c([H])c(N([H])[H])c(N([H])[H])c([H])c1-c1c([H])c([H])c(N([H])[H])c(N([H])[H])c1[H],1,214.272,104.08,4,4,1.6824000000000001,69.52759999999999
[H]c1c([H])c([H])c2c(c1[H])C(=O)C([H])(c1nc3c([H])c([H])c([H])c([H])c3c([H])c1[H])C2=O,1,273.29100000000005,47.03,0,3,3.3976000000000024,79.58700000000005
[H]Oc1c([H])c([H])c([H])c2oc3c4c(c([H])c(OC([H])([H])[H])c3c(=O)c12)OC1([H])OC([H])=C([H])C41[H],1,324.288,78.13000000000001,1,6,3.006400000000001,85.58880000000003
[H]C#CC(OC(=O)N([H])[H])(c1c([H])c([H])c([H])c([H])c1[H])c1c([H])c([H])c(Cl)c([H])c1[H],1,285.73,52.32,1,2,3.312100000000002,78.17540000000002
[H]N([H])C(=O)N(N=O)C([H])([H])C([H])([H])C([H])([H])C([H])([H])C([H])([H])[H],1,159.18899999999996,75.76,1,3,1.2387000000000004,41.60940000000002
[H]c1c([H])c(-c2c([H])c([H])c(Cl)c(Cl)c2Cl)c(Cl)c(Cl)c1Cl,1,360.88200000000006,0.0,0,0,7.274,81.938
[H]c1c([H])c(Cl)c(Cl)c(-c2c([H])c([H])c(Cl)c(Cl)c2Cl)c1[H],1,326.437,0.0,0,0,6.620600000000001,76.92800000000001
[H]c1c([H])c(Cl)c([H])c(-c2c([H])c(Cl)c([H])c(Cl)c2[H])c1[H],1,257.54699999999997,0.0,0,0,5.313800000000002,66.90800000000002
[H]C([H])([H])C([H])([H])C([H])([H])C([H])([H])C([H])([H])N(N=O)C([H])([H])C([H])([H])C([H])([H])C([H])([H])C([H])([H])[H],1,186.29899999999995,32.67,0,2,3.350200000000002,56.41800000000005
[H]c1c([H])c([H])c(C([H])([H])C([H])([H])N(N=O)C([H])([H])[H])c([H])c1[H],1,164.20800000000003,32.67,0,2,1.8422999999999998,48.571000000000026
[H]C([H])(Cl)C([H])(OP(=O)(OC([H])(C([H])([H])Cl)C([H])([H])Cl)OC([H])(C([H])([H])Cl)C([H])([H])Cl)C([H])([H])Cl,1,430.90700000000004,44.760000000000005,0,4,4.682900000000003,86.54550000000003
[H]OC([H])([H])C([H])([H])N(N=O)C(=O)N([H])[H],1,133.10699999999997,95.99,2,4,-0.9592,29.1702
[H]OC(=O)c1c([H])n(C([H])([H])C([H])([H])[H])c2c([H])c3c(c([H])c2c1=O)OC([H])([H])O3,1,261.233,77.76,1,5,1.4482999999999997,66.96430000000002
[H]C1([H])N(N=O)C([H])([H])C([H])([H])C([H])([H])N1N=O,1,144.13400000000001,65.34,0,4,0.3143999999999999,34.486
[H]c1nc(N(N=O)C([H])([H])[H])c([H])c([H])c1[H],1,137.14199999999997,45.56,0,3,1.1992,38.43500000000002
[H]C([H])=C([H])C([H])([H])N(N=O)C([H])([H])C([H])=C([H])[H],1,126.15899999999998,32.67,0,2,1.3418,37.76200000000001
[H]N1C(=O)N(N=O)C([H])([H])C([H])([H])C1=O,1,143.102,78.84,1,4,-0.3903000000000001,30.656699999999997
[H]OC([H])(c1c([H])c([H])c([H])c([H])c1[H])C([H])(N(N=O)C([H])([H])[H])C([H])([H])[H],1,194.23399999999995,52.9,1,3,1.7217,54.42180000000003
[H]c1c(Cl)c(Cl)c(Cl)c2c1Oc1c([H])c(Cl)c(Cl)c(Cl)c1O2,1,390.8640000000001,18.46,0,2,7.505,83.092
[H]C1([H])N(N=O)C([H])([H])C([H])([H])C([H])([H])C([H])([H])C([H])([H])C1([H])[H],1,142.202,32.67,0,2,1.9339,40.45300000000001
[H]N(c1nc(Cl)nc(N([H])C(C#N)(C([H])([H])[H])C([H])([H])[H])n1)C([H])([H])C([H])([H])[H],1,240.69799999999998,86.52,2,6,1.6708799999999997,62.31540000000002
[H]C(=O)N([H])c1nc(-c2oc([N+](=O)[O-])c([H])c2[H])c([H])s1,1,239.212,98.27000000000001,1,6,1.8796,56.157100000000014
[H]C([H])([H])C([H])([H])N(C#N)N=O,1,99.093,56.46,0,3,0.47078,23.787999999999993
[H]c1c([H])c(N([H])[H])c([H])c(N([H])[H])c1OC([H])([H])[H],1,138.17,61.269999999999996,2,3,0.8596000000000001,41.8188
[H]C12C3(Cl)C(Cl)(Cl)C4(Cl)C1(Cl)C1(Cl)C(Cl)(Cl)C2(Cl)C3(Cl)C41Cl,1,511.1010000000002,0.0,0,0,5.8616,92.45199999999998
[H]C1([H])OC([H])([H])C([H])([H])N1N=O,1,102.09299999999999,41.9,0,3,-0.04249999999999998,23.319999999999993
[H]C1([H])ON(N=O)C([H])([H])C([H])([H])C1([H])[H],1,116.12,41.9,0,3,0.6951999999999999,27.68699999999999
[H]N1C(=O)N(N=O)C([H])([H])C1=O,1,129.075,78.84,1,4,-0.7804000000000002,26.0397
[H]OC([H])(C([H])([H])[H])C([H])([H])N(N=O)C([H])([H])C([H])(O[H])C([H])([H])[H],1,162.18900000000002,73.13,2,4,-0.26860000000000017,40.72960000000001
[H]OC(=O)C([H])([H])N(N=O)C(=O)N([H])[H],1,147.09,113.05999999999999,2,4,-0.8668999999999998,29.720200000000002
[H]C([H])([H])C(=O)C([H])([H])N(N=O)C([H])([H])C(=O)C([H])([H])[H],1,158.15699999999998,66.81,0,4,0.1477999999999997,38.73000000000001
[H]c1c([H])c([H])c(C(=O)N(N=O)C([H])([H])[H])c([H])c1[H],1,164.16400000000002,49.74,0,3,1.44,44.33050000000002
[H]c1nc([H])c(C(=O)C([H])([H])C([H])([H])C([H])([H])N(N=O)C([H])([H])[H])c([H])c1[H],1,207.233,62.63,0,4,1.6577,56.22650000000003
[H]OC([H])([H])C([H])([H])N([H])C(=O)C([H])([H])Sc1nc(Cl)c([H])c(N([H])c2c([H])c([H])c([H])c(C([H])([H])[H])c2C([H])([H])[H])n1,1,366.87400000000014,87.14,3,6,2.691040000000001,97.06020000000002
[H]C([H])([H])C([H])([H])N(N=O)C([H])([H])C(F)(F)F,1,156.10699999999997,32.67,0,2,1.552,29.096999999999994
[H]C([H])(N(N=O)C([H])([H])C([H])([H])C([H])([H])C(F)(F)F)C([H])([H])C([H])([H])C(F)(F)F,1,266.18499999999995,32.67,0,2,3.6548000000000025,47.94600000000002
[H]ON=C1C([H])([H])C([H])([H])C([H])([H])C1([H])[H],1,99.13300000000001,32.59,1,2,1.3906,27.689499999999992
[H]C1=C([H])C([H])([H])N(N=O)OC1([H])[H],1,114.10399999999998,41.900000000000006,0,3,0.4712,27.592999999999993
[H]N([H])C(=O)OC([H])([H])C([H])(C([H])([H])OC(=O)N([H])[H])C1([H])C([H])([H])C([H])([H])C([H])([H])C([H])([H])C1([H])[H],1,244.29099999999994,104.64,2,4,1.3734999999999997,61.13580000000003
[H]c1nc([H])c2c(nc(-c3c([H])c([H])c([S+]([O-])C([H])([H])[H])c([H])c3OC([H])([H])[H])n2[H])c1[H],1,287.344,73.86000000000001,1,4,2.3709,78.20910000000003
[H]c1sc(N([H])N([H])[H])nc1-c1c([H])c([H])c(N([H])[H])c([H])c1[H],1,206.27400000000003,76.96,3,5,1.6779,59.77250000000001
[H]OC([H])(c1c([H])c([H])c([H])c([H])c1[H])C([H])([H])[H],1,122.16699999999997,20.23,1,1,1.7399,37.07580000000001
[H]c1c([H])c([H])c2c(c1[H])C(=O)NS2(=O)=O,1,183.18799999999996,63.24,1,3,0.11870000000000008,41.09400000000001
[H]c1c([H])c([H])c(C(=O)OC([H])([H])C([H])([H])C([H])([H])C([H])([H])C([H])([H])C([H])([H])C([H])(C([H])([H])[H])C([H])([H])[H])c(C(=O)OC([H])([H])C([H])([H])C([H])([H])C([H])([H])C([H])([H])C([H])([H])C([H])(C([H])([H])[H])C([H])([H])[H])c1[H],1,418.6180000000003,52.60000000000001,0,4,7.2132000000000085,122.8530000000001
[H]c1c([H])c([H])c(N(N=O)C([H])([H])[H])c([H])c1[H],1,136.154,32.67,0,2,1.8041999999999998,40.64000000000002
[H]Oc1c([H])c(O[H])c2c(c1O[H])C(=O)c1c([H])c([H])c([H])c([H])c1C2=O,1,256.21299999999997,94.82999999999998,3,5,1.5787999999999995,64.74340000000002
[H]c1c([H])c([H])c2c(c([H])c([N+](=O)[O-])c3c(C(=O)O)c([H])c4c(c32)OC([H])([H])O4)c1OC([H])([H])[H],1,341.2750000000001,108.13000000000001,1,6,3.3367000000000013,87.74270000000004
[H]/C(C(=O)O)=C(\Br)C(=O)c1c([H])c([H])c(OC([H])([H])[H])c([H])c1[H],1,285.093,63.599999999999994,1,3,2.2413,61.97030000000002
[H]c1c([H])c([H])c2c(c1[H])-c1c([H])c([H])c(N([H])C(=O)C(F)(F)F)c([H])c1C2([H])[H],1,277.245,29.1,1,1,3.7586000000000013,69.36870000000002
[H]C1=C2C([H])([H])[C@@]([H])(OC(=O)C([H])([H])[H])C([H])([H])C([H])([H])[C@]2(C([H])([H])[H])[C@@]2([H])C([H])([H])C([H])([H])[C@]3(C([H])([H])[H])C(=O)C([H])([H])C([H])([H])[C@@]3([H])[C@]2([H])C1([H])[H],1,330.4680000000001,43.370000000000005,0,3,4.450000000000005,92.26400000000005
[H]OC([H])([H])C(=O)[C@@]12O[C@]([H])(C([H])([H])C([H])([H])C([H])([H])[H])O[C@]1([H])C([H])([H])[C@@]1([H])[C@]3([H])C([H])([H])C([H])([H])C4=C([H])C(=O)C([H])=C([H])[C@]4(C([H])([H])[H])[C@@]3([H])[C@@]([H])(O[H])C([H])([H])[C@]21C([H])([H])[H],1,430.54100000000017,93.06000000000002,2,6,2.716800000000001,112.86660000000005
[H]C([H])([H])C([H])([H])C([H])(Cl)C([H])([H])C([H])([H])C([H])(Cl)C([H])(Cl)C([H])([H])C([H])(Cl)C([H])(Cl)C([H])(Cl)C([H])([H])Cl,1,411.45500000000004,0.0,0,0,6.449900000000004,92.70800000000004
[H]c1nc2c([N+](=O)[O-])c([H])c([H])c([H])c2c([H])c1[H],1,174.159,56.03,0,3,2.143,48.39740000000002
[H]N1C(=O)NC(=O)C(C([H])([H])C([H])([H])[H])(C([H])([H])C([H])([H])[H])C1=O,1,184.19499999999996,75.27000000000001,2,3,0.1587999999999996,44.69640000000002
[H]Oc1c([H])c([H])c([H])c(OC([H])([H])[H])c1O[H],1,140.138,49.69,2,3,1.1063999999999998,36.3236
[H]c1c([H])c([H])c2c(oc3c([H])c(N([H])[H])c(OC([H])([H])[H])c([H])c32)c1[H],1,213.23599999999996,48.39,1,3,3.176800000000001,64.68440000000002
[H]/C(C1=C(C([H])([H])[H])C([H])([H])C([H])([H])C([H])([H])C1(C([H])([H])[H])C([H])([H])[H])=C([H])\C(=C([H])\C([H])=C([H])\C(=C(/[H])C([H])([H])OC(=O)C([H])([H])[H])C([H])([H])[H])C([H])([H])[H],1,328.4960000000001,26.3,0,2,6.081100000000006,102.75900000000006
[H]c1c([H])c([H])c(C([H])([H])[H])c(N=O)c1[H],1,121.13899999999998,29.43,0,2,2.39292,36.63400000000001
[H]c1c([H])c([H])c2c(c1[H])OC(=O)C([H])([H])C2([H])[H],1,148.16099999999994,26.3,0,2,1.5381999999999998,40.39800000000002
[H]Oc1c([H])c([H])c(C([H])([H])[H])c([H])c1O[H],1,124.13899999999998,40.46,2,2,1.4062199999999998,34.5086
[H]Oc1c([H])c([H])c2c(c1[H])OC([H])([H])O2,1,138.12199999999999,38.69,1,3,1.1208999999999998,34.2298
[H]Oc1c([H])c2c(c([H])c1O[H])[C@@]1([H])c3c([H])c([H])c(O[H])c(O[H])c3OC([H])([H])[C@@]1(O[H])C2([H])[H],1,302.2820000000001,110.38000000000001,5,6,1.3204999999999993,75.53500000000001
[H]c1c([H])c([H])c(N(O)N=O)c([H])c1[H],1,138.126,52.9,1,3,1.5635999999999999,36.502500000000005
[H]c1c([H])c([H])c(N([H])c2c([H])c([H])c(N([H])c3c([H])c([H])c([N+](=O)[O-])c([H])c3[N+](=O)[O-])c([H])c2S(=O)(=O)O)c([H])c1[H],1,430.39800000000014,164.70999999999998,3,8,4.236900000000002,109.01480000000004
[H]O[C@]1([H])C([H])([H])C2=C([H])C([H])([H])[C@]3([H])[C@]([H])(C([H])([H])C([H])([H])[C@]4(C([H])([H])[H])C(=O)C([H])([H])C([H])([H])[C@]43[H])[C@@]2(C([H])([H])[H])C([H])([H])C1([H])[H],1,288.43100000000004,37.3,1,2,3.8792000000000035,82.71680000000006
[H]O[C@@]1([H])C([H])([H])[C@]2(C([H])([H])[H])[C@]3(C(=O)C([H])([H])OC(=O)C([H])([H])[H])N=C(C([H])([H])[H])O[C@]3([H])C([H])([H])[C@@]2([H])[C@]2([H])C([H])([H])C([H])([H])C3=C([H])C(=O)C([H])=C([H])[C@]3(C([H])([H])[H])[C@]21[H],1,441.5240000000002,102.26000000000002,1,7,2.5632,115.74180000000008
[H]c1nc(C([H])([H])[H])n(C([H])([H])[H])c1[N+](=O)[O-],1,141.13,60.959999999999994,0,4,0.6367199999999998,34.5994
[H]c1c([H])c([H])c(C2(C([H])([H])C([H])([H])[H])C(=O)NC(=O)N([H])C2=O)c([H])c1[H],1,232.239,75.27000000000001,2,3,0.7003999999999999,60.092400000000026
[H]c1c([H])c(Oc2c([H])c([H])c(N([H])[H])c([H])c2[H])c([H])c([H])c1Cl,1,219.67100000000002,35.25,1,2,3.714500000000001,62.38040000000002
[H]c1nc2c([H])c([H])c3c(nc(N([H])[H])n3C([H])([H])[H])c2c([H])c1[H],1,198.22899999999998,56.73,1,4,1.7036999999999998,60.427400000000006
[H]O/C([H])=C1\C(=O)C([H])([H])[C@]2([H])C([H])([H])C([H])([H])[C@]3([H])[C@]([H])(C([H])([H])C([H])([H])[C@]4(C([H])([H])[H])[C@](O[H])(C([H])([H])[H])C([H])([H])C([H])([H])[C@@]34[H])[C@@]2(C([H])([H])[H])C1([H])[H],1,332.48400000000015,57.53,2,3,4.401000000000004,93.45260000000006
[H]O[C@@]12O[C@](N([H])C(=O)[C@]3([H])C([H])=C4c5c([H])c([H])c([H])c6c5c(c(Br)n6[H])C([H])([H])[C@@]4([H])N(C([H])([H])[H])C3([H])[H])(C([H])(C([H])([H])[H])C([H])([H])[H])C(=O)N1[C@@]([H])(C([H])([H])C([H])(C([H])([H])[H])C([H])([H])[H])C(=O)N1C([H])([H])C([H])([H])C([H])([H])[C@]12[H],1,654.6059999999998,118.21,3,6,3.192800000000002,164.1581999999996
[H]c1c(-c2nnc(N([H])[H])o2)oc([N+](=O)[O-])c1[H],1,196.12199999999999,121.22,1,7,0.82,43.06679999999999
[H]c1c([H])c([H])c(Cl)c([H])c1[H],1,112.55899999999998,0.0,0,0,2.34,31.451999999999995
[H]OC(=O)C([H])([H])[C@]([H])(O[H])C([H])([H])[C@]([H])(O[H])/C([H])=C(\[H])c1c(-c2c([H])c([H])c(F)c([H])c2[H])c2c([H])c([H])c([H])c([H])c2n1C([H])(C([H])([H])[H])C([H])([H])[H],1,411.4730000000001,82.69,3,4,4.628100000000003,115.63440000000003
[H]c1sc(N([H])N([H])[H])nc1-c1c([H])c([H])c([N+](=O)[O-])c([H])c1[H],1,236.25600000000003,94.08,2,6,2.0039,62.014500000000005
[H]OC([H])(c1c([H])nc([H])c([H])c1[H])C([H])([H])C([H])([H])C([H])([H])N(N=O)C([H])([H])[H],1,209.24899999999997,65.79,1,4,1.5084,56.85580000000003
[H]C([H])(N=[N+]([O-])C([H])([H])[H])OC(=O)C([H])([H])[H],1,132.119,64.72999999999999,0,4,0.09930000000000005,28.612399999999987
[H]Oc1c([H])c([H])c2c([H])c([H])c([H])c([H])c2c1N=Nc1c([H])c(C([H])([H])[H])c(Cl)c([H])c1S(=O)(=O)O,1,376.821,99.32000000000001,2,5,5.1693200000000035,95.79240000000001
[H]C([H])([H])[C@]1([H])O[C@@]([H])(C([H])([H])[H])C([H])([H])N(N=O)C1([H])[H],1,144.174,41.9,0,3,0.7769999999999999,37.377
[H]OC([H])([H])[C@@]1([H])O[C@@]([H])(n2c([H])nc3c(=S)nc(N([H])[H])n([H])c32)C([H])([H])[C@]1([H])O[H],1,283.313,122.21,4,8,-0.2882100000000002,68.74470000000001
[H]c1c([H])c(S(=O)(=O)OC([H])([H])C([H])(N([H])[H])C([H])([H])N=O)c([H])c([H])c1C([H])([H])[H],1,258.2989999999999,98.82,1,6,0.7940199999999998,62.95420000000002
[H]C([H])([H])N(N=O)C([H])([H])C([H])([H])N(C([H])([H])[H])C([H])([H])[H],1,131.179,35.910000000000004,0,3,0.1611999999999998,36.979
[H]c1nc(N([H])N=C(C([H])([H])[H])C([H])([H])[H])sc1-c1oc([N+](=O)[O-])c([H])c1[H],1,266.282,93.56,1,7,3.1190000000000015,68.87610000000001
[H]C([H])=C([H])C([H])(OC(=O)C([H])([H])[H])c1c([H])c([H])c2c(c1[H])OC([H])([H])O2,1,220.22399999999996,44.760000000000005,0,4,2.2055,57.26900000000004
[H]c1c([H])c([H])c(-c2c([H])c([H])c(N([H])C(=O)C([H])([H])[H])c([H])c2[H])c([H])c1[H],1,211.26399999999998,29.1,1,1,3.312000000000001,66.18170000000003
[H]O[C@@]1([H])c2c(c3c(OC([H])([H])[H])c([H])c4c(c3oc2=O)[C@]2([H])C([H])=C([H])O[C@@]2([H])O4)C([H])([H])C1([H])[H],1,314.2930000000001,78.13000000000001,1,6,2.1272,79.69880000000003
[H]C([H])=C([H])C([H])([H])N(N=O)C(=O)N([H])[H],1,129.11899999999997,75.76,1,3,0.23450000000000004,32.2814
[H]c1sc(N=C(N([H])[H])N([H])[H])nc1C([H])([H])SC([H])([H])C([H])([H])N([H])c1nsnc1N([H])[H],1,330.468,141.12,4,9,0.827,86.55690000000001
[H]c1sc(N([H])[H])nc1-c1oc([N+](=O)[O-])c([H])c1[H],1,211.202,95.19,1,6,1.8934999999999997,50.882799999999996
[H]c1c([H])c(Cl)c(Cl)c(-c2c([H])c([H])c(Cl)c([H])c2Cl)c1[H],1,291.992,0.0,0,0,5.967200000000002,71.91800000000002
[H]C([H])([H])C([H])([H])C([H])([H])N=[N+]([O-])C([H])([H])C([H])([H])C([H])([H])[H],1,130.19099999999997,38.43,0,2,1.7689,36.3714
[H]C([H])([H])C([H])(N=[N+]([O-])C([H])(C([H])([H])[H])C([H])([H])[H])C([H])([H])[H],1,130.19099999999997,38.43,0,2,1.7657,36.3274
[H]c1nc2c(C([H])([H])C([H])([H])OC([H])([H])C([H])([H])[H])c(-c3c([H])c([H])c([H])c([H])c3[H])nc(N([H])[H])n2n1,1,283.335,78.33,1,6,1.9524999999999997,80.82740000000003
[H]OC([H])([H])C([H])([H])N(c1nc(-c2sc([N+](=O)[O-])c([H])c2[H])nc2c([H])c([H])c([H])c([H])c12)C([H])([H])C([H])([H])O[H],1,360.3950000000001,112.62,2,8,2.0574999999999997,95.89000000000001
[H]OC(=O)[C@@]1([H])[C@@]([H])(C(=O)O[H])[C@]2(Cl)C(Cl)=C(Cl)[C@@]1(Cl)C2(Cl)Cl,1,388.845,74.6,2,2,3.2335000000000003,72.58860000000003
[H]OC(=O)c1c([H])c(S(=O)(=O)N2C([H])([H])[C@]([H])(C([H])([H])[H])C([H])([H])[C@]([H])(C([H])([H])[H])C2([H])[H])c([H])c([H])c1Cl,1,331.821,74.67999999999999,1,3,2.7048000000000005,80.11510000000004
[H]OC([H])([H])[C@@]1([H])O[C@]([H])(O[H])[C@]([H])(N([H])C(=O)N(N=O)C([H])([H])C([H])([H])Cl)[C@@]([H])(O[H])[C@]1([H])O[H],1,313.69399999999996,151.91999999999996,5,8,-2.281899999999998,65.51990000000002
[H]OC(=O)C1=C(O[H])C(C([H])([H])[H])=C2C(=C([H])O[C@@]([H])(C([H])([H])[H])[C@]2([H])C([H])([H])[H])C1=O,1,250.24999999999997,83.83000000000001,2,4,1.721,62.791600000000024
[H]C([H])=C([H])/C1=C(\[H])[C@]([H])(C([H])([H])[H])[C@@](OC(=O)C([H])([H])[H])(C([H])([H])[H])C(=O)OC([H])([H])C2=C([H])C([H])([H])[N+]3(C([H])([H])[H])C([H])([H])C([H])([H])[C@@]([H])(OC1=O)C23[O-],1,405.44700000000023,101.96000000000001,0,7,0.3722000000000012,99.80340000000005
[H]c1c([H])c(Cl)c([H])c(-c2c([H])c([H])c([H])c(Cl)c2[H])c1[H],1,223.102,0.0,0,0,4.660400000000003,61.898000000000025
[H]c1nc([H])c(Cl)c(N([H])C(=O)c2c([H])c([H])c(OC([H])([H])[H])c(OC3([H])C([H])([H])C([H])([H])C([H])([H])C3([H])[H])c2[H])c1Cl,1,381.2590000000001,60.45,1,4,4.9707000000000034,98.08820000000004
[H]c1c([H])c([H])c2c(c1[H])-c1c([H])c([H])c([H])c(N(C(=O)C([H])([H])[H])C(=O)C([H])([H])[H])c1C2([H])[H],1,265.31199999999995,37.38,0,2,3.1572000000000013,78.52500000000003
[H]c1c([H])c(C([H])([H])C([H])([H])N([H])[H])c([H])c([N+]#N)c1[O-],1,163.17999999999998,77.23,1,3,0.7459800000000001,43.390400000000014
[H]c1c([H])c([H])c2c(oc3c([H])c(N([H])[H])c([H])c([H])c32)c1[H],1,183.20999999999998,39.16,1,2,3.1682000000000006,58.132400000000025
[H]O[C@@]([H])([C@]([H])(O[H])[C@@]([H])(O[H])C([H])([H])Br)[C@@]([H])(O[H])C([H])([H])Br,1,307.966,80.92,4,4,-0.7802000000000002,51.61520000000003
[H]N(C(=O)N(N=O)C([H])([H])C([H])([H])C([H])([H])C([H])([H])[H])C([H])([H])C([H])([H])C([H])([H])C([H])([H])[H],1,201.26999999999995,61.77,1,3,2.2796000000000003,55.71570000000004
[H]c1c([H])c(N(C([H])([H])C([H])([H])[H])C([H])([H])C([H])([H])[H])c([H])c([H])c1N=Nc1c([H])c([H])[n+]([O-])c([H])c1[H],1,270.336,54.9,0,4,3.5816000000000026,79.58100000000003
[H]c1c([N+](=O)[O-])sc(C2([H])N([H])C(=O)c3c([H])c([H])c([H])c([H])c3N2[H])c1[H],1,275.289,84.27000000000001,2,5,2.5103999999999997,71.24530000000001
[H]/C(=C(/[H])c1c([H])c(OC([H])([H])[H])c([H])c([H])c1OC([H])([H])[H])c1c([H])c([H])c(N([H])[H])c([H])c1[H],1,255.31699999999998,44.480000000000004,1,3,3.4564000000000012,79.32840000000003
[H]Oc1c([H])c(OC([H])([H])[H])c(OC([H])([H])[H])c2oc3c4c(c([H])c(OC([H])([H])[H])c3c(=O)c12)OC1([H])OC([H])=C([H])C41[H],1,384.3400000000001,96.59,1,8,3.023600000000001,98.69280000000002
[H]c1c(C([H])([H])[H])nc(-c2oc([N+](=O)[O-])c([H])c2[H])nc1C([H])([H])[H],1,219.2,82.06,0,5,2.26164,55.862400000000015
[H]c1c([H])c([H])c(C(c2c([H])c([H])c([H])c([H])c2[H])(C([H])([H])[C@@]([H])(N(C([H])([H])[H])C([H])([H])[H])C([H])([H])[H])[C@@]([H])(OC(=O)C([H])([H])[H])C([H])([H])C([H])([H])[H])c([H])c1[H],1,353.5060000000001,29.54,0,3,4.654600000000004,107.27500000000006
[H]/C(=C(/[H])c1oc([N+](=O)[O-])c([H])c1[H])c1nnc(N([H])C([H])([H])N(C([H])([H])[H])C([H])([H])[H])o1,1,279.25600000000003,110.47,1,8,1.6721999999999995,70.76510000000002
[H]c1sc(N([H])N(C([H])([H])[H])C([H])([H])[H])nc1-c1oc([N+](=O)[O-])c([H])c1[H],1,254.271,84.44,1,7,2.1997999999999998,63.78010000000001
[H]c1nc(N(N=O)C([H])([H])[H])c(C(=O)N(N=O)C([H])([H])[H])n1C([H])([H])[H],1,226.19599999999997,100.23000000000002,0,7,0.2911,55.29450000000001
[H]C([H])([H])C([H])([H])N=[N+]([O-])C([H])([H])C([H])([H])[H],1,102.13699999999999,38.43,0,2,0.9887,27.137399999999985
[H]C([H])([H])N=[N+]([O-])C([H])([H])C([H])([H])[H],1,88.11,38.43,0,2,0.5986,22.52039999999999
[H]OC([H])([H])C([H])([H])N([H])C(=O)N(N=O)C([H])([H])C([H])([H])[H],1,161.161,82.0,2,4,-0.3084,38.65950000000001
[H]N(C(=O)N(N=O)C([H])([H])C([H])([H])[H])C([H])([H])C(=O)C([H])([H])[H],1,173.17199999999997,78.84,1,4,0.2883,42.25470000000002
[H]c1c([H])c(-c2c([H])c([H])c(N([H])C(=O)C([H])([H])[H])c([H])c2[H])c([H])c([H])c1F,1,229.254,29.1,1,1,3.451100000000001,66.13970000000002
[H]N([H])C(=O)N(N=O)C([H])([H])C([H])([H])F,1,135.09799999999998,75.76,1,3,0.018000000000000294,28.0594
[H]C(=O)N([H])N([H])c1nc(C([H])([H])[H])c([H])s1,1,157.19799999999998,54.02,2,4,0.5244199999999999,39.67340000000001
[H]OC(=O)C([H])([H])[C@]([H])(C(=O)O[H])C([H])([H])C(=O)O[C@]([H])([C@@]([H])(C([H])([H])[H])C([H])([H])C([H])([H])C([H])([H])C([H])([H])[H])[C@]([H])(OC(=O)C([H])([H])[C@@]([H])(C(=O)O[H])C([H])([H])C(=O)O[H])C([H])([H])[C@]([H])(C([H])([H])[H])C([H])([H])[C@@]([H])(O[H])C([H])([H])C([H])([H])C([H])([H])C([H])([H])[C@@]([H])(O[H])C([H])([H])[C@]([H])(O[H])[C@@]([H])(N([H])[H])C([H])([H])[H],1,721.8380000000001,288.50999999999993,8,12,2.564200000000003,177.59299999999965
[H]C1=C([H])C(=[N+](C([H])([H])c2c([H])c([H])c([H])c(S(=O)(=O)O)c2[H])C([H])([H])C([H])([H])[H])C([H])=C([H])C1=C(c1c([H])c([H])c(N(C([H])([H])c2c([H])c([H])c([H])c(S(=O)(=O)O)c2[H])C([H])([H])C([H])([H])[H])c([H])c1[H])c1c([H])c([H])c(S(=O)(=O)[O-])c([H])c1[H],1,748.9010000000002,172.19,2,8,5.712100000000006,193.89879999999954
[H]N([H])C(=O)N(N=O)C([H])([H])C([H])([H])C([H])([H])C([H])([H])C([H])([H])C([H])([H])[H],1,173.21599999999995,75.76,1,3,1.6288000000000002,46.226400000000034
[H]c1sc(N([H])N([H])[H])nc1-c1oc([N+](=O)[O-])c([H])c1[H],1,226.217,107.22,2,7,1.5969,54.280499999999996
[H]OC([H])([H])C([H])([H])N1C(=O)N(/N=C(/[H])c2oc([N+](=O)[O-])c([H])c2[H])C([H])([H])C1([H])[H],1,268.229,112.42000000000002,1,6,0.2515999999999998,63.71720000000003
[H]OC([H])([H])C([H])([H])N(N=O)C(=O)N([H])C([H])([H])C([H])([H])[H],1,161.16099999999997,82.0,2,4,-0.3084,38.65950000000001
[H]OC([H])([H])C([H])([H])N([H])c1nc(-c2sc([N+](=O)[O-])c([H])c2[H])nc2c([H])c([H])c([H])c([H])c12,1,316.34200000000004,101.17999999999999,2,7,2.670700000000001,85.0809
[H]OC([H])(C([H])=C([H])[H])c1c([H])c([H])c2c(c1[H])OC([H])([H])O2,1,178.18699999999995,38.69,1,3,1.6346999999999996,47.72180000000003
[H]c1c(N([H])C(=NC([H])([H])C(F)(F)F)N([H])[H])nn(C([H])([H])C([H])([H])C([H])([H])C([H])([H])C(=O)N([H])[H])c1[H],1,306.29200000000003,111.31999999999998,3,4,0.8276,71.43950000000001
[H]c1c([H])c2c(c([H])c1C1=NN([H])C(=O)C([H])([H])C1([H])[H])C(C([H])([H])[H])(C([H])([H])[H])C(=O)N2[H],1,257.2929999999999,70.56,2,3,1.5304,72.01140000000002
[H]OC([H])([H])C1([H])OC([H])(C([H])(I)C([H])([H])[H])OC1([H])[H],1,258.055,38.69,1,3,0.5436999999999999,45.180800000000026
[H]OC([H])([H])[C@]1(O[H])C(=O)OC([H])([H])C2=C([H])C([H])([H])[N+]3([O-])C([H])([H])C([H])([H])[C@@]([H])(OC(=O)/C(=C(/[H])C([H])([H])[H])C([H])([H])[C@@]1([H])C([H])([H])[H])[C@@]23[H],1,367.39800000000014,116.12,2,7,0.17780000000000085,90.26200000000004
[H]C([H])=C(C([H])([H])[H])C([H])([H])[H],1,56.10799999999999,0.0,0,0,1.5824,20.487999999999996
[H]OC(C([H])([H])[H])(C([H])([H])[H])[C@](O[H])(C(=O)OC([H])([H])C1=C([H])C([H])([H])N2C([H])([H])C([H])([H])[C@]([H])(OC(=O)/C(=C(/[H])C([H])([H])[H])C([H])([H])[H])[C@@]12[H])[C@@]([H])(OC([H])([H])[H])C([H])([H])[H],1,411.4950000000002,105.53000000000002,2,8,0.9587999999999999,106.04960000000004
[H]OC([H])([H])c1nc(N([H])C([H])([H])C([H])([H])C([H])([H])Oc2c([H])c([H])c([H])c(C([H])([H])N3C([H])([H])C([H])([H])C([H])([H])C([H])([H])C3([H])[H])c2[H])n(C([H])([H])[H])n1,1,359.4740000000002,75.44000000000001,2,7,2.1742999999999997,101.09750000000007
[H]c1nc(C([H])([H])[H])c([H])c([H])c1C([H])([H])c1c([H])nc(N([H])C([H])([H])C([H])([H])SC([H])([H])c2oc(C([H])([H])N(C([H])([H])[H])C([H])([H])[H])c([H])c2[H])n([H])c1=O,1,413.54700000000014,87.05000000000001,2,7,3.064020000000001,117.38840000000005
[H]C(=O)/C([H])=C(\[H])O,1,72.063,37.3,1,2,0.25699999999999995,17.8328
[H]c1c([H])c([H])c2c(c1[H])c1c([H])c(C([H])([H])[H])c(N([H])[H])[n+]([H])c1n2[H],1,198.24899999999997,55.949999999999996,2,1,2.0258199999999995,61.50980000000001
[H]C([H])([H])[N+]([O-])=NC([H])([H])C([H])([H])[H],1,88.11,38.43,0,2,0.5985999999999999,22.52039999999999
[H]/C(=N/N1C(=O)N([H])C([H])(C([H])([H])[H])C1([H])[H])c1oc([N+](=O)[O-])c([H])c1[H],1,238.20299999999997,100.98,1,5,0.9354,57.65610000000001
[H]OC(=O)[C@@]([H])(N([H])[H])C([H])([H])C([H])([H])C([H])([H])N([H])C(=O)N(N=O)C([H])([H])[H],1,218.21300000000002,125.08999999999997,3,5,-0.4986999999999997,51.80190000000001
[H]C1([H])N(N=O)[C@]([H])(C([H])([H])[H])C([H])([H])C([H])([H])C1([H])[H],1,128.17499999999998,32.67,0,2,1.5422,35.814
[H]C1([H])N(N=O)[C@@]([H])(C([H])([H])[H])C([H])([H])C([H])([H])C1([H])[H],1,128.17499999999998,32.67,0,2,1.5422,35.814
[H]O/N=C(/C([H])([H])[H])C([H])([H])C([H])([H])[H],1,87.122,32.59,1,2,1.2465,25.186499999999988
[H]c1c(-c2nc(N3C([H])([H])C([H])([H])OC([H])([H])C3([H])[H])c3c([H])c([H])c([H])c([H])c3n2)sc([N+](=O)[O-])c1[H],1,342.38000000000005,81.39,0,7,3.103100000000002,92.53740000000005
[H]/C(=N/N1C(=O)O[C@@]([H])(C([H])([H])N2C([H])([H])C([H])([H])OC([H])([H])C2([H])[H])C1([H])[H])c1oc([N+](=O)[O-])c([H])c1[H],1,324.29299999999995,110.65,0,8,0.6747000000000001,77.19040000000003
[H]c1c(-c2nnc(N([H])C(=O)C([H])([H])[H])s2)oc([N+](=O)[O-])c1[H],1,254.22699999999998,111.16000000000003,1,7,1.6646999999999998,58.5691
[H]c1nc(-c2oc([N+](=O)[O-])c([H])c2[H])c([H])s1,1,196.187,69.17,0,5,2.3113,46.47040000000001
[H]c1c(-c2nc(N([H])C(=O)C([H])([H])[H])nc(N([H])C(=O)C([H])([H])[H])n2)oc([N+](=O)[O-])c1[H],1,306.238,153.15,2,8,0.9565999999999998,72.7908
[H]/C(=C(/[N+](=O)[O-])C([H])([H])C([H])([H])[H])C([H])([H])C([H])([H])[H],1,129.159,43.14,0,2,1.9669999999999999,35.6594
[H]C([H])([H])C([H])([H])C([H])([N+](=O)[O-])C([H])([H])[H],1,103.12099999999998,43.14,0,2,1.0615999999999999,26.74739999999999
[H]C([H])([H])C([H])([H])C([H])([N+](=O)[O-])C([H])([H])C([H])([H])[H],1,117.14799999999998,43.14,0,2,1.4517,31.364399999999986
[H]OC([H])([H])C([H])(O[H])C([H])([H])N(N=O)C([H])([H])C([H])(O[H])C([H])([H])[H],1,178.18800000000002,93.36,3,5,-1.2961999999999998,42.14140000000002
[H]OC([H])([H])C([H])(O[H])C([H])([H])N(N=O)C([H])([H])C(=O)C([H])([H])[H],1,176.172,90.19999999999999,2,5,-1.088,41.14160000000002
[H]c1c([H])c([H])c(C(=O)N2C([H])(C([H])([H])[H])C([H])([H])N(N=O)C([H])([H])C2([H])C([H])([H])[H])c([H])c1[H],1,247.29799999999997,52.980000000000004,0,3,1.9028,68.90350000000004
[H]OC([H])(C([H])([H])[H])C([H])([H])N(N=O)C(=O)N([H])C([H])([H])C([H])([H])Cl,1,209.63299999999998,82.0,2,4,0.299,48.30050000000002
[H]OC([H])([H])C([H])([H])N(N=O)C([H])([H])C([H])(O[H])C([H])([H])[H],1,148.162,73.13,2,4,-0.6571000000000002,36.1346
[H]OC1([H])C([H])([H])N(N=O)C([H])([H])C1([H])[H],1,116.11999999999999,52.9,1,3,-0.26559999999999984,27.99179999999999
[H]N([H])C(=O)N(N=O)C([H])([H])C([H])(C([H])([H])[H])C([H])([H])[H],1,145.16199999999998,75.76,1,3,0.7045000000000001,36.92240000000001
[H]C([H])([H])N(N=O)C([H])([H])C([H])([H])C([H])([H])C([H])([H])C([H])([H])C([H])([H])C([H])([H])C([H])([H])C([H])([H])C([H])([H])C([H])([H])C([H])([H])[H],1,228.3799999999999,32.67,0,2,4.520500000000005,70.26900000000006
[H]c1c([H])c(N(N=O)C([H])([H])[H])c([H])c([H])c1F,1,154.14399999999995,32.67,0,2,1.9433,40.59800000000001
[H]C([H])([H])N(N=O)C([H])([H])C([H])([H])C([H])([H])C([H])([H])C([H])([H])C([H])([H])C([H])([H])C([H])([H])C([H])([H])C([H])([H])[H],1,200.32599999999994,32.67,0,2,3.740300000000003,61.03500000000005
[H]C1([H])OC(=O)N(N=O)C1([H])[H],1,116.07600000000001,58.97,0,4,0.12,23.848999999999993
[H]C1=C([H])C([H])([H])C([H])([H])N(N=O)C1([H])[H],1,112.13199999999999,32.67,0,2,0.9297000000000001,31.12499999999999
[H]C([H])([H])N1C([H])(C([H])([H])[H])C([H])([H])N(N=O)C([H])([H])C1([H])C([H])([H])[H],1,157.217,35.91,0,3,0.6921999999999999,44.05500000000002
[H]OC([H])([H])C([H])(O[H])C([H])([H])N(N=O)C([H])([H])C([H])=C([H])[H],1,160.173,73.13,2,4,-0.4909999999999999,40.657600000000016
[H]OC([H])(C([H])([H])[H])C([H])([H])N(N=O)C([H])([H])C([H])=C([H])[H],1,144.174,52.9,1,3,0.5366,39.2458
[H]C([H])=C([H])C([H])([H])N(N=O)C([H])([H])C(=O)C([H])([H])[H],1,142.158,49.74,0,3,0.7448,38.24600000000001
[H]OC([H])([H])C([H])([H])N(N=O)C([H])([H])C([H])=C([H])[H],1,130.147,52.9,1,3,0.1480999999999999,34.6508
[H]C([H])([H])C([H])([H])OC(=O)N(N=O)C([H])([H])C([H])([H])C([H])([H])C([H])([H])C([H])([H])[H],1,188.22699999999995,58.97,0,4,2.3165000000000004,49.04800000000003
[H]c1c([H])c([H])c2sc(N([H])C(=O)N(N=O)C([H])([H])[H])nc2c1[H],1,236.256,74.66,1,5,2.4414000000000007,62.196700000000014
[H]C1([H])N(N=O)C([H])([H])C([H])([H])C([H])([H])C([H])([H])C([H])([H])C([H])([H])C([H])([H])C([H])([H])C([H])([H])C([H])([H])C1([H])[H],1,212.33699999999993,32.67,0,2,3.884400000000003,63.53800000000005
[H]OC(=O)C([H])([H])C([H])([H])C([H])([H])N(N=O)C([H])([H])[H],1,146.14600000000002,69.97,1,3,0.4643999999999999,35.2948
[H]OC([H])([H])C([H])([H])N(N=O)C([H])([H])[H],1,104.109,52.9,1,3,-0.40810000000000013,25.510799999999993
[H]OC([H])([H])C([H])([H])C([H])([H])N(N=O)C([H])([H])[H],1,118.136,52.9,1,3,-0.018000000000000016,30.12779999999999
[H]OC([H])(C([H])([H])[H])C([H])([H])N(N=O)C([H])([H])[H],1,118.136,52.9,1,3,-0.019600000000000062,30.105799999999988
[H]C([H])([H])C(=O)C([H])([H])N(N=O)C([H])([H])[H],1,116.11999999999999,49.74,0,3,0.1886,29.10599999999999
[H]c1c([H])c(S(=O)(=O)OC([H])([H])C([H])([H])N(N=O)C([H])([H])[H])c([H])c([H])c1C([H])([H])[H],1,258.2989999999999,76.04,0,5,1.31352,62.74180000000003
[H]C([H])([H])N(N=O)C([H])([H])C([H])([H])C([H])([H])C([H])([H])C([H])([H])C([H])([H])C([H])([H])C([H])([H])C([H])([H])C([H])([H])C([H])([H])[H],1,214.35299999999992,32.67,0,2,4.130400000000003,65.65200000000006
[H]c1c([H])c([H])[n+]([O-])c([H])c1C1([H])N(N=O)C([H])([H])C([H])([H])C1([H])[H],1,193.20599999999993,59.61,0,3,1.1382999999999999,49.87800000000003
[H]C([H])([H])C1([H])SC([H])(C([H])([H])[H])N(N=O)C([H])(C([H])([H])[H])S1,1,192.309,32.67,0,4,2.487800000000001,51.20200000000003
[H]C1([H])SC([H])([H])C([H])([H])N(N=O)C1([H])[H],1,132.18800000000002,32.67,0,3,0.7166,34.693
[H]c1c([H])c([H])c2c(c1[H])C(=O)c1c([H])c(N([H])C(=O)C([H])([H])[H])c([H])c([H])c1-2,1,237.25799999999998,46.17,1,2,2.8564000000000007,69.61420000000003
[H]C1([H])OC([H])([H])C([H])([H])N(SC(=S)N2C([H])([H])C([H])([H])OC([H])([H])C2([H])[H])C1([H])[H],1,248.37299999999993,24.94,0,5,0.5839000000000001,64.97300000000003
[H]O[C@@]1(C([H])([H])[H])C(=O)OC([H])([H])C2=C([H])C([H])([H])N(C([H])([H])[H])C([H])([H])C([H])([H])[C@@]([H])(OC(=O)C3(O[C@]3([H])C([H])([H])[H])C([H])([H])[C@@]1([H])C([H])([H])[H])C2=O,1,381.4250000000001,105.66999999999999,1,8,0.220700000000001,93.72580000000005
[H]C1=C2C([H])([H])[C@@]([H])(OC(=O)C([H])([H])c3c([H])c([H])c(N(C([H])([H])C([H])([H])Cl)C([H])([H])C([H])([H])Cl)c([H])c3[H])C([H])([H])C([H])([H])[C@]2(C([H])([H])[H])[C@@]2([H])C([H])([H])C([H])([H])[C@@]3(C([H])([H])[H])[C@@]([H])(C([H])([H])C([H])([H])[C@]3([H])[C@]([H])(C([H])([H])[H])C([H])([H])C([H])([H])C([H])([H])C([H])(C([H])([H])[H])C([H])([H])[H])[C@]2([H])C1([H])[H],1,644.812,29.54,0,3,10.466299999999993,186.7249999999993
[H]Oc1c([H])c([H])c2c([H])c(S(=O)(=O)O)c([H])c(S(=O)(=O)O)c2c1N=Nc1c([H])c([H])c(S(=O)(=O)O)c2c([H])c([H])c([H])c([H])c12,1,538.5370000000003,208.05999999999997,4,9,3.8541000000000016,123.18060000000001
[H]Oc1c([H])c([H])c2c([H])c([H])c([H])c([H])c2c1N=Nc1c([H])c([H])c(C([H])([H])[H])c([H])c1[N+](=O)[O-],1,307.309,88.09,1,5,5.177420000000003,87.62220000000003
[H]OC([H])([H])[C@]1(O[H])C(=O)OC([H])([H])C2=C([H])C([H])([H])N3C([H])([H])C([H])([H])[C@@]([H])(OC(=O)/C(=C(/[H])C([H])([H])[H])C([H])([H])[C@@]1([H])C([H])([H])[H])[C@@]23[H],1,351.3990000000001,96.30000000000001,2,7,0.1652000000000009,88.47360000000005
[H]c1c([H])c(S(=O)(=O)c2c([H])c([H])c(N([H])C(=O)C([H])([H])[H])c([H])c2[H])c([H])c([H])c1N([H])C(=O)C([H])([H])[H],1,332.3810000000001,92.34,2,4,2.4362000000000004,86.94320000000003
[H]OC([H])(C([H])([H])[H])C(O[H])(C(=O)OC([H])([H])C1=C([H])C([H])([H])N2C([H])([H])C([H])([H])[C@@]([H])(OC(=O)/C(=C(\[H])C([H])([H])[H])C([H])([H])[H])[C@@]12[H])C([H])(C([H])([H])[H])C([H])([H])[H],1,381.4690000000001,96.30000000000001,2,7,1.1897999999999993,99.79960000000004
[H]C([H])(Br)C([H])(Br)C([H])([H])OP(=O)(O)OC([H])([H])C([H])(Br)C([H])([H])Br,1,497.74000000000007,55.760000000000005,1,3,3.4368000000000016,74.74730000000002
[H]OC([H])(C([H])([H])[H])C([H])([H])N([H])C(=O)N(N=O)C([H])(Cl)C([H])([H])[H],1,209.63299999999998,82.0,2,4,0.6450000000000002,48.02850000000002
[H]c1c(-c2nc(N([H])[H])nc(N([H])[H])n2)oc([N+](=O)[O-])c1[H],1,222.16400000000002,146.99,2,8,0.20420000000000033,53.00819999999998
[H]O[C@@]([H])([C@@]([H])(O[H])[C@]([H])(O[H])C([H])([H])Br)[C@@]([H])(O[H])C([H])([H])Br,1,307.966,80.92,4,4,-0.7802000000000002,51.61520000000003
[H]C1([H])N(N=O)C([H])([H])C([H])([H])C([H])([H])N(N=O)C1([H])[H],1,158.161,65.34,0,4,0.3568999999999999,39.35300000000001
[H]OC([H])([H])C([H])([H])C([H])([H])N(N=O)C(=O)N([H])[H],1,147.134,95.99,2,4,-0.5691000000000002,33.78719999999999
[H]c1c([H])c(-c2c([H])c([H])c(OC(C(=O)OC([H])([H])[H])(C([H])([H])[H])C([H])([H])[H])c([H])c2[H])c([H])c([H])c1Cl,1,304.773,35.53,0,3,4.337400000000003,83.61100000000005
[H]/C(=C(/[H])c1c([H])c([H])nc2c([H])c([H])c([H])c([H])c12)c1c([H])c([H])c(N(N=O)C([H])([H])[H])c([H])c1[H],1,289.338,45.56,0,3,4.522800000000004,91.31100000000002
[H]c1nc(N(N=O)C([H])([H])[H])c(C(=O)N([H])C([H])([H])[H])n1C([H])([H])[H],1,197.19799999999998,79.59,1,5,-0.10270000000000024,50.79620000000002
[H]C([H])(C(=O)O)N(C([H])([H])C(=O)O)C([H])([H])C(=O)O,1,191.13899999999998,115.14,3,4,-1.4577999999999993,39.3474
[H]c1nc2c([H])c([H])c([H])c([H])n2c1-c1oc([N+](=O)[O-])c([H])c1[H],1,229.19499999999996,73.58,0,5,2.5025000000000013,59.54840000000001
[H]c1c(-c2noc(C([H])([H])N([H])C(=O)C([H])([H])[H])n2)oc([N+](=O)[O-])c1[H],1,252.18599999999998,124.30000000000001,1,7,0.8738999999999999,56.1751
[H]c1c([H])c([H])c(OC([H])(C([H])([H])[H])C([H])([H])[H])c(OC(=O)N(N=O)C([H])([H])[H])c1[H],1,238.24299999999997,68.2,0,5,2.5858000000000008,61.78800000000003
[H]OC([H])([H])C([H])([H])N(N=O)C([H])([H])C([H])(O[H])C([H])([H])O[H],1,164.161,93.36,3,5,-1.6847,37.5464
[H]OC([H])([H])C([H])([H])N(N=O)C(=O)N([H])C([H])([H])C([H])([H])Cl,1,195.60599999999997,82.0,2,4,-0.08950000000000014,43.70550000000002
[H]C([H])([H])N(N=O)C([H])([H])C([H])([H])C([H])([H])C([H])([H])C([H])([H])C([H])([H])C([H])([H])C([H])([H])C([H])([H])C([H])([H])C([H])([H])C([H])([H])C([H])([H])C([H])([H])[H],1,256.43399999999986,32.67,0,2,5.300700000000005,79.50300000000007
[H]OC([H])([H])C([H])([H])N(N=O)C([H])([H])C(=O)C([H])([H])[H],1,146.146,69.97,1,4,-0.4489000000000003,35.1348
[H]C1=C(C([H])([H])[H])c2c([H])c([H])c([H])c([H])c2N(N=O)C1(C([H])([H])[H])C([H])([H])[H],1,202.25699999999995,32.67,0,2,3.369900000000002,62.44600000000003
[H]OC([H])([H])C([H])(O[H])C([H])([H])N(N=O)C([H])([H])[H],1,134.13500000000002,73.13,2,4,-1.0472,31.51759999999999
[H]O[C@@]1(C([H])([H])[H])C(=O)OC([H])([H])C2=C([H])C([H])([H])N(C([H])([H])[H])C([H])([H])C([H])([H])[C@@]([H])(OC(=O)/C(=C(/[H])C([H])([H])[H])C([H])([H])[C@@]1([H])C([H])([H])[H])C2=O,1,365.4260000000001,93.13999999999999,1,7,1.0094999999999998,94.20480000000005
[H]c1sc(N([H])C(=O)C(F)(F)F)nc1-c1oc([N+](=O)[O-])c([H])c1[H],1,307.209,98.27000000000001,1,6,2.812100000000001,61.155100000000004
[H]c1c([H])c(N([H])C(=O)N(OC([H])([H])[H])C([H])([H])[H])c([H])c(Cl)c1Cl,1,249.09699999999998,41.57000000000001,1,2,3.0185000000000013,60.252700000000026
CC(=O)[O-].CC(=O)[O-].[Ni+2],1,176.781,80.25999999999999,0,4,-2.490099999999999,21.36199999999999
[H]C1=C2C(Cl)=C([H])[C@]3([H])[C@]([H])(C([H])([H])C([H])([H])[C@@]4(C([H])([H])[H])[C@@]3([H])C([H])([H])C([H])([H])[C@]4(OC(=O)C([H])([H])[H])C(=O)C([H])([H])[H])[C@@]2(C([H])([H])[H])[C@@]2([H])C([H])([H])[C@@]2([H])C1=O,1,416.94500000000016,60.440000000000005,0,4,4.607600000000003,108.95300000000007
[H]c1nc2c([H])c([H])c([H])c([H])c2c(C([H])([H])[H])c1[H],1,143.18899999999996,12.89,0,1,2.5432200000000007,46.480000000000025
[H]c1c([H])c(-c2c([H])c([H])c(N([H])[H])c([H])c2[H])c([H])c([H])c1F,1,187.21699999999998,26.02,1,1,3.0749000000000004,56.24840000000002
[H]C([H])([H])C(Br)(C([H])([H])[H])C([H])([H])[H],1,137.01999999999998,0.0,0,0,2.1798,28.67999999999999
[H]C([H])([H])OP(=O)(OC([H])([H])[H])OC([H])([H])[H],1,140.075,44.760000000000005,0,4,1.0337,28.633499999999987
[H]C#C[C@]1(OC(=O)C([H])([H])[H])C([H])([H])C([H])([H])[C@@]2([H])[C@]3([H])C([H])([H])C([H])([H])C4=C([H])[C@@]([H])(OC(=O)C([H])([H])[H])C([H])([H])C([H])([H])[C@]4([H])[C@@]3([H])C([H])([H])C([H])([H])[C@@]21C([H])([H])[H],1,384.51600000000025,52.6,0,4,4.425900000000004,105.97000000000007
COC(=O)C(C1CCCCN1)C2=CC=CC=C2.Cl,1,269.772,38.33,1,3,2.5071000000000008,74.08870000000005
CC(=O)[O-].CC(=O)[O-].[Pb+2],1,325.288,80.25999999999999,0,4,-2.8683999999999985,27.115999999999993
CN[NH3+].OS(=O)(=O)[O-],1,144.152,117.1,3,4,-2.6327,24.273800000000005
[H]C1=C2C(Cl)=C([H])[C@@]3([H])[C@]4([H])C([H])([H])C([H])([H])[C@](OC(=O)C([H])([H])[H])(C(=O)C([H])([H])[H])[C@@]4(C([H])([H])[H])C([H])([H])C([H])([H])[C@]3([H])[C@@]2(C([H])([H])[H])C([H])([H])C([H])([H])C1=O,1,404.93400000000025,60.440000000000005,0,4,4.751700000000003,106.59000000000007
[H]OC(=O)C([H])(N([H])C(=O)c1c([H])c(Cl)c2c(c1O[H])C(=O)O[C@]([H])(C([H])([H])[H])C2([H])[H])C([H])([H])c1c([H])c([H])c([H])c([H])c1[H],1,403.81800000000015,112.93000000000002,3,5,2.5727,100.7343
CNNC.Cl.Cl,1,133.02200000000002,24.06,2,2,0.18379999999999996,32.615399999999994
[H]C(Cl)(Cl)C(F)(F)F,1,152.93,0.0,0,0,2.3523999999999994,21.549
[H]n1c(C([H])([H])[H])c(Br)c(=O)n(C([H])(C([H])([H])[H])C([H])([H])C([H])([H])[H])c1=O,1,261.11899999999997,54.86,1,3,1.5785200000000001,58.76170000000002
[H]C1=C2C([H])([H])C([H])([H])[C@@]3([H])[C@]4([H])C([H])([H])C([H])([H])[C@]([H])(OC(=O)C([H])([H])C([H])([H])C([H])([H])C([H])([H])C([H])([H])C([H])([H])[H])[C@@]4(C([H])([H])[H])C([H])([H])C([H])([H])[C@]3([H])[C@@]2(C([H])([H])[H])C([H])([H])C([H])([H])C1=O,1,400.60300000000024,43.370000000000005,0,3,6.400500000000007,115.34900000000009
[H]C1=C2C(C([H])([H])[H])=C([H])[C@@]3([H])[C@]4([H])C([H])([H])C([H])([H])[C@](OC(=O)C([H])([H])[H])(C(=O)C([H])([H])[H])[C@@]4(C([H])([H])[H])C([H])([H])C([H])([H])[C@]3([H])[C@@]2(C([H])([H])[H])C([H])([H])C([H])([H])C1=O,1,384.51600000000025,60.440000000000005,0,4,4.575300000000004,106.41100000000007
[H]c1c([H])c([N+]([H])([H])[H])c(C([H])([H])[H])c([H])c1-c1c([H])c([H])c([N+]([H])([H])[H])c(C([H])([H])[H])c1[H],1,214.31199999999998,55.28,2,0,1.7172399999999999,66.44820000000001
[H]c1c([H])c([H])c2c([H])c3c([H])c(N([H])[H])c([H])c([H])c3c([H])c2c1[H],1,193.249,26.02,1,1,3.5752000000000015,65.86640000000001
[H]c1c([H])c([H])c(C(=O)N([H])N([H])[H])c([H])c1[H],1,136.154,55.120000000000005,2,2,0.29009999999999986,38.095600000000005
C1=CC(=CC=C1C2=CC=C(C=C2)N)N.Cl.Cl,1,257.16399999999993,52.04,2,2,3.361600000000002,75.1988
[H]C1=C([H])c2c([H])c([H])c([H])c3c([H])c([H])c([H])c(c23)C1=O,1,180.20599999999993,17.07,0,1,3.0493000000000015,57.312500000000014
[H]C1=C([H])C(=[N+](C([H])([H])[H])C([H])([H])[H])C([H])=C([H])C1=C(c1c([H])c([H])c(N(C([H])([H])[H])C([H])([H])[H])c([H])c1[H])c1c([H])c([H])c(N(C([H])([H])[H])C([H])([H])[H])c([H])c1[H],1,372.5360000000001,9.49,0,2,4.4596000000000044,122.95540000000004
[H]c1nc([H])c(C(=O)N([H])N([H])[H])c([H])c1[H],1,137.142,68.01,2,3,-0.3149000000000002,35.890600000000006
[H]OC([H])([H])c1c2c([H])c([H])c([H])c([H])c2c(C([H])([H])[H])c2c1c([H])c([H])c1c([H])c([H])c([H])c([H])c12,1,272.347,20.23,1,1,4.946920000000004,89.61980000000004
[H]ON([H])C(=O)OC([H])([H])C([H])([H])[H],1,105.093,58.56,2,3,0.12169999999999997,21.94419999999999
[H]OC(=O)c1c([H])c(Cl)c([H])c(N([H])[H])c1Cl,1,206.028,63.31999999999999,2,2,2.2738,47.8337
[H]Oc1c([H])c([H])c(Cl)c([H])c1C([H])([H])c1c([H])c([H])c([H])c([H])c1[H],1,218.68300000000002,20.23,1,1,3.6364000000000027,62.36480000000003
[H]c1c([H])c(C([H])([H])C([H])([S+]([O-])C([H])([H])C([H])([H])C([H])([H])C([H])([H])C([H])([H])C([H])([H])C([H])([H])C([H])([H])[H])C([H])([H])[H])c([H])c2c1OC([H])([H])O2,1,324.48600000000005,41.519999999999996,0,3,4.455500000000004,92.11640000000007
[H]c1c([H])c([H])c2c(c1[H])C(=O)N(SC(Cl)(Cl)Cl)C2=O,1,296.56200000000007,37.38,0,3,3.2585000000000006,64.82300000000001
COC1=CC=CC=C1N.Cl,1,159.616,35.25,1,2,1.6991999999999998,44.65440000000002
CN(C)CCN(CC1=CC=CS1)C2=CC=CC=N2.Cl,1,297.85499999999996,19.37,0,4,3.133100000000002,85.40800000000004
C1CCC(CC1)NS(=O)(=O)[O-].C1CCC(CC1)NS(=O)(=O)[O-].[Ca+2],1,396.5440000000001,138.46,2,6,0.35700000000000204,85.16580000000005
[H]c1c([H])c2c(c([H])c1OC(=O)C([H])([H])C([H])([H])[H])C([H])([H])C([H])([H])[C@@]1([H])[C@]3([H])C([H])([H])C([H])([H])[C@]([H])(OC(=O)C([H])([H])C([H])([H])[H])[C@@]3(C([H])([H])[H])C([H])([H])C([H])([H])[C@]21[H],1,384.5160000000002,52.6,0,4,5.179900000000005,107.15600000000006
[H]C1=C([H])c2c([H])c3c([H])c([H])c([H])c([H])c3c3c([H])c([H])c([H])c1c23,1,202.25599999999997,0.0,0,0,4.4768000000000026,70.38200000000003
[H]Oc1c([H])c(O[H])c2c(c1[H])O[C@]([H])(c1c([H])c([H])c(O[H])c(O[H])c1[H])[C@@]([H])(O[H])C2([H])[H],1,290.271,110.38000000000001,5,6,1.5460999999999998,72.62300000000002
[H]c1c2c(c3c([H])c4c([H])c([H])c5c([H])c([H])c([H])c([H])c5c4c([H])c3c1[H])C([H])([H])C([H])([H])C([H])([H])C2([H])[H],1,282.386,0.0,0,0,6.025000000000004,95.60200000000005
[H]c1c([H])c([H])c2c(c1[H])-c1c(c([H])c3c4c(c([H])c([H])c3c1[H])C([H])([H])C([H])([H])C([H])([H])C4([H])[H])C([H])([H])C2([H])[H],1,284.40200000000004,0.0,0,0,5.484200000000004,93.43400000000005
[H]C1([H])N(N=O)C([H])([H])C([H])([H])N(N=O)C1([H])[H],1,144.13400000000001,65.34,0,4,-0.03320000000000012,34.736
[H]C([H])=C([H])C([H])([H])c1c([H])c([H])c(OC([H])([H])[H])c([H])c1[H],1,148.20499999999998,9.23,0,1,2.4237,46.89500000000003
[H]OC1([H])c2c3c(c(C([H])([H])[H])c([H])c([H])c3c([H])c3c2c([H])c([H])c2c([H])c([H])c([H])c([H])c23)C1([H])[H],1,284.35800000000006,20.23,1,1,5.044120000000004,92.36080000000004
[H]C1=C([H])c2c3c1c(C([H])([H])[H])c([H])c([H])c3c([H])c1c2c([H])c([H])c2c([H])c([H])c([H])c([H])c21,1,266.343,0.0,0,0,5.938420000000004,92.62500000000003
CO[Si](CCC1CCC2C(C1)O2)(OC)OC,1,246.37899999999996,40.22,0,4,1.8220999999999998,62.20700000000005
[H]OC(C([H])([H])[H])(C([H])([H])[H])C([H])([H])C([H])([H])[C@@]([H])(O[H])[C@@]([H])(C([H])([H])[H])[C@@]1([H])C([H])([H])C([H])([H])[C@@]2(O[H])C3=C([H])C(=O)[C@]4([H])C([H])([H])[C@@]([H])(O[H])[C@@]([H])(O[H])C([H])([H])[C@]4(C([H])([H])[H])[C@@]3([H])C([H])([H])C([H])([H])[C@]12C([H])([H])[H],1,464.64300000000026,118.22,5,6,2.7391000000000005,125.14200000000004
CC1=C(C=CC(=C1)Cl)N.Cl,1,178.06199999999998,26.02,1,1,2.6524200000000007,47.84940000000001
[H]C([H])([H])N([N+](=O)[O-])C([H])([H])[H],1,90.082,46.379999999999995,0,2,-0.2603000000000001,20.681399999999996
[H]Oc1c([H])c(-c2c([H])c([H])c([H])c([H])c2[H])c([H])c([H])c1N([H])[H],1,185.22599999999997,46.25,2,2,2.641399999999999,57.95520000000002
[H]C([H])([H])C([H])([H])N(N=O)C([H])([H])C([H])([H])C([H])([H])C([H])([H])[H],1,130.19099999999997,32.67,0,2,1.7898,37.95
[H]c1c([H])c([H])c(C([H])([H])C([H])([H])N=C=S)c([H])c1[H],1,163.245,12.36,0,2,2.3319,50.03900000000002
CCCCCCCCCCCCN=C(N)N.CC(=O)O,1,287.448,101.7,3,2,3.2716000000000003,85.83060000000005
[H]c1c([H])c([H])c2c([H])c3c(c([H])c([H])c4c([H])c([H])c([H])c([H])c43)c(C([H])([H])[H])c2c1[H],1,242.32099999999997,0.0,0,0,5.454620000000004,83.69700000000005
[H]C([H])([H])N(N=O)C([H])([H])C([H])([H])C([H])([H])C([H])([H])[H],1,116.164,32.67,0,2,1.3997,33.33299999999999
[H]c1c([H])c([H])c2c(OC(=O)N(N=O)C([H])([H])[H])c([H])c([H])c([H])c2c1[H],1,230.22299999999998,58.97,0,4,2.9518000000000013,63.53000000000002
[W],1,183.84,0.0,0,0,-0.0025,0.0
[O-]P(=O)([O-])[O-].[O-]P(=O)([O-])[O-].[Pb+2].[Pb+2].[Pb+2],1,811.54,172.5,0,8,-6.7916,32.474999999999994
S=[Se],1,111.02699999999999,0.0,0,1,0.26739999999999997,13.344999999999999
C1=CC(=CN=C1)CCl.Cl,1,164.035,12.89,0,1,2.242200000000001,41.042000000000016
Cl[Hg]Cl,1,271.496,0.0,0,0,1.3765,11.706
[O-][Cr](=O)(=O)[O-].[Pb+2],1,323.192,80.25999999999999,0,4,-2.9989,7.127
[O-][Cr](=O)(=O)[O-].[Sr+2],1,203.612,80.25999999999999,0,4,-2.9989,7.127
[H]/C(Cl)=C(/[H])C([H])([H])Cl,1,110.97100000000002,0.0,0,0,1.9777,25.712999999999994
[H]c1c([H])c([H])c2c([H])c(N=O)c([H])c([H])c2c1[H],1,157.172,29.43,0,2,3.237700000000001,49.40300000000003
[H]c1c([H])c([H])c2c(c1[H])c1c([H])c([N+]([H])([H])[H])c([H])c([H])c1n2C([H])([H])C([H])([H])[H],1,211.28799999999995,32.57,1,1,2.6878,67.66610000000003
[H]c1c([H])c([N+](=O)[O-])c([H])c2c1-c1c([H])c([H])c([N+](=O)[O-])c([H])c1C2([H])[H],1,256.217,86.28,0,4,3.074200000000002,67.99280000000002
[H]OC([H])([H])C([H])([H])OC(=O)N([H])[H],1,105.093,72.55,2,3,-0.9260000000000002,22.621199999999998
[H]c1c([H])c([H])c(N([H])C(=O)C2=C(C([H])([H])[H])OC([H])([H])C([H])([H])S2)c([H])c1[H],1,235.30799999999996,38.33,1,3,2.620000000000001,66.18170000000002
[H]C([H])=C([H])C([H])([H])N(N([H])[H])C([H])([H])C([H])=C([H])[H],1,112.17599999999999,29.259999999999998,1,2,0.5341000000000001,36.1544
[H]C([H])(F)C(F)(F)F,1,102.03000000000002,0.0,0,0,1.5182000000000002,12.030000000000003
[H]c1c([H])c([H])c2c(S(=O)(=O)C([H])([H])C([H])([H])[H])c([H])c([H])c(S(=O)(=O)N([H])[H])c2c1[H],1,299.37300000000005,94.3,1,4,1.2808000000000002,73.04800000000003
[H]Oc1c([H])c([H])c2c([H])c([H])c([H])c([H])c2c1N=Nc1c([H])c([H])c([H])c([H])c1[H],1,248.285,44.95,1,3,4.9608000000000025,76.23080000000003
[H]C([H])([H])N1C(=O)C([H])([H])C([H])([H])C1([H])[H],1,99.13300000000001,20.310000000000002,0,1,0.23859999999999992,26.870999999999988
[H]C([H])([H])N(N=O)C([H])([H])C([H])([H])C([H])([H])[H],1,102.137,32.67,0,2,1.0095999999999998,28.715999999999987
[H]C([H])([H])C([H])(OS(=O)(=O)C([H])([H])[H])C([H])([H])[H],1,138.188,43.370000000000005,0,3,0.3710000000000001,31.064799999999988
[H]c1c(Cl)c([H])c(Cl)c(N([H])[H])c1Cl,1,196.464,26.02,1,1,3.229,45.8844
[H]c1c([H])c([H])c(N=Nc2c([H])c([H])c(N([H])C([H])([H])[H])c([H])c2[H])c([H])c1[H],1,211.26800000000003,36.75,1,3,4.143700000000002,66.60670000000003
[H]C(=[N+]=[N-])C(=O)OC([H])([H])C([H])([H])[H],1,114.10399999999998,62.7,0,2,-0.14990000000000003,26.31639999999999
[H]C(=O)N([H])N([H])C([H])=O,1,88.06599999999999,58.2,2,2,-1.6066000000000005,18.3994
[H]C1([H])N(N=O)C([H])([H])C([H])([H])C([H])([H])C([H])([H])C1([H])[H],1,128.175,32.67,0,2,1.5438,35.836
CC1=CC=CC=C1N.Cl,1,143.61700000000002,26.02,1,1,1.9990200000000002,42.83940000000002
[H]C(=O)N(N([H])[H])C([H])([H])[H],1,74.083,46.33,1,2,-1.0517,18.0144
O=[Ni],1,74.692,17.07,0,1,-0.1213,0.6865
[O-2].[O-2].[O-2].[As+3].[As+3],1,197.841,85.5,0,0,-1.118,13.567499999999999
O=[Cr](=O)=O,1,99.993,51.21,0,3,-0.3589,2.0595
[H]Oc1c([H])c2c(c(C([H])([H])[H])c1C([H])([H])[H])OC(C([H])([H])[H])(C([H])([H])C([H])([H])C([H])([H])C([H])(C([H])([H])[H])C([H])([H])C([H])([H])C([H])([H])C([H])(C([H])([H])[H])C([H])([H])C([H])([H])C([H])([H])C([H])(C([H])([H])[H])C([H])([H])[H])C([H])([H])C2([H])[H],1,416.6900000000003,29.46,1,2,8.531840000000004,129.65380000000007
[H]C([H])([H])C1([H])OC([H])(C([H])([H])[H])C([H])([H])N(N=O)C1([H])[H],1,144.174,41.9,0,3,0.7769999999999999,37.377
[O-2].[O-2].[O-2].[Sb+3].[Sb+3],1,291.517,85.5,0,0,-1.118,13.567499999999999
[H]Oc1c(Br)c([H])c(C#N)c([H])c1Br,1,276.91499999999996,44.019999999999996,1,2,2.78888,48.22180000000001
[H]C([H])([H])C(F)(Cl)Cl,1,116.95,0.0,0,0,2.1071999999999997,21.218999999999998
[H]c1c([H])c(N([H])C(=O)C([H])([H])[H])c([H])c([N+](=O)[O-])c1OC([H])([H])C([H])([H])[H],1,224.21599999999992,81.47,1,4,1.9518999999999997,58.56910000000003
[OH-].[OH-].[Mg+2],1,58.319,60.0,0,2,-0.7343999999999999,9.6256
S=[Cd],1,144.479,0.0,0,1,0.6457,7.591
O=[Cd],1,128.411,17.07,0,1,-0.1213,0.6865
[Be]=O,1,25.011000000000003,17.07,0,1,-0.49960000000000004,6.440499999999999
[Be+2].[Be+2].[Be+2].[O-][Si](=O)[O-].[O-][Si](=O)[O-].[O-][Si](=O)[O-].[O-][Si](=O)[O-].[O-][Si](=O)[O-].[O-][Si](=O)[O-].[Al+3].[Al+3],1,537.4980000000002,379.14,0,18,-19.169600000000006,67.413
[H]OC([H])(C([H])([H])[H])C([H])([H])C(=O)N([H])c1c([H])c([H])c(OC([H])([H])C([H])([H])[H])c([H])c1[H],1,223.272,58.56,2,3,1.7947,62.53850000000004
[H]C([H])=C(C#N)C(=O)OC([H])([H])C([H])(C([H])([H])[H])C([H])([H])[H],1,153.18099999999998,50.09,0,3,1.26538,40.55000000000002
[H]Oc1c([H])c([H])c2c(c1[H])C([H])([H])C([H])([H])[C@@]1([H])[C@]3([H])C([H])([H])C([H])([H])[C@]([H])(OC(=O)C([H])([H])C([H])([H])C([H])([H])C([H])([H])[H])[C@@]3(C([H])([H])[H])C([H])([H])C([H])([H])[C@]21[H],1,356.5060000000002,46.53,1,3,5.350300000000005,102.12880000000006
[H]C(Cl)=C(OP(=O)(OC([H])([H])[H])OC([H])([H])[H])c1c([H])c(Cl)c(Cl)c([H])c1Cl,1,365.96400000000006,44.760000000000005,0,4,5.6015000000000015,78.01150000000003
[H]c1c([H])c([H])c(C([H])([H])N(N=O)C([H])([H])[H])c([H])c1[H],1,150.181,32.67,0,2,1.7997999999999998,43.70400000000002
[H]c1nc(Oc2c([H])c([H])c(Oc3nc([H])c(Cl)c([H])c3Cl)c([H])c2[H])c(Cl)c([H])c1Cl,1,402.0640000000001,44.24,0,4,6.674800000000001,95.10400000000003
[K+].[I-],1,166.002,0.0,0,0,-5.992,0.0
[H]OC(=O)c1c([H])c([H])c(S(=O)(=O)N(C([H])([H])C([H])([H])C([H])([H])[H])C([H])([H])C([H])([H])C([H])([H])[H])c([H])c1[H],1,285.36499999999995,74.67999999999999,1,3,2.1955,72.74210000000004
[H]O[C@@]1([H])C([H])([H])C([H])([H])[C@@]2([H])[C@]3([H])C([H])([H])C([H])([H])C4=C([H])C(=O)C([H])([H])C([H])([H])[C@]4(C([H])([H])[H])[C@@]3([H])C([H])([H])C([H])([H])[C@@]21C([H])([H])[H],1,288.43100000000004,37.3,1,2,3.8792000000000035,82.71680000000005
[H]c1c([H])c2c(c([H])c1OC(=O)N([H])C([H])([H])[H])[C@]1(C([H])([H])[H])C([H])([H])C([H])([H])N(C([H])([H])[H])[C@]1([H])N2C([H])([H])[H],1,275.352,44.81,1,4,1.7739,78.31570000000004
[H]C1([H])C([H])(Cl)C([H])(Cl)C2([H])C3(Cl)C(Cl)=C(Cl)C(Cl)(C3(Cl)Cl)C12[H],1,409.78200000000004,0.0,0,0,5.682800000000001,81.21600000000001
[H]C1=C2C([H])([H])C([H])([H])[C@@]3([H])[C@]4([H])C([H])([H])C([H])([H])[C@]([H])(C(=O)C([H])([H])[H])[C@@]4(C([H])([H])[H])C([H])([H])C([H])([H])[C@]3([H])[C@@]2(C([H])([H])[H])C([H])([H])C([H])([H])C1=O,1,314.46900000000005,34.14,0,2,4.723500000000005,90.88100000000006
[H]C1=C2C([H])([H])C([H])([H])[C@@]3([H])[C@]4([H])C([H])([H])C([H])([H])[C@]([H])(OC(=O)C([H])([H])C([H])([H])[H])[C@@]4(C([H])([H])[H])C([H])([H])C([H])([H])[C@]3([H])[C@@]2(C([H])([H])[H])C([H])([H])C([H])([H])C1=O,1,344.4950000000001,43.370000000000005,0,3,4.840100000000005,96.88100000000006
[H]OC([H])([H])[C@@]1([H])O[C@@]([H])(n2c([H])c(Br)c(=O)n([H])c2=O)C([H])([H])[C@]1([H])O[H],1,307.1000000000001,104.55,3,6,-1.0602000000000005,60.64230000000001
[H]N([H])N([H])C([H])([H])[H],1,46.073,38.05,2,2,-0.9205000000000001,13.247100000000001
CN1CCC=C(C1)C(=O)OC.Cl,1,191.658,29.540000000000003,0,3,0.8431,49.461000000000034
[H]C(=O)C([H])([H])C([H])([H])C([H])([H])C([H])=O,1,100.11699999999999,34.14,0,2,0.5545,25.97899999999999
CN(CCCl)CCCl.Cl,1,192.51700000000002,3.24,0,1,1.8176,46.18500000000003
[H]Oc1c([H])c([H])c2c(c1[H])C([H])([H])C([H])([H])[C@@]1([H])[C@]3([H])C([H])([H])C([H])([H])C(=O)[C@@]3(C([H])([H])[H])C([H])([H])C([H])([H])[C@]21[H],1,270.37199999999996,37.3,1,2,3.817400000000003,77.73080000000004
[H]N1C(=O)C(=O)C(=O)N([H])C1=O,1,142.07,92.34,2,4,-2.0785,26.688399999999998
[H]Oc1c([H])c([H])c2c(c1[H])C([H])([H])C([H])([H])[C@@]1([H])[C@]3([H])C([H])([H])C([H])([H])[C@]([H])(O[H])[C@@]3(C([H])([H])[H])C([H])([H])C([H])([H])[C@]21[H],1,272.38800000000003,40.46,2,2,3.609200000000002,78.73060000000004
[H]Oc1c([H])c([H])c2c(c1[H])C([H])([H])C([H])([H])[C@@]1([H])[C@]3([H])C([H])([H])[C@@]([H])(O[H])[C@]([H])(O[H])[C@@]3(C([H])([H])[H])C([H])([H])C([H])([H])[C@]21[H],1,288.3870000000001,60.69,3,3,2.580000000000001,80.12040000000003
[H]c1c(C([H])([H])[H])c(=O)n([H])c(=O)n1[H],1,126.11499999999998,65.72,2,2,-0.6283800000000002,32.420399999999994
[H]c1c([H])c([H])c2c(c1[H])-c1c([H])c([H])c(N([H])[H])c([H])c1C2([H])[H],1,181.23799999999994,26.02,1,1,2.84,59.096400000000024
[H]C(=O)C([H])([H])Cl,1,78.49799999999999,17.07,0,1,0.42410000000000003,16.784
[H]C(=O)c1c([H])c([H])c([H])c([H])c1[H],1,106.12399999999997,17.07,0,1,1.4990999999999999,31.829499999999992
[H]C(=O)N([H])[H],1,45.041,43.09,1,1,-0.8985000000000001,10.2514
[H]C([H])([H])OC(=O)c1c(Cl)c(Cl)c(C(=O)OC([H])([H])[H])c(Cl)c1Cl,1,331.966,52.60000000000001,0,4,3.873400000000001,69.16100000000002
[H]c1c([H])c(Cl)c(C#N)c(Cl)c1[H],1,172.014,23.79,0,1,2.8650800000000007,41.17700000000001
[H]c1c([H])c(C(=C(Cl)Cl)c2c([H])c([H])c(Cl)c([H])c2[H])c([H])c([H])c1Cl,1,318.03,0.0,0,0,6.187900000000003,80.63200000000002
[H]c1c([H])c(N([H])C(=O)N(C([H])([H])[H])C([H])([H])[H])c([H])c(Cl)c1Cl,1,233.09799999999998,32.34,1,1,3.0869000000000018,59.16770000000002
[H]c1c(Cl)c(-n2nc(C#N)c([S+]([O-])C(F)(F)F)c2N([H])[H])c(Cl)c([H])c1C(F)(F)F,1,437.1520000000001,90.69,1,5,4.27918,80.1768
[H]Oc1c([H])c(C(C([H])([H])[H])(C([H])([H])[H])C([H])([H])[H])c(O[H])c([H])c1C(C([H])([H])[H])(C([H])([H])[H])C([H])([H])[H],1,222.32799999999997,40.46,2,2,3.6928000000000027,67.17160000000005
[H]c1c([H])c([H])c2c(c1[H])C(=O)N(C([H])(C([H])([H])[H])C([H])([H])[H])S(=O)(=O)N2[H],1,240.284,66.48,1,3,1.2075,60.29000000000003
[H]c1c([N+](=O)[O-])c(N(C([H])([H])C([H])([H])[H])C([H])([H])C([H])([H])C([H])([H])C([H])([H])[H])c([N+](=O)[O-])c([H])c1C(F)(F)F,1,335.282,89.52000000000001,0,5,4.148200000000003,77.54780000000001
[H]C1([H])C([H])([H])C([H])([H])C2([H])C([H])([H])C([H])([H])C([H])([H])C([H])([H])C2([H])C1([H])[H],1,138.254,0.0,0,0,3.3668000000000022,43.91600000000002
[H]OC(=O)C([H])(Oc1c([H])c([H])c(Cl)c([H])c1C([H])([H])[H])C([H])([H])[H],1,214.648,46.53,1,2,2.500320000000001,53.91480000000002
[H]c1c([N+](=O)[O-])c([H])c2c(nc([H])n2[H])c1[H],1,163.13600000000002,71.82,1,3,1.4710999999999999,42.74810000000001
[H]c1c([H])c(C([H])([H])[H])c([H])c([H])c1N([H])[H],1,107.15599999999998,26.02,1,1,1.57722,35.59139999999999
[H]C([H])=C([H])C([H])([H])OC([H])([H])C1([H])OC1([H])[H],1,114.14399999999999,21.759999999999998,0,2,0.5878,30.755999999999986
[H]C#CC([H])([H])O[H],1,56.064,20.23,1,1,-0.3881,15.918800000000001
[H]c1c([H])c([H])c(N([H])N([H])[H])c([H])c1[H],1,108.14399999999999,38.05,2,2,0.9722,34.252100000000006
[H]c1c([H])c([H])c(C([H])([H])Cl)c([H])c1[H],1,126.58599999999998,0.0,0,0,2.4254000000000007,35.999
O=[N+]([O-])C(Cl)(Cl)Cl,1,164.37500000000003,43.14,0,2,1.5908,27.284399999999998
[H]C1=C2C([H])([H])C([H])([H])[C@]3([H])[C@]([H])(C([H])([H])C([H])([H])[C@]4(C([H])([H])[H])C(=O)C([H])([H])C([H])([H])[C@]43[H])[C@@]2(C([H])([H])[H])C([H])([H])C([H])([H])C1=O,1,286.415,34.14,0,2,4.087400000000003,81.71700000000006
[H]c1c([H])c([H])c(OC([H])([H])C([H])(C([H])([H])[H])[N+]([H])(C([H])([H])c2c([H])c([H])c([H])c([H])c2[H])C([H])([H])C([H])([H])Cl)c([H])c1[H],1,304.841,13.670000000000002,1,1,2.777800000000001,88.09470000000006
[H]C#C[C@]1(O[H])C([H])([H])C([H])([H])[C@@]2([H])[C@]3([H])C([H])([H])C([H])([H])C4=C([H])C(=O)C([H])([H])C([H])([H])[C@]4([H])[C@@]3([H])C([H])([H])C([H])([H])[C@@]21C([H])([H])[H],1,298.42600000000004,37.3,1,2,3.4925000000000024,85.87580000000005
[H]C#C[C@]1(O[H])C([H])([H])C([H])([H])[C@@]2([H])[C@]3([H])C([H])([H])C([H])([H])C4=C(C([H])([H])C([H])([H])C(=O)C4([H])[H])[C@@]3([H])C([H])([H])C([H])([H])[C@@]21C([H])([H])[H],1,298.42600000000004,37.3,1,2,3.636600000000003,85.94580000000005
[H]C#C[C@]1(O[H])C([H])([H])C([H])([H])[C@@]2([H])[C@]3([H])C([H])([H])C([H])([H])c4c([H])c(OC([H])([H])[H])c([H])c([H])c4[C@@]3([H])C([H])([H])C([H])([H])[C@@]21C([H])([H])[H],1,310.4370000000001,29.46,1,2,3.915600000000003,91.39380000000006
[H]c1c([H])c(C([H])(c2c([H])c([H])c(Cl)c([H])c2[H])C([H])(Cl)Cl)c([H])c([H])c1Cl,1,320.04600000000005,0.0,0,0,5.929000000000002,80.24100000000003
[H]Oc1c([H])c([H])c(C(c2c([H])c([H])c(O[H])c([H])c2[H])(C([H])([H])[H])C([H])([H])[H])c([H])c1[H],1,228.291,40.46,2,2,3.423700000000002,68.34160000000004
[H]c1c([H])c([H])c2c(C([H])([H])[H])c([H])c([H])c([H])c2c1[H],1,142.20099999999996,0.0,0,0,3.148220000000001,48.685000000000024
O=[O+][O-],1,47.997,51.43,0,2,-1.122,6.734
[H]C([H])=C(C(=O)N([H])[H])C([H])([H])[H],1,85.106,43.09,1,1,0.04780000000000012,24.008399999999998
[H]C([H])([H])C([H])(C([H])([H])[H])C([H])([H])Br,1,137.01999999999998,0.0,0,0,2.0373,28.631999999999987
[H]C([H])([H])C([H])([H])C([H])(Br)C([H])([H])[H],1,137.01999999999998,0.0,0,0,2.1798,28.67999999999999
[H]C([H])([H])C([H])([H])C([H])([H])C([H])([H])C([H])(C([H])([H])OP(=O)(OC([H])([H])C([H])(C([H])([H])C([H])([H])[H])C([H])([H])C([H])([H])C([H])([H])C([H])([H])[H])OC([H])([H])C([H])(C([H])([H])C([H])([H])[H])C([H])([H])C([H])([H])C([H])([H])C([H])([H])[H])C([H])([H])C([H])([H])[H],1,434.64200000000034,44.760000000000005,0,4,8.793500000000003,125.38050000000011
CC[Pb](CC)(CC)CC,1,323.44800000000015,0.0,0,0,3.514800000000003,47.678000000000026
[H]OC(=O)[C@]1([H])[C@]23C([H])([H])C(=C([H])[H])[C@](O[H])(C([H])([H])C([H])([H])[C@@]2([H])[C@@]24OC(=O)[C@@](C([H])([H])[H])([C@@]12[H])[C@@]([H])(O[H])C([H])=C4[H])C3([H])[H],1,346.3790000000001,104.06000000000002,3,5,1.0270999999999997,85.17340000000003
O[Cl+2](O)O,1,86.47399999999999,60.69,3,3,-1.671,6.6564
[Be+2].[OH-].[OH-],1,43.026,60.0,0,2,-0.7343999999999999,9.6256
[H]/C(=C(/[H])C([H])([H])[H])c1c([H])c(OC([H])([H])[H])c(OC([H])([H])[H])c([H])c1OC([H])([H])[H],1,208.25699999999995,27.69,0,3,2.7455000000000007,60.80600000000004
[H]/C(=C(/[H])C([H])([H])[H])c1c([H])c([H])c(OC([H])([H])[H])c([H])c1[H],1,148.20499999999998,9.23,0,1,2.728300000000001,47.70200000000003
[H]c1c([H])c(/C(=C(/c2c([H])c([H])c(OC(=O)C([H])([H])C([H])([H])[H])c([H])c2[H])C([H])([H])C([H])([H])[H])C([H])([H])C([H])([H])[H])c([H])c([H])c1OC(=O)C([H])([H])C([H])([H])[H],1,380.4840000000001,52.6,0,4,6.048200000000005,112.13200000000006
[H]/C(=C(/[H])c1c([H])c([H])c(N([H])C(=O)C([H])([H])[H])c([H])c1[H])c1c([H])c([H])c([H])c([H])c1[H],1,237.30200000000002,29.1,1,1,3.815400000000002,76.11570000000003
[S-2].[S-2].[S-2].[S-2].[Fe+3].[Ni+2].[Ni+2].[Ni+2].[Ni+2],1,418.88499999999993,0.0,0,0,-0.022099999999999998,29.46
[H]c1c([H])c([H])c2c(c1[H])N=C1c3c([H])c([H])c([H])c([H])c3N=C3c4c([H])c(C([H])([H])[H])c([H])c([H])c4N=C2N13,1,334.38200000000006,40.32,0,4,4.872520000000003,104.49300000000002
[H]OC(=O)C([H])([H])N(C(=O)Oc1c([H])c([H])c(OC([H])([H])[H])c([H])c1[H])C([H])([H])c1c([H])c([H])c(OC([H])([H])C([H])([H])c2nc(-c3c([H])c([H])c([H])c([H])c3[H])oc2C([H])([H])[H])c([H])c1[H],1,516.5500000000003,111.33000000000001,1,7,5.365720000000006,139.38079999999988
[H]O[C@@]1([H])C([H])([H])C([H])([H])[C@@]2([H])[C@]3([H])C([H])([H])C([H])([H])c4c([H])c(OC(=O)c5c([H])c([H])c([H])c([H])c5[H])c([H])c([H])c4[C@@]3([H])C([H])([H])C([H])([H])[C@@]21C([H])([H])[H],1,376.49600000000015,46.53,1,3,5.122800000000005,108.46630000000006
[H]C1([H])O[C@]1([H])[C@]1([H])OC1([H])[H],1,86.09,25.06,0,2,-0.21599999999999997,19.479999999999997
[H]Oc1c([H])c2c(c([H])c1O[H])[C@@]1([H])C([H])([H])C([H])([H])[C@@]3(C([H])([H])[H])[C@@]([H])(C([H])([H])C([H])([H])[C@]3([H])O[H])[C@]1([H])C([H])([H])C2([H])[H],1,288.387,60.69,3,3,3.314800000000001,80.39540000000005
C[Hg]Cl,1,251.078,0.0,0,0,1.2708,11.717
[O-][As]=O.[Na+],1,129.91,40.129999999999995,0,2,-4.6846,6.440499999999999
[H]OC([H])([H])[C@@]([H])(O[H])[C@@]([H])(O[C@]1([H])O[C@]([H])(C([H])([H])O[H])[C@]([H])(O[H])[C@]([H])(O[H])[C@@]1([H])O[H])[C@]([H])(O[H])[C@@]([H])(O[H])C([H])=O,1,342.2970000000001,197.36999999999998,8,11,-5.554599999999992,69.81040000000003
[H]C(=NN1C(=O)O[C@@]([H])(C([H])([H])N2C([H])([H])C([H])([H])OC([H])([H])C2([H])[H])C1([H])[H])c1oc([N+](=O)[O-])c([H])c1[H],1,324.29299999999995,110.65,0,8,0.6747000000000001,77.19040000000003
[H]c1c([H])c([H])c2c(c1[H])c([H])c([H])c1c3c([H])c([H])c([H])c([H])c3c(N=O)c([H])c21,1,257.292,29.43,0,2,5.544100000000003,84.41500000000003
[H]O[C@@]([H])([C@]([H])(O[H])[C@]([H])(O[H])C([H])([H])N([H])C([H])([H])C([H])([H])Cl)[C@]([H])(O[H])C([H])([H])N([H])C([H])([H])C([H])([H])Cl,1,305.202,104.98,6,6,-1.9131999999999991,71.20660000000005
[H]c1c([H])c([H])c2c(c1[H])c([H])c([H])c1c3c(c([H])c(C([H])([H])[H])c12)C(=O)C([H])([H])C3([H])[H],1,246.3089999999999,17.07,0,1,4.430320000000003,78.84250000000003
[H]C([H])([H])[C@]1([H])O[C@]1([H])Cl,1,92.525,12.53,0,1,0.97,20.187999999999995
C(=O)(C(C(C(C(C(C(C(F)(F)F)(F)F)(F)F)(F)F)(F)F)(F)F)(F)F)[O-].[NH4+],1,431.09499999999986,76.63,1,2,3.4865999999999997,46.72879999999998
[H]C1=C([H])[C@@]2([H])c3c(c([H])c(OC([H])([H])[H])c4c5c(c(=O)oc34)C(=O)C([H])([H])C5([H])[H])O[C@@]2([H])O1,1,312.277,74.97,0,6,2.2765000000000004,79.06950000000002
CC/C(=C(\C1=CC=CC=C1)/C2=CC=C(C=C2)OCCN(C)C)/C3=CC=CC=C3.C(C(=O)O)C(CC(=O)O)(C(=O)O)O,1,563.6470000000004,144.60000000000002,4,6,4.747600000000004,156.67319999999984
[H]C1=C([H])[C@@]2([H])c3c(c([H])c(OC([H])([H])[H])c4c5c(c(=O)oc34)C(=O)OC([H])([H])C5([H])[H])O[C@@]2([H])O1,1,328.27600000000007,84.2,0,7,1.8605,80.40450000000003
[H]c1c2c(c3oc(=O)c4c(c3c1OC([H])([H])[H])C([H])([H])C([H])([H])C4=O)[C@]1([H])C([H])([H])C([H])([H])O[C@]1([H])O2,1,314.293,74.97,0,6,2.1529,79.41350000000003
[H]Oc1c(C2=Nc3c([H])c([H])c(S(=O)(=O)O)c([H])c3C2=O)n([H])c2c([H])c([H])c(S(=O)(=O)O)c([H])c12,1,422.3960000000001,174.18999999999997,4,7,1.6840000000000002,96.56220000000002
[H]/C(=C(/[H])c1c([H])c([H])c(N([H])[H])c([H])c1[H])c1c([H])c([H])c([H])c([H])c1[H],1,195.26500000000001,26.02,1,1,3.4392000000000014,66.22440000000003
[H]OS(=O)(=O)OC([H])([H])c1c2c([H])c([H])c([H])c([H])c2c([H])c2c1c([H])c([H])c1c([H])c([H])c([H])c([H])c12,1,338.38400000000007,63.599999999999994,1,3,4.465600000000003,95.29760000000003
[H]c1nc2c(n1O)C(=O)N([H])C(=O)[N+]2([H])[H],1,169.11999999999998,100.83,3,5,-1.8213,33.8591
[H]O[C@@]1([H])[C@@]2([H])O[C@@]2([H])C([H])=C([H])[C@]1([H])O[H],1,128.12699999999998,52.989999999999995,2,3,-0.9546000000000001,29.81459999999999
[H]C1([H])OC([H])(C([H])([H])[H])C([H])([H])N1N=O,1,116.12,41.9,0,3,0.346,27.91499999999999
[H]O[C@]1([H])[C@]2([H])O[C@]2([H])C([H])=C([H])[C@@]1([H])O[H],1,128.12699999999998,52.989999999999995,2,3,-0.9546000000000001,29.81459999999999
[H]c1c([H])c([H])c2c(c1[H])c([H])c(C([H])([H])[H])c1c3c([H])c([H])c([H])c([H])c3c([N+](=O)[O-])c([H])c21,1,287.31800000000004,43.14,0,2,5.362820000000004,90.35140000000004
[H]N(C(=O)N(N=O)C([H])([H])C(=O)C([H])([H])[H])C([H])([H])C([H])([H])Cl,1,207.61699999999996,78.84,1,4,0.5071999999999997,47.30070000000002
[H]c1c([H])c([H])c2c(c1[H])c([H])c([H])c1c([N+](=O)[O-])c3c(c([H])c([H])c4c([H])c([H])c([H])c([H])c43)c([H])c12,1,323.351,43.14,0,2,6.207600000000004,103.12040000000002
[H]C([H])(Cl)[C@@]1([H])O[C@]1([H])Cl,1,126.97,12.53,0,1,1.1889,25.233999999999995
[H]N(C(=O)N(N=O)C([H])([H])[H])C([H])([H])C([H])([H])[H],1,131.135,61.77,1,3,0.32910000000000017,32.63069999999999
[H]OOC([H])(N(N=O)C([H])([H])C([H])([H])C([H])([H])C([H])([H])[H])C([H])([H])C([H])([H])C([H])([H])[H],1,190.24299999999997,62.13,1,4,2.385700000000001,49.81880000000004
[H]C([H])([H])C([H])([H])C([H])([H])C(=O)N(N=O)C([H])([H])C([H])([H])C([H])([H])C([H])([H])[H],1,172.22799999999995,49.74,0,3,2.0966,47.324000000000034
[H]C([H])([H])OC(=O)C([H])([H])C([H])([H])C([H])([H])N(N=O)C([H])(OC(=O)C([H])([H])[H])C([H])([H])C([H])([H])C([H])([H])[H],1,260.28999999999996,85.27000000000001,0,6,1.6122999999999996,64.21300000000004
[H]OC([H])(C([H])([H])[H])C([H])([H])N([H])C(=O)N(N=O)C([H])([H])C([H])([H])Cl,1,209.63299999999995,82.0,2,4,0.2990000000000002,48.30050000000002
[H]c1c([H])c2c3c(c1[H])c([H])c([H])c1c4c(c([H])c(c13)C2([H])[H])C(=O)C([H])([H])C4([H])[H],1,244.2929999999999,17.07,0,1,4.026100000000002,76.91150000000003
[H]N(C(=O)N(N=O)C([H])([H])C([H])([H])[H])C([H])([H])[H],1,131.135,61.77,1,3,0.32909999999999995,32.63069999999999
[H]N(C([H])([H])N=O)C([H])([H])C(=O)C([H])([H])C([H])([H])[H],1,130.147,58.53,1,4,0.2789999999999997,33.9627
[H]N(C([H])([H])N=O)C([H])([H])C([H])([H])C(=O)C([H])([H])[H],1,130.147,58.53,1,4,0.2789999999999997,33.9627
[H]OC(=O)[C@@]1([H])O[C@@]([H])(N(O[H])c2c([H])c([H])c3c(c2[H])C([H])([H])c2c([H])c([H])c([H])c([H])c2-3)[C@]([H])(O[H])[C@@]([H])(O[H])[C@]1([H])O[H],1,373.36100000000005,130.69,5,7,0.34559999999999974,93.26670000000003
[H]N([H])C(=O)N(N=O)C([H])([H])C([H])([H])OC([H])([H])[H],1,147.134,84.99000000000001,1,4,-0.3050999999999999,33.9604
[H]OS(=O)(=O)OC([H])([H])c1c([H])c([H])c2c([H])c([H])c3c([H])c([H])c([H])c4c([H])c([H])c1c2c34,1,312.34600000000006,63.599999999999994,1,3,3.903400000000002,86.48360000000005
[H]OC1([H])c2c([H])c([H])c3c(c(C([H])([H])[H])c([H])c4c(C([H])([H])[H])c([H])c([H])c([H])c43)c2C2([H])OC2([H])C1([H])O[H],1,306.36100000000005,52.989999999999995,2,3,3.4576400000000027,89.50860000000003
[H]C([H])([H])C1([H])OC(=O)N(N=O)C1([H])[H],1,130.10299999999998,58.97,0,4,0.5085000000000001,28.443999999999992
[H]c1c([H])c([H])c(N(N=O)C([H])([H])OC(=O)C([H])([H])[H])c([H])c1[H],1,194.19,58.970000000000006,0,4,1.6949999999999998,51.349000000000025
[H]C([H])([H])C(=O)N1C([H])(C([H])([H])[H])C([H])([H])N(N=O)C([H])([H])C1([H])C([H])([H])[H],1,185.227,52.980000000000004,0,3,0.6089,48.81200000000003
[H]OC1([H])c2c([H])c([H])c([H])c3c2[C@]2(O[C@@]2([H])C1([H])O[H])c1c([H])c([H])c([H])c([H])c1-3,1,252.269,52.989999999999995,2,3,1.7172999999999998,68.49760000000003
[H]Oc1c([H])c([H])c2c([H])c([H])c3c(c4c(c5c6c([H])c([H])c([H])c([H])c6c([H])c([H])c53)O4)c2c1O[H],1,324.3350000000001,52.989999999999995,2,3,5.816300000000003,99.86960000000003
[H]c1c([H])c([H])c2c(c1[H])c([H])c1c([H])c([H])c3c([H])c([N+](=O)[O-])c([H])c4c([H])c([H])c2c1c34,1,297.31300000000005,43.14,0,2,5.645400000000003,94.30640000000002
[H]OS(=O)(=O)OC1([H])c2c3c(c(C([H])([H])[H])c([H])c([H])c3c([H])c3c2c([H])c([H])c2c([H])c([H])c([H])c([H])c23)C1([H])[H],1,364.4220000000001,63.599999999999994,1,3,4.871220000000004,102.77560000000003
[H]C([H])([H])N(N=O)C([H])([H])C(=O)C([H])([H])C([H])([H])C([H])([H])[H],1,144.17399999999998,49.74,0,3,0.9688,38.34
[H]C([H])([H])[C@@]1([H])O[C@]1([H])Cl,1,92.525,12.53,0,1,0.97,20.187999999999995
[H]O[C@@]1([H])C([H])=C([H])c2c(c([H])c([H])c3c(C([H])([H])[H])c4c([H])c([H])c([H])c([H])c4c(C([H])([H])[H])c23)[C@]1([H])O[H],1,290.362,40.46,2,2,4.030940000000004,90.92860000000003
[H]OC([H])([H])[C@]([H])(O[H])[C@@]([H])(O[H])[C@]([H])(O[C@]1([H])O[C@]([H])(C([H])([H])O[H])[C@]([H])(O[H])[C@]([H])(O[H])[C@@]1([H])O[H])[C@]([H])(O[H])C([H])([H])O[H],1,344.31300000000005,200.52999999999997,9,11,-5.761199999999992,70.83220000000004
[H]c1nc([H])c2c(c1[H])c1c([H])c([H])c([H])c([H])c1n2-c1c([H])c([H])c(N([H])[H])c([H])c1[H],1,259.31199999999995,43.84,1,3,3.7609000000000012,82.98840000000001
[H]c1c([H])c(C([H])([H])[H])c([H])c([H])c1[N+]#N,1,119.14699999999998,28.15,0,1,2.4796000000000005,35.923
[H]OC1([H])c2c([H])c([H])c3c([H])c4c([H])c([H])c([H])c([H])c4nc3c2C2([H])OC2([H])C1([H])O[H],1,279.295,65.88000000000001,2,4,2.2358000000000007,77.82960000000003
[H]O[C@@]1([H])C([H])=C2c3c(c([H])c([H])c([H])c3[C@]1([H])O[H])-c1c([H])c([H])c3c([H])c([H])c([H])c([H])c3c12,1,286.33000000000004,40.46,2,2,3.6598000000000024,87.42960000000004
[H]O[C@]1([H])[C@]2([H])O[C@]2([H])c2c(c([H])c3c([H])c([H])c4c([H])c([H])c([H])c5c6c([H])c([H])c([H])c([H])c6c2c3c45)[C@@]1([H])O[H],1,352.3890000000001,52.989999999999995,2,3,4.5850000000000035,106.23260000000003
[H]c1c([H])c([H])c(N(C(=O)N([H])[H])N([H])[H])c([H])c1[H],1,151.16900000000004,72.35,2,2,0.4454,42.6918
[H]N(N=O)C(=O)N(C([H])([H])[H])C([H])([H])[H],1,117.10799999999999,61.77,1,3,-0.061000000000000165,28.013699999999993
[H]c1c([H])c([H])c2c(c1[H])c([H])c([H])c1c3c(c([H])c(OC([H])([H])[H])c12)C([H])([H])C([H])([H])C3([H])[H],1,248.3249999999999,9.23,0,1,4.490300000000003,80.03100000000005
[H]Oc1c([H])c2c(c3c([H])c([H])c4c([H])c([H])c([H])c([H])c4c13)C([H])([H])C([H])([H])C2([H])[H],1,234.29799999999994,20.23,1,1,4.187300000000002,75.14380000000003
C(CNCC(=O)[O-])NCC(=O)[O-].C(CNCC(=O)[O-])NCC(=O)[O-].C(CNCC(=O)[O-])NCC(=O)[O-].[Fe+3].[Fe+3],1,634.1580000000004,312.9599999999999,6,18,-13.008800000000004,107.26020000000005
[H]c1c2c(c3nc4c(c([H])c([H])c5c([H])c([H])c([H])c([H])c54)c([H])c3c1[H])[C@@]1([H])O[C@@]1([H])C([H])([H])C2([H])[H],1,297.3570000000001,25.42,0,2,4.927300000000003,92.69000000000001
[H]O[C@@]1([H])[C@]2([H])O[C@]2([H])c2c(c([H])c([H])c3c([H])c4c([H])c([H])c5c([H])c([H])c([H])c([H])c5c4nc23)[C@]1([H])O[H],1,329.3550000000001,65.88,2,4,3.3890000000000025,95.33560000000004
[H]O[C@]1([H])[C@@]2([H])O[C@@]2([H])c2c(c([H])c([H])c3c([H])c4c([H])c([H])c5c([H])c([H])c([H])c([H])c5c4nc23)[C@@]1([H])O[H],1,329.3550000000001,65.88,2,4,3.3890000000000025,95.33560000000004
[H]O[C@]1([H])[C@]2([H])O[C@]2([H])c2c(c([H])c([H])c3c([H])c4c([H])c([H])c5c([H])c([H])c([H])c([H])c5c4nc23)[C@@]1([H])O[H],1,329.3550000000001,65.88,2,4,3.3890000000000025,95.33560000000004
[H]OC([H])(N=O)C([H])(O[H])C([H])([H])N([H])C([H])([H])C(=O)C([H])([H])[H],1,176.17199999999997,98.99000000000001,3,6,-1.3892999999999998,41.359300000000005
[H]OC([H])([H])C([H])([H])N([H])C([H])([H])C([H])([H])C(=O)N=O,1,146.146,78.75999999999999,2,4,-0.7486000000000002,35.374500000000005
[H]OC(=O)C([H])([H])C([H])([H])N(N=O)C([H])([H])[H],1,132.11900000000003,69.97,1,3,0.07430000000000003,30.67779999999999
[H]c1c([H])c([H])c2c([H])c3c4c(c5c([H])c([H])c([H])c([H])c5c3nc2c1[H])O4,1,243.265,25.42,0,2,4.646900000000002,76.82900000000004
[H]C([H])([H])C([H])([H])OC(=O)C([H])([H])C([H])([H])C(=O)N(N=O)C([H])([H])C([H])([H])C([H])([H])C([H])([H])[H],1,230.26399999999995,76.04,0,5,1.6398,58.28300000000004
[H]c1c([H])c([H])c(C(=C(C(=O)OC([H])([H])C([H])([H])[H])C(=O)OC([H])([H])C([H])([H])[H])N([H])O)c([H])c1[H],1,279.292,84.86000000000001,2,6,1.5026999999999997,71.55020000000003
S=S=[Ni].[Ni].[Ni],1,240.21299999999997,0.0,0,1,-0.0123,14.73
[H]C([H])([H])C([H])([H])C([H])(Cl)C([H])(Cl)C([H])(Cl)C([H])([H])C([H])(Cl)C([H])(Cl)C([H])(Cl)C([H])([H])[H],1,348.9560000000001,0.0,0,0,5.450800000000004,78.42800000000004
[H]C([H])([H])C([H])(Cl)C([H])([H])C([H])([H])C([H])([H])C([H])(Cl)C([H])([H])C([H])([H])C([H])([H])C([H])(Cl)C([H])([H])C([H])([H])C([H])([H])C([H])(Cl)C([H])([H])C([H])([H])C([H])([H])C([H])(Cl)C([H])([H])C([H])([H])C([H])([H])C([H])(Cl)C([H])([H])C([H])([H])Cl,1,579.7790000000001,0.0,0,0,11.131099999999986,148.1119999999998
[H]OC([H])([H])[C@@]([H])(O[H])[C@@]([H])(O[H])[C@]([H])(O[H])[C@]([H])(C([H])=O)N([H])C(=O)N(N=O)C([H])([H])[H],1,265.22200000000004,159.76,5,8,-3.0482999999999993,57.04790000000003
[H]C([H])([H])C([H])([H])C([H])([H])C([H])([H])C([H])(C([H])([H])OS(=O)(=O)O)C([H])([H])C([H])([H])[H],1,210.29499999999996,63.60000000000001,1,3,2.0221999999999998,50.80660000000004
OCl,1,52.46000000000001,20.23,1,1,0.1325,8.0718
[Be+2].[O-][Si]([O-])([O-])[O-].[Zn+2],1,166.48399999999998,92.24,0,4,-5.5201,11.508
CC1=C(C(=O)N(N1C)C2=CC=CC=C2)N(C)CS(=O)(=O)[O-].O.[Na+],1,351.3600000000001,118.87,0,7,-3.3973799999999965,82.32800000000003
[H]C1=C2[C@@]([H])(c3c([H])c([H])c(OS(=O)(=O)O)c([H])c3C1([H])[H])C([H])([H])C([H])([H])[C@]1(C([H])([H])[H])C(=O)C([H])([H])C([H])([H])[C@@]21[H],1,348.42000000000013,80.67000000000002,1,4,3.2135000000000025,88.21860000000005
[H]O[C@]([H])(C([H])([H])C(=O)O)C([H])([H])[C@@]([H])(O[H])/C([H])=C(\[H])c1c(-c2c([H])c([H])c(F)c([H])c2[H])c2c([H])c([H])c([H])c([H])c2n1C([H])(C([H])([H])[H])C([H])([H])[H],1,411.4730000000001,82.69,3,4,4.628100000000003,115.63440000000003
[H]c1c([H])c([H])c2c(C([H])([H])[H])c3c(c([H])c([H])c4c([H])c([H])c([H])c([H])c43)c(C([H])([H])OS(=O)(=O)O)c2c1[H],1,352.41100000000006,63.60000000000001,1,3,4.774020000000004,100.03460000000004
[H]OC(=O)C([H])([H])N([H])c1nc(Cl)nc(N([H])C([H])(C([H])([H])[H])C([H])([H])[H])n1,1,245.67000000000002,100.03,3,6,0.8418,59.72120000000002
[H]C#C[C@]1(O[H])C([H])([H])C([H])([H])[C@@]2([H])[C@]3([H])C([H])([H])C([H])([H])c4c([H])c(O[H])c([H])c([H])c4[C@@]3([H])[C@@]([H])(OC([H])([H])[H])C([H])([H])[C@@]21C([H])([H])[H],1,326.43600000000015,49.69,2,3,3.2375000000000016,92.68660000000006
[H]C1=C([H])[C@]2([H])C([H])([H])[C@@]1([H])[C@]1([H])[C@@]2([H])[C@]2(Cl)C(Cl)=C(Cl)[C@@]1(Cl)C2(Cl)Cl,1,364.914,0.0,0,0,5.270200000000002,78.05400000000002
C1=CC=C(C=C1)[N+]#N.OS(=O)(=O)[O-],1,202.19099999999997,105.57999999999998,1,4,1.1757799999999996,43.512000000000015
[H]c1nc([H])c([C@@]2([H])N(N=O)C([H])([H])C([H])([H])C2([H])[H])c([H])c1[H],1,177.207,45.56,0,3,1.8999,48.71300000000002
[H]O[C@]1([H])C([H])=C([H])c2c(c([H])c([H])c3c([H])c4c([H])c([H])c5c([H])c([H])c([H])c([H])c5c4nc23)[C@@]1([H])O[H],1,313.35600000000005,53.35000000000001,2,3,3.962300000000003,96.75560000000004
[H]c1c([H])c([H])c2c(c1[H])C(=O)OC21c2c([H])c(I)c(O)c(I)c2Oc2c(I)c(O)c(I)c([H])c21,1,835.8950000000001,75.99000000000001,2,5,6.084200000000003,138.89509999999993
[H]c1c([H])c([C@]2([H])SC(=O)N(C(=O)N([H])C3([H])C([H])([H])C([H])([H])C([H])([H])C([H])([H])C3([H])[H])[C@@]2([H])C([H])([H])[H])c([H])c([H])c1Cl,1,352.88699999999994,49.410000000000004,1,3,4.980700000000004,93.88570000000004
[H]OS(=O)(=O)c1c([H])c([H])c([H])c(C([H])([H])N(c2c([H])c([H])c(C(=C3C([H])=C([H])C(=[N+](C([H])([H])[H])C([H])([H])[H])C([H])=C3[H])c3c([H])c([H])c(N(C([H])([H])c4c([H])c([H])c([H])c(S(=O)(=O)[O-])c4[H])C([H])([H])C([H])([H])[H])c([H])c3[H])c([H])c2[H])C([H])([H])C([H])([H])[H])c1[H],1,711.9060000000001,121.06,1,7,6.531400000000008,198.41119999999947
[H]O[C@@]12C([H])=C([H])O[C@]1([H])Oc1c([H])c(OC([H])([H])[H])c3c4c(c(=O)oc3c12)C(=O)C([H])([H])C4([H])[H],1,328.2760000000001,95.20000000000002,1,7,1.3804999999999998,80.22530000000002
CCCC[Sn](CCCC)(CCCC)O[Sn](CCCC)(CCCC)CCCC,1,596.117,9.23,0,1,9.694599999999998,130.88300000000007
[H]C1=C([H])C([H])([H])[C@@]2([H])C(=O)N(SC(Cl)(Cl)C([H])(Cl)Cl)C(=O)[C@@]2([H])C1([H])[H],1,349.0660000000001,37.38,0,3,3.520900000000001,74.72900000000003
[H]C1=C([H])C([H])([H])[C@@]2([H])C(=O)N(SC(Cl)(Cl)Cl)C(=O)[C@@]2([H])C1([H])[H],1,300.5940000000001,37.38,0,3,2.9135000000000018,65.08800000000002
[H]OC([H])([H])[C@@]([H])(O[H])[C@@]([H])(O[H])[C@]([H])(O[H])[C@]([H])(C([H])=O)N([H])C(=O)c1c(I)c(N([H])C(=O)C([H])([H])[H])c(I)c(N(C(=O)C([H])([H])[H])C([H])([H])[H])c1I,1,789.0989999999999,176.5,6,8,-0.18620000000000125,140.40509999999992
[H]C([H])([H])C1([H])OC([H])([H])C([H])([H])N(N=O)C1([H])[H],1,130.147,41.9,0,3,0.38849999999999996,32.78199999999999
[H]O[C@]1([H])[C@]2([H])O[C@]2([H])c2c(c([H])c([H])c3c2c(C([H])([H])[H])c(C([H])([H])[H])c2c([H])c([H])c([H])c([H])c23)[C@@]1([H])O[H],1,306.361,52.989999999999995,2,3,3.4576400000000027,89.50860000000004
[H]O[C@@]1([H])C([H])=C([H])c2nc3c(c([H])c2[C@]1([H])O[H])c([H])c([H])c1c([H])c([H])c([H])c([H])c13,1,263.29600000000005,53.35000000000001,2,3,2.809100000000001,79.24960000000003
[H]O[C@@]1([H])C([H])=C([H])c2c(nc3c(c2[H])c([H])c([H])c2c([H])c([H])c([H])c([H])c23)[C@]1([H])O[H],1,263.29600000000005,53.35000000000001,2,3,2.8091000000000013,79.24960000000003
[H+].[H+].[O-][Si](=O)[O-].[O-][Si](=O)[O-].[O-][Si](=O)[O-].[O-][Si](=O)[O-].[O-][Si](=O)[O-].[O-][Si](=O)[O-].[O-][Si](=O)[O-].[O-][Si](=O)[O-].[Ca+2].[Ca+2].[Fe+2].[Fe+2].[Fe+2].[Fe+2].[Fe+2],1,970.0610000000004,505.52,0,24,-23.569900000000015,65.256
O.O.O.O.O.O.O.OS(=O)(=O)O.[Co+2],1,283.117,295.1,2,2,-6.428199999999995,39.474000000000004
[H]OC([H])([H])[C@@]1([H])C(=O)N([H])[C@@]([H])(c2c([H])c([H])c([H])c([H])c2[H])C([H])([H])C(=O)N([H])[C@]([H])(C([H])([H])O[H])C(=O)N2C([H])([H])[C@@]([H])(Cl)[C@@]([H])(Cl)[C@@]2([H])C(=O)N([H])[C@]([H])(C([H])([H])C([H])([H])[H])C(=O)N1[H],1,572.4460000000001,177.17000000000002,6,7,-1.4777999999999956,136.98039999999997
C1=CC(=CC=C1CO)[N+]#N.OS(=O)[O-],1,216.218,108.74000000000001,2,4,1.0019800000000003,48.65740000000002
O.O.O=[Al]O[Si](=O)O[Si](=O)O[Al]=O,1,258.159,158.97,0,7,-3.853,36.244600000000005
[H]OC(=O)C([H])([H])N([H])C(=O)[C@@]([H])(N([H])C(=O)C([H])([H])C([H])([H])[C@@]([H])(C(=O)O[H])N([H])[H])C([H])([H])Sc1c([H])c(O[H])c(SC([H])([H])[C@@]([H])(C(=O)N([H])C([H])([H])C(=O)O[H])N([H])C(=O)C([H])([H])C([H])([H])[C@@]([H])(C(=O)O[H])N([H])[H])c(SC([H])([H])[C@@]([H])(C(=O)N([H])C([H])([H])C(=O)O[H])N([H])C(=O)C([H])([H])C([H])([H])[C@@]([H])(C(=O)O[H])N([H])[H])c1O[H],1,1026.0479999999998,516.9199999999998,17,20,-4.9928000000000115,234.20779999999988
CNC1=NN=CC2=CC=CC=C21.Cl,1,195.653,37.81,1,3,2.0932999999999997,56.33270000000003
[H]OC([H])([H])[C@@]1([H])C([H])([H])[C@@]([H])(n2c([H])nc3c(=O)n([H])c(N([H])[H])nc32)[C@]1([H])C([H])([H])O[H],1,265.27299999999997,130.04999999999998,4,7,-1.1363999999999987,67.3667
C1=CC=C(C=C1)/[N+](=N/[O-])/[O-].[NH4+],1,155.157,97.99,1,3,2.1546,41.50920000000001
[H]/C(=N\N([H])C(=O)OC([H])([H])[H])c1c([H])[n+]([O-])c2c([H])c([H])c([H])c([H])c2[n+]1[O-],1,262.22499999999997,104.57,1,5,-0.2034999999999998,65.00270000000002
[H]Oc1c2c(/C([H])=N\N3C([H])([H])C([H])([H])N(C([H])([H])[H])C([H])([H])C3([H])[H])c(O[H])c3c4c(c(C([H])([H])[H])c(O[H])c13)O[C@](C([H])([H])[H])(O/C([H])=C(\[H])[C@]([H])(OC([H])([H])[H])[C@@]([H])(C([H])([H])[H])[C@@]([H])(OC(=O)C([H])([H])[H])[C@]([H])(C([H])([H])[H])[C@]([H])(O[H])[C@]([H])(C([H])([H])[H])[C@@]([H])(O[H])[C@@]([H])(C([H])([H])[H])/C([H])=C([H])/C([H])=C(/C([H])([H])[H])C(=O)N2[H])C4=O,1,822.9530000000002,220.15,6,15,4.335420000000003,220.47919999999948
COC1=CC=CC2=C3C(=C(C=C21)[N+](=O)[O-])C(=CC4=C3OCO4)C(=O)O.COC1=CC=CC2=C3C(=C(C=C21)[N+](=O)[O-])C(=CC4=C3OCO4)C(=O)O.C1OC2=C(O1)C3=C(C(=C2)C(=O)O)C(=CC4=CC=CC=C43)[N+](=O)[O-],1,993.7990000000001,315.15999999999997,3,17,10.001499999999997,256.6760999999997
[H]C1([H])C([H])([H])[C@@]2([H])O[C@]1([H])[C@]([H])(C(=O)O)[C@]2([H])C(=O)O,1,186.16299999999998,83.83,2,3,-0.050799999999999845,40.1466
[H]OC1([H])c2c([H])c3c4c(c([H])c([H])c5c([H])c([H])c([H])c(c54)C3([H])[H])c2C2([H])OC2([H])C1([H])O[H],1,290.318,52.989999999999995,2,3,2.7450000000000014,82.84060000000004
CC[NH2+]C(=O)N(CCN(C)C)C=O.N(=O)[O-],1,234.25599999999997,109.72,1,6,-1.039699999999998,58.34840000000002
[H]OP(=O)(OC([H])([H])C([H])(Br)C([H])([H])Br)OC([H])([H])C([H])(Br)C([H])([H])Br,1,497.74000000000007,55.760000000000005,1,3,3.4368000000000016,74.74730000000002
[O-][Si]([O-])([O-])[O-].[Al+3],1,119.064,92.24,0,4,-5.5176,11.508
S=[Ni].S=[Ni].[Ni],1,240.21299999999997,0.0,0,2,1.2889000000000002,15.182
[H]OC(=O)C([H])([H])N(N=O)C(=O)C([H])([H])C([H])([H])C([H])(C([H])([H])[H])C1([H])C([H])([H])C([H])([H])C2([H])C3([H])C([H])(O[H])C([H])([H])C4([H])C(C([H])([H])[H])(C([H])([H])C([H])([H])[C@@]([H])(O[H])C4([H])[H])C3([H])C([H])([H])[C@]([H])(O[H])C12C([H])([H])[H],1,494.6290000000003,147.73,4,7,2.958700000000001,127.54520000000008
O.O.O.O.O.[Cl-].[Cl-].[Cl-].[Cl-].[Cd+2].[Cd+2],1,456.711,157.5,0,0,-16.112499999999997,18.068999999999996
[H]C([H])([H])C(=O)N(N=O)C([H])([H])C([H])([H])[H],1,116.11999999999999,49.74,0,3,0.5362,28.85599999999999
[C@H]([C@@H]([C@H](C(=O)[O-])O)O)([C@@H](C(=O)O)O)O.[C@H]([C@@H]([C@H](C(=O)[O-])O)O)([C@@H](C(=O)O)O)O.[C@H]([C@@H]([C@H](C(=O)[O-])O)O)([C@@H](C(=O)O)O)O.[Fe+3],1,683.2350000000006,475.0500000000001,15,21,-14.209000000000005,110.01000000000002
C1=CC(=CC=C1[N+]#N)O.OS(=O)(=O)[O-],1,218.19,125.81,2,5,0.8813799999999998,45.176800000000014
[H]C(=O)C([H])C([H])=O,1,72.063,34.14,0,2,-0.2257,16.745
[H]O[C@@]1([H])C2([H])C([H])(C([H])([H])[C@]([H])(O[H])[C@@]3(C([H])([H])[H])C2([H])C([H])([H])C([H])([H])[C@]3([H])[C@]([H])(C([H])([H])[H])C([H])([H])C([H])([H])C(=O)N(N=O)C([H])([H])C([H])([H])S(=O)(=O)O)[C@@]2(C([H])([H])[H])C([H])([H])C([H])([H])[C@@]([H])(O[H])C([H])([H])[C@@]2([H])C1([H])[H],1,544.7110000000001,164.79999999999995,4,8,2.7619000000000007,136.325
CC1=C2C(=C(N=C1N)C)C3=CC=CC=C3N2.CC(=O)O,1,271.32,92.0,3,3,3.0060400000000005,80.79590000000003
CC1=C2C3=CC=CC=C3NC2=CC(=N1)N.CC(=O)O,1,257.29299999999995,92.00000000000001,3,3,2.6976200000000006,76.05890000000002
[H]C1=C(S(=O)(=O)O)/C(=N\N([H])c2c([H])c([H])c([H])c([H])c2[H])C(=O)c2c1c([H])c(S(=O)(=O)O)c(N=Nc1c([H])c([H])c(-c3c([H])c([H])c(N=Nc4c([H])c([H])c(N([H])[H])c([H])c4N([H])[H])c([H])c3[H])c([H])c1[H])c2N([H])[H],1,737.7799999999997,277.70000000000005,6,14,7.070800000000004,197.52159999999984
[H]/C(=C(/[H])c1oc([N+](=O)[O-])c([H])c1[H])c1nc2c(c([H])c1[H])c(=O)c(C(=O)O)c([H])n2C([H])([H])[H],1,341.27900000000005,128.47,1,7,2.3033,88.23370000000004
[Si],1,28.086,0.0,0,0,-0.3808,5.754
[H]N([H])/C(=N/[N+](=O)[O-])N(N=O)C([H])([H])C([H])([H])[H],1,161.12099999999998,114.19,1,4,-0.5039,36.791800000000016
[H]OC([H])([H])C(N([H])c1c([H])c([H])c([N+](=O)[O-])c([H])c1N([H])[H])(C([H])([H])O[H])C([H])([H])O[H],1,257.2459999999999,141.88,5,7,-0.6954,65.11990000000002
[H]ON(C(=O)C([H])([H])[H])c1c([H])c([H])c(/C([H])=C(\[H])c2c([H])c([H])c([H])c([H])c2[H])c([H])c1[H],1,253.30100000000004,40.54,1,2,3.5991000000000026,76.75850000000004
[H]Oc1c([H])c([H])c2c(c1O[H])C([H])([H])C([H])([H])[C@@]1([H])[C@]3([H])C([H])([H])C([H])([H])[C@]([H])(O[H])[C@@]3(C([H])([H])[H])C([H])([H])C([H])([H])[C@]21[H],1,288.38700000000006,60.69,3,3,3.3148000000000017,80.39540000000005
[H]/C(Cl)=C(\[H])C([H])([H])Cl,1,110.97100000000002,0.0,0,0,1.9777,25.712999999999994
[H]OC([H])([H])C(=O)[C@@]12OC([H])(C([H])([H])C([H])([H])C([H])([H])[H])O[C@]1([H])C([H])([H])[C@@]1([H])[C@]3([H])C([H])([H])C([H])([H])C4=C([H])C(=O)C([H])=C([H])[C@]4(C([H])([H])[H])[C@@]3([H])[C@@]([H])(O[H])C([H])([H])[C@]21C([H])([H])[H],1,430.54100000000017,93.06000000000002,2,6,2.716800000000001,112.86660000000005
[H]Oc1c([H])c(O[H])c2c(c1[H])/C([H])=C(\[H])C([H])([H])C([H])([H])C([H])([H])C(=O)C([H])([H])C([H])([H])C([H])([H])[C@]([H])(C([H])([H])[H])OC2=O,1,318.36899999999997,83.83000000000001,2,5,3.579600000000002,86.39210000000004
[H]c1c([H])c([H])c(C([H])([H])[H])c(OC([H])([H])c2c([H])c([H])c([H])c([H])c2/C(=N\OC([H])([H])[H])C(=O)OC([H])([H])[H])c1[H],1,313.35300000000007,57.120000000000005,0,5,3.097520000000001,87.51500000000003
[H]/C(=C(/[H])c1oc([N+](=O)[O-])c([H])c1[H])c1noc(N([H])[H])n1,1,222.16,121.22,1,7,1.3233999999999995,53.0008
C1=CC=C(C=C1)C2=CC=CC=C2N.Cl,1,205.68799999999996,26.02,1,1,3.357600000000001,63.538400000000024
C1=CC(=CC=C1N)Cl.Cl,1,164.035,26.02,1,1,2.344,43.11240000000001
[H]/C(Cl)=C(/[H])C([H])([H])[H],1,76.52600000000001,0.0,0,0,1.7588000000000001,20.666999999999994
CC(=O)[O-].CC(=O)[O-].[OH-].[OH-].[OH-].[OH-].[Pb+2].[Pb+2].[Pb+2],1,807.7160000000001,200.26,0,8,-4.337199999999998,46.36720000000001
C1=CC=C2C(=C1)/C(=N/O)/C=CN2O.Cl,1,212.63600000000002,57.75,2,4,1.5902999999999996,53.72000000000001
[H]N([H])/C(=N\[N+](=O)[O-])N(N=O)C([H])([H])[H],1,147.094,114.19,1,4,-0.8939999999999999,32.174800000000005
[H]C1=C(S(=O)(=O)O)/C(=N\N([H])c2c([H])c([H])c(-c3c([H])c([H])c(N([H])/N=C4/C(=O)c5c(c([H])c(S(=O)(=O)O)c([H])c5N([H])[H])C([H])=C4S(=O)(=O)O)c(C([H])([H])[H])c3[H])c([H])c2C([H])([H])[H])C(=O)c2c1c([H])c(S(=O)(=O)O)c([H])c2N([H])[H],1,872.8940000000001,352.43999999999994,8,16,3.414440000000001,212.51759999999985
[H]C1=C([H])c2c(c(N([H])[H])c(S(=O)(=O)O)c([H])c2S(=O)(=O)O)C(=O)/C1=N/N([H])c1c([H])c([H])c(-c2c([H])c([H])c(N([H])/N=C3/C(=O)c4c(c(S(=O)(=O)O)c([H])c(S(=O)(=O)O)c4N([H])[H])C([H])=C3[H])c(C([H])([H])[H])c2[H])c([H])c1C([H])([H])[H],1,872.8940000000001,352.44,8,16,3.476840000000002,211.16359999999986
[H]C1=C(S(=O)(=O)O)/C(=N\N([H])c2c([H])c([H])c(-c3c([H])c([H])c(N([H])/N=C4/C(=O)c5c(c([H])c(S(=O)(=O)O)c([H])c5N([H])[H])C([H])=C4S(=O)(=O)O)c([H])c3[H])c([H])c2[H])C(=O)c2c1c([H])c(S(=O)(=O)O)c([H])c2N([H])[H],1,844.8400000000003,352.43999999999994,8,16,2.7976,203.0435999999999
[H]c1c([H])c(N=Nc2c([H])c([H])c(-c3c([H])c([H])c(N([H])/N=c4/c(=O)c([H])c([H])/c(=N\N([H])c5c([H])c(S(=O)(=O)O)c([H])c([H])c5O)c4=O)c([H])c3[H])c([H])c2[H])c([H])c(C(=O)O)c1O,1,654.6170000000003,239.76999999999995,6,13,3.576700000000001,168.76689999999985
[H]Oc1c([H])c(-c2c([H])c([H])c(N([H])/N=C3\C(=O)c4c(c([H])c(S(=O)(=O)O)c([H])c4N([H])[H])C([H])=C3S(=O)(=O)O)c(O[H])c2[H])c([H])c([H])c1N([H])/N=C1\C(=O)c2c(c([H])c(S(=O)(=O)O)c([H])c2N([H])[H])C([H])=C1S(=O)(=O)O,1,876.8380000000001,392.8999999999999,10,18,2.2088,206.37320000000003
[H]C(=O)N(/N=C(\[H])C([H])([H])C([H])([H])C([H])([H])C([H])([H])C([H])([H])[H])C([H])([H])[H],1,156.22899999999998,32.67,0,2,1.6407,46.46100000000003
[H]c1nc([H])c(C(=O)N([H])C([H])([H])C#N)c(C(F)(F)F)c1[H],1,229.16099999999994,65.78,1,3,1.35378,47.1852
[H]OC(=O)[C@@]([H])(OC([H])([H])[H])C([H])([H])c1c([H])c([H])c(OC([H])([H])C([H])([H])C([H])([H])Oc2c([H])c([H])c(Oc3c([H])c([H])c([H])c([H])c3[H])c([H])c2[H])c([H])c1[H],1,422.4770000000001,74.22000000000001,1,5,4.968900000000005,117.14380000000003
[H]Oc1c2c(c3c([H])c(C(=O)N4C5=C([H])C(=O)c6c(c(C([H])([H])[H])c([H])n6[H])[C@]56C([H])([H])[C@]6([H])C4([H])[H])n([H])c3c1OC([H])([H])[H])C([H])([H])C([H])([H])N2C(=O)c1c([H])c2c3c(c(O[H])c(OC([H])([H])[H])c2n1[H])N(C(=O)N([H])[H])C([H])([H])C3([H])[H],1,703.712,210.30999999999997,6,8,3.852120000000001,187.8095999999998
O=[Al]O[Al]=O.O=[Si]=O,1,162.045,77.51,0,5,-1.6860000000000002,21.093
[O-2].[O-2].[O-2].[Al+3].[Al+3],1,101.961,85.5,0,0,-1.118,13.567499999999999
[H]c1nc(Oc2c([H])c([H])c([H])c([H])c2Cl)c(F)c(Oc2c([H])c([H])c([H])c([H])c2/C(=N\OC([H])([H])[H])C2=NOC([H])([H])C([H])([H])O2)n1,1,458.8330000000002,96.65,0,9,4.564500000000003,112.91700000000003
[H]c1c([H])c([C@@]2([H])O[C@@]2([H])C([H])([H])[H])c([H])c([H])c1OC([H])([H])[H],1,164.20399999999995,21.759999999999998,0,2,2.1550000000000002,46.282000000000025
[H]c1c([H])c([N+](=O)[O-])c([H])c([H])c1OC1([H])OC1([H])[H],1,181.14699999999996,64.9,0,4,1.3298999999999999,43.46440000000002
[H]C(=O)N(/N=C(\[H])C([H])([H])C([H])(C([H])([H])[H])C([H])([H])[H])C([H])([H])[H],1,142.20199999999997,32.67,0,2,1.1065,41.774000000000015
[H]c1nc([H])c([C@@]2([H])N(N=O)C([H])([H])C([H])([H])C([H])([H])C2([H])[H])c([H])c1[H],1,191.23399999999998,45.56,0,3,2.29,53.33000000000003
[2H]c1c([2H])c([2H])c2c(C([2H])([2H])[2H])c3c(c([2H])c([2H])c4c([2H])c([2H])c([2H])c([2H])c43)c(C([2H])([2H])[2H])c2c1[2H],1,272.4456284479999,0.0,0,0,5.763040000000002,88.43400000000003
[H]/C(=N\N1C([H])([H])C([H])([H])S(=O)(=O)C([H])([H])C1([H])C([H])([H])[H])c1oc([N+](=O)[O-])c([H])c1[H],1,287.29699999999997,106.02000000000001,0,7,0.6406000000000004,67.77820000000001
[H]/C(=C(/Cl)C(F)(F)F)[C@]1([H])C(C([H])([H])[H])(C([H])([H])[H])[C@]1([H])C(=O)OC([H])([H])c1c([H])c([H])c([H])c(-c2c([H])c([H])c([H])c([H])c2[H])c1C([H])([H])[H],1,422.87400000000014,26.3,0,2,6.662420000000005,107.16300000000003
[H]ON(C([H])=O)c1c([H])c([H])c(/C([H])=C(\[H])c2c([H])c([H])c([H])c([H])c2[H])c([H])c1[H],1,239.27400000000003,40.54,1,2,3.2090000000000014,72.14150000000004
[H]OC([H])([H])[C@]([H])(O[H])C([H])([H])O/C([H])=C([H])/C([H])=C([H])/C([H])=C([H])/C([H])=C([H])/C([H])=C(\[H])C([H])([H])C([H])([H])[H],1,250.33800000000002,49.69,2,3,2.5047000000000006,75.03560000000003
[H]OC([H])([H])/N=[N+](\[O-])C([H])([H])[H],1,90.082,58.66,1,3,-0.47150000000000003,19.065199999999997
[H]ON(C(=O)C([H])([H])C([H])([H])[H])c1c([H])c([H])c(/C([H])=C(\[H])c2c([H])c([H])c([H])c([H])c2[H])c([H])c1[H],1,267.32800000000003,40.54,1,2,3.989200000000003,81.37550000000005
CCOP(=O)=O.CCOP(=O)=O.CCOP(=O)=O.[Al+3],1,351.081,130.11,0,9,2.951600000000001,65.51100000000004
[H]C([H])([H])O[P+](=O)OC([H])([H])[H],1,109.04099999999998,35.53,0,3,0.9365999999999999,21.62449999999999
[H]C1=C(S(=O)(=O)O)/C(=N\N([H])c2c([H])c([H])c(-c3c([H])c([H])c(N([H])/N=C4/C(=O)c5c(c([H])c(S(=O)(=O)O)c([H])c5N([H])[H])C([H])=C4S(=O)(=O)O)c(OC([H])([H])[H])c3[H])c([H])c2OC([H])([H])[H])C(=O)c2c1c([H])c(S(=O)(=O)O)c([H])c2N([H])[H],1,904.8920000000002,370.9,8,18,2.8148,216.14759999999984
CC1=C(N=C(N=C1N)[C@H](CC(=O)N)NC[C@@H](C(=O)N)N)C(=O)N[C@@H]([C@H](C2=CN=CN2)O[C@H]3[C@H]([C@H]([C@@H]([C@@H](O3)CO)O)O)O[C@@H]4[C@H]([C@H]([C@@H]([C@H](O4)CO)O)OC(=O)N)O)C(=O)N[C@H](C)[C@H]([C@H](C)C(=O)N[C@@H]([C@@H](C)O)C(=O)NCCC5=NC(=CS5)C6=NC(=CS6)C(=O)NCCCN[C@@H](C)C7=CC=CC=C7)O.OS(=O)(=O)O,1,1571.693000000001,713.7000000000002,23,34,-6.88348000000003,371.73440000000045
CC[C@@H](C(C[C@H](C)N(C)C)(C1=CC=CC=C1)C2=CC=CC=C2)OC(=O)C.Cl,1,389.96700000000016,29.54,0,3,5.076400000000006,114.52300000000007
CC(C)N.C(C(=O)O)NCP(=O)(O)O,1,228.18499999999997,132.88000000000002,5,4,-0.8506999999999996,51.873000000000026
COC1=C(C=C(C=C1)N)N.OS(=O)(=O)O,1,236.24899999999997,135.86999999999998,4,5,0.20679999999999982,55.9962
[H]C([H])([H])C1([H])OC([H])([H])C([H])([H])N1N=O,1,116.12,41.9,0,3,0.346,27.91499999999999
[H]c1c([H])c(Oc2c([H])c([H])c([N+](=O)[O-])c(C(=O)OC([H])([H])[H])c2[H])c(Cl)c([H])c1Cl,1,342.134,78.67,0,5,4.480500000000002,80.97190000000002
[H]c1c([H])c([H])c2c(c1[H])c(C([H])([H])OC(=O)C([H])([H])[H])c1c([H])c([H])c3c([H])c([H])c([H])c4c([H])c([H])c2c1c34,1,324.3790000000001,26.3,0,2,5.800300000000004,103.12200000000004
[H]O[C@]([H])(C([H])([H])Oc1c([H])c([H])c([H])c2c1C([H])([H])C([H])([H])C([H])([H])C2=O)C([H])([H])N([H])C(C([H])([H])[H])(C([H])([H])[H])C([H])([H])[H],1,291.39099999999996,58.56,2,4,2.3334,82.96800000000005
[H]C([H])([H])C([H])([H])N(N=O)C(=O)N(C([H])([H])C([H])([H])[H])C([H])([H])C([H])([H])[H],1,173.21599999999995,52.980000000000004,0,3,1.4515,46.492000000000026
[H]C([H])([H])N(N=O)C(=O)N(C([H])([H])C([H])([H])[H])C([H])([H])C([H])([H])[H],1,159.18899999999996,52.980000000000004,0,3,1.0614,41.875000000000014
[H]OC([H])(C([H])=C([H])[H])c1c([H])c([H])c(OC([H])([H])[H])c([H])c1[H],1,164.20399999999998,29.46,1,2,1.9145999999999999,48.15080000000003
[H]C(=Nc1c([H])c([H])c(C([H])([H])[H])c([H])c1C([H])([H])[H])N(C([H])=Nc1c([H])c([H])c(C([H])([H])[H])c([H])c1C([H])([H])[H])C([H])([H])[H],1,293.41400000000004,27.96,0,2,4.871880000000004,95.89900000000004
[H]c1nc(C(=O)C([H])([H])[S+]([O-])C([H])([H])[H])c([H])c([H])c1[H],1,183.232,53.019999999999996,0,3,0.6427999999999999,47.50090000000002
[H]C([H])([H])N(N=O)C([H])([H])C([H])([H])C([H])([H])C([H])([H])C([H])([H])C([H])([H])[H],1,144.218,32.67,0,2,2.1799,42.567000000000014
[H]c1c([H])c(-c2c([H])c(Cl)c(Cl)c([H])c2Cl)c([H])c(Cl)c1Cl,1,326.437,0.0,0,0,6.6206000000000005,76.92800000000001
[H]C([H])([H])N(C#N)N=O,1,85.06599999999999,56.46,0,3,0.08067999999999997,19.170999999999996
[H]C([H])([H])N(N=O)C([H])([H])C([H])([H])C([H])([H])C([H])([H])C([H])([H])C([H])([H])C([H])([H])C([H])([H])[H],1,172.27199999999996,32.67,0,2,2.9601000000000015,51.80100000000004
[H]C([H])=C([H])C([H])([H])OC([H])(c1c([H])c([H])c(Cl)c([H])c1Cl)C([H])([H])n1c([H])nc([H])c1[H],1,297.185,27.05,0,3,4.133800000000003,77.57900000000004
[H]c1c(Cl)c(Cl)c(Cl)c2c1Oc1c(Cl)c(Cl)c(Cl)c(Cl)c1O2,1,425.30900000000014,18.46,0,2,8.158399999999999,88.102
[H]c1c(Cl)c([H])c(N2C(=O)N(C(=O)N([H])C([H])(C([H])([H])[H])C([H])([H])[H])C([H])([H])C2=O)c([H])c1Cl,1,330.17100000000005,69.72,1,3,2.8800000000000017,79.71770000000002
[H]OC(=O)C([H])([H])C([H])([H])C([H])([H])N(N=O)C([H])([H])C([H])([H])C([H])([H])C([H])([H])[H],1,188.22699999999998,69.97,1,3,1.6347,49.14580000000004
[H]ON(C(=O)C([H])([H])[H])c1c([H])c([H])c(-c2c([H])c([H])c(N([H])C(=O)C([H])([H])[H])c([H])c2[H])c([H])c1[H],1,284.315,69.64,2,3,3.054100000000001,81.12820000000004
[H]C([H])([H])C(=O)OC([H])([H])N(N=O)C([H])([H])C([H])([H])[H],1,146.14600000000002,58.97,0,4,0.5103,34.80799999999999
[H]C([H])([H])C(=O)OC([H])([H])N(N=O)C([H])([H])C([H])([H])C([H])([H])[H],1,160.173,58.97,0,4,0.9004,39.42500000000001
[H]OS(=O)(=O)OC([H])([H])c1c2c([H])c([H])c([H])c([H])c2c2c([H])c([H])c3c([H])c([H])c([H])c4c([H])c([H])c1c2c43,1,362.4060000000001,63.599999999999994,1,3,5.056600000000003,103.98960000000005
[H]C([H])([H])C(=O)OC([H])([H])N(N=O)C([H])([H])C([H])(C([H])([H])[H])C([H])([H])[H],1,174.20000000000002,58.97,0,4,1.1464,43.97200000000002
[H]c1c([H])c([H])c(C([H])([H])[H])c(-c2c([H])c([H])c(N=O)c(C([H])([H])[H])c2[H])c1[H],1,211.26399999999998,29.43,0,2,4.3683400000000026,66.80700000000002
[H]O[C@]1([H])[C@]2([H])O[C@]2([H])c2c(c([H])c([H])c3c2c([H])c([H])c2c([H])c([H])c([H])c([H])c23)[C@@]1([H])O[H],1,278.307,52.989999999999995,2,3,2.840800000000002,80.03460000000004
[H]c1c([H])c([H])c(Oc2c([H])c([H])c(OC([H])([H])C([H])([H])N([H])C(=O)OC([H])([H])C([H])([H])[H])c([H])c2[H])c([H])c1[H],1,301.3419999999999,56.790000000000006,1,4,3.6038000000000014,83.47770000000004
[H]OC([H])(C([H])([H])Oc1c([H])c([H])c([H])c(C([H])([H])[H])c1[N+](=O)[O-])C([H])([H])N([H])C(C([H])([H])[H])(C([H])([H])[H])C([H])([H])[H],1,282.34,84.63,2,5,2.03102,77.09090000000005
[H]C([H])([H])C([H])([H])C([H])([H])C([H])([H])N(N=O)C1([H])OC(=O)C([H])([H])C1([H])[H],1,186.21099999999996,58.970000000000006,0,4,1.433,46.52300000000003
[H]C([H])([H])N(N=O)C([H])([H])C([H])([H])C([H])([H])C([H])([H])C([H])([H])C([H])([H])C([H])([H])C([H])([H])C([H])([H])[H],1,186.29899999999995,32.67,0,2,3.350200000000002,56.41800000000005
[H]C([H])([H])C([H])([H])C([H])([H])I,1,169.993,0.0,0,0,1.8314,29.17799999999999
[H]O[C@]1([H])[C@]2([H])O[C@]2([H])c2c(c([H])c3c([H])c([H])c4c([H])c([H])c([H])c5c([H])c([H])c2c3c45)[C@@]1([H])O[H],1,302.32900000000006,52.989999999999995,2,3,3.431800000000002,88.72660000000003
[H]c1c([H])c([H])c2c(c1[H])-c1c([H])c([H])c(N(OC(=O)C([H])([H])C([H])([H])C([H])([H])C([H])([H])C([H])([H])C([H])([H])C([H])([H])C([H])([H])C([H])([H])C([H])([H])C([H])([H])C([H])([H])C([H])([H])[H])C(=O)C([H])([H])[H])c([H])c1C2([H])[H],1,449.63500000000033,46.61,0,3,7.770000000000007,135.014
[H]OC(=O)c1c([H])c(Oc2c([H])c([H])c(C(F)(F)F)c([H])c2Cl)c([H])c([H])c1[N+](=O)[O-],1,361.65900000000005,89.67,1,4,4.757500000000002,76.58370000000002
[H]OC([H])(C([H])([H])[H])C([H])([H])N(N=O)C([H])([H])C(=O)C([H])([H])[H],1,160.173,69.97,1,4,-0.06040000000000023,39.72980000000001
[H]c1c([H])c([H])c(N([H])C(=O)c2c([H])c([H])c(N([H])[H])c([H])c2[H])c(N([H])[H])c1[H],1,227.267,81.14,3,3,2.1033,69.66200000000002
[H]c1c([H])c(C([H])([H])[H])c(N(C(=O)C([H])([H])OC([H])([H])[H])C([H])(C(=O)OC([H])([H])[H])C([H])([H])[H])c(C([H])([H])[H])c1[H],1,279.33599999999996,55.84,0,4,1.8443399999999999,76.75600000000004
[H]c1c(Cl)c(Cl)c(Cl)c2c1Oc1c(Cl)c(Cl)c(Cl)c([H])c1O2,1,390.8640000000001,18.46,0,2,7.505,83.092
[H]C([H])([H])C(=O)OC([H])([H])N(N=O)C([H])([H])C([H])([H])C([H])([H])C([H])([H])[H],1,174.2,58.97,0,4,1.2905,44.04200000000002
[H]C([H])([H])C(=O)OC([H])(N(N=O)C([H])([H])C([H])([H])C([H])([H])C([H])([H])[H])C([H])([H])C([H])([H])C([H])([H])[H],1,216.28099999999995,58.97,0,4,2.4592,57.871000000000045
[H]C([H])([H])C(=O)OC([H])([H])N(N=O)C([H])([H])[H],1,132.11900000000003,58.97,0,4,0.12019999999999997,30.19099999999999
[H]N(C([H])([H])C([H])([H])C([H])([H])[H])[N+]([H])([H])[H],1,75.135,39.67,2,1,-0.8571000000000002,21.181800000000003
[H]C1([H])C(=O)C([H])([H])C([H])([H])N(N=O)C1([H])[H],1,128.131,49.74,0,3,0.3327,31.60899999999999
[H]C([H])=C(C([H])([H])[H])C([H])([H])N(c1c([N+](=O)[O-])c([H])c(C(F)(F)F)c([H])c1[N+](=O)[O-])C([H])([H])C([H])([H])[H],1,333.2660000000001,89.52,0,5,3.9242000000000026,77.45380000000002
[H]C([H])([H])N(N=O)C([H])([H])C([H])([H])C([H])([H])C([H])([H])C([H])([H])C([H])([H])C([H])([H])[H],1,158.24499999999998,32.67,0,2,2.5700000000000003,47.184000000000026
[O-][Cr](=O)(=O)[O-].[Ca+2],1,156.07,80.25999999999999,0,4,-2.9989,7.127
[H]C1([H])N(N=O)C([H])([H])C1([H])[H],1,86.09400000000001,32.67,0,2,0.37349999999999994,21.984999999999992
[H]OC(=O)C(C#N)=C([H])[H],1,97.07300000000001,61.089999999999996,1,2,0.15078000000000008,22.388799999999996
[H]C([H])=C([H])OC(=O)N([H])[H],1,87.078,52.32,1,2,0.22520000000000007,20.8654
[H]c1c2c(c3c([H])c4c(c([H])c([H])c5c([H])c([H])c([H])c([H])c54)c([H])c3c1[H])C([H])([H])C([H])([H])C([H])([H])C2([H])[H],1,282.386,0.0,0,0,6.025000000000004,95.60200000000005
C1=CC(=CC=C1CC2=CC=C(C=C2)N)N.Cl.Cl,1,271.191,52.04,2,2,3.285400000000002,79.0108
[H]C([H])([H])N1C([H])([H])C([H])([H])N(N=O)C([H])([H])C1([H])[H],1,129.16299999999998,35.91,0,3,-0.08479999999999999,34.864999999999995
[H]OC([H])([H])C1=C([H])[C@@]2([H])[C@]3([H])C(C([H])([H])[H])(C([H])([H])[H])[C@]3(OC(=O)C([H])([H])[H])[C@]([H])(OC(=O)C([H])([H])C([H])([H])C([H])([H])C([H])([H])C([H])([H])C([H])([H])C([H])([H])C([H])([H])C([H])([H])C([H])([H])C([H])([H])C([H])([H])C([H])([H])[H])[C@@]([H])(C([H])([H])[H])[C@]2(O[H])[C@]2([H])C([H])=C(C([H])([H])[H])C(=O)[C@@]2(O[H])C1([H])[H],1,616.8360000000005,130.36,3,8,5.752900000000008,167.31939999999966
S=[Ni],1,90.75999999999999,0.0,0,1,0.6457,7.591
[H]c1c([H])c(N([H])C(=O)C([H])([H])[H])c([H])c(N([H])[H])c1OC([H])([H])C([H])([H])[H],1,194.23399999999992,64.35000000000001,2,3,1.6259,56.32710000000002
[H]c1c([H])c([H])c2c(nc(N([H])C(=O)OC([H])([H])[H])n2C(=O)N([H])C([H])([H])C([H])([H])C([H])([H])C([H])([H])[H])c1[H],1,290.32300000000004,85.25,2,5,2.5724,79.46540000000005
CCNN.Cl,1,96.56099999999999,38.05,2,2,-0.10859999999999981,25.112099999999998
[H]C([H])([H])N(N=O)C([H])([H])C([H])([H])C([H])([H])C([H])([H])C([H])([H])[H],1,130.191,32.67,0,2,1.7898,37.95
NN.OS(=O)(=O)O,1,130.125,126.64,4,4,-1.8339999999999996,22.552200000000006
Cl[Cd]Cl,1,183.318,0.0,0,0,1.3765,11.706
[O-]S(=O)(=O)[O-].[Cd+2],1,208.475,80.25999999999999,0,4,-1.3404999999999996,10.4746
[H]c1c([H])c([H])c2c(nc(N([H])C(=O)OC([H])([H])[H])n2[H])c1[H],1,191.19,67.00999999999999,2,3,1.7411999999999996,52.121400000000015
[H]O[H],1,18.015,31.5,0,0,-0.8247,3.6138
[H]OC([H])([H])C([H])([H])N(N=O)C([H])([H])C([H])([H])[H],1,118.136,52.9,1,3,-0.018000000000000016,30.12779999999999
C(C(=O)[O-])N(CC(=O)[O-])CC(=O)[O-].O.[Na+].[Na+].[Na+],1,275.09999999999997,155.13,0,7,-15.274600000000003,35.074799999999996
[H]C([H])=C([H])N(N=O)C([H])([H])C([H])([H])[H],1,100.121,32.67,0,2,1.1332,28.37199999999999
[H]C(=O)c1c2c([H])c([H])c([H])c([H])c2c(C([H])([H])[H])c2c1c([H])c([H])c1c([H])c([H])c([H])c([H])c12,1,270.33099999999996,17.07,0,1,5.267120000000004,89.08450000000003
[H]c1c([H])c([H])c(C([H])([H])[H])c(-c2c([H])c([H])c(N([H])[H])c(C([H])([H])[H])c2[H])c1[H],1,197.28099999999998,26.02,1,1,3.552640000000001,65.76440000000002
[Be+2].[O-]S(=O)(=O)[O-],1,105.07499999999999,80.25999999999999,0,4,-1.7187999999999999,16.2286
[O-][Cr](=O)(=O)[O-].[Zn+2],1,181.382,80.25999999999999,0,4,-2.6206,1.373
CC[NH+](CC)CCNC1=C2C(=C(C=C1)CO)SC3=CC=CC=C3C2=O.CS(=O)(=O)[O-],1,452.5980000000002,110.97,3,7,1.405,122.54640000000005
[H]c1nc([N+](=O)[O-])n(C([H])([H])C(=O)N([H])C([H])([H])c2c([H])c([H])c([H])c([H])c2[H])c1[H],1,260.253,90.06,1,5,1.1076999999999997,67.17010000000003
[H]C#CC(N([H])C(=O)c1c([H])c(Cl)c([H])c(Cl)c1[H])(C([H])([H])[H])C([H])([H])[H],1,256.13199999999995,29.1,1,1,3.1350000000000016,66.84020000000002
[O-][Cr](=O)(=O)[O-].[O-][Cr](=O)(=O)[O-].[O-][Cr](=O)(=O)[O-].[Cr+3].[Cr+3],1,451.968,240.77999999999997,0,12,-7.859300000000002,4.119
[H]c1c([H])c([H])c2c(c1[H])c([H])c([H])c1c(C([H])([H])[H])c3c(c(C([H])([H])[H])c12)C([H])([H])C([H])([H])C([H])([H])C3([H])[H],1,260.37999999999994,0.0,0,0,5.488640000000004,87.57000000000005
[H]C([H])([H])N=[N+]([O-])C([H])([H])[H],1,74.083,38.43,0,2,0.20850000000000002,17.903399999999998
[H]C(Cl)(Br)Br,1,208.28,0.0,0,0,2.2986000000000004,27.494999999999997
[H]c1c([H])c([H])c(C([H])([H])C([H])([H])C([H])([H])C([H])([H])C([H])([H])C([H])([H])C([H])([H])C([H])([H])C([H])([H])C([H])([H])C([H])([H])C([H])([H])[H])c([H])c1[H],1,246.43799999999993,0.0,0,0,6.150000000000006,81.99000000000007
[H]c1c([H])c([H])c2c(c1[H])C(=O)N1N(C(=O)c3c([H])c([H])c([H])c([H])c3C1([H])[H])C2([H])[H],1,264.284,40.620000000000005,0,2,2.2134,72.63100000000003
[H]OC([H])([H])c1c2c([H])c([H])c([H])c([H])c2c2c([H])c([H])c3c([H])c([H])c([H])c4c([H])c([H])c1c2c43,1,282.34200000000004,20.23,1,1,5.229500000000003,93.57480000000005
[H]ON(C(=O)C([H])([H])[H])c1c([H])c([H])c(OC([H])([H])C([H])([H])[H])c([H])c1[H],1,195.218,49.769999999999996,1,3,1.8274,52.55750000000003
CN(C)C1=CC2=C(C=C1)N=C3C=CC(=[N+](C)C)C=C3S2.O.O.O.[Cl-],1,373.90600000000006,113.64,0,3,-2.9711999999999983,98.52740000000004
CCCCNN.Cl,1,124.615,38.05,2,2,0.6715999999999998,34.34609999999999
[H]C([H])=C([H])C(=O)OC([H])(C([H])([H])[H])C([H])([H])OC([H])([H])C([H])(OC([H])([H])C([H])(OC(=O)C([H])=C([H])[H])C([H])([H])[H])C([H])([H])[H],1,300.35100000000006,71.06,0,6,1.6434999999999995,77.73500000000004
[H]C(=O)N(N=O)C([H])([H])[H],1,88.06599999999999,49.74,0,3,-0.2440000000000001,19.621999999999996
[H]c1c([H])c([H])c(C([H])([H])C([H])([H])N(N=O)C(=O)N([H])[H])c([H])c1[H],1,193.20600000000002,75.76,1,3,1.2912000000000001,52.23040000000002
[H]N(C(=O)N(N=O)C([H])([H])C([H])([H])[H])C([H])([H])C([H])([H])[H],1,145.16199999999998,61.77,1,3,0.7192000000000001,37.2477
[H]O[C@]1([H])c2c(c3c(OC([H])([H])[H])c([H])c4c(c3oc2=O)[C@]2([H])C([H])=C([H])O[C@]2([H])O4)C([H])([H])C1([H])[H],1,314.2930000000001,78.13000000000001,1,6,2.1272,79.69880000000003
[H]C1([H])OC([H])([H])C([H])([H])C([H])([H])N1N=O,1,116.12,41.9,0,3,0.3476,27.93699999999999
[H]O[C@@]1([H])C([H])=C([H])c2c(c([H])c3c([H])c([H])c4c([H])c([H])c([H])c5c([H])c([H])c2c3c45)[C@]1([H])O[H],1,286.33000000000004,40.46,2,2,4.005100000000003,90.14660000000003
[H]O[C@]1([H])C([H])=C([H])c2c(c([H])c3c([H])c([H])c4c([H])c([H])c([H])c5c([H])c([H])c2c3c45)[C@@]1([H])O[H],1,286.33000000000004,40.46,2,2,4.005100000000003,90.14660000000003
C[As](=O)(C)C,1,136.02599999999998,17.07,0,1,1.2517999999999998,24.032499999999988
[H]Oc1c([H])c([H])c(-c2c(Cl)c([H])c(Cl)c([H])c2Cl)c([H])c1[H],1,273.546,20.23,1,1,5.019400000000002,68.57280000000002
[H]OC([H])([H])c1c([H])c([H])n2c1[C@]([H])(O[H])C([H])([H])C2([H])[H],1,153.18099999999995,45.39,2,3,0.41750000000000004,39.93160000000001
[H]c1c([H])c([H])c(C([H])([H])[n+]2noc([O-])c2C([H])([H])C(=O)N([H])[H])c([H])c1[H],1,233.22699999999998,96.05999999999999,1,4,-0.8881999999999999,54.58640000000002
[H]OC([H])([H])c1c2c([H])c([H])c([H])c([H])c2c([H])c2c1c([H])c([H])c1c([H])c([H])c([H])c([H])c12,1,258.32,20.23,1,1,4.638500000000003,84.88280000000005
[H]c1c([H])c([H])c2c(c1[H])c([N+](=O)[O-])c1c([H])c([H])c3c([N+](=O)[O-])c([H])c([H])c4c([H])c([H])c2c1c43,1,342.31000000000006,86.28,0,4,5.553600000000003,100.96080000000003
[H]c1c([H])c(C(=O)SC([H])([H])[H])c2snnc2c1[H],1,210.283,42.85,0,5,2.1944999999999997,55.260500000000015
[H]c1nc(Cl)c([H])c([H])c1C([H])([H])N1C(N([H])[N+](=O)[O-])=NC([H])([H])C1([H])[H],1,255.66499999999996,83.66,1,5,0.6878999999999997,62.08910000000001
CCCC(CCC)C(=O)[O-].CCCC(CCC)C(=O)[O-].[Ca+2],1,326.49,80.25999999999999,0,4,1.5246000000000002,82.38000000000005
[H]c1c([H])c([H])c2c([H])c3c(c([H])c([H])c4c([H])c([H])c([H])c([H])c43)c(Cl)c2c1[H],1,262.739,0.0,0,0,5.7996000000000025,83.97000000000004
[H]Oc1c([H])c([H])c(-c2c([H])c(Cl)c(Cl)c(Cl)c2Cl)c([H])c1[H],1,307.991,20.23,1,1,5.672800000000001,73.5828
CC1=CC(=C(C=C1)N)C.Cl,1,157.644,26.02,1,1,2.30744,47.57640000000002
CC1=CC=C(C=C1)N(CC2=NCCN2)C3=CC(=CC=C3)O.CS(=O)(=O)O,1,377.46600000000007,102.23,3,6,2.3444199999999995,104.06910000000006
C1=CC=C(C(=C1)C(C2=CC=C(C=C2)Cl)C(Cl)(Cl)Cl)Cl.C1=CC(=CC=C1C(C2=CC=C(C=C2)Cl)C(Cl)(Cl)Cl)Cl,1,708.982,0.0,0,0,12.99099999999999,170.07399999999973
[H]C([H])([H])C(=O)C([H])([H])N(N=O)C([H])([H])C([H])([H])C([H])([H])[H],1,144.17399999999998,49.74,0,3,0.9688,38.34
[H]N1C([H])(C([H])([H])[H])C([H])([H])N(N=O)C([H])([H])C1([H])C([H])([H])[H],1,143.19,44.7,1,3,0.34999999999999964,39.42770000000001
[H]C([H])([H])C1([H])N(N=O)C([H])([H])C([H])([H])OC1([H])[H],1,130.147,41.900000000000006,0,3,0.38849999999999996,32.78199999999999
[H]C([H])(Cl)[C@]1([H])O[C@]1([H])Cl,1,126.97,12.53,0,1,1.1889,25.233999999999995
[H]Oc1c([H])c([H])c2c(c1[H])C([H])([H])C([H])([H])[C@@]1([H])[C@]3([H])C([H])([H])[C@@]([H])(O[H])C(=O)[C@@]3(C([H])([H])[H])C([H])([H])C([H])([H])[C@]21[H],1,286.3710000000001,57.53,2,3,2.7882000000000007,79.12060000000004
[H]O[C@@]1([H])C([H])=C([H])c2c(c([H])c([H])c3c2c([H])c([N+](=O)[O-])c2c([H])c([H])c([H])c([H])c23)[C@]1([H])O[H],1,307.305,83.60000000000001,2,4,3.3223000000000025,88.10900000000002
[H]c1c([H])c2c3nc(N([H])[H])n(C([H])([H])[H])c3c([H])c([H])c2n([H])c1=O,1,214.228,76.69999999999999,2,4,0.9969999999999999,63.2531
[H]c1nc2c([H])c([H])c([H])c(F)c2c([H])c1[H],1,147.152,12.89,0,1,2.373900000000001,41.701000000000015
[H]O[C@@]1([H])C([H])=C([H])c2c3c(c([H])c([H])c2[C@]1([H])O[H])-c1c([H])c([H])c([H])c2c([H])c([H])c([H])c-3c12,1,286.33000000000004,40.46,2,2,3.9083000000000023,88.37860000000002
[H]C([H])=C([H])Oc1c([H])c([H])c([N+](=O)[O-])c([H])c1[H],1,165.148,52.370000000000005,0,3,2.1170999999999998,43.92140000000002
[H]O[C@@]1([H])[C@@]2([H])O[C@@]2([H])c2c(c([H])c(C([H])([H])[H])c3c2c([H])c([H])c2c([H])c([H])c([H])c([H])c23)[C@]1([H])O[H],1,292.334,52.989999999999995,2,3,3.149220000000002,84.77160000000003
[H]c1nc(C2=NOC3([H])C([H])([H])C([H])([H])C([H])([H])C([H])([H])C23[H])n(C([H])([H])[H])c1[N+](=O)[O-],1,250.25799999999995,82.55,0,6,1.6214,63.23040000000002
[H]ON([H])c1nc2c3nc(C([H])([H])[H])c([H])nc3c([H])c([H])c2n1C([H])([H])[H],1,229.24300000000002,75.86000000000001,2,6,1.6260199999999996,63.95620000000002
[H]N([H])C(=O)N(N=O)C([H])([H])C(=O)C([H])([H])[H],1,145.118,92.83000000000001,1,4,-0.36250000000000004,32.7654
[H]C([H])([H])C1([H])C(=O)C([H])([H])C([H])([H])N(N=O)C1([H])[H],1,142.15800000000002,49.74,0,3,0.5787,36.156
[H]OC1([H])C([H])=C([H])c2c(c([H])c3c([H])c([H])c4c([H])c([H])c([H])c5c6c([H])c([H])c([H])c([H])c6c2c3c45)C1([H])O[H],1,336.3900000000001,40.46,2,2,5.158300000000003,107.65260000000004
[H]OC([H])(C([H])([H])[H])C([H])([H])N(N=O)C(=O)N([H])[H],1,147.134,95.99,2,4,-0.5707,33.765199999999986
[H]Oc1c([H])c([H])c(C2=C(C([H])([H])[H])c3c([H])c(O[H])c([H])c([H])c3C2([H])C([H])([H])C([H])([H])[H])c([H])c1[H],1,266.34,40.46,2,2,4.535700000000003,81.73360000000004
[H]ON([H])c1c([H])c([H])c(-c2c([H])c([H])c([H])c([H])c2C([H])([H])[H])c([H])c1C([H])([H])[H],1,213.27999999999997,32.26,2,2,3.7715400000000026,66.76120000000002
[H]N([H])C(=O)OC1([H])OC1([H])[H],1,103.077,64.85000000000001,1,3,-0.562,20.4084
O.O.[O-][Cr](=O)(=O)O[Cr](=O)(=O)[O-].[Na+].[Na+],1,297.995,186.62999999999997,0,7,-10.567999999999998,11.058599999999998
C(C(=O)O)C(CC(=O)[O-])(C(=O)[O-])O.C(C(=O)O)C(CC(=O)[O-])(C(=O)[O-])O.[Pu],1,624.2140000000002,275.58,4,12,-7.8358000000000025,63.667200000000015
[H]O[C@@]1([H])C([H])=C([H])c2c(c([H])c([H])c3c2c([H])c(N([H])[H])c2c([H])c([H])c([H])c([H])c23)[C@]1([H])O[H],1,277.323,66.48,3,3,2.996300000000001,85.86700000000002
[H]OC1([H])OC([H])([H])C([H])([H])N(N=O)C1([H])[H],1,132.119,62.13,1,4,-0.6816,29.32679999999999
[H]C1=C([H])c2c3c([H])c([H])c([H])c([H])c3c([H])c3c([H])c([H])c([H])c1c23,1,202.25599999999997,0.0,0,0,4.4768000000000026,70.38200000000003
[Be+2].C(=O)([O-])[O-],1,69.02,63.19,0,3,-2.8278,11.149999999999999
[H]N([H])C([H])([H])[N+](=O)[O-],1,76.05499999999999,69.16,1,3,-0.8207,16.0488
[OH-].[OH-].[Ni+2],1,92.707,60.0,0,2,-0.35609999999999997,3.8716
[Ni]#[Sb],1,180.453,0.0,0,0,-0.38330000000000003,5.754
[H]c1c([H])c([H])c2c(c1[H])c([N+](=O)[O-])c(C([H])([H])[H])c1c3c([H])c([H])c([H])c([H])c3c([H])c([H])c21,1,287.318,43.14,0,2,5.362820000000004,90.35140000000004
CNNC.CN(C)N,1,120.20000000000002,53.31999999999999,3,4,-1.2380999999999982,35.99379999999999
[H]O[C@]1([H])C([H])=C([H])c2c(c([H])c([H])c3c2c(C([H])([H])[H])c([H])c2c([H])c([H])c([H])c([H])c23)[C@@]1([H])O[H],1,276.335,40.46,2,2,3.7225200000000025,86.19160000000004
[H]O[C@]1([H])C([H])=C([H])c2c(c([H])c([H])c3c([H])c4c([H])c([H])c([H])c([H])c4nc23)[C@@]1([H])O[H],1,263.296,53.35000000000001,2,3,2.8091000000000013,79.24960000000003
[H]c1c([H])c2c(c([H])c1I)C([H])([H])c1c([H])c(N(OC(=O)C([H])([H])C([H])([H])C([H])([H])C([H])([H])C([H])([H])C([H])([H])C([H])([H])C([H])([H])C([H])([H])C([H])([H])C([H])([H])C([H])([H])C([H])([H])[H])C(=O)C([H])([H])[H])c([H])c([H])c1-2,1,575.5310000000005,46.61,0,3,8.374600000000004,147.73099999999982
[H]OC(=O)C([H])(N([H])[H])C([H])([H])C([H])([H])SC([H])=C([H])[H],1,161.226,63.31999999999999,2,3,0.6651000000000004,42.88320000000001
[H]c1c([H])c([H])c2c(c1[H])c(C([H])([H])[H])c([H])c1c2c2c3c([H])c([H])c([H])c([H])c3c(C([H])([H])[H])c([H])c2n1[H],1,295.385,15.79,1,0,6.244340000000004,100.29070000000004
[H]O[C@]1([H])C([H])=C([H])c2c(c([H])c(C([H])([H])[H])c3c2c([H])c([H])c2c([H])c([H])c([H])c([H])c23)[C@@]1([H])O[H],1,276.335,40.46,2,2,3.7225200000000025,86.19160000000004
[H]O[C@@]1([H])[C@@]2([H])O[C@@]2([H])c2c(c([H])c([H])c3c2c(C([H])([H])[H])c([H])c2c([H])c([H])c([H])c([H])c23)[C@]1([H])O[H],1,292.334,52.989999999999995,2,3,3.149220000000002,84.77160000000003
[H]O[C@]1([H])[C@]2([H])O[C@]2([H])c2c(c([H])c([H])c3c2c(C([H])([H])[H])c([H])c2c([H])c([H])c([H])c([H])c23)[C@]1([H])O[H],1,292.334,52.989999999999995,2,3,3.149220000000002,84.77160000000003
[H]C1=C([H])[C@]2(C([H])([H])[H])[C@@]3([H])C([H])([H])C([H])([H])[C@@]4(C([H])([H])[H])[C@@]([H])(C([H])([H])C([H])([H])[C@]4([H])C(=O)N([H])C(C([H])([H])[H])(C([H])([H])[H])C([H])([H])[H])[C@]3([H])C([H])([H])C([H])([H])[C@@]2([H])N([H])C1=O,1,372.5530000000001,58.2,2,2,3.8145000000000024,106.84240000000008
[H]C1=C([N+](=O)[O-])Oc2c([H])c([H])c([H])c3c([H])c([H])c([H])c1c23,1,213.19199999999998,52.370000000000005,0,3,2.8073000000000015,59.547400000000025
[H]C1=C([N+](=O)[O-])Oc2c([H])c([H])c([H])c3c(OC([H])([H])[H])c([H])c([H])c1c23,1,243.21799999999996,61.60000000000001,0,4,2.815900000000001,66.09940000000003
[H]c1c(C(C([H])([H])[H])(C([H])([H])C([H])([H])[H])C([H])([H])C([H])([H])[H])noc1N([H])C(=O)c1c(OC([H])([H])[H])c([H])c([H])c([H])c1OC([H])([H])[H],1,332.40000000000003,73.59,1,5,4.0218000000000025,91.93620000000006
CC1=C(C(=CC=C1)C)NC2=NCCCS2.Cl,1,256.80199999999996,24.39,1,3,3.6300400000000024,76.16370000000002
[H]Oc1c([H])c([H])c2c(c1[H])C([H])([H])C([H])([H])[C@]1([H])[C@]2([H])[C@@]([H])(OC([H])([H])[H])C([H])([H])[C@@]2(C([H])([H])[H])[C@@]1([H])C([H])([H])C([H])([H])[C@]2([H])O[H],1,302.4140000000001,49.69,2,3,3.234100000000002,84.91060000000004
[H]ON([H])c1c([H])c([H])c2c([H])c([H])c([H])c([H])c2c1[H],1,159.188,32.26,2,2,2.640900000000001,49.35720000000001
CC1=C(N=C(N=C1N)C(CC(=O)N)NCC(C(=O)N)N)C(=O)NC(C(C2=CN=CN2)O[C@H]3[C@H]([C@H]([C@@H]([C@@H](O3)CO)O)O)O[C@@H]4[C@H]([C@H]([C@@H]([C@H](O4)CO)O)OC(=O)N)O)C(=O)NC(C)C(C(C)C(=O)NC(C(C)O)C(=O)NCCC5=NC(=CS5)C6=NC(=CS6)C(=O)NCCC[S+](C)C)O.OS(=O)(=O)[O-],1,1512.6470000000006,704.5000000000001,21,34,-8.698980000000022,351.1033000000004
[H]c1c([H])c([H])c2c([H])c3c(c([H])c([H])c4c([H])c([H])c([H])c([H])c43)c(Br)c2c1[H],1,307.19,0.0,0,0,5.908700000000002,86.66000000000004
[H]C(=O)c1oc(C([H])([H])Cl)c([H])c1[H],1,144.55700000000002,30.21,0,2,1.8309,33.652499999999996
[H]c1c([H])c(C([H])([H])N=NC([H])([H])[H])c([H])c([H])c1C(=O)N([H])C([H])(C([H])([H])[H])C([H])([H])[H],1,219.28799999999998,53.82,1,3,2.4068000000000005,63.52820000000004
CN1C2=C(C=C(C=C2)N(CCCl)CCCl)N=C1CCCC(=O)O.Cl,1,394.7300000000001,58.36,1,4,3.686400000000003,102.18880000000006
[H]N(C(=O)N(N=O)C([H])([H])[H])C([H])([H])[H],1,117.10799999999999,61.77,1,3,-0.06099999999999994,28.013699999999993
[H]c1c([H])c(C([H])([H])[H])c2c(C([H])([H])[H])c3c([H])c([H])c4c([H])c([H])c([H])c([H])c4c3c(C([H])([H])[H])c2c1[H],1,270.375,0.0,0,0,6.0714600000000045,93.17100000000005
[H]On1c(=O)n([H])c(=O)c2c1nc([H])n2[H],1,168.112,103.77000000000001,3,5,-1.3498000000000003,38.158899999999996
CC(C)(C1=CC=C(C=C1)O)C2=CC=C(C=C2)O.C1C(O1)CCl,1,320.81600000000003,52.99,2,3,4.0477000000000025,88.80160000000004
[Ni]=[Te],1,186.293,0.0,0,0,-0.38330000000000003,5.754
[Be+2].O.O.O.O.[O-]S(=O)(=O)[O-],1,177.135,206.26,0,4,-5.017599999999998,30.683799999999998
O=[Zr]=O,1,123.222,34.14,0,2,-0.2401,1.373
[Ni]=[Se],1,137.653,0.0,0,0,-0.38330000000000003,5.754
[Ni]#[As],1,133.615,0.0,0,0,-0.38330000000000003,5.754
[CH-]1C=CC=C1.[CH-]1C=CC=C1.[Ni+2],1,188.88299999999998,0.0,0,0,2.8085000000000013,44.07000000000003
COC1=C(C=CC(=C1)C2=CC(=C(C=C2)N)OC)N.Cl.Cl,1,317.21599999999995,70.5,2,4,3.378800000000002,88.30280000000002
[H]c1c([H])c([N+](=O)[O-])c([H])c([N+](=O)[O-])c1Cl,0,202.55299999999997,86.28,0,4,2.1563999999999997,44.76080000000001
[H]OC(=O)c1c([H])c([H])c(O[H])c(O[H])c1[H],0,154.12099999999998,77.76,3,3,0.7959999999999998,36.730900000000005
[H]N([H])C(=O)N([H])C1([H])C(=O)N([H])C(=O)N1[H],0,158.117,113.32,4,3,-2.1798,33.18149999999999
[H]c1c([H])c([H])c(C(=O)O)c([H])c1[H],0,122.12299999999996,37.3,1,1,1.3848,33.4013
[H]OC(=O)c1c([H])c([H])c([H])c([H])c1[H],0,122.12299999999996,37.3,1,1,1.3848,33.4013
[H]OC([H])([H])c1c([H])c([H])c([H])c([H])c1[H],0,108.13999999999997,20.23,1,1,1.1789,32.364799999999995
[H]OC([H])([H])C([H])([H])[N+](C([H])([H])[H])(C([H])([H])[H])C([H])([H])[H],0,104.17299999999999,20.23,1,1,-0.31510000000000016,29.98519999999998
[H]OC(=O)C([H])([H])C(O[H])(C(=O)O[H])C([H])([H])C(=O)O[H],0,192.123,132.13,4,4,-1.2485,37.0912
[H]OC(=O)c1c([H])c(O[H])c(O[H])c(O[H])c1[H],0,170.11999999999998,97.99000000000001,4,4,0.5015999999999998,38.39570000000001
[H]OC(=O)C([H])([H])C([H])([H])C([H])([H])C([H])([H])C([H])([H])N([H])[H],0,131.175,63.31999999999999,2,2,0.5901000000000002,35.15819999999999
[H]OC(=O)C([H])([H])C([H])([H])C([H])(C(=O)O[H])N([H])[H],0,147.13,100.61999999999999,3,3,-0.7368999999999997,32.480999999999995
[H]Oc1c([H])c([H])c(C([H])([H])C([H])([H])N([H])[H])c([H])c1O[H],0,153.181,66.48,3,3,0.599,42.530000000000015
[H]OC(=O)C([H])(N([H])[H])C([H])([H])c1c([H])c([H])c(O[H])c(O[H])c1[H],0,197.19,103.78,4,4,0.05219999999999958,49.08680000000002
[H]OC(=O)C([H])(N([H])[H])C([H])([H])C([H])([H])SC([H])([H])[H],0,149.215,63.31999999999999,2,3,0.1514000000000002,38.61020000000001
[H]OC([H])([H])C([H])(O[H])C([H])([H])[H],0,76.09500000000001,40.46,2,2,-0.6405000000000001,18.766599999999997
[H]c1nc([H])c(C(=O)N([H])[H])nc1[H],0,123.115,68.87,1,3,-0.4245000000000001,30.549899999999997
[H]OC(=O)C([H])(N([H])[H])C([H])([H])c1c([H])n([H])c2c([H])c([H])c([H])c([H])c12,0,204.229,79.10999999999999,3,2,1.1222999999999996,57.61390000000001
[H]OC1([H])C([H])([H])C([H])(C([H])([H])[H])C([H])([H])C([H])([H])C1([H])C([H])(C([H])([H])[H])C([H])([H])[H],0,156.26899999999998,20.23,1,1,2.4395000000000007,47.34980000000002
[H]OC(=O)C([H])([H])Oc1c([H])c(Cl)c(Cl)c([H])c1Cl,0,255.48399999999998,46.53,1,2,3.1102000000000007,54.602800000000016
[H]OC(=O)C([H])([H])C([H])([H])[N+](=O)[O-],0,119.07600000000001,80.44,1,3,-0.26219999999999977,24.114199999999997
[H]c1c([H])c(S(=O)(=O)N([H])C(=O)N([H])C2([H])C([H])([H])C([H])([H])C([H])([H])C([H])([H])C2([H])[H])c([H])c([H])c1C(=O)C([H])([H])[H],0,324.40200000000004,92.34,2,4,2.2097999999999995,82.17270000000003
[H]OC(=O)C([H])([H])c1c([H])c([H])c(N([H])C(=O)C([H])([H])[H])c([H])c1[H],0,193.202,66.4,2,2,1.2721,52.08550000000002
[H]Oc1c(C([H])([H])[H])c(C([H])([H])[H])c2c(c1C([H])([H])[H])C([H])([H])C([H])([H])C(C([H])([H])[H])(C([H])([H])C([H])([H])C([H])([H])C([H])(C([H])([H])[H])C([H])([H])C([H])([H])C([H])([H])C([H])(C([H])([H])[H])C([H])([H])C([H])([H])C([H])([H])C([H])(C([H])([H])[H])C([H])([H])[H])O2,0,430.71700000000027,29.46,1,2,8.840260000000002,134.3908
[H]C([H])([H])C(=O)Oc1c(C([H])([H])[H])c(C([H])([H])[H])c2c(c1C([H])([H])[H])C([H])([H])C([H])([H])C(C([H])([H])[H])(C([H])([H])C([H])([H])C([H])([H])C([H])(C([H])([H])[H])C([H])([H])C([H])([H])C([H])([H])C([H])(C([H])([H])[H])C([H])([H])C([H])([H])C([H])([H])C([H])(C([H])([H])[H])C([H])([H])[H])O2,0,472.7540000000004,35.53,0,3,9.059960000000002,144.03499999999988
[H]N1C(=O)N([H])C(=O)C(C([H])([H])C([H])([H])[H])(C([H])([H])C([H])([H])C([H])(C([H])([H])[H])C([H])([H])[H])C1=O,0,226.27599999999995,75.27000000000001,2,3,1.1849999999999996,58.47740000000003
[H]OC(=O)c1c([H])c([H])c([H])c([H])c1OC(=O)C([H])([H])[H],0,180.15899999999996,63.6,1,3,1.3100999999999998,44.71030000000002
[H]c1c([H])c(C([H])([H])n2c(N([H])C3([H])C([H])([H])C([H])([H])N(C([H])([H])C([H])([H])c4c([H])c([H])c(OC([H])([H])[H])c([H])c4[H])C([H])([H])C3([H])[H])nc3c([H])c([H])c([H])c([H])c32)c([H])c([H])c1F,0,458.58100000000013,42.32000000000001,1,5,5.3513000000000055,135.01769999999996
[H]OC([H])(C([H])([H])Oc1c([H])c([H])c(C([H])([H])C(=O)N([H])[H])c([H])c1[H])C([H])([H])N([H])C([H])(C([H])([H])[H])C([H])([H])[H],0,266.341,84.58,3,4,0.4521,73.98090000000003
[H]c1c([H])c([H])c2c(=O)n(C([H])([H])SP(=S)(OC([H])([H])[H])OC([H])([H])[H])nnc2c1[H],0,317.33200000000005,66.24000000000001,0,8,1.9994999999999998,79.69200000000002
[H]c1c([H])c([H])c(C([H])([H])[N+](C([H])([H])[H])(C([H])([H])[H])C([H])([H])C([H])([H])OC([H])([H])C([H])([H])Oc2c([H])c([H])c(C(C([H])([H])[H])(C([H])([H])[H])C([H])([H])C(C([H])([H])[H])(C([H])([H])[H])C([H])([H])[H])c([H])c2[H])c([H])c1[H],0,412.6380000000002,18.46,0,2,6.072400000000007,126.97540000000008
[H]c1c([H])c([H])c(C([H])([H])N=C=S)c([H])c1[H],0,149.21800000000002,12.36,0,2,2.2894000000000005,45.17200000000002
[H]OC(=O)C([H])([H])C([H])([H])C([H])([H])C([H])([H])C([H])([H])C([H])(C1=C(C([H])([H])[H])C(=O)C(C([H])([H])[H])=C(C([H])([H])[H])C1=O)c1c([H])c([H])c([H])c([H])c1[H],0,354.4460000000001,71.44,1,3,4.610000000000005,100.99180000000004
[H]c1c([H])c([H])c(-c2c([H])c([H])c(C([H])([H])n3c(OC([H])([H])C([H])([H])[H])nc4c([H])c([H])c([H])c(C(=O)OC([H])(OC(=O)OC5([H])C([H])([H])C([H])([H])C([H])([H])C([H])([H])C5([H])[H])C([H])([H])[H])c43)c([H])c2[H])c(-c2nnn([H])n2)c1[H],0,610.6710000000003,143.34000000000003,1,11,6.319100000000006,164.37019999999958
[H]c1c([H])c(C([H])([H])[H])c([H])c([H])c1-c1c([H])c(C(F)(F)F)nn1-c1c([H])c([H])c(S(=O)(=O)N([H])[H])c([H])c1[H],0,381.379,77.98,1,4,3.5139200000000015,90.1122
[H]OC([H])(C([H])([H])Oc1c([H])c([H])c(N([H])C(=O)N(C([H])([H])C([H])([H])[H])C([H])([H])C([H])([H])[H])c([H])c1C(=O)C([H])([H])[H])C([H])([H])N([H])C(C([H])([H])[H])(C([H])([H])[H])C([H])([H])[H],0,379.50100000000015,90.9,3,5,2.8907000000000016,107.64370000000005
[H]c1c([H])c(S(=O)(=O)N([H])C(=O)N([H])C([H])([H])C([H])([H])C([H])([H])[H])c([H])c([H])c1Cl,0,276.745,75.27,2,3,1.7379,65.46320000000001
[H]c1c(Cl)c(Cl)nc(OP(=S)(OC([H])([H])C([H])([H])[H])OC([H])([H])C([H])([H])[H])c1Cl,0,350.5910000000001,40.58,0,5,4.7181000000000015,77.43200000000002
[H]c1c(OP(=S)(OC([H])([H])C([H])([H])[H])OC([H])([H])C([H])([H])[H])c([H])c2oc(=O)c(Cl)c(C([H])([H])[H])c2c1[H],0,362.771,57.9,0,6,4.4311200000000035,90.39600000000003
[H]c1c([H])c([H])c(C([H])([H])C([H])(N([H])[H])C([H])([H])[H])c([H])c1[H],0,135.21,26.02,1,1,1.5763,43.795400000000015
[H]OC(=O)C(N([H])[H])(C([H])(F)F)C([H])([H])C([H])([H])C([H])([H])N([H])[H],0,182.17,89.33999999999999,3,3,-0.2275000000000006,38.84660000000001
[H]N1C(=O)OC(C([H])([H])[H])(C([H])([H])[H])C1=O,0,129.11499999999998,55.4,1,3,0.03139999999999987,28.70269999999999
[H]N(C(=O)C([H])([H])SP(=S)(OC([H])([H])[H])OC([H])([H])[H])C([H])([H])[H],0,229.26299999999998,47.56,1,5,0.9828999999999999,54.82770000000003
[H]c1c([H])c([H])c(C([H])(OC([H])([H])C([H])([H])N(C([H])([H])[H])C([H])([H])[H])c2c([H])c([H])c([H])c([H])c2[H])c([H])c1[H],0,255.36100000000002,12.47,0,2,3.3542000000000023,79.23300000000005
[H]c1c([H])c([H])c(-n2c(=O)c(N(C([H])([H])[H])C([H])([H])S(=O)(=O)O)c(C([H])([H])[H])n2C([H])([H])[H])c([H])c1[H],0,311.363,84.53999999999999,1,6,0.7659199999999999,80.56560000000003
[H]Oc1c([H])c(O[H])c2c(c1[H])C(=O)c1c([H])c(C([H])([H])[H])c([H])c(O[H])c1C2=O,0,270.23999999999995,94.83000000000001,3,5,1.8872199999999997,69.48040000000002
[H]C1([H])O[S+]([O-])OC([H])([H])C2([H])C3(Cl)C(Cl)=C(Cl)C(Cl)(C3(Cl)Cl)C12[H],0,406.9290000000001,41.519999999999996,0,3,3.689800000000001,77.36340000000001
[H]C1=C(C([H])([H])[H])c2c([H])c(OC([H])([H])C([H])([H])[H])c([H])c([H])c2N([H])C1(C([H])([H])[H])C([H])([H])[H],0,217.31199999999998,21.259999999999998,1,2,3.692700000000002,68.96370000000003
[H]OC(=O)C([H])([H])C1(C([H])([H])C([H])([H])[H])OC([H])([H])C([H])([H])c2c1n([H])c1c(C([H])([H])C([H])([H])[H])c([H])c([H])c([H])c21,0,287.359,62.32,2,2,3.383000000000002,81.55450000000003
[H]c1c([H])c(SC([H])([H])[H])c(C([H])([H])[H])c([H])c1OP(=S)(OC([H])([H])[H])OC([H])([H])[H],0,278.335,27.69,0,5,3.6130200000000023,71.89100000000003
[H]c1c([H])c(OC([H])([H])C(F)(F)F)c(C(=O)N([H])C([H])([H])C2([H])N([H])C([H])([H])C([H])([H])C([H])([H])C2([H])[H])c([H])c1OC([H])([H])C(F)(F)F,0,414.34600000000023,59.59,2,4,3.4407000000000023,87.51690000000006
[H]c1c([H])c([H])c(C([H])(Oc2c([H])c([H])c(C(F)(F)F)c([H])c2[H])C([H])([H])C([H])([H])N([H])C([H])([H])[H])c([H])c1[H],0,309.3309999999999,21.259999999999998,1,2,4.435000000000003,79.79870000000004
[H]Oc1c([H])c([H])c(C([H])([H])C([H])([H])C([H])([H])C([H])([H])C([H])([H])C([H])([H])[H])c(O[H])c1[H],0,194.274,40.46,2,2,3.220600000000002,57.61760000000004
[H]OC(=O)C([H])(c1c([H])c([H])c(C([H])([H])C([H])(C([H])([H])[H])C([H])([H])[H])c([H])c1[H])C([H])([H])[H],0,206.285,37.3,1,1,3.0732000000000017,61.03480000000004
[H]c1c([H])c(Cl)c(-c2nc(N([H])[H])nc(N([H])[H])n2)c([H])c1Cl,0,256.096,90.71,2,5,2.0097999999999994,64.10779999999998
[H]OC(=O)C([H])(c1c([H])c([H])c([H])c(C(=O)c2c([H])c([H])c([H])c([H])c2[H])c1[H])C([H])([H])[H],0,254.285,54.37,1,2,3.1057000000000015,72.36730000000003
[H]c1c([H])c([H])c(C([H])(c2c([H])c([H])c([H])c([H])c2[H])N2C([H])([H])C([H])([H])N(C([H])([H])C([H])([H])OC(=O)C3=C(C([H])([H])[H])N([H])C(C([H])([H])[H])=C(C(=O)OC([H])([H])[H])C3([H])c3c([H])c([H])c([H])c([N+](=O)[O-])c3[H])C([H])([H])C2([H])[H])c([H])c1[H],0,610.7110000000001,114.25,1,9,4.953000000000004,170.08809999999954
[H]c1c([H])c([H])c(N2N=C(C([H])([H])[H])C([H])([H])C2=O)c([H])c1[H],0,174.203,32.67,0,2,1.7992,51.654000000000025
[H]c1c([H])c([H])c(C(C(=O)C([H])([H])C([H])([H])[H])(c2c([H])c([H])c([H])c([H])c2[H])C([H])([H])C([H])(N(C([H])([H])[H])C([H])([H])[H])C([H])([H])[H])c([H])c1[H],0,309.45300000000003,20.310000000000002,0,2,4.292000000000003,96.72800000000007
[H]C1([H])N2C([H])([H])N3C([H])([H])N1C([H])([H])N(C2([H])[H])C3([H])[H],0,140.19,12.96,0,4,-1.0197999999999992,36.558
[H]c1c([H])c([H])c(C([H])(C(=O)OC([H])([H])[H])C2([H])N([H])C([H])([H])C([H])([H])C([H])([H])C2([H])[H])c([H])c1[H],0,233.31099999999995,38.33,1,3,2.0853,66.84070000000004
[H]c1c([H])c(C(=O)N(C([H])([H])C([H])([H])[H])C([H])([H])C([H])([H])[H])c([H])c(C([H])([H])[H])c1[H],0,191.274,20.310000000000002,0,1,2.4770200000000004,58.43050000000004
[H]Oc1c([H])c([H])c(Cl)c([H])c1C(=O)N([H])c1c([H])c([H])c([N+](=O)[O-])c([H])c1Cl,0,327.12300000000005,92.47,2,4,3.8595000000000006,79.17639999999999
[H]OC([H])(C([H])([H])Oc1c([H])c([H])c([H])c([H])c1OC([H])([H])C([H])=C([H])[H])C([H])([H])N([H])C([H])(C([H])([H])[H])C([H])([H])[H],0,265.35299999999995,50.72,2,4,1.9890999999999999,76.77450000000005
[H]c1c([H])c([H])c(C2([H])OC(N([H])[H])=NC2=O)c([H])c1[H],0,176.175,64.68,1,3,0.5992000000000001,46.89740000000002
[H]N1C([H])([H])C([H])([H])C([H])([H])C([H])([H])C1([H])C([H])([H])C([H])(C1([H])C([H])([H])C([H])([H])C([H])([H])C([H])([H])C1([H])[H])C1([H])C([H])([H])C([H])([H])C([H])([H])C([H])([H])C1([H])[H],0,277.496,12.03,1,1,5.295400000000006,86.89870000000006
[H]N1C([H])([H])C([H])([H])N([H])C([H])([H])C1([H])[H],0,86.138,24.06,2,2,-0.8208000000000002,25.739399999999993
[H]OC([H])(C([H])([H])Oc1c([H])c([H])c(N([H])C(=O)C([H])([H])[H])c([H])c1[H])C([H])([H])N([H])C([H])(C([H])([H])[H])C([H])([H])[H],0,266.341,70.59,3,4,1.3826999999999996,75.38620000000004
[H]c1c([H])c([H])c(C([H])([H])C([H])([H])C([H])([H])C([H])([H])Oc2c([H])c([H])c(C(=O)N([H])c3c([H])c([H])c([H])c4c(=O)c([H])c(-c5nnn([H])n5)oc34)c([H])c2[H])c([H])c1[H],0,481.5120000000002,123.0,2,7,4.627100000000003,134.92589999999996
[H]c1c([H])c([H])c2c(c1[H])C([H])([H])C([H])([H])N1C(=O)C([H])([H])N(C(=O)C3([H])C([H])([H])C([H])([H])C([H])([H])C([H])([H])C3([H])[H])C([H])([H])C21[H],0,312.41300000000007,40.620000000000005,0,2,2.5349000000000013,87.75500000000005
[H]c1c([H])c([H])c2c(c1[H])Sc1c([H])c([H])c([H])c([H])c1N2C([H])([H])C([H])(N(C([H])([H])[H])C([H])([H])[H])C([H])([H])[H],0,284.42800000000005,6.48,0,3,4.239400000000004,87.16200000000006
[H]OC([H])(C([H])([H])Oc1c([H])c([H])c([H])c2c([H])c([H])c([H])c([H])c12)C([H])([H])N([H])C([H])(C([H])([H])[H])C([H])([H])[H],0,259.349,41.49,2,3,2.5775000000000006,78.58850000000005
[H]Oc1c([H])c(C(=O)OC([H])([H])C([H])([H])C([H])([H])[H])c([H])c(O[H])c1O[H],0,212.201,86.99000000000001,3,5,1.3701999999999999,52.00990000000003
[H]OC([H])(c1c([H])c([H])c(N([H])S(=O)(=O)C([H])([H])[H])c([H])c1[H])C([H])([H])N([H])C([H])(C([H])([H])[H])C([H])([H])[H],0,272.37,78.43,3,4,1.0895,73.00700000000003
[H]OC(=O)C([H])([H])C([H])([H])C(=O)OC([H])([H])C1(C([H])([H])C([H])([H])C([H])([H])C([H])([H])[H])C(=O)N(c2c([H])c([H])c([H])c([H])c2[H])N(c2c([H])c([H])c([H])c([H])c2[H])C1=O,0,438.4800000000001,104.21999999999997,1,5,3.5660000000000025,117.64280000000005
[H]c1c(F)c(=O)n([H])c(=O)n1C1([H])OC([H])([H])C([H])([H])C1([H])[H],0,200.16899999999995,64.09,1,4,-0.015300000000000313,45.50370000000001
[H]c1nc(-c2nc3c([H])c([H])c([H])c([H])c3n2[H])c([H])s1,0,201.254,41.57,1,3,2.686400000000001,57.201700000000024
[H]OC([H])(C([H])([H])Oc1c([H])n(C([H])([H])[H])c(=O)c2c([H])c([H])c([H])c([H])c12)C([H])([H])N([H])C(C([H])([H])[H])(C([H])([H])[H])C([H])([H])[H],0,304.3900000000001,63.49,2,5,1.6662999999999994,88.44650000000006
[H]c1c([H])c(S(=O)(=O)N([H])C(=O)N([H])N2C([H])([H])C([H])([H])C([H])([H])C([H])([H])C([H])([H])C2([H])[H])c([H])c([H])c1C([H])([H])[H],0,311.40700000000004,78.50999999999999,2,4,1.7739199999999995,80.07320000000003
[H]c1c([H])c(S(=O)(=O)N([H])C(=O)N([H])C([H])([H])C([H])([H])C([H])([H])C([H])([H])[H])c([H])c([H])c1C([H])([H])[H],0,270.354,75.27,2,3,1.78302,69.80720000000002
[H]C([H])([H])N1C(=O)OC(C([H])([H])[H])(C([H])([H])[H])C1=O,0,143.142,46.61,0,3,0.37359999999999993,33.32999999999999
[H]c1c([H])c([H])c(N2C([H])([H])C([H])([H])N(C([H])([H])C([H])([H])C([H])([H])N([H])c3c([H])c(=O)n(C([H])([H])[H])c(=O)n3C([H])([H])[H])C([H])([H])C2([H])[H])c(OC([H])([H])[H])c1[H],0,387.4840000000002,71.74,1,8,0.7168000000000017,111.67770000000004
[H]c1c([H])c(C([H])([H])[H])c(N([H])C2=NC([H])([H])C([H])([H])C([H])([H])S2)c(C([H])([H])[H])c1[H],0,220.34099999999998,24.39,1,3,3.2082400000000018,68.91570000000003
[H]OC([H])([H])C(=O)[C@@]1(O[H])[C@]([H])(C([H])([H])[H])C([H])([H])[C@@]2([H])[C@]3([H])C([H])([H])C([H])([H])C4=C([H])C(=O)C([H])=C([H])[C@]4(C([H])([H])[H])[C@@]3(F)[C@@]([H])(O[H])C([H])([H])[C@]12C([H])([H])[H],0,392.4670000000001,94.83,3,5,1.8956999999999997,99.94440000000003
[H]OC([H])([H])C(=O)[C@@]1(O[H])C([H])([H])C([H])([H])[C@@]2([H])[C@]3([H])C([H])([H])C([H])([H])C4=C([H])C(=O)C([H])([H])C([H])([H])[C@]4(C([H])([H])[H])[C@@]3([H])[C@@]([H])(O[H])C([H])([H])[C@@]21C([H])([H])[H],0,362.4660000000001,94.83,3,5,1.7815999999999996,95.14240000000005
[H]OC(=O)[C@@]([H])(N([H])[H])C([H])([H])S[H],0,121.16100000000002,63.31999999999999,3,3,-0.6718999999999997,29.464199999999998
[H]c1nc([H])n(C([H])([H])[H])c1C([H])([H])[C@@]1([H])C([H])([H])OC(=O)[C@@]1([H])C([H])([H])C([H])([H])[H],0,208.26099999999997,44.120000000000005,0,4,1.1618,55.14200000000003
[H]Oc1c([H])c([H])c([H])c([C@@]([H])(O[H])C([H])([H])N([H])C([H])([H])[H])c1[H],0,167.208,52.49,3,3,0.6449999999999999,46.993300000000026
[H]N1C(=O)N([H])C(=O)C([H])([H])C1=O,0,128.087,75.27000000000001,2,3,-1.2575,26.2984
[H]OC(c1c([H])c([H])c([H])c([H])c1[H])(c1c([H])c([H])c(OC([H])([H])C([H])([H])N(C([H])([H])C([H])([H])[H])C([H])([H])C([H])([H])[H])c([H])c1[H])C([H])([H])c1c([H])c([H])c(OC([H])([H])[H])c([H])c1[H],0,419.5650000000001,41.93000000000001,1,4,4.8944000000000045,125.86380000000005
[H]OC([H])([H])[C@@]([H])(O[H])[C@@]([H])(O[H])[C@]([H])(O[H])[C@]([H])(O[H])C([H])([H])O[H],0,182.172,121.38000000000001,6,6,-3.5854000000000004,38.198800000000006
[H]OC(=O)[C@@]([H])(N([H])[H])C([H])([H])c1c([H])nc([H])n1[H],0,155.15700000000004,92.0,3,3,-0.6359000000000001,37.9029
[H]c1c([H])c(C([H])(c2c([H])c([H])c(C([H])([H])C([H])([H])[H])c([H])c2[H])C([H])(Cl)Cl)c([H])c([H])c1C([H])([H])C([H])([H])[H],0,307.26400000000007,0.0,0,0,5.747000000000003,88.97700000000006
[H]OC(=O)[C@@]([H])(N([H])[H])C([H])([H])c1c([H])n([H])c2c([H])c([H])c([H])c([H])c12,0,204.229,79.10999999999999,3,2,1.1222999999999996,57.61390000000001
[H]c1c([H])c([H])c(N([H])c2c([H])c([H])c(N([H])c3c([H])c([H])c([H])c([H])c3[H])c([H])c2[H])c([H])c1[H],0,260.34000000000003,24.06,2,2,5.1738000000000035,85.89140000000003
C1=CC=C(C=C1)[SnH](C2=CC=CC=C2)C3=CC=CC=C3,0,351.03700000000003,0.0,0,0,1.9350999999999998,85.37700000000004
ClC1=C(Cl)C(Cl)(Cl)C(Cl)=C1Cl,0,272.773,0.0,0,0,4.5523,51.901
[H]N([H])C(=O)N([H])C(=O)C(Br)(C([H])([H])C([H])([H])[H])C([H])([H])C([H])([H])[H],0,237.09699999999995,72.19,2,2,1.135,49.96610000000001
[H]C1=C([H])C([H])([H])S(=O)(=O)C1([H])[H],0,118.15699999999998,34.14,0,2,-0.028999999999999915,27.79379999999999
[H]c1c([H])c([H])c(C2(C([H])([H])[H])OC2([H])C(=O)OC([H])([H])C([H])([H])[H])c([H])c1[H],0,206.24099999999996,38.83,0,3,1.8637,55.30000000000003
[H]C([H])(O[N+](=O)[O-])C(C([H])([H])O[N+](=O)[O-])(C([H])([H])O[N+](=O)[O-])C([H])([H])O[N+](=O)[O-],0,316.135,209.48,0,12,-1.1939999999999997,54.218600000000016
[H]c1c([H])c(C([H])([H])[H])c([H])c([H])c1OP(=O)(Oc1c([H])c([H])c(C([H])([H])[H])c([H])c1[H])Oc1c([H])c([H])c(C([H])([H])[H])c([H])c1[H],0,368.3690000000001,44.760000000000005,0,4,6.256760000000005,103.02750000000005
[H]C([H])([H])C([H])([H])OP(=S)(OC([H])([H])C([H])([H])[H])SC1([H])OC([H])([H])C([H])([H])OC1([H])SP(=S)(OC([H])([H])C([H])([H])[H])OC([H])([H])C([H])([H])[H],0,456.5500000000002,55.38000000000001,0,10,4.746800000000005,109.73600000000005
[H]C(=O)C([H])(C([H])([H])[H])C([H])([H])[H],0,72.107,17.07,0,1,0.8412999999999999,20.901999999999994
[H]c1c([H])c(S(=O)(=O)c2c([H])c([H])c(Cl)c([H])c2[H])c([H])c([H])c1Cl,0,287.16700000000003,34.14,0,2,3.826200000000002,68.35580000000003
[H]C1([H])C2([H])C3([H])OC3([H])C1([H])C1([H])C3([H])OC3([H])C([H])([H])C21[H],0,164.20399999999998,25.06,0,2,0.8069999999999998,40.51600000000001
[H]C([H])=C(C([H])([H])[H])[C@]1([H])Oc2c([H])c([H])c3c(c2C1([H])[H])O[C@]1([H])C([H])([H])Oc2c([H])c(OC([H])([H])[H])c(OC([H])([H])[H])c([H])c2[C@]1([H])C3=O,0,394.4230000000001,63.220000000000006,0,6,3.703300000000003,105.90450000000007
[H]c1c([H])c([H])c(C(=O)OC([H])([H])C([H])([H])[H])c(C(=O)OC([H])([H])C([H])([H])[H])c1[H],0,222.23999999999995,52.60000000000001,0,4,2.04,58.35500000000003
[H]c1c([H])c([H])c2c(c1[H])C(=O)OC2=O,0,148.11699999999996,43.370000000000005,0,3,0.9972,36.18800000000001
[H]Oc1c(C(C([H])([H])[H])(C([H])([H])[H])C([H])([H])[H])c([H])c(C([H])([H])O[H])c([H])c1C(C([H])([H])[H])(C([H])([H])[H])C([H])([H])[H],0,236.35499999999996,40.46,2,2,3.4795000000000025,71.42960000000005
[H]c1c([H])c([H])c(C(=O)N([H])[H])c(C(=O)N([H])[H])c1[H],0,164.164,86.18,2,2,-0.11560000000000004,43.4778
[H]c1c([H])c([H])c(-c2c([H])c([H])c([H])c([H])c2N([H])[H])c([H])c1[H],0,169.22699999999995,26.02,1,1,2.9357999999999995,56.29040000000002
[H]c1nc2c([H])c([H])c(C([H])([H])[H])c([H])c2c([H])c1[H],0,143.189,12.89,0,1,2.5432200000000007,46.48000000000002
[H]c1c([H])c([H])c(-c2nc(N([H])[H])nc(N([H])[H])n2)c([H])c1[H],0,187.20600000000002,90.71,2,5,0.7029999999999998,54.0878
[H]c1nc(N(C([H])([H])c2c([H])sc([H])c2[H])C([H])([H])C([H])([H])N(C([H])([H])[H])C([H])([H])[H])c([H])c([H])c1[H],0,261.39399999999995,19.370000000000005,0,4,2.7113000000000005,78.16000000000004
[H]c1c([N+](=O)[O-])oc(C([H])(OC(=O)C([H])([H])[H])OC(=O)C([H])([H])[H])c1[H],0,243.17099999999996,108.88000000000002,0,7,1.3125999999999998,51.63540000000002
[H]OC(=O)C([H])([H])Oc1c([H])c([H])c(Cl)c([H])c1C([H])([H])[H],0,200.62099999999998,46.53,1,2,2.11182,49.31980000000002
[H]c1c([H])c([H])c2nn([H])nc2c1[H],0,119.127,41.57,1,2,0.9578999999999998,33.88869999999999
[H]Oc1c([H])c([H])c(O[H])c(C([H])([H])[H])c1[H],0,124.13899999999998,40.46,2,2,1.4062199999999998,34.5086
[H]c1c([H])c(C([H])([H])[H])c(Cl)c([H])c1N([H])[H],0,141.60099999999997,26.02,1,1,2.23062,40.60140000000001
[H]Oc1c([H])c([H])c(N([H])[H])c([H])c1N([H])[H],0,124.14300000000001,72.27,3,3,0.5566000000000002,36.931599999999996
[H]Oc1c([H])c(C([H])([H])[H])c(Sc2c([H])c(C(C([H])([H])[H])(C([H])([H])[H])C([H])([H])[H])c(O[H])c([H])c2C([H])([H])[H])c([H])c1C(C([H])([H])[H])(C([H])([H])[H])C([H])([H])[H],0,358.54700000000014,40.46,2,3,6.460840000000006,107.21060000000006
[H]c1c([N+](=O)[O-])c([H])c([N+](=O)[O-])c([H])c1[N+](=O)[O-],0,213.105,129.42000000000002,0,6,1.4112,46.4052
[H]c1c([H])c([N+](=O)[O-])c([H])c([H])c1N([H])[H],0,138.12599999999995,69.16,1,3,1.1769999999999998,37.50880000000001
[H]C([H])=C([H])c1c([H])c([H])c([H])c(C([H])([H])[H])c1[H],0,118.17899999999997,0.0,0,0,2.638020000000001,41.27000000000002
[H]c1c([H])c([H])c(N([H])c2nc(Cl)nc(Cl)n2)c(Cl)c1[H],0,275.526,50.7,1,4,3.575400000000001,64.58170000000001
[H]c1c([H])c([H])c(N([H])c2c([H])c([H])c(N([H])[H])c([H])c2[H])c([H])c1[H],0,184.242,38.05,2,2,3.0124000000000004,60.579100000000025
[H]OC([H])([H])C([H])(C([H])([H])C([H])([H])[H])C([H])([H])C([H])([H])C([H])([H])C([H])([H])[H],0,130.231,20.23,1,1,2.1951,40.3918
[H]OC([H])([H])C([H])=C([H])[H],0,58.080000000000005,20.23,1,1,0.16469999999999996,17.282799999999998
[H]C([H])([H])C([H])([H])C([H])([H])[N+](=O)[O-],0,89.09399999999998,43.14,0,2,0.6731,22.152399999999997
[H]c1c([H])c(N([H])[H])c([H])c(C([H])([H])[H])c1[H],0,107.15599999999996,26.02,1,1,1.57722,35.59140000000001
[H]N([H])C1([H])C([H])([H])C([H])([H])C([H])([H])C([H])([H])C1([H])[H],0,99.177,26.02,1,1,1.2778,31.06039999999999
[H]C([H])([H])C([H])([H])C([H])([H])C([H])([H])Cl,0,92.56899999999999,0.0,0,0,2.0253,25.62799999999999
[H]C([H])([H])C([H])([H])C([H])([H])C([H])([H])C([H])([H])C([H])([H])[H],0,86.178,0.0,0,0,2.5866000000000007,29.81599999999998
[H]N1C([H])([H])C([H])([H])C([H])([H])C([H])([H])C1([H])[H],0,85.15,12.03,1,1,0.7599,26.720699999999987
[H]OC([H])(C([H])([H])[H])C([H])([H])N([H])C([H])([H])C([H])(O[H])C([H])([H])[H],0,133.19099999999997,52.489999999999995,3,3,-0.6624000000000003,36.2313
[H]N([H])C([H])([H])C([H])([H])C([H])([H])C([H])([H])C([H])([H])C([H])([H])C([H])([H])[H],0,115.22,26.02,1,1,1.9155000000000002,37.8134
[H]OC([H])([H])C([H])([H])OC([H])([H])C([H])([H])OC([H])([H])C([H])([H])O[H],0,150.174,58.92,2,4,-0.9958000000000002,35.809599999999996
[H]c1c([H])c([H])c(C([H])([H])C([H])([H])N=C(N=C(N([H])[H])N([H])[H])N([H])[H])c([H])c1[H],0,205.26500000000001,102.77999999999999,3,1,-0.18279999999999869,62.445200000000014
[H]Oc1c(C([H])([H])c2c([H])c(C([H])([H])[H])c([H])c(C(C([H])([H])[H])(C([H])([H])[H])C([H])([H])[H])c2O[H])c([H])c(C([H])([H])[H])c([H])c1C(C([H])([H])[H])(C([H])([H])[H])C([H])([H])[H],0,340.50700000000006,40.46,2,2,5.900440000000007,105.89360000000006
[H]OC([H])(C(=O)c1c([H])c([H])c([H])c([H])c1[H])c1c([H])c([H])c([H])c([H])c1[H],0,212.248,37.3,1,2,2.602900000000001,62.17430000000004
[H]c1c([H])c(C(=O)OC([H])([H])[H])c([H])c([H])c1C(=O)OC([H])([H])[H],0,194.18599999999995,52.60000000000001,0,4,1.2597999999999998,49.12100000000002
[H]Oc1c([H])c([H])c(Cl)c([H])c1Cl,0,163.003,20.23,1,1,2.699,38.12680000000001
[H]c1c(OC([H])([H])[H])c(OC([H])([H])[H])c(OC([H])([H])[H])c([H])c1C(=O)O[C@]1([H])C([H])([H])[C@]2([H])C([H])([H])N3C([H])([H])C([H])([H])c4c(n([H])c5c([H])c([H])c([H])c([H])c45)[C@@]3([H])C([H])([H])[C@]2([H])[C@]([H])(C(=O)OC([H])([H])[H])[C@@]1([H])OC([H])([H])[H],0,578.6620000000003,108.55000000000001,1,9,4.162500000000003,154.1351999999997
[H]C([H])=C([H])C([H])([H])OC(=O)c1c([H])c([H])c([H])c([H])c1C(=O)OC([H])([H])C([H])=C([H])[H],0,246.26199999999994,52.60000000000001,0,4,2.3722000000000003,67.40100000000002
[H]c1c([H])c(N([H])C(=O)C([H])([H])[H])c([H])c([H])c1C(=O)C([H])([H])Cl,0,211.64799999999994,46.17,1,2,2.0665,55.79620000000002
[H]O[C@]([H])(c1c([H])c([H])c([H])c([H])c1[H])[C@@]([H])(N([H])C([H])([H])[H])C([H])([H])[H],0,165.23599999999996,32.26,2,2,1.3279,49.92350000000003
[H]OC(=O)C([H])([H])C([H])([H])[C@@]([H])(C([H])([H])[H])[C@@]1([H])C([H])([H])C([H])([H])[C@@]2([H])[C@]3([H])C([H])([H])C([H])([H])[C@]4([H])C([H])([H])[C@]([H])(O[H])C([H])([H])C([H])([H])[C@]4(C([H])([H])[H])[C@@]3([H])C([H])([H])C([H])([H])[C@@]21C([H])([H])[H],0,376.58100000000024,57.53,2,2,5.5071000000000065,107.25760000000008
[H]OC(=O)[C@@]1(C([H])([H])[H])C([H])([H])C([H])([H])[C@]2(C([H])([H])[H])C([H])([H])C([H])([H])[C@]3(C([H])([H])[H])C(=C([H])C(=O)[C@]4([H])[C@@]5(C([H])([H])[H])C([H])([H])C([H])([H])[C@]([H])(O[H])C(C([H])([H])[H])(C([H])([H])[H])[C@]5([H])C([H])([H])C([H])([H])[C@@]34C([H])([H])[H])[C@]2([H])C1([H])[H],0,470.69400000000036,74.6,2,3,6.412600000000008,133.07160000000005
[H]c1sc(C([H])([H])N(c2c([H])c([H])c([H])c([H])c2[H])C([H])([H])C([H])([H])N(C([H])([H])[H])C([H])([H])[H])c([H])c1[H],0,260.40599999999995,6.48,0,3,3.316300000000002,80.36500000000005
[H]OC([H])([H])[P+](C([H])([H])O[H])(C([H])([H])O[H])C([H])([H])O[H],0,155.10999999999999,80.92,4,4,-1.1968,35.26319999999999
[H]c1c([H])c([H])c(C(=O)C([H])([H])Cl)c([H])c1[H],0,154.596,17.07,0,1,2.1081,41.49250000000002
[H]c1c([H])c(C(Cl)=C(c2c([H])c([H])c(OC([H])([H])[H])c([H])c2[H])c2c([H])c([H])c(OC([H])([H])[H])c([H])c2[H])c([H])c([H])c1OC([H])([H])[H],0,380.8710000000001,27.69,0,3,5.867800000000005,110.75100000000003
[H]N([H])C(=O)N([H])C([H])([H])C([H])([H])C([H])([H])C([H])([H])[H],0,116.164,55.120000000000005,2,1,0.45479999999999987,32.494099999999996
[H]c1nc2c(C([H])([H])[H])c([H])c([H])c([H])c2c([H])c1[H],0,143.18899999999996,12.89,0,1,2.5432200000000007,46.480000000000025
[H]c1nc2c([H])c([H])c([N+](=O)[O-])c([H])c2c([H])c1[H],0,174.159,56.03,0,3,2.143,48.39740000000002
[H]c1c([H])c(N([H])[H])c(Cl)c([H])c1N([H])[H],0,142.58899999999997,52.04,2,2,1.5044,40.2768
[H]OC(=O)[C@@]([H])(N([H])C(=O)C([H])([H])[H])C([H])([H])S[H],0,163.198,66.4,3,3,-0.4944999999999999,39.09350000000001
[H]C(=O)N(C([H])([H])C([H])([H])[H])C([H])([H])C([H])([H])[H],0,101.149,20.310000000000002,0,1,0.48460000000000003,28.984999999999985
[H]OC(=O)c1c([H])c([H])c([N+](=O)[O-])c([H])c1N([H])[H],0,182.135,106.46,2,4,0.8752,44.4681
[H]c1c([H])c(C([H])([H])[H])c([H])c([H])c1N([H])C(=O)N([H])[H],0,150.18099999999995,55.120000000000005,2,1,1.48562,44.38510000000001
[H]C([H])=C([H])c1c([H])c([H])c(C([H])([H])[H])c([H])c1[H],0,118.17899999999997,0.0,0,0,2.638020000000001,41.27000000000002
[H]C([H])(N(N=O)C([H])([H])C(F)(F)F)C(F)(F)F,0,210.07699999999997,32.67,0,2,2.0944,29.477999999999998
[H]C([H])([H])C([H])([H])C([H])([H])C([H])([H])[N+](=O)[O-],0,103.12099999999998,43.14,0,2,1.0632000000000001,26.76939999999999
[H]N([H])C(=O)C([H])([H])C([H])([H])C([H])([H])C([H])([H])C([H])([H])[H],0,115.176,43.09,1,1,1.0519999999999996,33.33639999999999
[H]N([H])C(=O)C([H])([H])C([H])([H])C([H])([H])C([H])([H])C(=O)N([H])[H],0,144.174,86.18,2,2,-0.48260000000000053,36.85679999999999
[H]N=C1C([H])=C([H])C(=C(c2c([H])c([H])c(N([H])[H])c([H])c2[H])c2c([H])c([H])c(N([H])[H])c([H])c2[H])C([H])=C1C([H])([H])[H],0,301.39300000000003,75.89,3,3,4.188770000000002,98.35450000000003
[H]Oc1c(C(C([H])([H])[H])(C([H])([H])[H])C([H])([H])[H])c([H])c(C(C([H])([H])[H])(C([H])([H])[H])C([H])([H])[H])c([H])c1C(C([H])([H])[H])(C([H])([H])[H])C([H])([H])[H],0,262.43699999999995,20.23,1,1,5.284700000000005,84.20680000000007
[H]c1c([H])c(N([H])[H])c(C([H])([H])[H])c(N([H])[H])c1[H],0,122.17099999999998,52.04,2,2,1.1594200000000001,40.0038
[H]c1c([H])c([N+](=O)[O-])c([H])c([H])c1N(N=O)C([H])([H])[H],0,181.15099999999995,75.81,0,4,1.7124,47.29440000000002
[H]C([H])(Cl)C([H])([H])[N+](C([H])([H])[H])(C([H])([H])[H])C([H])([H])[H],0,122.61899999999999,0.0,0,0,0.9313999999999999,33.619399999999985
[H]N1C([H])([H])C([H])([H])C([H])([H])C([H])([H])C([H])([H])C([H])([H])C1([H])[H],0,113.20400000000001,12.03,1,1,1.5401,35.954699999999995
[H]c1c([H])c([H])c2c(N([H])C([H])([H])C([H])([H])N([H])[H])c([H])c([H])c([H])c2c1[H],0,186.25800000000004,38.05,2,2,2.2104,61.49210000000003
[H]C([H])([H])OP(=O)(OC([H])([H])[H])SC([H])(C(=O)OC([H])([H])C([H])([H])[H])C([H])([H])C(=O)OC([H])([H])C([H])([H])[H],0,314.29600000000005,88.13000000000001,0,8,2.0054,70.88650000000004
[H]C([H])([H])C([H])([H])C([H])([H])C([H])([H])C([H])([H])C([H])([H])C([H])([H])C([H])([H])C([H])([H])C([H])([H])C([H])([H])C([H])([H])[N+]([O-])(C([H])([H])[H])C([H])([H])[H],0,229.40799999999996,23.06,0,1,4.481500000000004,72.18640000000006
[H]Oc1c([H])c([H])c(O[H])c(C(C([H])([H])[H])(C([H])([H])[H])C([H])([H])[H])c1[H],0,166.22,40.46,2,2,2.3952999999999998,48.47160000000003
[H]Oc1c([H])c(C([H])([H])C([H])([H])C([H])([H])C([H])([H])C([H])([H])[H])c([H])c2c1[C@]1([H])C([H])=C(C([H])([H])[H])C([H])([H])C([H])([H])[C@@]1([H])C(C([H])([H])[H])(C([H])([H])[H])O2,0,314.46900000000005,29.46,1,2,5.735800000000006,95.26480000000006
[H]c1c([H])c(Sc2c([H])c(Cl)c(Cl)c([H])c2Cl)c([H])c([H])c1Cl,0,324.05899999999997,0.0,0,1,6.451400000000001,77.04700000000001
[H]N([H])C(=O)N([H])C(=O)C([H])(C([H])([H])C([H])([H])[H])C([H])([H])C([H])([H])[H],0,158.20099999999996,72.19,2,2,0.6174999999999995,41.79810000000003
[H]Oc1c([H])c([H])c(C([H])([H])[H])c([H])c1C(C([H])([H])[H])(C([H])([H])[H])C([H])([H])[H],0,164.248,20.23,1,1,2.998120000000002,51.54380000000004
[H]C([H])([H])Oc1c(Cl)c(Cl)c([N+](=O)[O-])c(Cl)c1Cl,0,290.91700000000003,52.370000000000005,0,3,4.2170000000000005,59.68840000000001
[H]C(=C(C#N)C#N)c1c([H])c([H])c([H])c([H])c1Cl,0,188.617,47.58,0,2,2.7705600000000006,50.655000000000015
[H]c1c([H])c([H])c(C([H])([H])SC#N)c([H])c1[H],0,149.21800000000002,23.79,0,2,2.400880000000001,43.35000000000002
[H]N([H])C1([H])C([H])([H])C([H])([H])C([H])([H])C([H])(N([H])[H])C1([H])[H],0,114.19200000000001,52.04,2,2,0.21499999999999952,34.4188
[H]N(C([H])([H])C([H])([H])C([H])([H])OS(=O)(=O)C([H])([H])[H])C([H])([H])C([H])([H])C([H])([H])OS(=O)(=O)C([H])([H])[H],0,289.375,98.76999999999998,1,7,-0.6913999999999987,63.69530000000004
[H]OC(=O)C1([H])N(N=O)C([H])([H])C([H])([H])C([H])([H])C1([H])[H],0,158.15699999999998,69.97,1,3,0.6069,37.77580000000001
[H]c1nc(N(C([H])([H])c2oc([H])c([H])c2[H])C([H])([H])C([H])([H])N(C([H])([H])[H])C([H])([H])[H])c([H])c([H])c1[H],0,245.32599999999996,32.510000000000005,0,4,2.2428,72.54900000000005
[H]c1c([H])c(-c2c([H])c([H])c(N=NC([H])(C(=O)N([H])c3c([H])c(OC([H])([H])[H])c(Cl)c([H])c3OC([H])([H])[H])C(=O)C([H])([H])[H])c(Cl)c2[H])c([H])c(Cl)c1N=NC([H])(C(=O)N([H])c1c([H])c(OC([H])([H])[H])c(Cl)c([H])c1OC([H])([H])[H])C(=O)C([H])([H])[H],0,818.4979999999999,178.69999999999996,2,12,9.3616,206.23939999999965
[H]c1c([H])c([H])c2c(c1[H])N=C(N1C([H])([H])C([H])([H])N(C([H])([H])[H])C([H])([H])C1([H])[H])c1c([H])c(C([H])([H])[H])c([H])c([H])c1S2,0,323.465,18.84,0,4,3.785320000000003,97.01100000000004
[H]c1c([H])c(N=NC([H])(C(=O)N([H])c2c([H])c([H])c(-c3c([H])c([H])c(N([H])C(=O)C([H])(N=Nc4c([H])c([H])c(Cl)c([H])c4Cl)C(=O)C([H])([H])[H])c(C([H])([H])[H])c3[H])c([H])c2C([H])([H])[H])C(=O)C([H])([H])[H])c(Cl)c([H])c1Cl,0,726.4480000000001,141.77999999999997,2,8,9.944039999999992,189.50539999999964
[H]OC(=O)C([H])([H])C([H])([H])[C@]([H])(C(=O)O[H])N([H])[H],0,147.13,100.61999999999999,3,3,-0.7368999999999997,32.480999999999995
[H]c1nc(C([H])([H])Cl)c([H])c([H])c1[H],0,127.57399999999997,12.89,0,1,1.8204,33.794000000000004
[H]OC([H])(C([H])([H])[H])C([H])([H])N(C([H])([H])C([H])(O[H])C([H])([H])[H])C([H])([H])C([H])(O[H])C([H])([H])[H],0,191.271,63.93000000000001,3,4,-0.5692000000000004,51.482400000000034
[H]C([H])=C([H])c1c([H])c([H])c([H])c([H])[n+]1[O-],0,121.13899999999998,26.939999999999998,0,1,0.963,35.49300000000001
[H]OC([H])([H])C([H])([H])OC([H])([H])C([H])([H])Oc1c([H])c([H])c(C([H])([H])C([H])([H])C([H])([H])C([H])([H])C([H])([H])C([H])([H])C([H])([H])C([H])([H])C([H])([H])[H])c([H])c1[H],0,308.462,38.69,1,3,4.367400000000004,91.53880000000007
[H]OC(=O)C([H])([H])C(O[H])(C(=O)O)C([H])([H])C(=O)O,0,192.123,132.13,4,4,-1.2485,37.0912
[H]N=c1nc2n(c([H])c1[H])[C@]1([H])O[C@]([H])(C([H])([H])O[H])[C@@]([H])(O[H])[C@]1([H])O2,0,225.20399999999998,100.59000000000002,3,7,-1.62583,49.500300000000024
[H]N(C(=O)C([H])([H])[H])C([H])([H])C([H])([H])SP(=S)(OC([H])([H])[H])OC([H])([H])[H],0,243.29,47.56,1,5,1.373,59.44470000000003
[H]OC([H])([H])[C@@]([H])(N([H])C(=O)C([H])(Cl)Cl)[C@]([H])(O[H])c1c([H])c([H])c(S(=O)(=O)C([H])([H])[H])c([H])c1[H],0,356.2270000000001,103.69999999999999,3,5,0.4043000000000002,79.02210000000004
[H]C([H])([H])C([H])([H])N(C(=S)S)C([H])([H])C([H])([H])[H],0,149.284,3.24,1,1,1.5429,44.50500000000003
[H]C1=C([H])[C@@]([H])(N(C([H])([H])[H])C([H])([H])[H])[C@@](C(=O)OC([H])([H])C([H])([H])[H])(c2c([H])c([H])c([H])c([H])c2[H])C([H])([H])C1([H])[H],0,273.37600000000003,29.540000000000003,0,3,2.7677000000000014,80.60200000000006
[H]c1c([H])c(Cl)c(OC([H])(C2=NC([H])([H])C([H])([H])N2[H])C([H])([H])[H])c(Cl)c1[H],0,259.13599999999997,33.62,1,3,2.7624000000000004,66.85670000000002
[H]OC(=O)C([H])([H])c1c([H])c([H])c(OC([H])([H])C([H])=C([H])[H])c(Cl)c1[H],0,226.65899999999996,46.53,1,2,2.531900000000001,58.48380000000002
[H]C([H])([H])C(=O)OC([H])([H])[C@@]1(O[C@@]2([H])O[C@]([H])(C([H])([H])OC(=O)C([H])([H])[H])[C@@]([H])(OC(=O)C([H])(C([H])([H])[H])C([H])([H])[H])[C@]([H])(OC(=O)C([H])(C([H])([H])[H])C([H])([H])[H])[C@@]2([H])OC(=O)C([H])(C([H])([H])[H])C([H])([H])[H])O[C@]([H])(C([H])([H])OC(=O)C([H])(C([H])([H])[H])C([H])([H])[H])[C@@]([H])(OC(=O)C([H])(C([H])([H])[H])C([H])([H])[H])[C@]1([H])OC(=O)C([H])(C([H])([H])[H])C([H])([H])[H],0,846.9170000000001,238.08999999999995,0,19,2.987400000000008,200.00299999999925
[H]C([H])=C(C#N)C([H])([H])[H],0,67.091,23.79,0,1,1.08608,20.426999999999992
[H]OC([H])(C([H])([H])[H])C([H])([H])Cl,0,94.541,20.23,1,1,0.6060000000000001,22.400799999999993
[H]OC(=O)C([H])([H])N(N=O)C([H])([H])C(=O)O[H],0,162.101,107.27,2,4,-0.8609999999999998,32.639599999999994
[H]c1c([H])c([H])c2c(c1[H])-c1c([H])c([H])c([H])c(N([H])C(=O)C([H])([H])[H])c1C2([H])[H],0,223.27499999999995,29.1,1,1,3.2162000000000006,68.98770000000002
[H]c1c([H])c([H])c2c(c1[H])-c1c(N([H])C(=O)C([H])([H])[H])c([H])c([H])c([H])c1C2([H])[H],0,223.27499999999998,29.1,1,1,3.2162000000000006,68.98770000000003
ClC(Cl)=C(Cl)c1c(Cl)c(Cl)c(Cl)c(Cl)c1Cl,0,379.7120000000001,0.0,0,0,7.2961,75.97099999999999
[H]C(=O)N([H])N([H])c1nc(-c2oc([H])c([H])c2[H])c([H])s1,0,209.23000000000002,67.16,2,5,1.476,52.63840000000001
[H]c1c(Cl)c([H])c(-c2c([H])c(Cl)c([H])c(Cl)c2[H])c([H])c1Cl,0,291.99199999999996,0.0,0,0,5.967200000000001,71.91800000000002
[H]c1c([H])c2c(c([H])c1Cl)Oc1c([H])c([H])c(Cl)c([H])c1O2,0,253.084,18.46,0,2,4.891400000000002,63.05200000000002
[H]OC([H])([H])C(C([H])([H])[H])(C([H])([H])[H])C([H])([H])C([H])([H])C([H])([H])C([H])([H])C([H])([H])C([H])([H])C(C([H])([H])[H])(C([H])([H])[H])C([H])([H])O[H],0,230.39199999999994,40.46,2,2,3.364000000000003,69.43560000000005
[H]OC(=O)[C@](N([H])[H])(C([H])([H])[H])C([H])([H])c1c([H])c([H])c(O[H])c(O[H])c1[H],0,211.217,103.78,4,4,0.44229999999999997,53.70380000000002
[H]OC(=O)c1nn(C([H])([H])c2c([H])c([H])c(Cl)c([H])c2Cl)c2c([H])c([H])c([H])c([H])c12,0,321.16300000000007,55.12,1,3,4.089600000000002,82.25630000000004
[H]c1c([H])c([H])c(C([H])(C(=O)OC([H])([H])[H])C2([H])N(N=O)C([H])([H])C([H])([H])C([H])([H])C2([H])[H])c([H])c1[H],0,262.3089999999999,58.97,0,4,2.4791000000000007,71.33900000000004
[H]OC([H])([H])C([H])([H])N(c1nc(-c2sc([H])c([H])c2[H])nc2c([H])c([H])c([H])c([H])c12)C([H])([H])C([H])([H])O[H],0,315.39800000000014,69.48,2,6,2.1492999999999998,89.23560000000005
[H]c1nc([H])c(-c2ssc(=S)c2C([H])([H])[H])nc1[H],0,226.351,25.78,0,5,3.3045100000000014,58.79300000000001
[H]c1nc(C([H])([H])SC([H])([H])C([H])([H])N=C(N([H])C#N)N(N=O)C([H])([H])[H])c(C([H])([H])[H])n1[H],0,281.345,109.53,2,6,0.9911999999999999,74.09540000000001
[H]O[C@@]1([H])C([H])([H])C(=O)O[C@]([H])(C([H])([H])C([H])([H])[C@]2([H])[C@]3([H])C(=C([H])[C@]([H])(C([H])([H])[H])C([H])([H])[C@]3([H])OC(=O)[C@@]([H])(C([H])([H])[H])C([H])([H])C([H])([H])[H])C([H])=C([H])[C@]2([H])C([H])([H])[H])C1([H])[H],0,404.5470000000002,72.83000000000001,1,5,4.195500000000004,110.83780000000007
[H]OC(=O)[C@@]1([H])N(C(=O)[C@@]([H])(N([H])[C@]([H])(C(=O)OC([H])([H])C([H])([H])[H])C([H])([H])C([H])([H])c2c([H])c([H])c([H])c([H])c2[H])C([H])([H])[H])C([H])([H])c2c([H])c([H])c([H])c([H])c2C1([H])[H],0,438.5240000000001,95.94000000000001,2,5,2.567100000000001,119.90150000000006
[H]c1nc([H])n2c1C([H])([H])C([H])([H])C([H])([H])C2([H])c1c([H])c([H])c(C#N)c([H])c1[H],0,223.279,41.61,0,3,2.680480000000001,64.46100000000003
[H]c1nn(C([H])([H])C(=O)N([H])C([H])([H])C([H])([H])C([H])([H])N(C([H])([H])C([H])([H])[H])C([H])([H])C([H])([H])[H])c(-c2c([H])c([H])c([H])c([H])c2[H])c1-c1c([H])c([H])c([H])c([H])c1[H],0,390.53100000000006,50.160000000000004,1,4,4.065200000000003,118.51370000000003
[H]C([H])([H])C([H])([H])C([H])([H])C([H])([H])C([H])([H])C([H])([H])C([H])([H])C([H])([H])C([H])([H])C([H])([H])[N+]([O-])(C([H])([H])[H])C([H])([H])[H],0,201.35399999999998,23.06,0,1,3.7013000000000025,62.95240000000006
[H]C([H])=C([H])C([H])(OC([H])([H])C([H])([H])[H])OC([H])([H])C([H])([H])[H],0,130.18699999999998,18.46,0,2,1.5715,37.236999999999995
[H]Oc1c([H])c([H])c([H])c(-c2nc(=O)n(C([H])(C([H])([H])[H])C([H])([H])[H])c3c([H])c(C([H])([H])[H])c([H])c([H])c23)c1[H],0,294.35400000000004,55.120000000000005,1,4,3.6584200000000022,88.22580000000002
[H]c1nc([H])c2c(c1[H])c1c([H])c([H])c([H])c([H])c1n2[H],0,168.19899999999998,28.68,1,1,2.7161,53.59970000000001
[H]OC([H])([H])[C@@]1([H])O[C@@]([H])(n2nc([H])c(N([H])[H])nc2=O)[C@]([H])(O[H])[C@]1([H])O[H],0,244.207,143.72,4,9,-3.167999999999999,53.71380000000001
[H]OC(c1nc([H])c([H])c([H])c1[H])(c1c([H])c([H])c([H])c([H])c1[H])C([H])([H])C([H])([H])C([H])([H])N1[C@@]([H])(C([H])([H])[H])C([H])([H])C([H])([H])C([H])([H])[C@@]1([H])C([H])([H])[H],0,338.4950000000001,36.36000000000001,1,3,4.360600000000004,102.39280000000007
[H]c1c([H])c([H])c(C([H])(c2c([H])c([H])c([H])c([H])c2[H])N2C([H])([H])C([H])(OC(=O)C3=C(N([H])[H])N([H])C(C([H])([H])[H])=C(C(=O)OC([H])(C([H])([H])[H])C([H])([H])[H])C3([H])c3c([H])c([H])c([H])c([N+](=O)[O-])c3[H])C2([H])[H])c([H])c1[H],0,582.6570000000002,137.03,2,9,4.694500000000003,160.2944999999997
[H]c1c([H])c(C([H])([H])C([H])([H])N([H])C([H])([H])[H])c([H])c(OC(=O)C([H])(C([H])([H])[H])C([H])([H])[H])c1OC(=O)C([H])(C([H])([H])[H])C([H])([H])[H],0,307.39000000000004,64.63,1,5,2.571300000000001,85.01870000000005
[H]c1c([H])c([H])c2c(c1[H])[C@]([H])(c1c([H])c([H])c(Cl)c(Cl)c1[H])C([H])([H])C([H])([H])[C@]2([H])N([H])C([H])([H])[H],0,306.236,12.03,1,1,5.179600000000003,85.78170000000004
[H]N([H])c1c(F)c(F)c(F)c(N([H])[H])c1F,0,180.10399999999998,52.04,2,2,1.4074,35.0988
[H]c1c([H])c(C([H])([H])[H])c(N([H])C(=O)C([H])([H])N2C(=O)C([H])([H])C([H])([H])C2([H])[H])c(C([H])([H])[H])c1[H],0,246.30999999999992,49.410000000000004,1,2,1.86434,70.35970000000003
[H]OC(=O)C(OC([H])([H])c1c([H])c([H])c(-c2c([H])c([H])c(Cl)c([H])c2[H])c([H])c1[H])(C([H])([H])[H])C([H])([H])[H],0,304.773,46.53,1,2,4.386800000000003,83.39180000000005
[H]c1c([H])c([H])c(C([H])(C(=O)N([H])C(=O)N([H])[H])C([H])([H])C([H])([H])[H])c([H])c1[H],0,206.24499999999998,72.19,2,2,1.3751,57.20010000000002
[H]c1c([H])c([H])c(C([H])([H])C([H])([H])C([H])([H])N=C=S)c([H])c1[H],0,177.27200000000002,12.36,0,2,2.7220000000000004,54.65600000000003
[H]c1c([H])c([H])c(C(=O)N(N=O)C([H])([H])[H])c(C(=O)N(N=O)C([H])([H])[H])c1[H],0,250.214,99.47999999999999,0,6,1.1934,62.219000000000015
[H]OC([H])([H])C([H])([H])N(c1c([H])c([H])c(N([H])[H])c([H])c1[H])C([H])([H])C([H])([H])O[H],0,196.24999999999997,69.72,3,4,0.05979999999999974,57.23900000000003
[H]C1([H])N2C([H])([H])C([H])([H])C([H])(C1([H])[H])[C@@]1(O[C@@]([H])(C([H])([H])[H])SC1([H])[H])C2([H])[H],0,199.31899999999996,12.47,0,3,1.5601999999999998,54.90000000000004
[H]OC([H])([H])[C@@]1([H])O[C@]([H])(OC([H])([H])[C@@]([H])(O[H])[C@@]([H])(O[H])[C@]([H])(O[H])[C@]([H])(O[H])C([H])([H])O[H])[C@]([H])(O[H])[C@@]([H])(O[H])[C@]1([H])O[H],0,344.31300000000005,200.52999999999997,9,11,-5.7611999999999925,70.83220000000003
[H]c1nc([H])c([C@@]2([H])N(C([H])([H])[H])C([H])([H])C([H])([H])C2([H])[H])c([H])c1[H],0,162.236,16.130000000000003,0,2,1.8483,48.84200000000003
[H]N1C(=O)N([H])C(=O)C(C([H])([H])[H])(C([H])([H])[H])C1=O,0,156.14099999999996,75.27000000000001,2,3,-0.6214000000000002,35.46240000000001
[H]OC([H])(C(=O)O)C([H])([H])[H],0,90.07799999999999,57.53,2,2,-0.5482,19.316599999999998
[H]c1c([H])c([H])c(N([H])c2c([H])c([H])c(N([H])C3([H])C([H])([H])C([H])([H])C([H])([H])C([H])([H])C3([H])[H])c([H])c2[H])c([H])c1[H],0,266.3879999999999,24.06,2,2,5.174800000000004,86.66240000000005
[H]OC(=O)[C@@]([H])(N([H])[H])C([H])([H])SC([H])([H])C([H])([H])[H],0,149.215,63.31999999999999,2,3,0.1514000000000002,38.61020000000001
[H]OC([H])([H])[C@@]1([H])O[C@@]([H])(N2C(=O)N([H])C(=O)C([H])([H])C2([H])[H])[C@]([H])(O[H])[C@]1([H])O[H],0,246.219,119.33000000000001,4,6,-2.6326999999999985,52.622100000000025
[H]c1sc(N([H])N([H])[H])nc1-c1c([H])c([H])c([H])c([H])c1[H],0,191.25900000000004,50.94,2,4,2.0957,55.36010000000002
[H]OC([H])([H])[C@@]1([H])O[C@@]([H])(N2C(=O)N([H])C(N([H])[H])=NC2([H])[H])[C@]([H])(O[H])[C@]1([H])O[H],0,246.223,140.64000000000001,5,7,-3.2771999999999974,54.620500000000014
[H]c1c([H])c([H])c(C([H])([H])C([H])([H])C([H])([H])C([H])([H])C([H])([H])C([H])([H])N=C=S)c([H])c1[H],0,219.353,12.36,0,2,3.892300000000003,68.50700000000003
[H]c1c([H])c([H])c(C([H])([H])N(C([H])([H])[H])C([H])([H])C(C([H])([H])[H])(C([H])([H])[H])C([H])([H])OC(=O)C2=C(C([H])([H])[H])N([H])C(C([H])([H])[H])=C(C(=O)OC([H])([H])[H])C2([H])c2c([H])c([N+](=O)[O-])c([H])c([H])c2F)c([H])c1[H],0,539.6040000000003,111.01000000000002,1,8,4.843100000000004,143.86309999999986
[H]c1c([H])c([H])c(N(C([H])([H])c2c([H])c([H])c([H])c([H])c2[H])C([H])([H])C([H])([H])OC(=O)C2=C(C([H])([H])[H])N([H])C(C([H])([H])[H])=C(P3(=O)OC([H])([H])C(C([H])([H])[H])(C([H])([H])[H])C([H])([H])O3)C2([H])c2c([H])c([H])c([H])c([N+](=O)[O-])c2[H])c([H])c1[H],0,631.6660000000003,120.24000000000001,1,9,7.303200000000008,172.55759999999952
[H]c1c([H])c([H])c(C2=NC([H])(C([H])([H])[H])c3nnc(C([H])([H])[H])n3-c3sc(C([H])([H])C([H])([H])c4c([H])c([H])c(C([H])([H])C([H])(C([H])([H])[H])C([H])([H])[H])c([H])c4[H])c([H])c32)c(Cl)c1[H],0,489.0880000000003,43.07,0,5,7.1863200000000065,141.87099999999984
[H]Oc1c(C([H])([H])[H])c([H])c(OC([H])([H])C([H])([H])C([H])([H])C([H])([H])C([H])([H])C([H])([H])[H])c(C([H])([H])[H])c1C([H])([H])[H],0,236.35499999999993,29.46,1,2,4.276560000000004,71.95480000000005
[H]OC(=O)[C@]([H])(Oc1c([H])c([H])c(Cl)c([H])c1Cl)C([H])([H])[H],0,235.066,46.53,1,2,2.8453000000000017,54.18780000000002
[H]c1c([H])c([H])c(C([H])(c2c([H])c([H])c([H])c([H])c2[H])N2C([H])([H])C([H])([H])N(c3c([H])c([H])c(C([H])([H])C([H])([H])OC(=O)C4=C(C([H])([H])[H])N([H])C(C([H])([H])[H])=C(C(=O)OC([H])([H])[H])C4([H])c4c([H])c([H])c([H])c([N+](=O)[O-])c4[H])c([H])c3[H])C([H])([H])C2([H])[H])c([H])c1[H],0,686.8090000000002,114.25,1,9,6.700100000000007,196.00709999999953
[H]N1C(=O)N(N=O)C([H])([H])C([H])(C([H])([H])[H])C1=O,0,157.12899999999996,78.84,1,4,-0.1443000000000001,35.203700000000005
[H]c1nc([H])c(N(N=O)C([H])([H])[H])c([H])c1[H],0,137.142,45.56,0,3,1.1992,38.43500000000002
[H]C1([H])SC([H])([H])N(N=O)C([H])([H])S1,0,150.228,32.67,0,4,1.3223,37.417000000000016
[H]Oc1c([H])c([H])c([C@@]([H])(O[H])C([H])([H])N([H])[C@]([H])(C([H])([H])[H])C([H])([H])C([H])([H])c2c([H])c([H])c([H])c([H])c2[H])c([H])c1C(=O)N([H])[H],0,328.4120000000001,95.58,4,4,2.1354,93.81220000000005
[H]c1c(OC([H])([H])[H])c([H])c2oc(=O)c3c(c2c1OC([H])([H])[H])C([H])([H])C([H])([H])C3=O,0,260.24499999999995,65.74000000000001,0,5,1.9390999999999998,68.23950000000002
[H]c1nc([H])c([H])c(N(N=O)C([H])([H])[H])c1[H],0,137.14200000000002,45.56,0,3,1.1992,38.43500000000002
[H]c1c([N+](=O)[O-])c([H])c(C(C([H])([H])[H])(C([H])([H])[H])C([H])([H])[H])c(OS(=O)(=O)C([H])([H])[H])c1[N+](=O)[O-],0,318.3070000000001,129.65,0,7,2.1388999999999996,73.92260000000003
[H]OC(C(=O)OC(C#CC([H])([H])N(C([H])([H])C([H])([H])[H])C([H])([H])C([H])([H])[H])(C([H])([H])[H])C([H])([H])[H])(c1c([H])c([H])c([H])c([H])c1[H])C1([H])C([H])([H])C([H])([H])C([H])([H])C([H])([H])C1([H])[H],0,385.5480000000002,49.77,1,4,4.121500000000004,112.64880000000008
[H]OC1=C(OC([H])([H])C([H])([H])[H])[C@@]([H])([C@@]([H])(O[H])C([H])([H])O[H])OC1=O,0,204.17799999999997,96.22,3,6,-0.9289000000000001,44.25340000000002
[H]C([H])(C(=O)C([H])([H])C([H])([H])C([H])([H])C([H])([H])C([H])([H])C([H])([H])C([H])([H])C([H])([H])C([H])([H])C([H])([H])C([H])([H])C([H])([H])C([H])([H])C([H])([H])C([H])([H])[H])C(=O)C([H])([H])C([H])([H])C([H])([H])C([H])([H])C([H])([H])C([H])([H])C([H])([H])C([H])([H])C([H])([H])C([H])([H])C([H])([H])C([H])([H])C([H])([H])C([H])([H])C([H])([H])[H],0,492.87300000000056,34.14,0,2,11.477299999999987,155.25499999999977
[H]c1nc2c([H])c(Br)c([H])c(Br)c2c([H])c1[H],0,286.954,12.89,0,1,3.759800000000001,57.143000000000015
[H]c1c([H])c(-c2c([H])c(Br)c(Br)c(Br)c2[H])c(Br)c(Br)c1Br,0,627.588,0.0,0,0,7.928600000000002,98.078
[H]C([H])=C([H])C(=O)c1c([H])c([H])c2c(c1[H])OC([H])([H])O2,0,176.17099999999996,35.53,0,3,1.7839999999999996,47.09250000000003
[H]c1c(OC([H])([H])[H])c([H])c2oc(=O)c3c(c2c1OC([H])([H])[H])C([H])([H])C([H])([H])C3([H])[H],0,246.26199999999992,48.67,0,4,2.2988999999999997,67.61300000000003
[H]OC([H])([H])C([H])(C(=O)OC1([H])C([H])([H])[C@]2([H])N(C([H])([H])[H])[C@]([H])(C1([H])[H])C([H])([H])C2([H])[H])c1c([H])c([H])c([H])c([H])c1[H],0,289.37499999999994,49.77,1,4,1.9308999999999996,79.95580000000005
[H]c1c([H])c([H])c(N([H])C(=O)C([H])(N=Nc2c([H])c([H])c(-c3c([H])c([H])c(N=NC([H])(C(=O)N([H])c4c([H])c([H])c([H])c([H])c4[H])C(=O)C([H])([H])[H])c(Cl)c3[H])c([H])c2Cl)C(=O)C([H])([H])[H])c([H])c1[H],0,629.5040000000001,141.78,2,8,8.020400000000008,170.0113999999997
[H]c1c([H])c(OC([H])([H])[H])c(=O)c([H])c2c1-c1c(OC([H])([H])[H])c(OC([H])([H])[H])c(OC([H])([H])[H])c([H])c1C([H])([H])C([H])([H])[C@]2([H])N([H])C([H])([H])[H],0,371.4330000000001,66.02000000000001,1,6,2.954900000000001,104.47770000000006
[H]O[C@]1(C([H])([H])C([H])([H])[H])C([H])([H])N2C([H])([H])C([H])([H])c3c(n([H])c4c([H])c([H])c([H])c([H])c34)[C@@](C(=O)OC([H])([H])[H])(c3c([H])c4c(c([H])c3OC([H])([H])[H])N(C([H])([H])[H])[C@@]3([H])[C@@](O[H])(C(=O)OC([H])([H])[H])[C@]([H])(OC(=O)C([H])([H])[H])[C@]5(C([H])([H])C([H])([H])[H])C([H])=C([H])C([H])([H])N6C([H])([H])C([H])([H])[C@]43[C@@]65[H])C([H])([H])[C@]([H])(C2([H])[H])C1([H])[H],0,810.9889999999997,154.10000000000002,3,12,3.9909000000000043,220.4282999999993
[H]OC([H])([H])[C@@]1([H])[C@]([H])(C(=O)N([H])N([H])C([H])([H])C([H])([H])[H])[C@]([H])(c2c([H])c(OC([H])([H])[H])c(OC([H])([H])[H])c(OC([H])([H])[H])c2[H])c2c([H])c3c(c([H])c2[C@]1([H])O[H])OC([H])([H])O3,0,474.5100000000003,127.74000000000002,4,9,1.4854,121.35100000000004
[H]OC([H])([H])[C@@]1([H])O[C@@]([H])(OC(=O)[C@]2(C([H])([H])[H])C([H])([H])C([H])([H])C([H])([H])[C@]3(C([H])([H])[H])[C@]2([H])C([H])([H])C([H])([H])[C@]24C([H])([H])C(=C([H])[H])[C@](O[C@]5([H])O[C@]([H])(C([H])([H])O[H])[C@@]([H])(O[H])[C@]([H])(O[H])[C@@]5([H])O[C@]5([H])O[C@]([H])(C([H])([H])O[H])[C@@]([H])(O[H])[C@]([H])(O[H])[C@@]5([H])O[H])(C([H])([H])C([H])([H])[C@]23[H])C4([H])[H])[C@]([H])(O[H])[C@@]([H])(O[H])[C@]1([H])O[H],0,804.8800000000005,294.97999999999996,11,18,-2.938099999999992,186.39579999999958
[H]OC([H])([H])C([H])(N([H])[C@@]1([H])C([H])([H])[C@](O[H])(C([H])([H])O[H])[C@@]([H])(O[H])[C@]([H])(O[H])[C@@]1([H])O[H])C([H])([H])O[H],0,267.278,153.64,8,8,-4.492399999999994,59.55630000000004
[H]OC(=O)/C([H])=C(C(/[H])=C([H])/C([H])=C(C(/[H])=C(\[H])C1=C(C([H])([H])[H])C([H])([H])C([H])([H])C([H])([H])C1(C([H])([H])[H])C([H])([H])[H])\C([H])([H])[H])\C([H])([H])[H],0,300.442,37.3,1,1,5.602600000000005,93.76180000000005
[H]C([H])([H])C([H])([H])C([H])([H])C([H])([H])C([H])(C([H])([H])OS(=O)(=O)O)C([H])([H])C([H])([H])[H],0,210.29499999999996,63.60000000000001,1,3,2.0221999999999998,50.80660000000004
[H]C1(Cl)C2(Cl)C(Cl)(Cl)C3(Cl)C4([H])C5([H])C6([H])OC6([H])C([H])(C42[H])C5([H])C13Cl,0,380.9130000000001,12.53,0,1,3.616900000000002,75.94100000000003
[H]C(=O)/C([H])=C(\[H])c1c([H])c([H])c([H])c([H])c1[H],0,132.16199999999998,17.07,0,1,1.8987,41.54000000000002
[H]C(=O)/C([H])=C(\C([H])([H])[H])C([H])([H])C([H])([H])C([H])=C(C([H])([H])[H])C([H])([H])[H],0,152.237,17.07,0,1,2.878000000000001,48.48600000000003
[H]OC(=O)/C([H])=C([H])/C([H])=C(\[H])C([H])([H])[H],0,112.12799999999999,37.3,1,1,1.2033,31.589799999999986
[H]OC([H])([H])[C@]([H])(C(=O)OC1([H])C([H])([H])[C@]2([H])N(C([H])([H])[H])[C@]([H])(C1([H])[H])[C@@]1([H])O[C@]12[H])c1c([H])c([H])c([H])c([H])c1[H],0,303.358,62.300000000000004,1,5,0.9180999999999993,79.38280000000006
[H]c1c([H])c([H])c(N([H])C(=S)N([H])[H])c([H])c1[H],0,152.22200000000004,38.05,2,1,1.3420999999999998,46.85010000000001
[H]N(C(=S)N([H])C1([H])C([H])([H])C([H])([H])C([H])([H])C([H])([H])C1([H])[H])C1([H])C([H])([H])C([H])([H])C([H])([H])C([H])([H])C1([H])[H],0,240.4159999999999,24.06,2,1,3.1159000000000017,72.61540000000005
[H]c1c(C(=O)O)n([H])c(=O)n([H])c1=O,0,156.09699999999998,103.01999999999998,3,3,-1.2386000000000001,34.64269999999999
[H]C(=C(C([H])([H])[H])C([H])([H])[H])C([H])([H])C([H])([H])/C(=C(\[H])C([H])([H])OC(=O)C([H])([H])[H])C([H])([H])[H],0,196.28999999999996,26.3,0,2,3.242200000000002,59.05500000000004
[H]N(C(=S)N([H])C([H])([H])[H])C([H])([H])[H],0,104.178,24.06,2,1,-0.28990000000000027,30.717399999999998
[H]Oc1c([H])c(-c2c([H])c([H])c([H])c([H])c2[H])c([H])c([H])c1N([H])C(=O)C([H])([H])[H],0,227.26299999999998,49.33,2,2,3.0176000000000007,67.84650000000003
[H]C(=O)N(/C(=C(\SC(=O)c1c([H])c([H])c([H])c([H])c1[H])C([H])([H])C([H])([H])OC(=O)c1c([H])c([H])c([H])c([H])c1[H])C([H])([H])[H])C([H])([H])c1c([H])nc(C([H])([H])[H])nc1N([H])[H],0,490.58500000000026,115.47999999999999,1,8,4.3778200000000025,135.1934
[H]N(C1([H])C([H])([H])C([H])([H])C([H])([H])C([H])([H])C1([H])[H])S(=O)(=O)O,0,179.241,66.4,2,2,0.7115,41.55730000000001
[H]c1c([H])c([H])c(-c2c3c([H])c(I)c(=O)c(I)c-3oc3c(I)c(O)c(I)c([H])c23)c(C(=O)O)c1[H],0,835.895,87.74,2,4,6.387000000000003,144.0340999999999
[H]Oc1c([H])c([H])c2c([H])c([H])c([H])c([H])c2c1N=Nc1c([H])c([H])c2c([H])c([H])c([H])c([H])c2c1S(=O)(=O)O,0,378.4090000000001,99.32000000000001,2,5,5.360700000000003,103.55140000000003
[H]OC(=O)C([H])([H])N([H])C([H])([H])C(=O)O,0,133.103,86.63000000000001,3,3,-1.2548,28.141299999999994
[H]Oc1c(N=Nc2c([H])c([H])c(S(=O)(=O)O)c3c([H])c([H])c([H])c([H])c23)c([H])c(S(=O)(=O)O)c2c([H])c([H])c([H])c([H])c12,0,458.4730000000001,153.69,3,7,4.607400000000003,113.36600000000003
[H]OC(=O)C([H])([H])C([H])([H])C(=O)O,0,118.088,74.6,2,2,-0.06420000000000009,24.505599999999994
[H]c1nc(C([H])(c2c([H])c([H])c(Cl)c([H])c2[H])C([H])([H])C([H])([H])[N+]([H])(C([H])([H])[H])C([H])([H])[H])c([H])c([H])c1[H],0,275.80299999999994,17.330000000000002,1,1,2.4015000000000004,79.82670000000005
[H]Oc1c(C2=Nc3c([H])c([H])c(S(=O)(=O)O)c([H])c3C2=O)n([H])c2c([H])c([H])c(S(=O)(=O)O)c([H])c12,0,422.3960000000001,174.18999999999997,4,7,1.6840000000000002,96.56220000000002
[H]c1c(OC([H])([H])[H])c([H])c2oc(=O)c3c(c2c1OC([H])([H])[H])C(=O)C([H])([H])C3([H])[H],0,260.24499999999995,65.74000000000001,0,5,1.9390999999999998,68.23950000000002
[H]Oc1c(N=Nc2c([H])c([H])c(N=Nc3c([H])c([H])c(S(=O)(=O)O)c([H])c3[H])c3c([H])c([H])c(S(=O)(=O)O)c([H])c23)c(S(=O)(=O)O)c([H])c2c(S(=O)(=O)O)c([H])c([H])c(N([H])C(=O)C([H])([H])[H])c12,0,779.7650000000002,316.24999999999994,6,14,5.474600000000004,177.9168999999999
[H]C1=C([H])C(=[N+](C([H])([H])c2c([H])c([H])c([H])c(S(=O)(=O)O)c2[H])C([H])([H])C([H])([H])[H])C([H])=C([H])C1=C(c1c([H])c([H])c(N(C([H])([H])c2c([H])c([H])c([H])c(S(=O)(=O)O)c2[H])C([H])([H])C([H])([H])[H])c([H])c1[H])c1c([H])c([H])c([H])c([H])c1S(=O)(=O)[O-],0,748.9010000000002,172.19,2,8,5.712100000000006,193.89879999999954
[H]c1c(C([H])([H])[H])c([H])c(S(=O)(=O)O)c([H])c1C([H])([H])[H],0,186.232,54.370000000000005,1,2,1.55014,45.73060000000002
[H]Oc1c([H])c([H])c(C(=C2C([H])=C([H])C(=[N+](C([H])([H])c3c([H])c([H])c([H])c(S(=O)(=O)O)c3[H])C([H])([H])C([H])([H])[H])C([H])=C2[H])c2c([H])c([H])c(N(C([H])([H])c3c([H])c([H])c([H])c(S(=O)(=O)O)c3[H])C([H])([H])C([H])([H])[H])c([H])c2[H])c(S(=O)(=O)[O-])c1[H],0,764.9000000000003,192.41999999999996,3,9,5.417700000000004,195.56359999999958
[H]c1c([H])c(N(C([H])([H])[H])C([H])([H])[H])c([H])c([H])c1N=NS(=O)(=O)O,0,229.26099999999997,82.33,1,4,1.6391,56.83360000000002
[H]c1c([H])c(N(C([H])([H])C([H])([H])C([H])([H])[H])C([H])([H])C([H])([H])C([H])([H])[H])c([H])c([H])c1N=Nc1c([H])c([H])[n+]([O-])c([H])c1[H],0,298.39000000000004,54.9,0,4,4.361800000000004,88.81500000000004
[H]OC(=O)C([H])([H])N(C([H])([H])C(=O)O)C([H])([H])C([H])([H])N(C([H])([H])C(=O)O)C([H])([H])C(=O)O,0,292.24399999999997,155.68,4,6,-2.0711999999999957,63.423200000000016
[H]/C(C(=O)OC([H])([H])C([H])([H])[H])=C(\[H])C(=O)OC([H])([H])C([H])([H])[H],0,172.17999999999998,52.60000000000001,0,4,0.6688,42.40600000000002
[H]/C(C1=C(C([H])([H])[H])C([H])([H])C([H])([H])C([H])([H])C1(C([H])([H])[H])C([H])([H])[H])=C([H])\C(=C([H])\C([H])=C([H])\C(=C([H])\C([H])=C([H])\C([H])=C(C(\[H])=C([H])\C([H])=C(C(\[H])=C(/[H])C1=C(C([H])([H])[H])C([H])([H])C([H])([H])C([H])([H])C1(C([H])([H])[H])C([H])([H])[H])/C([H])([H])[H])/C([H])([H])[H])C([H])([H])[H])C([H])([H])[H],0,536.8880000000004,0.0,0,0,12.605799999999977,181.39199999999943
[H]/C(C1=C(C([H])([H])[H])C([H])([H])C([H])([H])C([H])([H])C1(C([H])([H])[H])C([H])([H])[H])=C([H])\C(=C([H])\C([H])=C([H])\C(=C(/[H])C([H])([H])OC(=O)C([H])([H])C([H])([H])C([H])([H])C([H])([H])C([H])([H])C([H])([H])C([H])([H])C([H])([H])C([H])([H])C([H])([H])C([H])([H])C([H])([H])C([H])([H])C([H])([H])C([H])([H])[H])C([H])([H])[H])C([H])([H])[H],0,524.8740000000007,26.3,0,2,11.542499999999986,167.3969999999996
[H]Oc1c([H])c([H])c(-c2oc3c([H])c(O[H])c([H])c(O[H])c3c(=O)c2O[C@]2([H])O[C@]([H])(C([H])([H])O[C@]3([H])O[C@@]([H])(C([H])([H])[H])[C@]([H])(O[H])[C@@]([H])(O[H])[C@@]3([H])O[H])[C@@]([H])(O[H])[C@]([H])(O[H])[C@@]2([H])O[H])c([H])c1O[H],0,610.5210000000004,269.42999999999995,10,16,-1.687100000000001,140.196
[H]Oc1c(O[H])c2oc(=O)c3c([H])c(O[H])c(O[H])c4oc(=O)c(c1[H])c2c43,0,302.194,141.34,4,8,1.3127999999999997,73.87719999999999
[H]Oc1c([H])c([H])c(/C([H])=C(\[H])C(=O)O[C@@]2([H])C([H])([H])C([H])([H])[C@]34C([H])([H])[C@]35C([H])([H])C([H])([H])[C@]3(C([H])([H])[H])[C@@]([H])([C@]([H])(C([H])([H])[H])C([H])([H])C([H])([H])C([H])=C(C([H])([H])[H])C([H])([H])[H])C([H])([H])C([H])([H])[C@@]3(C([H])([H])[H])[C@]5([H])C([H])([H])C([H])([H])[C@@]4([H])C2(C([H])([H])[H])C([H])([H])[H])c([H])c1OC([H])([H])[H],0,602.9000000000003,55.760000000000005,1,4,10.147399999999996,178.28579999999945
[H]OC(C([H])([H])[H])(C([H])([H])/C([H])=C(\[H])[C@@]1([H])[C@]([H])(O[H])C([H])([H])C(=O)[C@]1([H])C([H])([H])C([H])([H])C([H])([H])C([H])([H])C([H])([H])C([H])([H])C(=O)OC([H])([H])[H])C([H])([H])C([H])([H])C([H])([H])C([H])([H])[H],0,382.54100000000017,83.83,2,5,3.9536000000000033,106.23460000000006
[H]/C(=C(\c1nc([H])c([H])c([H])c1[H])c1c([H])c([H])c(C([H])([H])[H])c([H])c1[H])C([H])([H])N1C([H])([H])C([H])([H])C([H])([H])C1([H])[H],0,278.399,16.130000000000003,0,2,3.917520000000003,88.16900000000005
[H]OC(C([H])([H])[H])(C([H])([H])[H])[C@]([H])(O[H])C([H])([H])C([H])([H])[C@@]([H])(C([H])([H])[H])[C@@]1([H])C([H])([H])C([H])([H])[C@@]2([H])/C(=C([H])/C([H])=C3\C(=C([H])[H])C([H])([H])C([H])([H])[C@]([H])(O[H])C3([H])[H])C([H])([H])C([H])([H])C([H])([H])[C@]12C([H])([H])[H],0,416.64600000000036,60.69,3,3,5.704700000000007,124.03840000000007
[H]C([H])([H])C([H])([H])C([H])([H])C([H])(Cl)C([H])([H])C([H])([H])C([H])(Cl)C([H])([H])C([H])([H])C([H])(Cl)C([H])([H])C([H])([H])C([H])(Cl)C([H])([H])C([H])([H])C([H])(Cl)C([H])([H])C([H])([H])C([H])(Cl)C([H])([H])C([H])([H])C([H])(Cl)C([H])([H])[H],0,565.7520000000003,0.0,0,0,10.739399999999987,143.47299999999987
[H]O[C@@]1([H])C([H])=C([H])[C@]2([H])[C@]34c5c(c(OC([H])([H])[H])c([H])c([H])c5C([H])([H])[C@@]2([H])N(C([H])([H])[H])C([H])([H])C3([H])[H])O[C@]41[H],0,299.37000000000006,41.93000000000001,1,4,1.5010999999999999,82.46380000000005
[H]OC1=C(OC([H])([H])C(=O)C([H])([H])C([H])([H])C([H])([H])C([H])([H])C([H])([H])C([H])([H])C([H])([H])C([H])([H])C([H])([H])C([H])([H])C([H])([H])C([H])([H])[H])[C@@]([H])([C@@]([H])(O[H])C([H])([H])O[H])OC1=O,0,386.485,113.29000000000002,3,7,2.9313000000000016,100.04740000000007
[H]OC([H])([H])[C@@]12C([H])(O[H])C(=O)C(C([H])([H])[H])=C([H])C1([H])OC1([H])[C@]3(OC3([H])[H])[C@]2(C([H])([H])[H])[C@]([H])(OC(=O)C([H])([H])[H])[C@@]1([H])O[H],0,354.3550000000001,125.82000000000001,3,8,-1.2960999999999978,81.30140000000004
[H]OOC([H])(/C([H])=C([H])/C([H])=C(/[H])C([H])([H])C([H])([H])C([H])([H])C([H])([H])C([H])([H])C([H])([H])C([H])([H])C(=O)OC([H])([H])[H])C([H])([H])C([H])([H])C([H])([H])C([H])([H])C([H])([H])[H],0,326.4770000000001,55.760000000000005,1,4,5.441000000000006,94.25880000000006
[H]/C(=C(\[H])C([H])([H])C([H])([H])C([H])([H])C([H])([H])C([H])([H])[H])C([H])([H])/C([H])=C(/[H])C([H])([H])C([H])([H])C([H])([H])C([H])([H])C([H])([H])C([H])([H])C([H])([H])C(=O)OC([H])([H])[H],0,294.479,26.3,0,2,5.972900000000005,91.37400000000007
[H]OC(=O)C([H])([H])C([H])([H])C([H])([H])C([H])([H])/C([H])=C(/c1c([H])nc([H])c([H])c1[H])c1c([H])c([H])c([H])c([H])c1[H],0,281.355,50.19,1,2,4.158300000000003,83.86180000000006
[H]Oc1c([H])c([H])c(/C([H])=C(\[H])C(=O)OC([H])([H])C([H])([H])c2c([H])c([H])c([H])c([H])c2[H])c([H])c1OC([H])([H])[H],0,298.338,55.760000000000005,1,4,3.1999000000000013,84.79780000000005
[H]OC(=O)[C@]1([H])[C@@]([H])(O[H])C([H])([H])[C@]2(O[H])O[C@@]1([H])C([H])([H])[C@@]([H])(O[C@]1([H])O[C@]([H])(C([H])([H])[H])[C@@]([H])(O[H])[C@]([H])(N([H])[H])[C@]1([H])O[H])/C([H])=C([H])/C([H])=C([H])/C([H])=C([H])/C([H])=C(\[H])C([H])([H])[C@@]([H])(C([H])([H])[H])OC(=O)/C([H])=C(\[H])[C@@]1([H])O[C@]1([H])C([H])([H])[C@]([H])(O[H])C2([H])[H],0,665.7330000000002,230.98999999999998,7,13,0.11970000000000308,165.15919999999971
[H]OC([H])([H])C([H])([H])OC1([H])OC([H])(C([H])(OC([H])([H])C([H])([H])O[H])C([H])([H])OC([H])([H])C([H])([H])OC(=O)C([H])([H])C([H])([H])C([H])([H])C([H])([H])C([H])([H])C([H])([H])C([H])([H])/C([H])=C(\[H])C([H])([H])C([H])([H])C([H])([H])C([H])([H])C([H])([H])C([H])([H])C([H])([H])C([H])([H])[H])C([H])(OC([H])([H])C([H])([H])O[H])C1([H])[H],0,604.8220000000005,133.14000000000001,3,10,4.462600000000003,161.19739999999967
[H]/C(=C(/[H])[N+](=O)[O-])c1c([H])c([H])c([H])c([H])c1[H],0,149.14899999999997,43.14,0,2,1.934,42.47040000000002
[H]O[C@]1(C([H])([H])[H])C([H])([H])[C@]([H])(O[C@@]2([H])[C@]([H])(N(C([H])([H])[H])C([H])([H])[H])[C@@]([H])(O[H])[C@]([H])(O[C@]3([H])C([H])(OC([H])([H])[H])[C@]([H])(OC(=O)C([H])([H])[H])C([H])([H])C(=O)O[C@]([H])(C([H])([H])[H])C([H])([H])/C([H])=C([H])/C([H])=C(\[H])[C@]([H])(O[H])[C@]([H])(C([H])([H])[H])C([H])([H])[C@]3([H])C([H])([H])C([H])=O)O[C@]2([H])C([H])([H])[H])O[C@@]([H])(C([H])([H])[H])[C@@]1([H])OC(=O)C([H])([H])C([H])(C([H])([H])[H])C([H])([H])[H],0,828.0060000000001,206.04999999999998,3,16,3.013400000000007,209.8513999999992
[H]/C(=N/OC(=O)N([H])C([H])([H])[H])C(SC([H])([H])[H])(C([H])([H])[H])C([H])([H])[H],0,190.26799999999997,50.69,1,4,1.4698,51.62670000000003
[H]N(C(=O)O/N=C(/SC([H])([H])[H])C(=O)N(C([H])([H])[H])C([H])([H])[H])C([H])([H])[H],0,219.266,70.99999999999999,1,5,0.10709999999999997,55.18470000000002
[H]/C(=C(\[H])C([H])([H])C([H])([H])C([H])([H])C([H])([H])C([H])([H])C([H])([H])C([H])([H])C([H])([H])[H])C([H])([H])C([H])([H])C([H])([H])C([H])([H])C([H])([H])C([H])([H])C([H])([H])C(=O)O,0,282.4679999999999,37.3,1,1,6.108500000000006,87.08780000000007
[H]OC(=O)C([H])([H])C1=C(C([H])([H])[H])/C(=C(\[H])c2c([H])c([H])c(S(=O)(=O)C([H])([H])[H])c([H])c2[H])c2c([H])c([H])c(F)c([H])c21,0,372.4170000000001,71.44,1,3,4.031600000000004,98.66960000000005
[H]O/N=C(\c1oc([N+](=O)[O-])c([H])c1[H])N([H])[H],0,171.112,114.89,2,5,0.28230000000000005,37.8733
[H]/C(=N/N([H])C(=O)N([H])[H])c1oc([H])c([H])c1[H],0,153.141,80.62,2,3,0.28179999999999994,39.021100000000004
[H]/C(=C(/[H])c1c([H])c([H])c(N([H])[H])c([H])c1S(=O)(=O)O)c1c([H])c([H])c(N([H])[H])c([H])c1S(=O)(=O)O,0,370.4080000000001,160.77999999999997,4,6,1.5148000000000001,90.26600000000003
[H]O/N=C(/[H])C([H])=C([H])[H],0,71.07900000000002,32.59,1,2,0.6324,20.475499999999993
[H]O[C@@]1([H])[C@]([H])(C([H])([H])[H])O[C@@]([H])(O[C@@]2([H])[C@]([H])(C([H])([H])[H])O[C@@]([H])(O[C@]3([H])/C(C([H])([H])[H])=C(\[H])C([H])([H])[C@@]4([H])O[C@]5(O[C@]([H])([C@@]([H])(C([H])([H])[H])C([H])([H])C([H])([H])[H])[C@@]([H])(C([H])([H])[H])C([H])([H])C5([H])[H])C([H])([H])[C@@]([H])(OC(=O)[C@]5([H])C([H])=C(C([H])([H])[H])[C@@]([H])(O[H])[C@@]6([H])OC([H])([H])/C(=C([H])\C([H])=C(/[H])[C@]3([H])C([H])([H])[H])[C@@]56O[H])C4([H])[H])C([H])([H])[C@]2([H])OC([H])([H])[H])C([H])([H])[C@]1([H])OC([H])([H])[H],0,875.1060000000002,170.06,3,14,5.601400000000005,227.39939999999922
[H]c1c([H])c([H])c(OC([H])([H])C(=O)N([H])[C@]2([H])C(=O)N3[C@]2([H])SC(C([H])([H])[H])(C([H])([H])[H])[C@]3([H])C(=O)O)c([H])c1[H],0,350.3960000000001,95.94000000000001,2,5,0.6970999999999994,87.59550000000003
[H]OC([H])(OC([H])(O[H])C([H])([H])C([H])([H])[H])C([H])([H])C([H])([H])[H],0,134.175,49.69,2,3,0.4598,33.68059999999999
[H]OC(=O)C([H])([H])C([H])([H])[C@@]([H])(C(=O)O)N([H])[H],0,147.13,100.61999999999999,3,3,-0.7368999999999997,32.480999999999995
[H]OC(=O)C([H])([H])[C@@]([H])(C(=O)O)N([H])[H],0,133.10299999999998,100.61999999999999,3,3,-1.1269999999999993,27.863999999999997
CCCC[Sn](CCCC)(OC(=O)C)OC(=O)C,0,351.0310000000001,52.6,0,4,3.155000000000002,68.71600000000005
[H]C1=C2[C@@]([H])(c3c([H])c([H])c(OS(=O)(=O)O)c([H])c3C1([H])[H])C([H])([H])C([H])([H])[C@]1(C([H])([H])[H])C(=O)C([H])([H])C([H])([H])[C@@]21[H],0,348.42000000000013,80.67000000000002,1,4,3.2135000000000025,88.21860000000005
[H]C1=C([H])[C@@]2([H])C([H])([H])C1([H])[C@]1([H])C3(Cl)C(Cl)=C(Cl)[C@@](Cl)(C3(Cl)Cl)[C@@]12[H],0,364.914,0.0,0,0,5.270200000000002,78.05400000000003
[H]C1([H])[C@]2([H])C3(Cl)C(Cl)=C(Cl)[C@](Cl)(C3(Cl)Cl)[C@]2([H])[C@@]([H])(Cl)[C@]1([H])Cl,0,409.7819999999999,0.0,0,0,5.682800000000001,81.21600000000001
[H]c1c(Cl)c([H])c2c(c1C(=O)N([H])C1([H])C([H])([H])C3([H])N(C([H])([H])[H])[C@]([H])(C([H])([H])C3([H])[H])C1([H])[H])OC(C([H])([H])[H])(C([H])([H])[H])C2([H])[H],0,348.8740000000002,41.57000000000001,1,3,3.408500000000002,94.92420000000006
[H]O[C@]1(C([H])([H])[H])C([H])([H])[C@@]([H])(C([H])([H])[H])C(=O)[C@]([H])(C([H])([H])[H])[C@@]([H])(O[H])[C@@](O[H])(C([H])([H])[H])[C@@]([H])(C([H])([H])C([H])([H])[H])OC(=O)[C@]([H])(C([H])([H])[H])[C@@]([H])(O[C@]2([H])O[C@@]([H])(C([H])([H])[H])[C@]([H])(O[H])[C@@](OC([H])([H])[H])(C([H])([H])[H])C2([H])[H])[C@]([H])(C([H])([H])[H])[C@@]1([H])O[C@]1([H])O[C@]([H])(C([H])([H])[H])C([H])([H])[C@]([H])([N+]([H])(C([H])([H])[H])C([H])([H])[H])[C@@]1([H])O[H],0,734.9450000000002,195.10999999999996,6,13,0.3685000000000103,185.38169999999946
[H]OC1=C(O[H])[C@@]([H])([C@@]([H])(O[H])C([H])([H])O[H])OC1=O,0,176.12399999999997,107.22,4,6,-1.4074000000000002,35.2562
[H]OC1=C(C(=O)N([H])c2nc([H])c([H])c([H])c2[H])N(C([H])([H])[H])S(=O)(=O)c2c([H])c([H])c([H])c([H])c21,0,331.35300000000007,99.6,2,5,1.581,83.80630000000004
[H]OC1=C(C(=O)N([H])c2nc([H])c(C([H])([H])[H])s2)N(C([H])([H])[H])S(=O)(=O)c2c([H])c([H])c([H])c([H])c21,0,351.4090000000001,99.6,2,6,1.95092,86.42030000000003
[H]OC1=C(C(=O)N([H])c2nc([H])c([H])c([H])c2[H])N(C([H])([H])[H])S(=O)(=O)c2c1sc(Cl)c2[H],0,371.8270000000001,99.6,2,6,2.2959000000000005,86.69330000000002
[H]OC1C(=O)C(=O)OC1([H])C([H])(O[H])C([H])([H])O[H],0,176.12399999999997,104.06,3,6,-2.805,33.986399999999996
[H]OC1=C(O[H])[C@@]([H])([C@]([H])(O[H])C([H])([H])O)OC1=O,0,176.12399999999997,107.22,4,6,-1.4074000000000002,35.2562
[H]c1c([H])c(S(=O)(=O)O)c([H])c([H])c1C([H])(C([H])([H])[H])C([H])([H])C([H])([H])C([H])([H])C([H])([H])C([H])([H])C([H])([H])C([H])([H])C([H])([H])C([H])([H])C([H])([H])[H],0,326.5020000000001,54.370000000000005,1,2,5.567600000000006,91.89860000000006
[H]O[C@@]1([H])[C@@]([H])(O[H])[C@]([H])(n2c([H])nc3c(=O)n([H])c([H])nc32)O[C@]1([H])C([H])([H])OP(=O)(O)O,0,348.208,180.01999999999998,5,9,-2.1518999999999995,72.06840000000001
[H]c1nc2nc(N([H])[H])n([H])c(=O)c2n1C([H])([H])[H],0,165.156,89.59,2,5,-0.7612000000000001,43.5421
[H]Oc1c2c(C([H])=NN3C([H])([H])C([H])([H])N(C([H])([H])[H])C([H])([H])C3([H])[H])c(O[H])c3c4c(c(C([H])([H])[H])c(O[H])c13)O[C@](C([H])([H])[H])(O/C([H])=C(\[H])[C@]([H])(OC([H])([H])[H])[C@@]([H])(C([H])([H])[H])[C@@]([H])(OC(=O)C([H])([H])[H])[C@]([H])(C([H])([H])[H])[C@]([H])(O[H])[C@]([H])(C([H])([H])[H])[C@@]([H])(O[H])[C@@]([H])(C([H])([H])[H])/C([H])=C([H])/C([H])=C(/C([H])([H])[H])C(=O)N2[H])C4=O,0,822.9530000000002,220.15,6,15,4.335420000000003,220.47919999999948
[H]N=C1OC([H])(c2c([H])c([H])c([H])c([H])c2[H])C(=O)N1[H],0,176.17499999999998,62.18,2,3,0.80887,46.137400000000014
[H]OC([H])([H])C([H])([H])Cl,0,80.51400000000001,20.23,1,1,0.21749999999999997,17.805799999999998
[H]OC([H])([H])C([H])([H])O[H],0,62.068000000000005,40.46,2,2,-1.0290000000000001,14.171600000000002
[H]OC(=O)C([H])([H])Cl,0,94.49700000000001,37.3,1,1,0.3098,18.3558
[H]OC(=O)c1c([H])c([H])c([H])c([H])c1O[H],0,138.12199999999999,57.53,2,2,1.0903999999999998,35.066100000000006
[H]Oc1c([H])c([H])c([H])c([H])c1OC([H])([H])[H],0,124.13899999999998,29.46,1,2,1.4007999999999998,34.6588
[H]OC([H])([H])C(=O)C([H])([H])O[H],0,90.078,57.53,2,3,-1.4599000000000002,19.1786
[H]OC(=O)C([H])([H])N([H])[H],0,75.06700000000001,63.31999999999999,2,2,-0.9702999999999999,16.6902
[H]OC(=O)C([H])([H])O[H],0,76.051,57.53,2,2,-0.9367000000000001,14.7216
[H]Oc1c([H])c([H])c([N+](=O)[O-])c([H])c1[H],0,139.11,63.370000000000005,1,3,1.3003999999999998,34.76120000000001
[H]OC([H])([H])C([H])([H])C([H])([H])[H],0,60.096000000000004,20.23,1,1,0.3887,17.3768
[H]OC(=O)C([H])([H])C([H])([H])C([H])([H])Oc1c([H])c([H])c(Cl)c([H])c1Cl,0,249.09300000000002,46.53,1,2,3.237000000000002,58.82680000000003
[H]c1c([H])c([H])c2c(c1[H])c(=O)n([H])c1c([H])c([H])c([H])c([H])c21,0,195.221,32.86,1,1,2.6813000000000002,62.07470000000002
[H]N(C(=O)C([H])([H])[H])P(=O)(OC([H])([H])[H])SC([H])([H])[H],0,183.169,55.400000000000006,1,4,1.24,41.947200000000024
[H]C(=NOC(=O)N([H])C([H])([H])[H])C(SC([H])([H])[H])(C([H])([H])[H])C([H])([H])[H],0,190.26799999999997,50.69,1,4,1.4698,51.62670000000003
[H]c1c([H])c(OC(=O)N([H])C([H])([H])[H])c2c(c1[H])OC(C([H])([H])[H])(C([H])([H])[H])O2,0,223.22799999999998,56.790000000000006,1,4,1.9121,56.86070000000004
[H]c1c([H])c(OC(=O)N([H])C([H])([H])[H])c2c(c1[H])C([H])([H])C(C([H])([H])[H])(C([H])([H])[H])O2,0,221.25599999999997,47.56,1,3,2.1182999999999996,59.93670000000004
[H]C([H])([H])C([H])([H])OP(=S)(OC([H])([H])C([H])([H])[H])SC([H])([H])C([H])([H])SC([H])([H])C([H])([H])[H],0,274.413,18.46,0,5,3.7702000000000027,72.99400000000004
[H]C([H])([H])C([H])([H])OP(=O)(SC([H])([H])C([H])([H])C([H])([H])[H])SC([H])([H])C([H])([H])C([H])([H])[H],0,242.34599999999995,26.3,0,4,4.417400000000003,64.73050000000003
[H]N([H])C([H])([H])C([H])([H])N([H])[H],0,60.09999999999999,52.04,2,2,-1.0962,18.108800000000006
[H]c1c([H])c(S(=O)(=O)N([H])C(=O)N([H])C2([H])C([H])([H])C([H])([H])C([H])(C([H])([H])[H])C([H])([H])C2([H])[H])c([H])c([H])c1C([H])([H])C([H])([H])N([H])C(=O)N1C(=O)C(C([H])([H])C([H])([H])[H])=C(C([H])([H])[H])C1([H])[H],0,490.6260000000004,124.68,3,5,3.0740000000000007,128.52190000000007
[H]C(F)(F)OC([H])(Cl)C(F)(F)F,0,184.49099999999996,9.23,0,1,2.3528000000000002,22.785
[H]OC(=O)c1c([H])n(C([H])([H])C([H])([H])[H])c2c([H])c(N3C([H])([H])C([H])([H])N([H])C([H])([H])C3([H])[H])c(F)c([H])c2c1=O,0,319.33600000000007,74.57,2,5,1.2683,85.88200000000003
[Cl-].[K+],0,74.551,0.0,0,0,-5.992,0.0
[H]c1c([H])c([H])c(OC([H])(C([H])([H])[H])C([H])([H])[H])c(OC(=O)N([H])C([H])([H])[H])c1[H],0,209.24499999999998,47.56,1,3,2.192,57.28970000000004
C1=CC(=C(C=C1[As](=O)(O)O)[N+](=O)[O-])O,0,263.037,120.9,3,4,-1.1386000000000005,45.273300000000006
[F-].[Na+],0,41.988,0.0,0,0,-5.992,0.0
[H]Oc1c([H])c(Cl)c([H])c([H])c1Oc1c([H])c([H])c(Cl)c([H])c1Cl,0,289.54499999999996,29.46,1,2,5.144700000000002,69.65280000000003
[H]OC([H])([H])C([H])(N([H])C1([H])C([H])([H])C(O[H])(C([H])([H])O[H])C([H])(O[H])C([H])(O[H])C1([H])O[H])C([H])([H])O[H],0,267.278,153.64,8,8,-4.492399999999994,59.55630000000004
[H]Oc1c([H])c([H])c2c(c1[H])C([H])([H])C([H])([H])[C@@]1([H])[C@]3([H])C([H])([H])C([H])([H])C([H])([H])[C@@]3(C([H])([H])[H])C([H])([H])C([H])([H])[C@]21[H],0,256.38899999999995,20.23,1,1,4.638400000000003,77.34080000000004
[H]OC([H])([H])C(=O)[C@@]([H])(O[H])[C@]([H])(O[H])[C@]([H])(O[H])C([H])([H])O[H],0,180.15599999999998,118.22000000000001,5,6,-3.3771999999999998,37.199
[H]c1c([H])c([H])c(-n2c(=O)c(N(C([H])([H])[H])C([H])([H])[H])c(C([H])([H])[H])n2C([H])([H])[H])c([H])c1[H],0,231.299,30.17,0,4,1.55042,70.07400000000003
CC(CN1C2=CC=CC=C2SC3=CC=CC=C31)N(C)C.Cl,0,320.88899999999995,6.48,0,3,4.6612000000000045,94.41000000000005
[H]O[C@@]1([H])OC([H])([H])[C@@]([H])(O[H])[C@]([H])(O[H])[C@@]1([H])O[H],0,150.13,90.15,4,5,-2.5823000000000005,29.979199999999988
CC(CC1=CC=CC=C1)N.CC(CC1=CC=CC=C1)N.OS(=O)(=O)O,0,368.499,126.64,4,4,2.4998000000000005,101.76820000000008
CC(CNN)C1=CC=CC=C1.Cl,0,186.686,38.05,2,2,1.6751999999999998,54.295100000000026
[H]OC([H])([H])[C@@]1([H])O[C@@]([H])(n2c([H])c([H])c(N([H])[H])nc2=O)[C@@]([H])(O[H])[C@]1([H])O[H],0,243.219,130.83,4,8,-2.5629999999999993,55.91880000000002
[H]C([H])([H])C#N,0,41.053,23.79,0,1,0.52988,11.287
[H]C([H])([H])C([H])(Cl)Cl,0,98.96000000000001,0.0,0,0,1.81,21.167999999999992
[H]C(I)(I)I,0,393.731,0.0,0,0,2.575,45.848
FC(Cl)(Cl)Cl,0,137.368,0.0,0,0,2.2836,21.398
FC(F)(Cl)Cl,0,120.91300000000001,0.0,0,0,2.0143,16.653
[H]Oc1c([H])c([H])c(N([H])c2c([H])c([H])c(C([H])([H])[H])c([H])c2[H])c2c1C(=O)c1c([H])c([H])c([H])c([H])c1C2=O,0,329.3550000000001,66.4,2,4,4.219620000000003,95.87550000000002
[H]c1nc2c([H])c([H])c3c([H])c([H])c([H])c([H])c3c2c([H])c1[H],0,179.22199999999998,12.89,0,1,3.3880000000000017,59.249000000000024
[H]c1c([H])c([H])c2c(c1[H])c1c([H])c([H])c([H])c([H])c1n2C([H])([H])C([H])([H])[H],0,195.26499999999996,4.93,0,1,3.814400000000002,65.11800000000004
[H]Oc1c(C([H])([H])c2c([H])c(C([H])([H])C([H])([H])[H])c([H])c(C(C([H])([H])[H])(C([H])([H])[H])C([H])([H])[H])c2O[H])c([H])c(C([H])([H])C([H])([H])[H])c([H])c1C(C([H])([H])[H])(C([H])([H])[H])C([H])([H])[H],0,368.5610000000002,40.46,2,2,6.408400000000007,115.17560000000006
[H]Oc1c([H])c([H])c(C(=O)OC([H])([H])C([H])([H])C([H])([H])C([H])([H])[H])c([H])c1[H],0,194.23,46.53,1,3,2.3491,53.297300000000035
[H]C1([H])OC(=O)OC1([H])[H],0,88.062,35.53,0,3,0.1532,17.299999999999997
[H]c1c([H])c([H])c(C([H])(Cl)Cl)c([H])c1[H],0,161.031,0.0,0,0,3.1628000000000016,40.88900000000002
[H]C([H])=C([H])c1c([H])c([H])nc([H])c1[H],0,105.13999999999999,12.89,0,1,1.7246000000000001,34.328
[H]C([H])=C([H])c1nc([H])c([H])c([H])c1[H],0,105.13999999999996,12.89,0,1,1.7246,34.328
B(O)(O)O,0,61.833000000000006,60.69,3,3,-2.0518,12.4104
[H]OC([H])([H])C([H])([H])Oc1c([H])c([H])c(C([H])([H])C([H])([H])C([H])([H])C([H])([H])C([H])([H])C([H])([H])C([H])([H])C([H])([H])C([H])([H])[H])c([H])c1[H],0,264.4089999999999,29.46,1,2,4.350800000000004,80.71980000000006
[H]C(=O)C([H])=O,0,58.036,34.14,0,2,-0.6158000000000001,12.128
[H]OC([H])([H])C(Cl)(Cl)Cl,0,149.404,20.23,1,1,1.3489,27.375799999999995
[H]OC([H])([H])C([H])([H])N(C(=O)C([H])([H])C([H])([H])C([H])([H])C([H])([H])C([H])([H])C([H])([H])C([H])([H])C([H])([H])C([H])([H])C([H])([H])C([H])([H])[H])C([H])([H])C([H])([H])O[H],0,287.44399999999996,60.769999999999996,2,3,2.7205000000000017,82.59560000000006
C1=CC(=C(C=C1N)N)O.Cl.Cl,0,197.06500000000003,72.27,3,3,1.4001999999999994,51.42760000000001
CN(C)CCOC(C1=CC=CC=C1)C2=CC=CC=C2.Cl,0,291.822,12.47,0,2,3.776000000000004,86.48100000000005
[H]C([H])(C(=O)O)C([H])([H])C(=O)O,0,118.088,74.6,2,2,-0.06420000000000009,24.505599999999994
CN(C)CCN(CC1=CC=CC=C1)C2=CC=CC=N2.Cl,0,291.826,19.37,0,3,3.0716000000000014,87.53100000000005
[H]c1c([H])c([H])c2c(nc([H])c3c([H])c([H])c([H])c([H])c32)c1[H],0,179.22199999999998,12.89,0,1,3.3880000000000017,59.24900000000003
[H]c1nc2c(c([H])c1[H])c([H])c([H])c1c([H])c([H])c([H])c([H])c12,0,179.22199999999995,12.89,0,1,3.3880000000000017,59.249000000000024
[H]c1c([H])c([H])c2c([H])c3c([H])c([H])c([H])c([H])c3nc2c1[H],0,179.22199999999995,12.89,0,1,3.3880000000000017,59.24900000000003
C(CN)N.Cl.Cl,0,133.02200000000002,52.04,2,2,-0.2525999999999998,32.604800000000004
[H]C1=C([H])C(=O)C(c2c([H])c([H])c([H])c([H])c2[H])=C([H])C1=O,0,184.194,34.14,0,2,1.778,53.57300000000002
[H]N([H])C(=NC#N)N([H])[H],0,84.08200000000001,88.19,2,2,-1.2591200000000002,21.422800000000006
[H]Oc1c(C(C([H])([H])[H])(C([H])([H])[H])C([H])([H])[H])c([H])c(OC([H])([H])[H])c([H])c1C(C([H])([H])[H])(C([H])([H])[H])C([H])([H])[H],0,236.35499999999996,29.46,1,2,3.9958000000000036,72.05880000000005
[H]N1C([H])([H])SC([H])([H])C1([H])[H],0,89.16300000000001,12.03,1,2,0.28029999999999994,25.327699999999993
[H]C([H])([H])N1C(=S)SC([H])([H])N(C([H])([H])[H])C1([H])[H],0,162.283,6.48,0,3,0.7967,45.44900000000003
CC(=O)[O-].CC(=O)[O-].[Ba+2],0,255.416,80.25999999999999,0,4,-2.8683999999999985,27.115999999999993
[H]Oc1c([H])c([H])c2c(c1Br)Oc1c(Br)c(O[H])c([H])c([H])c1C21OC(=O)c2c([H])c([H])c([H])c([H])c21,0,490.10300000000024,75.99000000000001,2,5,5.190800000000004,103.4271
C1=CC(=CC=C1N)N.Cl.Cl,0,181.06600000000003,52.04,2,2,1.6945999999999999,49.762800000000006
CCCCCCCCCCCCCCCCCC(=O)O.CC[C@@H]1[C@@]([C@@H]([C@H](C(=O)[C@@H](C[C@@]([C@@H]([C@H]([C@@H]([C@H](C(=O)O1)C)O[C@H]2C[C@@]([C@H]([C@@H](O2)C)O)(C)OC)C)O[C@H]3[C@@H]([C@H](C[C@H](O3)C)N(C)C)O)(C)O)C)C)O)(C)O,0,1018.421,231.20999999999995,6,15,8.118100000000009,273.439799999999
[H]C([H])([H])C([H])(N=C=NC([H])(C([H])([H])[H])C([H])([H])[H])C([H])([H])[H],0,126.20299999999999,24.72,0,2,1.9771,40.13500000000001
[H]c1c([H])c([H])c(S(=O)(=O)N([H])C([H])([H])C([H])([H])SP(=S)(OC([H])(C([H])([H])[H])C([H])([H])[H])OC([H])(C([H])([H])[H])C([H])([H])[H])c([H])c1[H],0,397.5240000000001,64.63000000000001,1,6,3.7726000000000024,100.81550000000006
[H]C([H])([H])C([H])([H])SC(=O)N(C([H])([H])C([H])([H])C([H])([H])[H])C([H])([H])C([H])([H])C([H])([H])[H],0,189.32399999999996,20.310000000000002,0,2,2.9815000000000014,55.683000000000035
CC(C(=O)[O-])O.CC(C(=O)[O-])O.[Ca+2],0,218.218,120.72000000000001,2,6,-4.146599999999998,39.1296
[H]c1c([H])c([H])c(SP(=S)(OC([H])([H])C([H])([H])[H])C([H])([H])C([H])([H])[H])c([H])c1[H],0,246.33699999999996,9.23,0,3,4.144600000000003,68.75100000000003
[H]C([H])([H])Oc1nn(C([H])([H])SP(=S)(OC([H])([H])[H])OC([H])([H])[H])c(=O)s1,0,302.339,62.580000000000005,0,9,1.5213999999999999,68.82000000000002
[H]c1nc(N(C([H])([H])c2c([H])sc([H])c2[H])C([H])([H])C([H])([H])[N+]([H])(C([H])([H])[H])C([H])([H])[H])c([H])c([H])c1[H],0,262.402,20.570000000000004,1,3,1.2941999999999996,77.28370000000004
[H]c1c([H])c([H])c(-c2c3c([H])c(C([H])([H])[H])c(=[N+]([H])C([H])([H])C([H])([H])[H])c([H])c-3oc3c([H])c(N([H])C([H])([H])C([H])([H])[H])c(C([H])([H])[H])c([H])c23)c(C(=O)OC([H])([H])C([H])([H])[H])c1[H],0,443.56700000000023,65.44,2,4,4.431140000000004,132.5049
[H]Oc1c([H])c([H])c(O[H])c(-c2c([H])c([H])c([H])c([H])c2[H])c1[H],0,186.21,40.46,2,2,2.764800000000001,55.20760000000003
CCC(=O)C(CC(C)N(C)C)(C1=CC=CC=C1)C2=CC=CC=C2.Cl,0,345.91400000000004,20.310000000000002,0,2,4.713800000000005,103.97600000000006
[H]C([H])=C([H])c1c([H])nc([H])c([H])c1[H],0,105.13999999999997,12.89,0,1,1.7246,34.328
[H]C([H])([H])C([H])([H])SC(=O)N(C([H])([H])C([H])([H])[H])C1([H])C([H])([H])C([H])([H])C([H])([H])C([H])([H])C1([H])[H],0,215.36199999999994,20.310000000000002,0,2,3.5141000000000027,62.78100000000004
O[Fe]=O.O[Fe]=O.[Fe],0,233.54699999999997,74.6,2,2,-1.3591,5.810599999999999
C1=CC(=C(C=C1[N+](=O)[O-])Cl)NC(=O)C2=C(C=CC(=C2)Cl)O.C(CO)N,0,388.2070000000001,138.72000000000003,4,6,2.7969000000000004,95.31660000000002
C1=CC=C2C(=C1)C=CC=C2NCCN.Cl.Cl,0,259.1799999999999,38.05,2,2,3.0540000000000003,75.98810000000002
[H]c1c([H])c([H])c2c(c1[H])c1c([H])c([H])c([H])c([H])c1n2C([H])([H])[H],0,181.23799999999997,4.93,0,1,3.331500000000002,60.42500000000003
[H]C([H])([H])C([H])([H])SC(=O)N(C([H])([H])C([H])(C([H])([H])[H])C([H])([H])[H])C([H])([H])C([H])(C([H])([H])[H])C([H])([H])[H],0,217.378,20.310000000000002,0,2,3.4735000000000023,64.77700000000004
[H]O[C@]1([H])C([H])([H])[C@]([H])(C([H])([H])[H])C([H])([H])C([H])([H])[C@@]1([H])C([H])(C([H])([H])[H])C([H])([H])[H],0,156.26899999999998,20.23,1,1,2.4395000000000007,47.34980000000002
[H]C([H])=C(C([H])([H])[H])[C@]1([H])C([H])([H])C(=O)C(C([H])([H])[H])=C([H])C1([H])[H],0,150.22099999999998,17.07,0,1,2.4879000000000007,46.30200000000003
[H]Oc1c([H])c([H])c2c(c1[H])Oc1c([H])c(O[H])c([H])c([H])c1C21OC(=O)c2c([H])c([H])c([H])c([H])c21,0,332.3110000000001,75.99000000000001,2,5,3.6658000000000026,88.0271
CO[Si](CCCOCC1CO1)(OC)OC,0,236.33999999999997,49.45,0,5,0.6699999999999997,56.764000000000046
[H]Oc1c([H])c([H])c2c([H])c(S(=O)(=O)O)c([H])c(S(=O)(=O)O)c2c1N=Nc1c([H])c([H])c(S(=O)(=O)O)c2c([H])c([H])c([H])c([H])c12,0,538.5370000000003,208.05999999999997,4,9,3.8541000000000016,123.18060000000001
[H]c1c([H])c([H])c2c(c1[H])c([H])c([H])c1c3c([H])c([H])c([H])c([H])c3c(N([H])[H])c([H])c21,0,243.30899999999997,26.02,1,1,4.728400000000002,83.37240000000004
[H]Oc1c([H])c([H])c2c([H])c(S(=O)(=O)O)c([H])c([H])c2c1N=Nc1c([H])c([H])c(S(=O)(=O)O)c([H])c1[H],0,408.4130000000001,153.68999999999997,3,7,3.454200000000001,95.86000000000003
[H]Oc1c([H])c([H])c2c([H])c([H])c([H])c([H])c2c1N=Nc1c([H])c([H])c([N+](=O)[O-])c([H])c1Cl,0,327.727,88.09,1,5,5.522400000000003,87.8952
[H]C(F)(Cl)C(F)(F)F,0,136.475,0.0,0,0,2.0831,16.804000000000002
[H]Oc1c([H])c([H])c2c([H])c([H])c([H])c([H])c2c1N=Nc1c([H])c([H])c([N+](=O)[O-])c([H])c1[N+](=O)[O-],0,338.27900000000005,131.23000000000002,1,7,4.777200000000002,89.53960000000001
[H]Oc1c([H])c([H])c(C(=O)OC([H])([H])C([H])(C([H])([H])[H])C([H])([H])[H])c([H])c1[H],0,194.23000000000002,46.53,1,3,2.205,53.227300000000035
[H]ON(C(=O)C([H])([H])[H])c1c([H])c([H])c(-c2c([H])c([H])c([H])c([H])c2[H])c([H])c1[H],0,227.26300000000003,40.54,1,2,3.0957000000000017,66.82450000000003
[H]c1c([H])c([H])c(C(=O)C([H])(OC([H])([H])C([H])([H])[H])OC([H])([H])C([H])([H])[H])c([H])c1[H],0,208.25699999999998,35.53,0,3,2.2684000000000006,57.81250000000004
C1=CC(=C(C=C1N)Cl)N.OS(=O)(=O)O,0,240.668,126.64,4,4,0.8515999999999999,54.4542
CC1=C(C=CC(=C1)N)N.OS(=O)(=O)O,0,220.25000000000003,126.64,4,4,0.5066200000000003,54.181200000000004
[H]c1c([H])c(C(=O)OC([H])([H])C([H])(C([H])([H])C([H])([H])[H])C([H])([H])C([H])([H])C([H])([H])C([H])([H])[H])c([H])c([H])c1C(=O)OC([H])([H])C([H])(C([H])([H])C([H])([H])[H])C([H])([H])C([H])([H])C([H])([H])C([H])([H])[H],0,390.56400000000025,52.60000000000001,0,4,6.433000000000007,113.61900000000009
C1=CC=NC(=C1)CCl.Cl,0,164.035,12.89,0,1,2.242200000000001,41.042000000000016
CC1([C@@H](N2[C@H](S1)[C@@H](C2=O)NC(=O)[C@@H](C3=CC=CC=C3)N)C(=O)O)C.O.O.O,0,403.4570000000002,207.23000000000002,3,5,-2.1559999999999993,99.87030000000004
[H]c1c([H])c(N=NN(C([H])([H])[H])C([H])([H])[H])c([H])c([H])c1Cl,0,183.642,27.96,0,2,2.9003000000000014,49.65500000000002
[Ta],0,180.948,0.0,0,0,-0.0025,0.0
O=[N+]([O-])[O-],0,62.004000000000005,66.2,0,3,-0.23910000000000006,10.3614
Cl[Fe](Cl)Cl,0,162.204,0.0,0,0,2.066,17.558999999999997
[H]P([H])[H],0,33.998,0.0,0,0,0.05809999999999993,11.104999999999999
Cl[Sn]Cl,0,189.617,0.0,0,0,0.9982,17.46
O[As](=O)([O-])[O-].[Na+].[Na+],0,185.906,83.42,1,3,-9.4266,8.6593
ClCl,0,70.906,0.0,0,0,1.379,11.706
O=P1(O)OP(=O)(O)OP(=O)(O)O1,0,239.93699999999998,139.58999999999997,3,6,0.3509999999999996,32.73089999999999
[O-]S(=O)(=O)[O-].[Ni+2],0,154.75599999999997,80.25999999999999,0,4,-1.3404999999999996,10.4746
O.O.O.O.O.O.[Mg+2].[Cl-].[Cl-],0,203.30100000000002,189.0,0,0,-11.320999999999996,27.436799999999995
CCOC1=CC=C(C=C1)NC(=O)C.CC(=O)OC1=CC=CC=C1C(=O)O.CN1C=NC2=C1C(=O)N(C(=O)N2C)C,0,553.5720000000001,163.75,2,11,2.3244999999999996,147.82099999999988
[H]c1c([H])c([H])c(N([H])C(=O)Oc2c([H])c([H])c([H])c(N([H])C(=O)OC([H])([H])C([H])([H])[H])c2[H])c([H])c1[H],0,300.314,76.66000000000001,2,4,3.8659000000000017,83.17540000000004
[O-]S(=O)(=O)[O-].[O-]S(=O)(=O)[O-].[Al+3].[K+],0,258.20599999999996,160.51999999999998,0,8,-6.0527999999999995,26.703200000000002
O.O.[Cl-].[Cl-].[Ba+2],0,244.264,63.0,0,0,-8.0222,12.981599999999998
[H]c1c([H])c([H])c2c(c1[H])-c1c([H])c([H])c([H])c3c([H])c([N+](=O)[O-])c([H])c-2c13,0,247.25299999999996,43.14,0,2,4.395400000000002,75.03240000000002
[H]Oc1c(Br)c([H])c2c(c1Br)Oc1c(Br)c(O[H])c(Br)c([H])c1C21OC(=O)c2c([H])c([H])c([H])c([H])c21,0,647.895,75.99000000000001,2,5,6.715800000000004,118.82709999999999
CC1=C(C=CC=C1N)N.Cl.Cl,0,195.09300000000005,52.04,2,2,2.00302,54.499800000000015
[H]OP(=O)(O[H])C([H])([H])C([H])([H])Cl,0,144.494,57.53,2,1,0.4029,27.631099999999996
[H]Oc1c([H])c([H])c(-c2[o+]c3c([H])c(O[H])c([H])c(O[H])c3c([H])c2O[C@]2([H])O[C@]([H])(C([H])([H])O[C@]3([H])O[C@@]([H])(C([H])([H])[H])[C@]([H])(O[H])[C@@]([H])(O[H])[C@@]3([H])O[H])[C@@]([H])(O[H])[C@]([H])(O[H])[C@@]2([H])O[H])c([H])c1O[H],0,595.5300000000003,250.51999999999995,10,14,-0.7661999999999993,138.333
[H]c1c([H])c(SC([H])([H])[H])c(C([H])([H])[H])c([H])c1OP(=O)(OC([H])([H])C([H])([H])[H])N([H])C([H])(C([H])([H])[H])C([H])([H])[H],0,303.364,47.56,1,4,4.238320000000003,81.09220000000005
[H]N(C(=O)ON=C(SC([H])([H])[H])C(=O)N(C([H])([H])[H])C([H])([H])[H])C([H])([H])[H],0,219.266,70.99999999999999,1,5,0.10709999999999997,55.18470000000002
CNC(=O)OC1=CC=CC(=C1)N=CN(C)C.Cl,0,257.72099999999995,53.93,1,3,2.0480000000000005,70.61270000000002
[H]Oc1c([H])c([H])c2c([H])c(S(=O)(=O)O)c([H])c([H])c2c1N=Nc1c([H])c(C([H])([H])[H])c(S(=O)(=O)O)c([H])c1OC([H])([H])[H],0,452.46600000000024,162.91999999999996,3,8,3.7712200000000013,107.14900000000004
[N-]=[N+]=[N-],0,42.021,58.7,0,0,0.8661000000000001,10.077
[O-]S(=O)(=O)[O-].O=[V+2],0,163.00599999999997,97.32999999999998,0,5,-1.4592999999999996,11.161100000000001
[H]c1c(Cl)c(Cl)c([H])c(-c2c([H])c(Cl)c(Cl)c([H])c2Cl)c1Cl,0,360.88200000000006,0.0,0,0,7.274000000000001,81.938
[H]c1c([H])c(Cl)c(-c2c([H])c(Cl)c([H])c([H])c2Cl)c([H])c1Cl,0,291.99199999999996,0.0,0,0,5.967200000000001,71.91800000000002
[H]C(=C(C([H])([H])[H])C([H])([H])[H])C1([H])C([H])(C(=O)OC([H])(C#N)c2c([H])c([H])c([H])c(Oc3c([H])c([H])c([H])c([H])c3[H])c2[H])C1(C([H])([H])[H])C([H])([H])[H],0,375.4680000000001,59.32000000000001,0,4,5.825180000000005,107.59600000000005
C[C@](CC1=CC(=C(C=C1)O)O)(C(=O)O)N.C[C@](CC1=CC(=C(C=C1)O)O)(C(=O)O)N.O.O.O,0,476.47900000000027,302.06,8,8,-1.5895000000000004,118.24900000000004
[H]C([H])([H])C([H])([H])OP(=S)(Oc1nc(Cl)n(C([H])(C([H])([H])[H])C([H])([H])[H])n1)OC([H])([H])C([H])([H])[H],0,313.74700000000007,58.400000000000006,0,7,3.1887000000000016,73.58200000000004
[H]C([H])([H])N(c1nc(=O)n(C2([H])C([H])([H])C([H])([H])C([H])([H])C([H])([H])C2([H])[H])c(=O)n1C([H])([H])[H])C([H])([H])[H],0,252.31799999999993,60.13,0,6,0.5131999999999997,70.18700000000003
[H]OC([H])([H])[C@@]12[C@@]3(C([H])([H])[H])C([H])([H])[C@@]([H])(O[H])[C@@]([H])(O[C@]1([H])C([H])=C(C([H])([H])[H])C(=O)[C@@]2([H])O[H])[C@]31OC1([H])[H],0,296.3190000000001,99.52,3,6,-0.8377000000000003,70.36440000000003
[H]c1c([H])c([N+]([H])([H])[H])c(OC([H])([H])[H])c([H])c1OC([H])([H])[H],0,154.18899999999996,46.10000000000001,1,2,0.5772,42.09410000000001
C(O)[P+](CO)(CO)CO.C(O)[P+](CO)(CO)CO.[O-]S(=O)(=O)[O-],0,406.28300000000013,242.1,8,12,-3.7316,81.00100000000002
CCN(CC)C(=O)NC1=CC(=C(C=C1)OCC(CNC(C)(C)C)O)C(=O)C.Cl,0,415.96200000000016,90.9,3,5,3.312500000000002,114.89170000000009
[H]c1c([H])c([H])c(-c2c([H])n(C([H])([H])[H])c([H])c(-c3c([H])c([H])c([H])c(C(F)(F)F)c3[H])c2=O)c([H])c1[H],0,329.321,22.0,0,2,4.738100000000003,87.55700000000002
[H]C(=O)N([H])C([H])(N1C([H])([H])C([H])([H])OC([H])([H])C1([H])[H])C(Cl)(Cl)Cl,0,261.53599999999994,41.57000000000001,1,3,0.7609000000000004,55.66970000000003
[H]OC(c1c([H])nc([H])nc1[H])(c1c([H])c([H])c(Cl)c([H])c1[H])c1c([H])c([H])c([H])c([H])c1Cl,0,331.202,46.010000000000005,1,3,4.067600000000001,87.03680000000001
[H]OC([H])(C([H])([H])Oc1c([H])n(C([H])([H])[H])c(=O)c2c([H])c([H])c([H])c([H])c12)C([H])([H])[N+]([H])([H])C(C([H])([H])[H])(C([H])([H])[H])C([H])([H])[H],0,305.3980000000001,68.07,2,4,0.6400999999999999,87.23620000000005
[H]c1c([H])c([H])c2c(c1[H])c([H])c([H])c1c3c([H])c([H])c([H])c([N+](=O)[O-])c3c([H])c([H])c21,0,273.291,43.14,0,2,5.054400000000003,85.61440000000002
[H]c1c([H])c([H])c(Oc2c([H])c([H])c([H])c(C([H])(C#N)OC(=O)C3([H])C(C([H])([H])[H])(C([H])([H])[H])C3(C([H])([H])[H])C([H])([H])[H])c2[H])c([H])c1[H],0,349.43000000000006,59.32,0,4,5.268980000000004,98.45600000000003
[H]c1c([H])c([H])c(S(=O)(=O)N([H])C(=O)N([H])c2nc(OC([H])([H])[H])nc(C([H])([H])[H])n2)c(Cl)c1[H],0,357.7790000000001,123.17,2,7,1.3524200000000002,81.90820000000001
[H]c1c([H])c(OC([H])(C(=O)OC([H])([H])C([H])([H])[H])C([H])([H])[H])c([H])c([H])c1Oc1nc2c([H])c([H])c(Cl)c([H])c2o1,0,361.781,70.79,0,6,4.603900000000004,92.25800000000004
[H]c1c([H])c([H])c(Oc2c([H])c([H])c([H])c([C@@]([H])(C#N)OC(=O)[C@@]3([H])C(C([H])([H])[H])(C([H])([H])[H])[C@@]3([H])C([H])(Br)C(Br)(Br)Br)c2[H])c([H])c1[H],0,665.014,59.32,0,4,7.460980000000004,130.39199999999997
[H]Oc1c([H])c([H])c(C([H])([H])[C@@]([H])(C(=O)N([H])[C@@]([H])(C(=O)N([H])[C@]([H])(C(=O)N([H])[C@]([H])(C(=O)N2C([H])([H])C([H])([H])C([H])([H])[C@@]2([H])C(=O)N([H])C([H])([H])C([H])([H])[H])C([H])([H])C([H])([H])C([H])([H])N=C(N([H])[H])N([H])[H])C([H])([H])C([H])(C([H])([H])[H])C([H])([H])[H])C([H])([H])OC(C([H])([H])[H])(C([H])([H])[H])C([H])([H])[H])N([H])C(=O)[C@@]([H])(N([H])C(=O)[C@@]([H])(N([H])C(=O)[C@@]([H])(N([H])C(=O)[C@@]2([H])N([H])C(=O)C([H])([H])C2([H])[H])C([H])([H])c2c([H])nc([H])n2[H])C([H])([H])c2c([H])n([H])c3c([H])c([H])c([H])c([H])c23)C([H])([H])O[H])c([H])c1[H],0,1239.447,440.7699999999999,15,15,-1.6691000000000142,326.3601000000005
[H]OC(=O)C([H])([H])Oc1nc(F)c(Cl)c(N([H])[H])c1Cl,0,255.03199999999998,85.44,2,4,1.5731,51.7582
[H]c1c([H])c([H])c2c(c1[H])c([H])c1c([H])c([H])c3c([H])c([H])c([N+](=O)[O-])c4c([H])c([H])c2c1c34,0,297.31300000000005,43.14,0,2,5.645400000000003,94.30640000000002
[H]c1c([H])c([H])c2c(c1[H])c([H])c1c([H])c([H])c3c([N+](=O)[O-])c([H])c([H])c4c([H])c([H])c2c1c43,0,297.31300000000005,43.14,0,2,5.645400000000003,94.30640000000002
[H]C1=C([H])C([H])([H])[C@@]([H])(c2c([H])nc([H])c([H])c2[H])N(N=O)C1([H])[H],0,189.218,45.56,0,3,2.066,53.236000000000026
[H]c1c([H])c([H])c2c(c1[H])-c1c([H])c([H])c([H])c([H])c1C2(C(=O)N([H])[H])C([H])([H])C([H])([H])C([H])([H])N([H])C([H])(C([H])([H])[H])C([H])([H])[H],0,308.42499999999995,55.120000000000005,2,2,3.2166000000000015,94.22510000000004
[H]OC(=O)N([H])c1c([H])c([H])c(-c2c([H])c([H])c([H])c([H])c2[H])c([H])c1[H],0,213.23600000000002,49.33,2,1,3.443500000000001,63.52550000000003
[H]ON(C(=O)C([H])([H])[H])c1c([H])c([H])c2c([H])c([H])c3c([H])c([H])c([H])c4c([H])c([H])c1c2c34,0,275.3070000000001,40.54,1,2,4.326100000000002,85.09250000000004
C([C@@H](C(=O)O)N)S.Cl,0,157.62199999999999,63.31999999999999,3,3,-0.25010000000000004,36.7122
[H]OC(C(=O)O)(C([H])([H])C(=O)O)C([H])([H])C(=O)O,0,192.123,132.13,4,4,-1.2484999999999995,37.0912
OCl,0,52.46000000000001,20.23,1,1,0.1325,8.0718
[O-][Cr](=O)(=O)[O-].[Ni+2],0,174.685,80.25999999999999,0,4,-2.6206,1.373
[H]C([H])(Br)C(Br)(C#N)C([H])([H])C([H])([H])C#N,0,265.936,47.58,0,2,2.34236,45.91200000000001
CC1=CC(=C(C=C1NC(=O)C)NS(=O)(=O)C(F)(F)F)C.C(CO)NCCO,0,415.4340000000002,127.76000000000002,5,6,1.0839399999999995,95.85850000000003
[H]N(C(=O)OC([H])([H])C#CI)C([H])([H])C([H])([H])C([H])([H])C([H])([H])[H],0,281.093,38.33,1,2,1.9086,56.054700000000025
[H]c1c([H])c([H])c2c(c1[H])c([H])c([H])c1c3c([H])c([H])c([N+](=O)[O-])c([H])c3c([H])c([H])c21,0,273.291,43.14,0,2,5.054400000000003,85.61440000000002
[H]C1([H])C([H])([H])C([H])([H])[N+](C([H])([H])[H])(C([H])([H])[H])C([H])([H])C1([H])[H],0,114.21199999999999,0.0,0,0,1.2467,35.69339999999999
CNCCC(C1=CC=CC=C1)OC2=CC=C(C=C2)C(F)(F)F.Cl,0,345.792,21.259999999999998,1,2,4.856800000000004,87.04670000000003
[H]C(=NC([H])([H])C([H])([H])SC([H])([H])c1nc(N=C(N([H])[H])N([H])[H])sc1[H])N([H])S(=O)(=O)c1c([H])c([H])c(Br)c([H])c1[H],0,477.4350000000001,135.82,3,7,2.0505,111.56830000000001
[H]Oc1c([H])c([H])c2c(c1[H])C([H])([H])C([H])([H])[C@@]1([H])[C@]3([H])C([H])([H])C([H])([H])[C@@]([H])(O[H])[C@@]3(C([H])([H])[H])C([H])([H])C([H])([H])[C@]21[H],0,272.38800000000003,40.46,2,2,3.609200000000002,78.73060000000004
[H]OC([H])([H])[C@@]1([H])O[C@]([H])(O[C@]2(C([H])([H])Cl)O[C@]([H])(C([H])([H])Cl)[C@@]([H])(O[H])[C@]2([H])O[H])[C@]([H])(O[H])[C@@]([H])(O[H])[C@@]1([H])Cl,0,397.635,128.84,5,8,-1.6561000000000003,79.54400000000003
[H]Oc1c([H])c(C(C([H])([H])[H])(C([H])([H])[H])C([H])([H])[H])c(OC([H])([H])[H])c([H])c1C(C([H])([H])[H])(C([H])([H])[H])C([H])([H])[H],0,236.35499999999996,29.46,1,2,3.9958000000000036,72.05880000000005
[H]C([H])([H])C([N+](=O)[O-])(C([H])([H])[H])C([N+](=O)[O-])(C([H])([H])[H])C([H])([H])[H],0,176.172,86.28,0,4,1.097,42.14680000000002
CNC1=CC=C(C=C1)N.Cl.Cl,0,195.09300000000002,38.05,2,2,2.1540999999999997,54.89710000000002
CN(C)CCN(CC1=CC=C(C=C1)OC)C2=CC=CC=N2.Cl,0,321.85200000000003,28.6,0,4,3.080200000000002,94.08300000000006
[H]c1c([H])c(N=NN(C([H])([H])[H])C([H])([H])[H])c([H])c([H])c1Br,0,228.093,27.96,0,2,3.009400000000001,52.34500000000003
P#[Ga],0,100.697,0.0,0,0,0.48039999999999994,12.674
[H]Oc1c(Br)c([H])c2c(c1Br)Oc1c(Br)c(O[H])c(Br)c([H])c1C21OC(=O)c2c(Cl)c(Cl)c(Cl)c(Cl)c21,0,785.6749999999997,75.99000000000001,2,5,9.3294,138.8671
[H]OC(=O)c1c(C2=NC(C([H])([H])[H])(C([H])(C([H])([H])[H])C([H])([H])[H])C(=O)N2[H])nc([H])c(C([H])([H])OC([H])([H])[H])c1[H],0,305.3340000000001,100.88,2,5,1.2172999999999994,79.83200000000004
[H]c1c([H])c([H])c2c(c1[H])c([N+](=O)[O-])c1c([H])c([H])c3c([H])c([H])c([N+](=O)[O-])c4c([H])c([H])c2c1c34,0,342.3100000000001,86.28,0,4,5.553600000000003,100.96080000000003
C1=CC(=CC=C1C(=O)O)NN.Cl,0,188.61399999999998,75.35,3,3,1.0922,48.4594
[H]Oc1c(S(=O)(=O)O)c([H])c2c([H])c(S(=O)(=O)[O-])c([H])c([H])c2c1C(=C1C([H])=C([H])C(=[N+](C([H])([H])[H])C([H])([H])[H])C([H])=C1[H])c1c([H])c([H])c(N(C([H])([H])[H])C([H])([H])[H])c([H])c1[H],0,554.6460000000002,138.04999999999998,2,7,3.4032000000000027,145.57699999999986
[H]OC(c1c([H])c([H])c(F)c([H])c1[H])(c1c([H])c([H])c([H])c([H])c1F)C([H])([H])n1nc([H])nc1[H],0,301.296,50.94,1,4,2.4924,75.82080000000002
[H]C([H])([H])C([H])([H])OP(=O)(SC([H])(C([H])([H])[H])C([H])([H])C([H])([H])[H])N1C(=O)SC([H])([H])C1([H])[H],0,283.3550000000001,46.61,0,5,3.831500000000003,71.13650000000004
[H]OC(=O)c1c(C2=NC(C([H])([H])[H])(C([H])(C([H])([H])[H])C([H])([H])[H])C(=O)N2[H])nc([H])c(C([H])([H])[H])c1[H],0,275.30800000000005,91.64999999999999,2,4,1.3793199999999994,73.85600000000002
[H]c1c([H])c(-c2c(C#N)c(Br)c(C(F)(F)F)n2C([H])([H])OC([H])([H])C([H])([H])[H])c([H])c([H])c1Cl,0,407.6170000000001,37.95,0,3,5.455480000000002,83.92100000000002
[H]OC(=O)[C@@]1([H])O[C@@]([H])(ON(C(=O)C([H])([H])[H])c2c([H])c([H])c3c(c2[H])C([H])([H])c2c([H])c([H])c([H])c([H])c2-3)[C@]([H])(O[H])[C@@]([H])(O[H])[C@]1([H])O[H],0,415.3980000000001,136.76000000000002,4,7,0.4344999999999997,103.24620000000003
[H]Oc1c([H])c([H])c2c(c1I)Oc1c(I)c(O[H])c([H])c([H])c1C21OC(=O)c2c([H])c([H])c([H])c([H])c21,0,584.1030000000002,75.99000000000001,2,5,4.8750000000000036,113.46109999999997
[H]C#CC([H])([H])N1C(=O)C([H])([H])Oc2c([H])c(F)c(N3C(=O)C4=C(C3=O)C([H])([H])C([H])([H])C([H])([H])C4([H])[H])c([H])c21,0,354.3370000000002,66.92,0,4,1.9281,91.06800000000003
[H]c1c(OC([H])([H])[H])nc(N([H])C(=O)N([H])S(=O)(=O)c2c(Cl)nc3c([H])c([H])c([H])c([H])n23)nc1OC([H])([H])[H],0,412.8150000000001,136.80999999999997,2,9,1.3053,94.6782
[H]C([H])([H])C1([H])C([H])([H])C(OOC(C([H])([H])[H])(C([H])([H])[H])C([H])([H])[H])(OOC(C([H])([H])[H])(C([H])([H])[H])C([H])([H])[H])C([H])([H])C(C([H])([H])[H])(C([H])([H])[H])C1([H])[H],0,302.45500000000004,36.92,0,4,5.022300000000005,83.37300000000008
C1=CC(=CC=C1N)N(CCO)CCO.OS(=O)(=O)O,0,294.329,144.32,5,6,-0.5929999999999991,71.41640000000002
[H]c1c([H])c([H])c(C(=O)C([H])(OC([H])(C([H])([H])[H])C([H])([H])C([H])([H])[H])OC([H])(C([H])([H])[H])C([H])([H])C([H])([H])[H])c([H])c1[H],0,264.36499999999995,35.53,0,3,3.825600000000003,76.23650000000006
[H]c1nc(Cl)c([H])c(N([H])C(=O)N([H])c2c([H])c([H])c([H])c([H])c2[H])c1[H],0,247.68500000000003,54.02,2,2,3.3790000000000004,68.33040000000001
[H]c1c([H])c(OC([H])([H])C(=O)OC([H])([H])[H])c([H])c([H])c1Cl,0,200.621,35.53,0,3,1.8918,48.96300000000003
[H]c1c(Br)c([H])c(Br)c(N=NN(C([H])([H])[H])C([H])([H])[H])c1Br,0,385.88500000000005,27.96,0,2,4.5344000000000015,67.745
CCO[Si](CCCOCC1CO1)(OCC)OCC,0,278.421,49.45,0,5,1.8402999999999996,70.61500000000005
[H]C(=C(Cl)Cl)C1([H])C([H])(C(=O)OC([H])(C#N)c2c([H])c([H])c(F)c(Oc3c([H])c([H])c([H])c([H])c3[H])c2[H])C1(C([H])([H])[H])C([H])([H])[H],0,434.29400000000015,59.32000000000001,0,4,6.317080000000004,107.912
[H]Oc1c([H])c([N+](=O)[O-])c2c([H])c([H])c3c([H])c([H])c([H])c4c([H])c([H])c1c2c43,0,263.252,63.370000000000005,1,3,4.197800000000002,78.46520000000004
[H]C1=C([H])C2([H])OC2([H])C([H])=C1[H],0,94.11299999999997,12.53,0,1,0.8797999999999999,26.94099999999999
[H]ON([H])c1nc2nc([H])c(-c3c([H])c([H])c([H])c([H])c3[H])c([H])c2n1C([H])([H])[H],0,240.26600000000002,62.97,2,5,2.4364,69.35420000000002
[H]OC([H])([H])c1c([H])c([H])c2c([H])c([H])c3c([H])c([H])c([H])c4c([H])c([H])c1c2c34,0,232.28199999999998,20.23,1,1,4.076300000000002,76.06880000000004
[H]Oc1c([H])c([H])c2c([H])c([H])c3c([N+](=O)[O-])c([H])c([H])c4c([H])c([H])c1c2c43,0,263.252,63.370000000000005,1,3,4.197800000000002,78.46520000000002
[H]OC([H])([H])C([H])([H])C([H])([H])C([H])(c1c([H])nc([H])c([H])c1[H])N(N=O)C([H])([H])[H],0,209.249,65.79,1,4,1.5084,56.85580000000003
[H]c1c([H])c2c(c([H])c1Cl)C([H])([H])[C@]1(C(=O)OC([H])([H])[H])OC([H])([H])N(C(=O)N(C(=O)OC([H])([H])[H])c3c([H])c([H])c(OC(F)(F)F)c([H])c3[H])N=C21,0,527.839,106.97000000000001,0,8,4.093300000000004,117.63600000000002
[H]c1c([H])c2c3c(c1[H])c([H])c([H])c1c([H])c([H])c([N+](=O)[O-])c(c13)C1([H])OC21[H],0,263.25199999999995,55.67,0,3,4.0272000000000014,74.67540000000001
CN1C=C(C2=CC=CC=C21)C(=O)[C@@H]3CCC4=C(C3)NC=N4.Cl,0,315.8039999999999,50.68,1,3,3.311000000000002,88.60020000000003
[H]O[C@@]1([H])C([H])([H])C([H])([H])[C@]2(C([H])([H])[H])[C@@]3([H])C([H])([H])C([H])([H])[C@@]4(C([H])([H])[H])[C@@]([H])(C([H])([H])C([H])([H])[C@]4([H])[C@]([H])(C([H])([H])[H])C([H])([H])C([H])([H])C([H])([H])C([H])(C([H])([H])[H])C([H])([H])[H])[C@]3([H])C([H])([H])[C@@]3([H])O[C@@]23C1([H])[H],0,402.66300000000024,32.76,1,2,6.599900000000007,118.57380000000009
[H]OC(=O)C([H])([H])[C@@]1([H])C(=O)N([H])[C@@]([H])(C([H])([H])c2c([H])c([H])c([H])c([H])c2[H])C(=O)N1[H],0,262.265,95.5,3,3,-0.31300000000000033,66.26020000000003
[H]C([H])([H])C([H])([H])C(=O)OC([H])([H])C([H])([H])C([H])([H])C([H])([H])C([H])([H])C([H])(C([H])([H])[H])C([H])([H])[H],0,186.295,26.3,0,2,3.1560000000000015,54.55600000000005
[H]c1nc([H])n([H])c1C([H])([H])[C@@]([H])(C(=O)N1C([H])([H])C([H])([H])C([H])([H])[C@@]1([H])C(=O)N([H])[H])N([H])C(=O)[C@@]1([H])N([H])C(=O)N(C([H])([H])[H])C(=O)C1([H])[H],0,405.41500000000013,170.59,4,6,-2.1463999999999954,97.85850000000003
[H]OC([H])([H])[C@@]([H])(O[H])[C@@]([H])(O[H])C([H])([H])C(=O)C([H])=O,0,162.141,94.82999999999998,3,5,-2.1414,34.7874
[H]C1=C([H])C2=C(C(=O)C1=O)C([H])([H])C([H])([H])[C@@]1([H])[C@]3([H])C([H])([H])C([H])([H])C(=O)[C@@]3(C([H])([H])[H])C([H])([H])C([H])([H])[C@]21[H],0,284.35499999999996,51.21,0,3,2.796400000000001,77.46600000000004
[H]c1c([H])c([H])c2c(c1[H])c1c([H])c([H])c([H])c3c([H])c([H])c4c([H])c([H])c([N+](=O)[O-])c2c4c31,0,297.31300000000005,43.14,0,2,5.645400000000003,94.30640000000005
[H]OC(=O)C([H])([H])C([H])([H])C([H])(c1c([H])nc([H])c([H])c1[H])N(N=O)C([H])([H])[H],0,223.23200000000003,82.85999999999999,1,4,1.6007,57.40580000000003
CC1=C(C(C(=C(N1)C)C(=O)OCC(C)(C)CN(C)CC2=CC=CC=C2)C3=C(C=CC(=C3)[N+](=O)[O-])F)C(=O)OC.Cl,0,576.0650000000002,111.01,1,8,5.264900000000006,151.11109999999977
CC1=C(C(C(=C(N1)C)P2(=O)OCC(CO2)(C)C)C3=CC(=CC=C3)[N+](=O)[O-])C(=O)OCCN(CC4=CC=CC=C4)C5=CC=CC=C5.Cl,0,668.1270000000003,120.24000000000001,1,9,7.7250000000000085,179.80559999999954
[H]C#CC([H])([H])N1C(=O)N(C([H])([H])OC(=O)C2([H])C([H])(C([H])=C(C([H])([H])[H])C([H])([H])[H])C2(C([H])([H])[H])C([H])([H])[H])C(=O)C1([H])[H],0,318.3730000000001,66.92,0,4,1.6229,83.79900000000004
[H]N(C([H])([H])C([H])([H])C(=O)[O-])[N+](C([H])([H])[H])(C([H])([H])[H])C([H])([H])[H],0,146.19,52.16,1,3,-1.6627999999999978,35.659099999999995
[H]OC([H])([H])C([H])([H])C1([H])N(C(=O)OC([H])(C([H])([H])[H])C([H])([H])C([H])([H])[H])C([H])([H])C([H])([H])C([H])([H])C1([H])[H],0,229.31999999999994,49.769999999999996,1,3,2.1584000000000003,62.281800000000054
[H]OC1([H])c2c([H])c([H])c([H])c3c4c([H])c([H])c([H])c([H])c4c4c5c([H])c([H])c([H])c([H])c5c([H])c(c4c23)C1([H])O[H],0,336.3900000000001,40.46,2,2,5.379800000000003,106.38560000000004
[H]OC(=O)[C@@]1([H])O[C@@]([H])(N([H])c2c([H])c([H])c3c(c2[H])C([H])([H])c2c([H])c([H])c([H])c([H])c2-3)[C@]([H])(O[H])[C@@]([H])(O[H])[C@]1([H])O[H],0,357.362,119.25000000000001,5,6,0.5618999999999996,92.62390000000003
[H]OC(=O)c1c([H])c([H])c(N=Nc2c([H])c([H])c(O[H])c(C(=O)O[H])c2[H])c([H])c1[H],0,286.243,119.55,3,5,3.2040000000000006,72.64340000000001
[H]C([H])(C(=O)O)C([H])([H])C([H])([H])C([H])([H])C([H])([H])C([H])([H])C([H])([H])C([H])([H])C(=O)O,0,202.24999999999997,74.6,2,2,2.2763999999999998,52.207600000000035
[H]OC1([H])c2c([H])c([H])c3c(c(C([H])([H])C([H])([H])C([H])([H])[H])c([H])c4c([H])c([H])c([H])c([H])c43)c2C2([H])OC2([H])C1([H])O[H],0,320.38800000000003,52.989999999999995,2,3,3.7933000000000034,94.02960000000002
[H]O[C@@]1([H])[C@@]2([H])O[C@@]2([H])c2c(c([H])c([H])c3c2c(C([H])([H])C([H])([H])[H])c([H])c2c([H])c([H])c([H])c([H])c23)[C@]1([H])O[H],0,306.361,52.989999999999995,2,3,3.4032000000000022,89.41260000000004
CCN(CC)CC#CC(C)(C)OC(=O)C(C1CCCCC1)(C2=CC=CC=C2)O.Cl,0,422.00900000000007,49.769999999999996,1,4,4.543300000000006,119.89680000000006
[H]c1c(Cl)c([H])c(Cl)c(N([H])N=NC([H])([H])[H])c1Cl,0,238.50500000000002,36.75,1,2,4.055700000000002,55.874700000000004
[H]O[C@]1([H])C([H])=C([H])C([H])=C([H])[C@@]1([H])O[H],0,112.12799999999997,40.46,2,2,-0.16580000000000011,30.29359999999999
[H]ON(C(=O)C([H])([H])C([H])([H])[H])c1c([H])c([H])c(-c2c([H])c([H])c([H])c([H])c2[H])c([H])c1[H],0,241.29000000000002,40.54,1,2,3.485800000000002,71.44150000000003
[H]c1c([H])c([H])c2c(c1[H])c1c([H])c([H])c([H])c3c([H])c([H])c4c([N+](=O)[O-])c([H])c([H])c2c4c31,0,297.31300000000005,43.14,0,2,5.645400000000003,94.30640000000002
[H]c1nc2c(c([H])c1[H])c1c(c3c([H])c([H])c([H])c([H])c32)O1,0,193.20499999999996,25.42,0,2,3.4937000000000022,59.323000000000036
[H]O[C@@]1([H])C([H])=C([H])c2c(c([H])c([H])c3c([H])c([H])c([H])nc23)[C@]1([H])O[H],0,213.23600000000002,53.35000000000001,2,3,1.6558999999999997,61.74360000000003
[H]c1c([H])c([H])c2c([N+](=O)[O-])c3c4c([H])c([H])c([H])c([H])c4c4c([H])c([H])c([H])c([H])c4c3c([H])c2c1[H],0,323.3510000000001,43.14,0,2,6.207600000000004,103.12040000000003
[H]O[C@]1([H])c2c([H])c([H])c([H])c([H])c2-c2nc3c([H])c([H])c([H])c([H])c3c([H])c2[C@@]1([H])O[H],0,263.296,53.35000000000001,2,3,2.982200000000002,77.09860000000003
CC(CN(C)C1=NN=C(C=C1)NN)O.Cl.Cl,0,270.16400000000004,87.30000000000001,3,6,0.4227999999999999,69.28890000000001
[H]O[C@@]1([H])[C@@]2([H])O[C@@]2([H])c2c(c([H])c([H])c3c([H])c4c([H])c([H])c5c([H])c([H])c([H])c([H])c5c4nc23)[C@]1([H])O[H],0,329.3550000000001,65.88,2,4,3.3890000000000025,95.33560000000004
[H]c1c2c(c3nc4c(c([H])c([H])c5c([H])c([H])c([H])c([H])c54)c([H])c3c1[H])[C@]1([H])O[C@]1([H])C([H])([H])C2([H])[H],0,297.3570000000001,25.42,0,2,4.927300000000003,92.69000000000001
[H]c1c([H])c([H])c2c(c1[H])c([H])c([H])c1c3c([H])c([N+](=O)[O-])c([H])c([H])c3c([H])c([H])c21,0,273.291,43.14,0,2,5.054400000000003,85.61440000000002
[H]O[C@@]1([H])[C@]2([H])O[C@]2([H])C([H])=C([H])[C@]1([H])O[H],0,128.12699999999998,52.989999999999995,2,3,-0.9546000000000001,29.81459999999999
[H]O[C@@]1([H])C([H])=C([H])C([H])=C([H])[C@]1([H])O[H],0,112.12799999999997,40.46,2,2,-0.16580000000000011,30.29359999999999
[H]OC(=O)c1c([H])n(C2([H])C([H])([H])C2([H])[H])c2c(OC([H])([H])[H])c(N3C([H])([H])[C@]4([H])C([H])([H])C([H])([H])C([H])([H])N([H])[C@]4([H])C3([H])[H])c(F)c([H])c2c1=O,0,401.43800000000016,83.79999999999998,2,6,2.3705000000000007,106.67600000000007
[H]c1c([H])c([H])c2c(c1[H])c([H])c([H])c1c3c(c([H])c(OC([H])([H])C([H])([H])C([H])([H])C([H])([H])C([H])([H])C([H])([H])[H])c12)C(=O)C([H])([H])C3([H])[H],0,332.44300000000004,26.3,0,2,6.081000000000004,103.74250000000008
CCO[Si](CCC1CCC2C(C1)O2)(OCC)OCC,0,288.46000000000004,40.22,0,4,2.9924000000000017,76.05800000000006
[H]Oc1c([H])c([H])c(C2([H])C([H])(C([H])([H])[H])c3c([H])c(O[H])c([H])c([H])c3C2([H])C([H])([H])C([H])([H])[H])c([H])c1[H],0,268.356,40.46,2,2,4.492300000000003,80.40160000000004
C([C@@H]1[C@@H]([C@@H]([C@H]([C@@H](O1)O[C@H]([C@@H](CO)O)[C@@H]([C@H](CO)O)O)O)O)O)O.O.O,0,380.3430000000001,263.53,9,11,-7.410599999999991,78.0598
[O-2].[O-2].[O-2].[Ga+3].[Ga+3],0,187.44299999999998,85.5,0,0,-1.118,13.567499999999999
[H]OC1([H])c2c(nc3c(c2[H])c([H])c([H])c2c([H])c([H])c([H])c([H])c23)C2([H])OC2([H])C1([H])O[H],0,279.295,65.88000000000001,2,4,2.2358000000000007,77.82960000000004
[H]OC1([H])c2nc3c(c([H])c2C2([H])OC2([H])C1([H])O[H])c([H])c([H])c1c([H])c([H])c([H])c([H])c13,0,279.295,65.88000000000001,2,4,2.2357999999999993,77.82960000000003
[H]O[C@@]1([H])C([H])=C([H])c2c(c([H])c([H])c3nc([H])c([H])c([H])c23)[C@]1([H])O[H],0,213.236,53.35000000000001,2,3,1.6558999999999997,61.74360000000003
[H]c1c([H])c(S(=O)(=O)O)c([H])c([H])c1N=NC1([H])C(=O)N(c2c([H])c([H])c(S(=O)(=O)O)c([H])c2[H])N=C1C(=O)O,0,468.4250000000002,203.42999999999998,3,9,1.1197000000000001,103.37400000000005
[H]C([H])=C([H])C(=O)OC([H])([H])C([H])([H])C([H])([H])C([H])([H])C([H])([H])C([H])(C([H])([H])[H])C([H])([H])[H],0,184.279,26.3,0,2,2.9320000000000013,54.462000000000046
[H]OC(=O)C([H])([H])N(N=O)C([H])([H])C([H])([H])[H],0,132.119,69.97,1,3,0.07430000000000025,30.67779999999999
[H]c1c([H])c([H])c(-c2c([H])c([H])c(OC([H])([H])[H])c(N([H])N([H])C(=O)OC([H])(C([H])([H])[H])C([H])([H])[H])c2[H])c([H])c1[H],0,300.358,59.59,2,4,3.8237000000000023,86.80540000000005
[H]O[H],0,18.015,31.5,0,0,-0.8247,3.6138
[H]c1c([H])c(Oc2c([H])c([H])c(O[C@@]([H])(C(=O)OC([H])([H])C([H])([H])C([H])([H])C([H])([H])[H])C([H])([H])[H])c([H])c2[H])c(F)c([H])c1C#N,0,357.381,68.55000000000001,0,5,4.600280000000004,93.58800000000004
[H]O[C@@]1([H])c2c([H])c([H])c3c([H])c4c([H])c([H])c5c([H])c([H])c([H])c([H])c5c4nc3c2C([H])([H])C([H])([H])[C@]1([H])O[H],0,315.3720000000001,53.35000000000001,2,3,3.8817000000000035,96.04260000000004
[H]OC(=O)c1nc(Cl)c([H])c(N([H])[H])c1Cl,0,207.01600000000002,76.21,2,3,1.6687999999999998,45.6287
[H]c1nc(Cl)c([H])c([H])c1C([H])([H])N(C(=NC#N)C([H])([H])[H])C([H])([H])[H],0,222.67899999999997,52.28,0,3,2.06628,59.43600000000002
[H]c1nc(Cl)sc1C([H])([H])N([H])C(=NC([H])([H])[H])N([H])[N+](=O)[O-],0,249.683,92.45,2,5,0.6531999999999998,57.452799999999996
[H]c1c([H])c([H])c(Oc2c([H])c([H])c(C3(C([H])([H])[H])OC(=O)N(N([H])c4c([H])c([H])c([H])c([H])c4[H])C3=O)c([H])c2[H])c([H])c1[H],0,374.3960000000001,67.87,1,5,4.700000000000004,103.70170000000003
[H]OC([H])([H])[C@]([H])(O[H])[C@]([H])(O[H])C([H])([H])O[H],0,122.11999999999999,80.92,4,4,-2.3071999999999995,26.18519999999999
[H]O[C@@]1([H])C([H])([H])C([H])([H])[C@]2(C([H])([H])[H])[C@@]3([H])C([H])([H])C([H])([H])[C@@]4(C([H])([H])[H])[C@@]([H])(C([H])([H])C([H])([H])[C@]4([H])[C@]([H])(C([H])([H])[H])C([H])([H])C([H])([H])C([H])([H])C([H])(C([H])([H])[H])C([H])([H])[H])[C@]3([H])C([H])([H])[C@]3([H])O[C@]23C1([H])[H],0,402.66300000000024,32.76,1,2,6.599900000000007,118.57380000000009
[H]OC([H])([H])c1oc(C([H])=O)c([H])c1[H],0,126.11099999999998,50.440000000000005,1,3,0.5844,30.018299999999996
[H]c1c([H])c2c([H])c([H])c3c([H])c([H])c(N([H])C(=O)C([H])([H])[H])c4c([H])c([H])c(c1[H])c2c34,0,259.308,29.1,1,1,4.542400000000002,84.44970000000004
[H]OC([H])([H])[C@@]12[C@@]3(C([H])([H])[H])[C@]([H])(OC(=O)C([H])([H])[H])[C@@]([H])(O[H])[C@@]([H])(O[C@]1([H])C([H])=C(C([H])([H])[H])C(=O)[C@@]2([H])O[H])[C@]31OC1([H])[H],0,354.35500000000013,125.82000000000001,3,8,-1.2960999999999987,81.30140000000003
[H]c1c(F)c(N2C(=O)C3=C(C2=O)C([H])([H])C([H])([H])C([H])([H])C3([H])[H])c([H])c(OC([H])([H])C(=O)OC([H])([H])C([H])([H])C([H])([H])C([H])([H])C([H])([H])[H])c1Cl,0,423.8680000000003,72.91,0,5,4.335100000000004,105.37600000000003
[H]C1=C2C(=O)[C@]([H])(C([H])([H])[H])[C@@]([H])(O[C@]3([H])O[C@]([H])(C([H])([H])[H])[C@@]([H])(N(C([H])([H])[H])C([H])([H])[H])C([H])([H])C3([H])[H])C([H])([H])C([H])([H])C([H])([H])[C@]([H])(C([H])([H])C([H])([H])[H])OC(=O)C([H])([H])[C@@]2([H])[C@]2([H])C([H])=C([H])[C@]3([H])C([H])([H])[C@@]([H])(O[C@]4([H])O[C@@]([H])(C([H])([H])[H])[C@]([H])(OC([H])([H])[H])[C@@]([H])(OC([H])([H])[H])[C@@]4([H])OC([H])([H])[H])C([H])([H])[C@@]3([H])[C@]12[H],0,731.9680000000003,111.22000000000001,0,11,5.487400000000006,194.23299999999918
[H]OC([H])([H])[C@@]1([H])O[C@]2([H])O[C@@]3([H])[C@]([H])(O[H])[C@@]([H])(O[H])[C@@]([H])(O[C@@]4([H])[C@]([H])(O[H])[C@@]([H])(O[H])[C@@]([H])(O[C@@]5([H])[C@]([H])(O[H])[C@@]([H])(O[H])[C@@]([H])(O[C@@]6([H])[C@]([H])(O[H])[C@@]([H])(O[H])[C@@]([H])(O[C@@]7([H])[C@]([H])(O[H])[C@@]([H])(O[H])[C@@]([H])(O[C@@]8([H])[C@]([H])(O[H])[C@@]([H])(O[H])[C@@]([H])(O[C@@]1([H])[C@]([H])(O[H])[C@@]2([H])O[H])O[C@]8([H])C([H])([H])O[H])O[C@]7([H])C([H])([H])O[H])O[C@]6([H])C([H])([H])O[H])O[C@]5([H])C([H])([H])O[H])O[C@]4([H])C([H])([H])O[H])O[C@]3([H])C([H])([H])O[H],0,1134.987000000001,554.0500000000003,21,35,-15.230600000000031,228.43379999999962
[H]C(=C(C([H])([H])[H])C([H])([H])[H])C([H])([H])C([H])([H])/C(=C([H])/C([H])=C([H])/C(=C([H])/C([H])=C([H])/C(=C([H])/C([H])=C([H])/C([H])=C(C(/[H])=C([H])/C([H])=C(C(/[H])=C([H])/C([H])=C(\C([H])([H])[H])C([H])([H])C([H])([H])C([H])=C(C([H])([H])[H])C([H])([H])[H])\C([H])([H])[H])\C([H])([H])[H])C([H])([H])[H])C([H])([H])[H])C([H])([H])[H],0,536.8880000000004,0.0,0,0,12.937999999999976,185.57199999999938
[H]Oc1c([H])c([H])c(/C(=C(/c2c([H])c([H])c([H])c([H])c2[H])C([H])([H])C([H])([H])[H])c2c([H])c([H])c(OC([H])([H])C([H])([H])N(C([H])([H])[H])C([H])([H])[H])c([H])c2[H])c([H])c1[H],0,387.5230000000002,32.7,1,3,5.701700000000006,121.24680000000004
N#CS,0,59.093,23.79,1,2,0.39728,14.599
C1=C(NC=N1)CC(C(=O)O)N.O.Cl,0,209.63299999999998,123.5,3,3,-1.0387999999999995,48.76470000000001
[H]OC([H])([H])[C@@]([H])(O[H])[C@]([H])(O[H])[C@@]([H])(O[H])C([H])=O,0,150.13,97.99000000000001,4,5,-2.7397,31.17019999999999
[H]c1c([H])c([H])c2c(c1[H])C(=O)NS2(=O)=O,0,183.18799999999996,63.24,1,3,0.11870000000000008,41.09400000000001
O=S(=O)(O)[S+]([O-])O,0,146.14499999999998,97.66000000000001,2,4,-0.9890999999999996,22.3198
[H]C1=C([H])[C@]2([H])O[C@@]([H])(OC2([H])[H])C1=O,0,126.11099999999998,35.53,0,3,-0.13319999999999999,28.75999999999999
[H]Oc1c([H])c([H])c(/C([H])=C(\[H])C(=O)C([H])([H])C(=O)/C([H])=C(\[H])c2c([H])c([H])c(O[H])c(OC([H])([H])[H])c2[H])c([H])c1OC([H])([H])[H],0,368.3850000000001,93.06,2,6,3.3699000000000012,102.01660000000003
[H]OC([H])([H])[C@@]([H])(O[H])[C@@]([H])(O[H])[C@]([H])(O[H])[C@]([H])(C([H])=O)N([H])C(=O)C([H])([H])[H],0,221.209,127.09,5,6,-3.2349999999999985,48.77490000000003
[H]N([H])C(=S)N([H])N([H])[H],0,91.13900000000001,64.07,3,2,-1.3067000000000002,24.10850000000001
[H]c1c(S(=O)(=O)O)c([H])c2c(O)c([N+](=O)[O-])c([H])c([N+](=O)[O-])c2c1[H],0,314.23100000000005,160.88000000000002,2,7,1.6084999999999998,68.7362
[H]N([H])C(=S)N([H])N([H])C(=S)N([H])[H],0,150.232,76.1,4,2,-1.4322,39.84219999999999
[H]O[C@]1([H])[C@@]([H])(O[H])[C@]2([H])OC([H])([H])[C@@]([H])(O2)[C@@]1([H])O[H],0,162.141,79.15,3,5,-2.1757999999999993,32.63339999999999
CCN(CC)CCCC(C)NC1=C2C=C(C=CC2=NC3=C1C=CC(=C3)Cl)OC.O.O.Cl.Cl,0,508.9180000000003,100.39,1,4,5.166600000000008,142.64130000000006
COC1=CC=C(C=C1)N.Cl,0,159.616,35.25,1,2,1.6991999999999998,44.65440000000002
CN(C)CCOC1=CC=C(C=C1)/C(=C(/CCCl)\C2=CC=CC=C2)/C3=CC=CC=C3.C(C(=O)O)C(CC(=O)O)(C(=O)O)O,0,598.0920000000004,144.60000000000002,4,6,4.966500000000004,161.71919999999974
[H]OC([H])(OC([H])([H])[H])C([H])([H])C([H])([H])[H],0,90.122,29.46,1,2,0.36119999999999997,23.306799999999992
[H]C([H])([H])OP(=O)(O/C(=C(\Cl)C(=O)N(C([H])([H])C([H])([H])[H])C([H])([H])C([H])([H])[H])C([H])([H])[H])OC([H])([H])[H],0,299.69100000000003,65.07000000000001,0,5,2.7426000000000013,69.19050000000003
[H]c1nc(Oc2c([H])c([H])c(O[C@@]([H])(C(=O)OC([H])([H])C([H])([H])C([H])([H])C([H])([H])[H])C([H])([H])[H])c([H])c2[H])c([H])c([H])c1C(F)(F)F,0,383.36599999999993,57.650000000000006,0,5,5.003300000000004,91.71200000000005
CC1=NC=C(C(=N1)N)CN(C=O)/C(=C(/CCOC(=O)C2=CC=CC=C2)\SC(=O)C3=CC=CC=C3)/C.Cl,0,527.0460000000002,115.47999999999999,1,8,4.799620000000005,142.44139999999982
[H]OC([H])([H])C1([H])OC([H])(OC([H])([H])C2([H])OC([H])(OC([H])([H])C([H])(O[H])C([H])(O[H])C([H])(O[H])C([H])(O[H])C([H])=O)C([H])(O[H])C([H])(O[H])C2([H])O[H])C([H])(O[H])C([H])(O[H])C1([H])O[H],0,504.4380000000001,276.52,11,16,-7.730399999999988,102.44380000000001
[H]Oc1c([H])c([H])c(-c2c([H])oc3c([H])c(O[H])c([H])c(O[H])c3c2=O)c([H])c1[H],0,270.24,90.9,3,5,2.5768000000000004,72.9144
CN(C)CCC(C1=CC=C(C=C1)Cl)C2=CC=CC=N2.C(=C\C(=O)O)\C(=O)O,0,390.86700000000013,90.73,2,4,3.5304,105.1146000000001
[H]OC([H])([H])[C@@]1([H])O[C@@]([H])(OC([H])([H])[C@@]2([H])O[C@@]([H])(OC(=O)/C(=C([H])/C([H])=C([H])/C(=C([H])/C([H])=C([H])/C([H])=C(C(/[H])=C([H])/C([H])=C(/C(=O)O[C@]3([H])O[C@]([H])(C([H])([H])O[C@]4([H])O[C@]([H])(C([H])([H])O[H])[C@@]([H])(O[H])[C@]([H])(O[H])[C@@]4([H])O[H])[C@@]([H])(O[H])[C@]([H])(O[H])[C@@]3([H])O[H])C([H])([H])[H])\C([H])([H])[H])C([H])([H])[H])C([H])([H])[H])[C@]([H])(O[H])[C@@]([H])(O[H])[C@]2([H])O[H])[C@]([H])(O[H])[C@@]([H])(O[H])[C@]1([H])O[H],0,976.9720000000009,391.20000000000005,14,24,-5.225199999999981,227.4331999999995
[H]/C(C(=NN([H])C1=NC([H])([H])C(C([H])([H])[H])(C([H])([H])[H])C([H])([H])N1[H])/C([H])=C(\[H])c1c([H])c([H])c(C(F)(F)F)c([H])c1[H])=C(/[H])c1c([H])c([H])c(C(F)(F)F)c([H])c1[H],0,494.48300000000006,48.78,2,4,6.381800000000005,125.61240000000001
[H]OC([H])([H])C([H])([H])OC1([H])C([H])([H])OC([H])(C([H])(OC([H])([H])C([H])([H])O[H])C([H])([H])OC([H])([H])C([H])([H])OC(=O)C([H])([H])C([H])([H])C([H])([H])C([H])([H])C([H])([H])C([H])([H])C([H])([H])/C([H])=C(\[H])C([H])([H])C([H])([H])C([H])([H])C([H])([H])C([H])([H])C([H])([H])C([H])([H])C([H])([H])[H])C1([H])OC([H])([H])C([H])([H])O[H],0,604.8220000000005,133.14000000000001,3,10,4.115000000000003,161.4473999999997
[H]O[C@]1(C([H])([H])[H])C([H])([H])[C@]([H])(O[C@@]2([H])[C@]([H])(N(C([H])([H])[H])C([H])([H])[H])[C@@]([H])(O[H])[C@]([H])(O[C@@]3([H])[C@@]([H])(C([H])([H])C([H])=O)C([H])([H])[C@@]([H])(C([H])([H])[H])[C@@]([H])(O[H])/C([H])=C([H])/C([H])=C(\[H])C([H])([H])[C@@]([H])(C([H])([H])[H])OC(=O)C([H])([H])[C@@]([H])(OC(=O)C([H])([H])[H])[C@]3([H])OC([H])([H])[H])O[C@]2([H])C([H])([H])[H])O[C@@]([H])(C([H])([H])[H])[C@]1([H])OC(=O)C([H])([H])C([H])(C([H])([H])[H])C([H])([H])[H],0,828.0060000000002,206.04999999999995,3,16,3.013400000000007,209.85139999999913
[H]OC([H])(/C([H])=C(\[H])C([H])=O)C([H])([H])C([H])([H])C([H])([H])C([H])([H])C([H])([H])[H],0,156.225,37.3,1,2,1.6827,45.35280000000002
CCN(CC)CCCNC(=O)CN1C(=C(C=N1)C2=CC=CC=C2)C3=CC=CC=C3.C(=C/C(=O)O)\C(=O)O,0,506.6030000000002,124.76,3,6,3.777000000000001,142.92529999999994
[H]Oc1c([H])c(O[C@]2([H])O[C@]([H])(C([H])([H])O[C@]3([H])O[C@@]([H])(C([H])([H])[H])[C@]([H])(O[H])[C@@]([H])(O[H])[C@@]3([H])O[H])[C@@]([H])(O[H])[C@]([H])(O[H])[C@@]2([H])O[H])c([H])c2c1C(=O)C([H])([H])[C@@]([H])(c1c([H])c([H])c(OC([H])([H])[H])c(OC([H])([H])[H])c1[H])O2,0,624.5920000000002,223.28999999999996,7,15,-0.8535999999999988,145.58609999999985
[H]OC([H])([H])[C@@]12[C@@]3(C([H])([H])[H])[C@]([H])(O[H])[C@@]([H])(O[H])[C@@]([H])(O[C@]1([H])C([H])=C(C([H])([H])[H])C(=O)[C@@]2([H])O[H])[C@]31OC1([H])[H],0,312.31800000000004,119.75000000000001,4,7,-1.866899999999999,71.75420000000004
CNC[C@@H](C1=CC(=CC=C1)O)O.Cl,0,203.669,52.489999999999995,3,3,1.0667999999999997,54.24130000000004
CN(C)CCN(CC1=CC=C(C=C1)OC)C2=CC=CC=N2.C(=C\C(=O)O)\C(=O)O,0,401.46300000000014,103.2,2,6,2.3701999999999996,111.24660000000011
CC1=CC=C(C=C1)/C(=C\CN2CCCC2)/C3=CC=CC=N3.O.Cl,0,332.87499999999994,47.63,0,2,3.5146200000000034,99.03080000000004
C[C@@H]([C@@H](C1=CC=CC=C1)O)NC.C[C@@H]([C@@H](C1=CC=CC=C1)O)NC.OS(=O)(=O)O,0,428.5510000000001,139.11999999999998,6,6,2.003,114.02440000000007
[H]C(=O)/C(Br)=C(\[H])c1c([H])c([H])c([H])c([H])c1[H],0,211.05800000000002,17.07,0,1,2.6213000000000006,49.41000000000002
[H]Oc1c([H])c([H])c(-c2oc3c([H])c(O[H])c([H])c(O[H])c3c(=O)c2O[C@]2([H])O[C@]([H])([C@]([H])(O[H])C([H])([H])O[H])[C@]([H])(O[H])[C@@]2([H])O[H])c([H])c1O[H],0,464.37900000000013,210.50999999999996,8,12,-0.5389000000000003,108.9744
[H]c1nc(Cl)sc1C([H])([H])N1/C(=N/[N+](=O)[O-])N(C([H])([H])[H])C([H])([H])OC1([H])[H],0,291.7200000000001,84.1,0,5,1.0231999999999999,65.67840000000001
[H]/C(=C(/[H])c1c([H])c([H])c(N([H])[H])c([H])c1S(=O)(=O)O)c1c([H])c([H])c(N([H])[H])c(S(=O)(=O)O)c1[H],0,370.4080000000001,160.77999999999997,4,6,1.5148000000000001,90.26600000000003
[H]c1c(Br)c(O)c(Br)c2c1C1(OC(=O)c3c(Cl)c(Cl)c(Cl)c(Cl)c31)c1c([H])c(Br)c(O)c(Br)c1O2,0,785.6750000000002,75.99000000000001,2,5,9.329399999999998,138.86710000000002
CCC(C)[C@@H]1[C@H](CC[C@@]2(O1)CC3C[C@H](O2)C/C=C(/[C@H]([C@H](/C=C/C=C/4\CO[C@H]5[C@@]4([C@@H](C=C([C@H]5O)C)C(=O)O3)O)C)O[C@H]6C[C@@H]([C@H]([C@@H](O6)C)OC7C[C@@H]([C@H]([C@@H](O7)C)O)OC)OC)\C)C.C[C@H]1CC[C@]2(CC3C[C@H](O2)C/C=C(/[C@H]([C@H](/C=C/C=C/4\CO[C@H]5[C@@]4([C@@H](C=C([C@H]5O)C)C(=O)O3)O)C)O[C@H]6C[C@@H]([C@H]([C@@H](O6)C)OC7C[C@@H]([C@H]([C@@H](O7)C)O)OC)OC)\C)O[C@@H]1C(C)C,0,1736.184999999999,340.12000000000006,6,28,10.812700000000001,450.181800000002
[H]OC([H])([H])C1=C([H])[C@]2([H])[C@@](O[H])(C3([H])C([H])=C(C([H])([H])[H])C(=O)[C@@]3(O[H])C1([H])[H])[C@]([H])(C([H])([H])[H])C([H])([H])[C@@]13OC(=O)C([H])([H])/C([H])=C(\[H])C4([H])C([H])(C(=O)OC([H])([H])[C@]1(C([H])([H])[H])[C@@]23[H])C1([H])C([H])(/C([H])=C([H])/C([H])=C([H])/C([H])=C(\[H])C([H])([H])C([H])([H])C([H])([H])[H])C1([H])C4([H])/C([H])=C(/[H])C([H])=C([H])[H],0,710.9080000000001,130.35999999999999,3,8,5.928700000000006,196.95139999999944
CCCCCC[C@H](C/C=C\CCCCCCCC(=O)O)O.C(C(CO)O)O,0,390.56100000000004,118.22000000000001,5,5,3.4112000000000022,108.65600000000006
[H]OC(=O)[C@]([H])(N([H])C(=O)C([H])([H])C([H])([H])[C@]([H])(C(=O)O[H])N([H])[H])C([H])([H])c1c([H])n([H])c2c([H])c([H])c([H])c([H])c12,0,333.344,145.51,5,4,0.4719000000000007,86.41440000000004
[H]N([H])/C(=N\[N+](=O)[O-])N([N+](=O)[O-])C([H])([H])[H],0,163.093,127.9,1,4,-1.3837,33.37420000000001
[H]/C(=N\OC([H])([H])c1c([H])c([H])c(C(=O)OC(C([H])([H])[H])(C([H])([H])[H])C([H])([H])[H])c([H])c1[H])c1c(C([H])([H])[H])nn(C([H])([H])[H])c1Oc1c([H])c([H])c([H])c([H])c1[H],0,421.4970000000001,74.94000000000001,0,7,5.026820000000004,118.45450000000002
[H]O/N=C(\[H])C([H])=C([H])[H],0,71.07900000000002,32.59,1,2,0.6324,20.475499999999993
[H]c1c([H])c(S(=O)(=O)O)c([H])c(S(=O)(=O)[O-])c1-c1c2c([H])c([H])c(=[N+](C([H])([H])C([H])([H])[H])C([H])([H])C([H])([H])[H])c([H])c-2oc2c([H])c(N(C([H])([H])C([H])([H])[H])C([H])([H])C([H])([H])[H])c([H])c([H])c12,0,558.6780000000003,130.96,1,7,4.013600000000003,145.96179999999984
[Fe].[Ni],0,114.538,0.0,0,0,-0.005,0.0
[H]c1c([H])c([H])c(Oc2c([H])c([H])c([H])c([C@@]([H])(C#N)OC(=O)[C@]([H])(c3c([H])c([H])c(Cl)c([H])c3[H])C([H])(C([H])([H])[H])C([H])([H])[H])c2[H])c([H])c1[H],0,419.908,59.32,0,4,6.679980000000005,116.43500000000003
[H]c1c([H])c([H])c(N([H])N2C(=O)[C@@](c3c([H])c([H])c([H])c([H])c3[H])(C([H])([H])[H])N=C2SC([H])([H])[H])c([H])c1[H],0,311.41,44.7,1,4,3.4901000000000018,91.65470000000002
[H]C#CC([H])([H])Oc1c([H])c([H])c(C([H])([H])C([H])([H])N([H])C(=O)C([H])(OC([H])([H])C#C[H])c2c([H])c([H])c(Cl)c([H])c2[H])c([H])c1OC([H])([H])[H],0,411.8850000000001,56.790000000000006,1,4,3.4104000000000028,113.01370000000003
[H]c1c(OC([H])([H])[H])nc(N([H])C(=O)N([H])S(=O)(=O)c2c([H])c(C([H])([H])N([H])S(=O)(=O)C([H])([H])[H])c([H])c([H])c2C(=O)OC([H])([H])[H])nc1OC([H])([H])[H],0,503.5150000000002,191.97999999999993,3,11,-0.1599999999999997,113.94120000000004
[H]C(=O)N([H])c1c([H])c([H])c(C(=O)N(C([H])([H])[H])C([H])([H])[H])c(S(=O)(=O)N([H])C(=O)N([H])c2nc(OC([H])([H])[H])c([H])c(OC([H])([H])[H])n2)c1[H],0,452.4490000000001,168.91999999999996,3,9,0.2743000000000002,108.62240000000001
[H]c1c([H])c(/C(=N/N([H])C(=O)N([H])c2c([H])c([H])c(OC(F)(F)F)c([H])c2[H])C([H])([H])c2c([H])c([H])c(C#N)c([H])c2[H])c([H])c(C(F)(F)F)c1[H],0,506.4060000000002,86.50999999999999,2,4,6.244180000000004,118.12140000000001
[O-]P(=O)=O.[O-]P(=O)=O.[O-]P(=O)=O.[Na+].[Ca+2],0,299.981,171.59999999999997,0,9,-5.073,30.632999999999996
CC(=O)O[Hg]C,0,274.66900000000004,26.3,0,2,0.5951,17.63
CC(C)(C[Sn](CC(C)(C)C1=CC=CC=C1)(CC(C)(C)C2=CC=CC=C2)O[Sn](CC(C)(C)C3=CC=CC=C3)(CC(C)(C)C4=CC=CC=C4)CC(C)(C)C5=CC=CC=C5)C6=CC=CC=C6,0,1052.7049999999997,9.23,0,1,16.760799999999968,278.2429999999995
CN1[C@@H]2CC(C[C@H]1[C@H]3[C@@H]2O3)OC(=O)[C@H](CO)C4=CC=CC=C4.O.O.O.Br,0,438.31500000000005,156.8,1,5,-0.9781000000000006,100.54620000000001
CCCCCCCC/C=C\CCCCCCCC(=O)O.C1COCCN1,0,369.5900000000001,58.56,2,3,5.714700000000005,110.77650000000008
CC1=CC(=C(C=C1)C(=O)OC)C2=NC(C(=O)N2)(C)C(C)C.CC1=CC(=C(C=C1)C2=NC(C(=O)N2)(C)C(C)C)C(=O)OC,0,576.6940000000003,135.51999999999998,2,8,4.145440000000003,160.88239999999968
C1=CC=NC(=C1)C(=O)[O-].C1=CC=NC(=C1)C(=O)[O-].C1=CC=NC(=C1)C(=O)[O-].O.[Cr+3],0,436.3200000000001,190.56,0,9,-2.4918999999999984,89.31630000000003
CC[C@H](C)[C@@H]1[C@H](C=C[C@@]2(O1)C[C@@H]3C[C@H](O2)C/C=C(/[C@H]([C@H](/C=C/C=C/4\CO[C@H]5[C@@]4([C@@H](C=C([C@H]5O)C)C(=O)O3)O)C)O[C@H]6C[C@@H]([C@H]([C@@H](O6)C)O[C@H]7C[C@@H]([C@H]([C@@H](O7)C)[NH2+]C)OC)OC)\C)C.C1=CC=C(C=C1)C(=O)[O-],0,1008.256,206.57,3,15,4.628400000000011,263.7084999999992
[H]Oc1c([H])c([H])c2c(c1[H])C([H])([H])C([H])([H])[C@]1([H])[C@]2([H])[C@@]([H])(C([H])([H])[H])C([H])([H])[C@@]2(C([H])([H])[H])[C@@]1([H])C([H])([H])C([H])([H])[C@]2([H])O[H],0,286.415,40.46,2,2,3.855200000000003,83.27760000000005
[H]OC1C(=O)O[C@]([H])([C@@]([H])(O[H])C([H])([H])O[H])C1=O,0,176.12399999999997,104.06,3,6,-2.8049999999999993,33.986399999999996
[H]c1c([H])c(S(=O)(=O)O)c([H])c(C([H])([H])[H])c1C([H])([H])[H],0,186.23199999999997,54.370000000000005,1,2,1.55014,45.73060000000002
O=NO,0,47.013000000000005,49.66,1,2,0.14200000000000002,7.5815
[H]c1c(OC([H])([H])[H])nc(Oc2c([H])c([H])c([H])c(Oc3nc(OC([H])([H])[H])c([H])c(OC([H])([H])[H])n3)c2C(=O)O)nc1OC([H])([H])[H],0,430.3730000000002,144.24,1,11,2.583799999999999,103.82130000000008
[H]C1=C(C([H])([H])[H])OS(=O)(=O)NC1=O,0,163.154,72.47,1,4,-0.7186000000000001,31.904499999999995
[H]OC1C(=O)O[C@]([H])([C@]([H])(O[H])C([H])([H])O[H])C1=O,0,176.12399999999997,104.06,3,6,-2.8049999999999993,33.986399999999996
[H]c1c([H])c(=O)n([H])[nH]c1=O,0,112.08799999999998,65.72,2,2,-0.9368000000000001,27.6834
[H]OC(=O)c1c(O[H])c([H])c2c(c1C([H])([H])[H])C(=O)c1c(O[H])c([C@]3([H])O[C@@]([H])(C([H])([H])O[H])[C@]([H])(O[H])[C@@]([H])(O[H])[C@@]3([H])O[H])c(O[H])c(O[H])c1C2=O,0,492.3890000000002,242.50999999999996,9,12,-1.19408,110.82470000000002
[H]c1c([H])c2c(c([H])c1C([H])([H])[H])[C@]([H])(N([H])c1nc(N([H])[H])nc(C([H])(F)C([H])([H])[H])n1)[C@@]([H])(C([H])([H])[H])C2([H])[H],0,301.369,76.72,2,5,3.1381200000000016,84.17310000000002
[H]c1c(N([H])[H])c([H])c2c(c1[H])c([H])c1c([H])c([H])c(N([H])[H])c([H])c1[n+]2[H],0,210.26,66.18,2,2,1.9714999999999998,66.8345
C[C@@]1([C@H]2[C@@H]([C@H]3[C@@H](C(=O)C(=C([C@]3(C(=O)C2=C(C4=C1C=CC=C4O)O)O)O)C(=O)N)N(C)C)O)O.Cl,0,496.90000000000015,201.85000000000002,7,10,-0.9783999999999988,118.74920000000006
C[C@@]1([C@H]2C[C@H]3[C@@H](C(=O)C(=C([C@]3(C(=O)C2=C(C4=C1C=CC=C4O)O)O)O)C(=O)N)N(C)C)O.Cl,0,480.9010000000001,181.62000000000003,6,9,0.0508000000000004,117.35940000000005
C(=O)(C(=O)[O-])[O-].C(=O)(C(=O)[O-])[O-].O=[Ti+2].[K+].[K+],0,318.09799999999996,177.59,0,9,-13.140900000000002,20.714499999999997
[H]O[C@@]1([H])C([H])=C([H])c2c([H])c([H])c3c([H])c4c([H])c([H])c([H])c([H])c4nc3c2[C@]1([H])O[H],0,263.296,53.35000000000001,2,3,2.8091000000000013,79.24960000000003
[H]Oc1c([H])c([H])c(-c2oc3c([H])c(OS(=O)(=O)O)c([H])c(OS(=O)(=O)O)c3c(=O)c2O[C@]2([H])O[C@]([H])(C([H])([H])O[C@]3([H])O[C@@]([H])(C([H])([H])[H])[C@]([H])(O[H])[C@@]([H])(O[H])[C@@]3([H])O[H])[C@@]([H])(O[H])[C@]([H])(O[H])[C@@]2([H])O[H])c([H])c1O[H],0,770.6490000000007,356.17,10,20,-2.735099999999998,161.21959999999984
C[C@@H]1CCC[C@@H](N1CCC[C@@](C2=CC=CC=C2)(C3=CC=CC=N3)O)C.Cl,0,374.9560000000001,36.36,1,3,4.782400000000006,109.64080000000006
[H]O[C@]1([H])[C@@]([H])(O[H])[C@]([H])(O[C@@]2([H])[C@@]([H])(O[C@@]3([H])C([H])([H])C([H])([H])[C@@]4(C([H])([H])[H])[C@@]([H])(C([H])([H])C([H])([H])[C@@]5(C([H])([H])[H])[C@@]6(C([H])([H])[H])C(=C([H])C(=O)[C@]45[H])[C@]4([H])C([H])([H])[C@](C(=O)O)(C([H])([H])[H])C([H])([H])C([H])([H])[C@]4(C([H])([H])[H])C([H])([H])C6([H])[H])C3(C([H])([H])[H])C([H])([H])[H])O[C@]([H])(C(=O)O)[C@@]([H])(O[H])[C@]2([H])O[H])O[C@]([H])(C(=O)O)[C@@]1([H])O[H],0,822.9420000000005,267.03999999999996,8,13,2.2456000000000036,199.43839999999943
[H]C1=C(Cl)[C@]2([H])O[C@]2([H])C(Cl)=C1c1c([H])c(Cl)c([H])c([H])c1Cl,0,307.991,12.53,0,1,4.847000000000001,71.83200000000002
[H]c1c([H])c2c3c(c1[H])c([H])c([H])c1c([N+](=O)[O-])c([H])c([H])c(c13)[C@@]1([H])O[C@@]21[H],0,263.25199999999995,55.67,0,3,4.027200000000002,74.67540000000001
[H]C12C3([H])[C@@]4(Cl)C(Cl)(Cl)C1(Cl)[C@@]([H])(Cl)[C@@]4(Cl)[C@@]1([H])C2([H])[C@]2([H])O[C@]2([H])[C@@]31[H],0,380.913,12.53,0,1,3.616900000000002,75.94100000000003
[H]OC(=O)c1c(O)c(N=Nc2c([H])c([H])c(C([H])([H])[H])c([H])c2S(=O)(=O)O)c2c([H])c([H])c([H])c([H])c2c1[H],0,386.3850000000001,136.61999999999998,3,6,4.214120000000002,97.74170000000002
[H]Oc1c([H])c([H])c2c([H])c([H])c([H])c([H])c2c1N=Nc1c([H])c([H])c(S(=O)(=O)O)c([H])c1[H],0,328.34900000000005,99.32000000000001,2,5,4.207500000000002,86.04540000000001
[H]OC(=O)c1c(O)c(N=Nc2c([H])c([H])c3c([H])c([H])c([H])c([H])c3c2S(=O)(=O)O)c2c([H])c([H])c([H])c([H])c2c1[H],0,422.4180000000001,136.61999999999998,3,6,5.058900000000003,110.51070000000003
[H]OC1=C(/C(=N/OC([H])([H])/C([H])=C(\[H])Cl)C([H])([H])C([H])([H])[H])C(=O)C([H])([H])C([H])(C([H])([H])C([H])(SC([H])([H])C([H])([H])[H])C([H])([H])[H])C1([H])[H],0,359.9190000000001,58.89000000000001,1,5,4.844400000000005,98.26780000000007
C1=CC=C(C=C1)N=NC2=C(C(=CC3=CC=CC=C32)C(=O)O)[O-].C1=CC=C(C=C1)N=NC2=C(C(=CC3=CC=CC=C32)C(=O)O)[O-].[Ca+2],0,622.6500000000003,170.16,2,8,7.673200000000007,167.69659999999973
