Table S1. Training dataset for machine learning models.,,,,,,,
SMILES,LABEL,molecular_weight,TPSA,NumHDonors,NumHAcceptors,MolLogP,MolMR
[H]c1c([H])c([H])c2c(c1[H])c([H])c1c3c([H])c([H])c([H])c([H])c3c3c([H])c4c([H])c([H])c([H])c([H])c4c4c([H])c([H])c2c1c43,1,352.436,0,0,0,8.0436,122.664
[H]c1c([H])c([H])c2c3c(c([H])c([H])c2c1[H])C([H])([H])c1c-3c([H])c([H])c2c([H])c([H])c([H])c([H])c12,1,266.343,0,0,0,5.5642,89.696
[H]c1c([H])c([H])c2c(c1[H])c([H])c([H])c1c3c([H])c([H])c([H])c(C([H])([H])[H])c3c([H])c([H])c21,1,242.321,0,0,0,5.45462,83.697
[H]c1c([H])c([H])c2c(c1[H])c([H])c([H])c1c3c([H])c([H])c(C([H])([H])[H])c([H])c3c([H])c([H])c21,1,242.321,0,0,0,5.45462,83.697
[H]c1c([H])c2c3c(c([H])c([H])c(N([H])[H])c3c1[H])C([H])([H])C2([H])[H],1,169.227,26.02,1,1,2.5206,55.7684
[H]C1([H])C([H])(Cl)C([H])(Cl)C2([H])C1([H])[C@]1(Cl)C(Cl)=C(Cl)[C@@]2(Cl)C1(Cl)Cl,1,409.782,0,0,0,5.6828,81.216
[H]c1c([H])c([H])c2c(N([H])N([H])[H])nnc([H])c2c1[H],1,160.18,63.83,2,4,0.9154,47.3481
[H]ON([H])C(=O)N([H])[H],1,76.055,75.35,3,2,-0.9561,14.5056
[H]C(=O)C(=O)C([H])([H])[H],1,72.063,34.14,0,2,-0.2257,16.745
[H]OC(=O)C([H])([H])N([H])C([H])([H])P(=O)(O[H])O[H],1,169.073,106.86,4,3,-1.2042,32.5496
[H]Oc1c([H])c([H])c(O[H])c2c1C(=O)c1c(c(N([H])C([H])([H])C([H])([H])N([H])C([H])([H])C([H])([H])O[H])c([H])c([H])c1N([H])C([H])([H])C([H])([H])N([H])C([H])([H])C([H])([H])O[H])C2=O,1,444.488,163.18,8,10,-0.1392,119.969
[H]c1c([H])c([H])c2c(c1[H])c([H])c([H])c1c([H])c([H])c([H])c([H])c12,1,178.234,0,0,0,3.993,61.454
[H]c1c([H])c(N([H])S(=O)(=O)C([H])([H])[H])c([H])c(OC([H])([H])[H])c1N([H])c1c2c([H])c([H])c([H])c([H])c2nc2c([H])c([H])c([H])c([H])c12,1,393.468,80.32,2,5,4.5117,113.9922
[H]c1c([H])c([H])c2c(sc3c([H])c([H])c([H])c([H])c32)c1[H],1,184.263,0,0,1,4.0545,59.331
[H]c1c([H])c([H])c(C(=O)c2c([H])c([H])c([H])c([H])c2[H])c([H])c1[H],1,182.222,17.07,0,1,2.9176,56.3165
[H]C([H])([H])[C@@]12C(=O)OC(=O)[C@]1(C([H])([H])[H])[C@]1([H])O[C@@]2([H])C([H])([H])C1([H])[H],1,196.202,52.6,0,4,0.6436,45.208
[H]C([H])([H])I,1,141.939,0,0,0,1.0512,19.944
[H]C([H])=C([H])C(=O)OC([H])([H])C([H])(C([H])([H])C([H])([H])[H])C([H])([H])C([H])([H])C([H])([H])C([H])([H])[H],1,184.279,26.3,0,2,2.932,54.462
[H]C([H])([H])C([H])([H])C([H])([H])Br,1,122.993,0,0,0,1.7913,24.085
[H]C([H])(Cl)C#N,1,75.498,23.79,0,1,0.74878,16.333
[H]c1c([N+](=O)[O-])c([H])c([N+](=O)[O-])c(C([H])([H])[H])c1[N+](=O)[O-],1,227.132,129.42,0,6,1.71962,51.1422
[H]Oc1c(Br)c([H])c(C(c2c([H])c(Br)c(O[H])c(Br)c2[H])(C([H])([H])[H])C([H])([H])[H])c([H])c1Br,1,543.875,40.46,2,2,6.4737,99.1416
[H]OC(=O)c1c([H])c([H])c([H])c([H])c1-c1c2c([H])c([H])c(=[N+](C([H])([H])C([H])([H])[H])C([H])([H])C([H])([H])[H])c([H])c-2oc2c([H])c(N(C([H])([H])C([H])([H])[H])C([H])([H])C([H])([H])[H])c([H])c([H])c12,1,443.567,56.69,1,3,5.561,135.1433
[H]c1c([H])c2c3c(c([H])c([H])c([H])c3c1[H])C([H])([H])C2([H])[H],1,154.212,0,0,0,2.9384,51.356
[H]c1c([H])c([H])c(C([H])(C([H])([H])[H])C([H])([H])[H])c([H])c1[H],1,120.195,0,0,0,2.81,40.531
[H]c1nc(C([H])([H])C([H])([H])Oc2c([H])c([H])c(C([H])([H])C3([H])SC(=O)N([H])C3=O)c([H])c2[H])c([H])c([H])c1C([H])([H])C([H])([H])[H],1,356.447,68.29,1,5,3.1596,97.8777
[H]c1c(N([H])S(=O)(=O)c2c([H])c([H])c(N([H])[H])c([H])c2[H])noc1C([H])([H])[H],1,253.283,98.22,2,5,1.36602,62.9029
[H]c1nc2c(c(=O)n([H])c(=O)n2C([H])([H])[H])n1C([H])([H])[H],1,180.167,72.68,1,5,-1.0397,46.5757
[H]C1=C2C([H])([H])[C@@]([H])(SC(=O)C([H])([H])[H])[C@]3([H])[C@]([H])(C([H])([H])C([H])([H])[C@]4(C([H])([H])[H])[C@@]5(OC(=O)C([H])([H])C5([H])[H])C([H])([H])C([H])([H])[C@]43[H])[C@@]2(C([H])([H])[H])C([H])([H])C([H])([H])C1=O,1,416.583,60.44,0,5,4.8523,112.21
[H]C1([H])N(P2(N3C([H])([H])C3([H])[H])=NP(N3C([H])([H])C3([H])[H])(N3C([H])([H])C3([H])[H])=NP(N3C([H])([H])C3([H])[H])(N3C([H])([H])C3([H])[H])=N2)C1([H])[H],1,387.309,55.14,0,9,1.7322,97.482
[H]O[C@]1([H])C([H])([H])C2=C([H])C([H])([H])[C@@]3([H])[C@]4([H])C([H])([H])C([H])([H])[C@]([H])([C@]([H])(C([H])([H])[H])C([H])([H])C([H])([H])C([H])([H])C([H])(C([H])([H])[H])C([H])([H])[H])[C@@]4(C([H])([H])[H])C([H])([H])C([H])([H])[C@]3([H])[C@@]2(C([H])([H])[H])C([H])([H])C1([H])[H],1,386.664,20.23,1,1,7.3887,119.0528
[H]c1nc(N2C(=O)N([H])C([H])([H])C2([H])[H])sc1[N+](=O)[O-],1,214.206,88.37,1,5,0.5809,49.5131
[H]C([H])=C([H])[H],1,28.054,0,0,0,0.8022,11.254
[H]c1c([N+](=O)[O-])c(C([H])([H])[H])c([N+](=O)[O-])c(OC([H])([H])[H])c1C(C([H])([H])[H])(C([H])([H])[H])C([H])([H])[H],1,268.269,95.51,0,5,3.11752,69.7398
[H]OC([H])(C([H])([H])Cl)C([H])([H])Cl,1,128.986,20.23,1,1,0.8249,27.4468
[H]C([H])([H])C([H])([H])C([H])([H])C([H])([H])C([H])([H])C([H])([H])C([H])([H])C([H])([H])C([H])([H])C([H])([H])C([H])([H])C(=O)OOC(=O)C([H])([H])C([H])([H])C([H])([H])C([H])([H])C([H])([H])C([H])([H])C([H])([H])C([H])([H])C([H])([H])C([H])([H])C([H])([H])[H],1,398.628,52.6,0,4,7.8296,115.872
[H]OC([H])([H])C([H])([H])N([H])C([H])([H])C([H])([H])O[H],1,105.137,52.49,3,3,-1.4394,27.0413
[H]C(=O)C(Cl)(Cl)Cl,1,147.388,17.07,0,1,1.5555,26.354
[H]c1nc2c([H])c([H])c([H])c([H])c2c([H])c1[H],1,129.162,12.89,0,1,2.2348,41.743
[H]N1C([H])([H])C([H])([H])OC([H])([H])C1([H])[H],1,87.122,21.26,1,2,-0.3938,23.6887
[H]c1c([H])c([H])c2c(c1[H])C(=O)c1c([H])c([H])c([H])c3c([N+](=O)[O-])c([H])c([H])c-2c13,1,275.263,60.21,0,3,3.9594,79.4709
[H]O[C@@]1([H])[C@@]([H])(O[H])C([H])([H])[C@]([H])(O[C@@]2([H])[C@@]([H])(O[H])C([H])([H])[C@]([H])(O[C@@]3([H])[C@@]([H])(O[H])C([H])([H])[C@]([H])(O[C@@]4([H])C([H])([H])C([H])([H])[C@@]5(C([H])([H])[H])[C@]([H])(C([H])([H])C([H])([H])[C@]6([H])[C@]5([H])C([H])([H])[C@@]([H])(O[H])[C@@]5(C([H])([H])[H])[C@]6(O[H])C([H])([H])C([H])([H])[C@]5([H])C5=C([H])C(=O)OC5([H])[H])C4([H])[H])O[C@]3([H])C([H])([H])[H])O[C@]2([H])C([H])([H])[H])O[C@]1([H])C([H])([H])[H],1,780.949,203.06,6,14,2.2181,192.6108
[H]/C(=C(\[H])C([H])([H])C([H])([H])C([H])([H])C([H])([H])C([H])([H])C([H])([H])C([H])([H])C([H])([H])[H])C([H])([H])C([H])([H])C([H])([H])C([H])([H])C([H])([H])C([H])([H])C([H])([H])C(=O)OC([H])([H])C1([H])OC1([H])[H],1,338.532,38.83,0,3,5.9659,100.151
P#[In],1,145.792,0,0,0,0.4804,12.674
[H]c1c([H])c([N+](=O)[O-])c([H])c2c1-c1c([H])c([H])c([H])c3c([N+](=O)[O-])c([H])c([H])c-2c13,1,292.25,86.28,0,4,4.3036,81.6868
[H]c1c([H])c2c([H])c([H])c3c([H])c([H])c([H])c4c([H])c([H])c(c1[H])c2c34,1,202.256,0,0,0,4.584,70.146
[H]c1c([H])c2c([H])c([H])c3c([N+](=O)[O-])c([H])c([H])c4c([H])c([H])c(c1[N+](=O)[O-])c2c43,1,292.25,86.28,0,4,4.4004,83.4548
[H]c1c(Cl)c(Cl)c([H])c2c1oc1c(Cl)c(Cl)c(Cl)c([H])c12,1,340.42,13.14,0,1,6.853,78.77
[H]c1c([H])c([H])c2c(c1[H])-c1c([H])c([H])c([H])c3c([H])c(C([H])([H])[H])c([H])c-2c13,1,216.283,0,0,0,4.79562,73.115
[H]Oc1c(OC([H])([H])[H])c([H])c([C@]2([H])c3c([H])c4c(c([H])c3[C@@]([H])(O[C@]3([H])O[C@]5([H])C([H])([H])O[C@@]([H])(C([H])([H])[H])O[C@@]5([H])[C@]([H])(O[H])[C@@]3([H])O[H])[C@@]3([H])C([H])([H])OC(=O)[C@]23[H])OC([H])([H])O4)c([H])c1OC([H])([H])[H],1,588.562,160.83,3,13,1.3386,138.3454
[H]c1c([H])c([H])c(-c2c3c([H])c(Br)c(=O)c(Br)c-3oc3c(Br)c(O)c(Br)c([H])c23)c(C(=O)O)c1[H],1,647.895,87.74,2,4,7.0186,123.9661
[H]c1c([H])c([H])c2c([H])c([N+](=O)[O-])c([H])c([H])c2c1[H],1,173.171,43.14,0,2,2.748,50.6024
[H]c1c([H])c([H])c2c([H])c3c([H])c([H])c([H])c([H])c3c([H])c2c1[H],1,178.234,0,0,0,3.993,61.454
CN(C)C(=S)[S-].CN(C)C(=S)[S-].[Zn+2],1,305.834,6.48,0,4,0.7571,67.3
[H]c1c([H])c2c([H])c([H])c3c([H])c4c([H])c([H])c([H])c5c([H])c([H])c6c([H])c(c1[H])c2c3c6c54,1,276.338,0,0,0,6.3282,96.344
[H]c1c([H])c2c([H])c([H])c([H])c3c4c([H])c([H])c([H])c5c([H])c([H])c([H])c(c(c1[H])c23)c54,1,252.316,0,0,0,5.7372,87.652
[H]c1c([H])c([H])c2c(c1[H])-c1c([H])c([H])c([H])c3c([H])c([H])c([H])c-2c13,1,202.256,0,0,0,4.4872,68.378
[H]c1c([H])c([H])c2c(c1[H])c([H])c([H])c1c2c([H])c([H])c2c3c([H])c([H])c([H])c([H])c3c([H])c([H])c21,1,278.354,0,0,0,6.2994,96.466
[H]c1c([H])c([H])c2c(c1[H])c1c([H])c([H])c([H])c([H])c1c1c([H])c([H])c([H])c([H])c21,1,228.294,0,0,0,5.1462,78.96
[H]C([H])=[N+]=[N-],1,42.041,36.4,0,0,-0.0832,10.7404
[H]c1c([H])c(N([H])C(=O)C([H])([H])[H])c([H])c([H])c1-c1c([H])c([H])c(N([H])C(=O)C([H])([H])[H])c([H])c1[H],1,268.316,58.2,2,2,3.2704,80.4854
[H]c1c([H])c2c([H])c([H])c3c([H])c([H])c4c([H])c([H])c5c([H])c([H])c6c([H])c([H])c1c1c2c3c4c5c61,1,300.36,0,0,0,6.9192,105.036
[H]c1c([H])c([H])c2c(c1[H])c([H])c([H])c1c3c([H])c([H])c([H])c([H])c3c([H])c([H])c21,1,228.294,0,0,0,5.1462,78.96
[H]c1c([H])c([H])c2c([H])c(N(C([H])([H])C([H])([H])Cl)C([H])([H])C([H])([H])Cl)c([H])c([H])c2c1[H],1,268.187,3.24,0,1,4.1238,77.601
N#CC(Cl)(Cl)Cl,1,144.388,23.79,0,1,1.88018,25.903
[H]c1c([H])c([H])c2c([N+](=O)[O-])c3c([H])c([H])c([H])c([H])c3c([H])c2c1[H],1,223.231,43.14,0,2,3.9012,68.1084
[H]c1c([N+](=O)[O-])c([H])c(C([H])([H])[H])c([H])c1[N+](=O)[O-],1,182.135,86.28,0,4,1.81142,44.4878
[H]c1c([H])c([H])c2c(c1[H])c([H])c([H])c1c3c([H])c([H])c([H])c([H])c3c(C([H])([H])[H])c([H])c21,1,242.321,0,0,0,5.45462,83.697
[H]c1c([H])c([H])c2c(c1[H])c([H])c([H])c1c(C([H])([H])[H])c([H])c([H])c([H])c12,1,192.261,0,0,0,4.30142,66.191
[H]c1c([H])c([H])c2c(c1[H])-c1c([H])c([H])c([H])c3c(C([H])([H])[H])c([H])c([H])c-2c13,1,216.283,0,0,0,4.79562,73.115
[H]c1nc([H])n([H])c1C([H])([H])[H],1,82.106,28.68,1,1,0.71812,23.3247
[H]c1c([H])c2c([H])c([H])c3c([H])c([N+](=O)[O-])c([H])c4c([H])c([H])c(c1[H])c2c34,1,247.253,43.14,0,2,4.4922,76.8004
[H]C(C(=NN=C(N([H])[H])N([H])[H])C([H])=C([H])c1oc([N+](=O)[O-])c([H])c1[H])=C([H])c1oc([N+](=O)[O-])c([H])c1[H],1,360.286,189.32,2,8,2.045,92.0376
[H]N(N([H])C([H])([H])C([H])([H])[H])C([H])([H])C([H])([H])[H],1,88.154,24.06,2,2,0.1204,27.3534
[H]C([H])([H])C([H])(OS(=O)(=O)OC([H])(C([H])([H])[H])C([H])([H])[H])C([H])([H])[H],1,182.241,52.6,0,4,1.0812,41.3618
[H]c1c([H])c([H])c2c(c1[H])c([H])c([H])c1c3c(C([H])([H])[H])c([H])c([H])c([H])c3c([H])c([H])c21,1,242.321,0,0,0,5.45462,83.697
[H]C(Cl)(Cl)C#N,1,109.943,23.79,0,1,1.31368,21.107
[H]C(Br)(Br)C#N,1,198.845,23.79,0,1,1.62588,27.255
[H]c1c([H])c([H])c2c(c1[H])c([H])c([H])c1c3c([H])c(C([H])([H])[H])c([H])c([H])c3c([H])c([H])c21,1,242.321,0,0,0,5.45462,83.697
[H]c1c([H])c(N=C=O)c2c([H])c([H])c([H])c(N=C=O)c2c1[H],1,210.192,58.86,0,4,2.7744,59.511
[H]Oc1c([H])c([H])c2c([H])c([H])c([H])c([H])c2c1N=Nc1c([H])c([H])c(C([H])([H])[H])c([H])c1C([H])([H])[H],1,276.339,44.95,1,3,5.57764,85.7048
[H]C([H])=C([H])N(N=O)C([H])([H])[H],1,86.094,32.67,0,2,0.7431,23.755
[H]C(=Nc1c([H])c([H])c(Cl)c([H])c1C([H])([H])[H])N(C([H])([H])[H])C([H])([H])[H],1,196.681,15.6,0,1,2.86982,58.028
[Pu],1,244,0,0,0,0,0
[H]c1c([H])c([H])c2c(c1[H])c([H])c([H])c1c3c([H])c([H])c([H])c([H])c3c([N+](=O)[O-])c([H])c21,1,273.291,43.14,0,2,5.0544,85.6144
[H]OC(=O)C([H])([H])N(N=O)C([H])([H])[H],1,118.092,69.97,1,3,-0.3158,26.0608
[H]O[C@@]1(C([H])([H])[H])C(=O)OC([H])([H])C2=C([H])C([H])([H])N3C([H])([H])C([H])([H])[C@@]([H])(OC(=O)[C@]4(O[C@@]4([H])C([H])([H])[H])C([H])([H])[C@@]1([H])C([H])([H])[H])[C@@]23[H],1,351.399,88.6,1,7,0.404,86.5828
[H]C1=C([H])C([H])([H])[C@]([H])(C([H])([H])[H])OC1=O,1,112.128,26.3,0,2,0.878,29.311
[H]Oc1c(OC([H])([H])[H])c([H])c([C@]2([H])c3c([H])c4c(c([H])c3[C@@]([H])(O[C@]3([H])O[C@]5([H])C([H])([H])O[C@@]([H])(c6sc([H])c([H])c6[H])O[C@@]5([H])[C@]([H])(O[H])[C@@]3([H])O[H])[C@@]3([H])C([H])([H])OC(=O)[C@]23[H])OC([H])([H])O4)c([H])c1OC([H])([H])[H],1,656.662,160.83,3,14,2.7529,155.9434
[H]O[C@@]1(C([H])([H])[H])C(=O)OC([H])([H])C2=C([H])C([H])([H])N3C([H])([H])C([H])([H])[C@@]([H])(OC(=O)/C(=C(/[H])C([H])([H])[H])C([H])([H])C1=C([H])[H])[C@@]23[H],1,333.384,76.07,1,6,1.1129,87.0378
[H]/C(Cl)=C(/OP(=O)(OC([H])([H])[H])OC([H])([H])[H])c1c([H])c(Cl)c(Cl)c([H])c1Cl,1,365.964,44.76,0,4,5.6015,78.0115
[H]O[C@@]([H])(C([H])([H])OS(=O)(=O)C([H])([H])[H])[C@@]([H])(O[H])C([H])([H])OS(=O)(=O)C([H])([H])[H],1,278.304,127.2,2,8,-2.3394,53.6052
[H]C(Cl)(Br)C#N,1,154.394,23.79,0,1,1.46978,24.181
[H]c1c([H])c([H])c(N=Nc2c([H])c([H])c(N=Nc3c(N([H])C([H])([H])C([H])([H])[H])c([H])c([H])c4c([H])c([H])c([H])c([H])c34)c([H])c2[H])c([H])c1[H],1,379.467,61.47,1,5,8.1024,119.3477
[H]c1c([H])c2c(c([N+](=O)[O-])c1[H])-c1c([H])c([H])c([H])c3c([N+](=O)[O-])c([H])c([H])c-2c13,1,292.25,86.28,0,4,4.3036,81.6868
[H]c1c([H])c2c([H])c([H])c3c([H])c([H])c([H])c4c([N+](=O)[O-])c([H])c(c1[H])c2c34,1,247.253,43.14,0,2,4.4922,76.8004
[H]C([H])([H])C([H])([H])C([H])([H])C([H])([H])C([H])([H])C([H])([H])C([H])([H])C([H])([H])C([H])([H])C([H])([H])C([H])([H])C([H])([H])C([H])([H])C([H])([H])C([H])([H])C([H])([H])C([H])([H])C(=O)OC([H])([H])C1([H])OC1([H])[H],1,340.548,38.83,0,3,6.1899,100.245
[H]c1c([H])c([H])c2c(c1[H])c([H])c([H])c1c(C([H])([H])[H])c([H])c([H])c(C([H])([H])[H])c12,1,206.288,0,0,0,4.60984,70.928
[H]c1nc(N(C([H])([H])[H])C([H])([H])C([H])([H])Oc2c([H])c([H])c(C([H])([H])C3([H])SC(=O)N([H])C3=O)c([H])c2[H])c([H])c([H])c1[H],1,357.435,71.53,1,6,2.4909,98.0657
[H]/C(=N\N1C(=O)N([H])C(=O)C1([H])[H])c1oc([N+](=O)[O-])c([H])c1[H],1,238.159,118.05,1,6,0.0735,53.2011
[H]OC([H])([H])[C@]1(O[H])C(=O)OC([H])([H])C2=C([H])C([H])([H])[N@@+]3(C([H])([H])[H])C([H])([H])C([H])([H])[C@@]([H])(OC(=O)/C(=C(/[H])C([H])([H])[H])C([H])([H])[C@@]1([H])C([H])([H])[H])[C@@]23O[H],1,382.433,113.29,3,7,-0.3702,93.9808
[H]OC([H])([H])[C@]1(O[H])C(=O)OC([H])([H])C2=C([H])C([H])([H])[N@@+]3([O-])C([H])([H])C([H])([H])[C@@]([H])(OC(=O)/C(=C(/[H])C([H])([H])[H])C([H])([H])[C@@]1([H])C([H])([H])[H])[C@@]23[H],1,367.398,116.12,2,7,0.1778,90.262
[H]C(=O)N(/N=C(\[H])C([H])([H])[H])C([H])([H])[H],1,100.121,32.67,0,2,0.0803,27.993
[H]/C(=N\N1C(=O)OC([H])([H])C1([H])[H])c1oc([N+](=O)[O-])c([H])c1[H],1,225.16,98.18,0,6,0.9739,51.0104
[H]Oc1c([H])c([H])c([H])c(/C(=C(/c2c([H])c([H])c([H])c([H])c2[H])C([H])([H])C([H])([H])[H])c2c([H])c([H])c(OC([H])([H])C([H])([H])N(C([H])([H])[H])C([H])([H])[H])c([H])c2[H])c1[H],1,387.523,32.7,1,3,5.7017,121.2468
[H]OC(=O)C([H])([H])C([H])([H])[C@@]([H])(C(=O)O[H])N(N=O)C(=O)c1c([H])c([H])c(N([H])C([H])([H])c2nc3c(=O)n([H])c(N([H])[H])nc3nc2[H])c([H])c1[H],1,470.402,233.92,5,11,0.349,116.3929
[H]c1nc(/N=N/N(C([H])([H])[H])C([H])([H])[H])c(C(=O)N([H])[H])n1[H],1,182.187,99.73,2,4,0.0689,45.3086
[H]OC(=O)C([H])([H])[C@@]([H])(C(=O)O[H])C([H])([H])C(=O)O[C@]([H])([C@]([H])(C([H])([H])[H])C([H])([H])C([H])([H])C([H])([H])C([H])([H])[H])[C@@]([H])(OC(=O)C([H])([H])[C@]([H])(C(=O)O[H])C([H])([H])C(=O)O[H])C([H])([H])[C@@]([H])(C([H])([H])[H])C([H])([H])[C@]([H])(O[H])C([H])([H])C([H])([H])C([H])([H])C([H])([H])[C@@]([H])(O[H])C([H])([H])[C@]([H])(O[H])[C@@]([H])(N([H])[H])C([H])([H])[H],1,721.838,288.51,8,12,2.5642,177.593
[H]OC(=O)[C@@]([H])(N([H])C(=O)c1c([H])c(Cl)c2c(c1O[H])C(=O)O[C@]([H])(C([H])([H])[H])C2([H])[H])C([H])([H])c1c([H])c([H])c([H])c([H])c1[H],1,403.818,112.93,3,5,2.5727,100.7343
[H]Oc1c([H])c([H])c(/C(=C(/c2c([H])c([H])c(O[H])c([H])c2[H])C([H])([H])C([H])([H])[H])C([H])([H])C([H])([H])[H])c([H])c1[H],1,268.356,40.46,2,2,4.8286,83.6096
[H]OC([H])([H])[C@@]([H])(O[H])[C@@]([H])(O[H])[C@]([H])(O[H])[C@]([H])(C([H])=O)N([H])C(=O)N(N=O)C([H])([H])C([H])([H])Cl,1,313.694,159.76,5,8,-2.4393,66.7109
[H]OC1([H])OC(=O)C(Cl)=C1C([H])(Cl)Cl,1,217.435,46.53,1,3,1.1582,40.4718
[H]Oc1c([H])c([H])c([H])c2c1C(=O)c1c([H])c([H])c([H])c([H])c1C2=O,1,224.215,54.37,1,3,2.1676,61.4138
[H]c1c([H])c([H])c2c(N([H])[H])c([H])c([H])c([H])c2c1[H],1,143.189,26.02,1,1,2.422,48.3604
[H]OC([H])([H])C1([H])OC1([H])[H],1,74.079,32.76,1,2,-0.6225,16.8258
[H]c1c([H])c(C([H])([H])[H])c([N+](=O)[O-])c([H])c1[N+](=O)[O-],1,182.135,86.28,0,4,1.81142,44.4878
[H]N([H])N([H])[H],1,32.046,52.04,2,2,-1.1812,8.3748
[H]OC([H])([H])C([H])([H])N(N=O)C([H])([H])C([H])([H])O[H],1,134.135,73.13,2,4,-1.0456,31.5396
[H]OC(=O)C(Oc1c([H])c([H])c(C2([H])c3c([H])c([H])c([H])c([H])c3C([H])([H])C([H])([H])C2([H])[H])c([H])c1[H])(C([H])([H])[H])C([H])([H])[H],1,310.393,46.53,1,2,4.3968,90.0078
[H]c1c([H])c([H])c2c(c1[H])c([H])c1c([H])c([H])c3c([H])c([H])c([H])c4c([H])c([H])c2c1c34,1,252.316,0,0,0,5.7372,87.652
[H]N(N([H])C([H])([H])[H])C([H])([H])[H],1,60.1,24.06,2,2,-0.6598,18.1194
[H]N([H])N(C([H])([H])[H])C([H])([H])[H],1,60.1,29.26,1,2,-0.5783,17.8744
[H]C(Br)(Br)Br,1,252.731,0,0,0,2.4547,30.569
[H]C1([H])OC([H])([H])C([H])([H])N(N=O)C1([H])[H],1,116.12,41.9,0,3,0,28.187
[H]c1c([H])c([H])c(N(N=O)c2c([H])c([H])c([H])c([H])c2[H])c([H])c1[H],1,198.225,32.67,0,2,3.5061,60.818
[H]c1c([H])c([H])c2c(c1[H])c1c([H])c([H])c([H])c([H])c1n2[H],1,167.211,15.79,1,0,3.3211,55.8047
[H]c1c([H])c(N([H])[H])c(Cl)c([H])c1-c1c([H])c([H])c(N([H])[H])c(Cl)c1[H],1,253.132,52.04,2,2,3.8248,70.7228
[H]c1c([H])c([H])c(-c2c([H])c([H])c(N([H])[H])c([H])c2[H])c([H])c1[H],1,169.227,26.02,1,1,2.9358,56.2904
[H]C1([H])N(N=O)C([H])([H])C([H])([H])C([H])([H])C1([H])[H],1,114.148,32.67,0,2,1.1537,31.219
[H]c1c([H])c([H])c2c([N+](=O)[O-])c([H])c([H])c([H])c2c1[H],1,173.171,43.14,0,2,2.748,50.6024
[H]c1c([H])c([H])c2c([H])c(N([H])[H])c([H])c([H])c2c1[H],1,143.189,26.02,1,1,2.422,48.3604
[H]c1c([H])c(C([H])([H])[H])c(N([H])[H])c([H])c1N([H])[H],1,122.171,52.04,2,2,1.15942,40.0038
[H]C([H])=C([H])C([H])=C([H])[H],1,54.092,0,0,0,1.3584,20.394
[H]C(Cl)(Cl)Br,1,163.829,0,0,0,2.1425,24.421
[H]C([H])=C([H])C([H])([H])c1c([H])c([H])c(OC([H])([H])[H])c(OC([H])([H])[H])c1[H],1,178.231,18.46,0,2,2.4323,53.447
[H]C([H])=C([H])C#N,1,53.064,23.79,0,1,0.69598,15.81
[H]c1c([H])c([H])c2c(sc(=S)n2[H])c1[H],1,167.258,15.79,1,2,2.95889,47.0097
[H]OC([H])([H])[C@@]1([H])O[C@@]([H])(O[C@]23C([H])=C(C([H])([H])[H])C4(C([H])([H])C4([H])[H])[C@](O[H])(C([H])([H])[H])[C@@]2([H])C(=O)[C@]([H])(C([H])([H])[H])C3([H])[H])[C@]([H])(O[H])[C@@]([H])(O[H])[C@]1([H])O[H],1,398.452,136.68,5,8,-0.7421,95.909
[H]OC([H])([H])[C@@]1([H])C(=O)N2C([H])([H])[C@@]([H])(Cl)[C@@]([H])(Cl)[C@@]2([H])C(=O)N([H])[C@@]([H])(C([H])([H])C([H])([H])[H])C(=O)N([H])[C@@]([H])(C([H])([H])O[H])C(=O)N([H])[C@@]([H])(c2c([H])c([H])c([H])c([H])c2[H])C([H])([H])C(=O)N1[H],1,572.446,177.17,6,7,-1.4778,136.9804
[H]c1c([H])n(C([H])([H])[H])c(=S)n1[H],1,114.173,20.72,1,2,1.08269,30.5977
[H]c1c([H])c([H])c(/C(=C(/c2c([H])c([H])c([H])c([H])c2[H])C([H])([H])C([H])([H])Cl)c2c([H])c([H])c(OC([H])([H])C([H])([H])N(C([H])([H])[H])C([H])([H])[H])c([H])c2[H])c([H])c1[H],1,405.969,12.47,0,2,6.215,124.628
[H]C1([H])[C@@]2([H])[C@@]3([H])O[C@@]3([H])[C@]1([H])[C@@]1([H])[C@]2([H])[C@@]2(Cl)C(Cl)=C(Cl)[C@]1(Cl)C2(Cl)Cl,1,380.913,12.53,0,1,4.4814,77.575
[H]C(=O)/C([H])=C([H])/C([H])=C(\[H])C([H])([H])[H],1,96.129,17.07,0,1,1.3176,30.018
[H]c1nc(C([H])([H])C([H])([H])[H])c([H])c(C(=S)N([H])[H])c1[H],1,166.249,38.91,1,2,1.2782,49.5024
[H]c1c([H])n([H])c(=S)n([H])c1=O,1,128.156,48.65,2,2,0.43249,32.2474
[H]Oc1c2c(/C([H])=N/N3C([H])([H])C([H])([H])N(C([H])([H])[H])C([H])([H])C3([H])[H])c(O[H])c3c4c(c(C([H])([H])[H])c(O[H])c13)O[C@](C([H])([H])[H])(O/C([H])=C(\[H])[C@]([H])(OC([H])([H])[H])[C@@]([H])(C([H])([H])[H])[C@@]([H])(OC(=O)C([H])([H])[H])[C@]([H])(C([H])([H])[H])[C@]([H])(O[H])[C@]([H])(C([H])([H])[H])[C@@]([H])(O[H])[C@@]([H])(C([H])([H])[H])/C([H])=C([H])/C([H])=C(/C([H])([H])[H])C(=O)N2[H])C4=O,1,822.953,220.15,6,15,4.33542,220.4792
[H]OC([H])([H])[C@@]1([H])O[C@@]([H])(OC([H])([H])/N=[N+](\[O-])C([H])([H])[H])[C@]([H])(O[H])[C@@]([H])(O[H])[C@]1([H])O[H],1,252.223,137.81,4,8,-2.6473,51.6986
[Pb],1,207.2,0,0,0,-0.3808,5.754
[H]c1c(C([H])([H])C([H])([H])C([H])([H])[H])n([H])c(=S)n([H])c1=O,1,170.237,48.65,2,2,1.38499,46.2424
[H]N(C(=S)S)C([H])([H])C([H])([H])N([H])C(=S)S,1,212.39,24.06,4,2,0.595,59.1734
[H]N([H])C(=S)C([H])([H])[H],1,75.136,26.02,1,1,0.2924,22.4594
[H]Oc1c(S(=O)(=O)O)c([H])c2c([H])c(S(=O)(=O)O)c([H])c([H])c2c1N=Nc1c([H])c([H])c(C([H])([H])[H])c([H])c1C([H])([H])[H],1,436.467,153.69,3,7,4.07104,105.334
[H]N1C(=S)N([H])C([H])([H])C1([H])[H],1,102.162,24.06,2,1,-0.5359,28.6034
[H]N([H])C(=S)N([H])[H],1,76.124,52.04,2,1,-0.8113,20.9728
[H]N(C(=S)N([H])C([H])([H])C([H])([H])[H])C([H])([H])C([H])([H])[H],1,132.232,24.06,2,1,0.4903,39.9514
[H]c1c([H])c([H])c(/C(=C(/c2c([H])c([H])c([H])c([H])c2[H])C([H])([H])C([H])([H])[H])c2c([H])c([H])c(OC([H])([H])C([H])([H])N(C([H])([H])[H])C([H])([H])[H])c([H])c2[H])c([H])c1[H],1,371.524,12.47,0,2,5.9961,119.582
[H]OC(C([H])([H])[H])(C([H])([H])[H])[C@@](O[H])(C(=O)OC([H])([H])C1=C([H])C([H])([H])N2C([H])([H])C([H])([H])[C@]([H])(OC(=O)/C(=C(/[H])C([H])([H])[H])C([H])([H])[H])[C@@]12[H])[C@@]([H])(OC([H])([H])[H])C([H])([H])[H],1,411.495,105.53,2,8,0.9588,106.0496
[H]OC([H])([H])[C@]1(O[H])C(=O)OC([H])([H])C2=C([H])C([H])([H])N3C([H])([H])C([H])([H])[C@@]([H])(OC(=O)/C(=C(/[H])C([H])([H])[H])C([H])([H])C1=C([H])[H])[C@@]23[H],1,349.383,96.3,2,7,0.0853,88.4496
[H]O[C@@]1(C([H])([H])[H])C(=O)OC([H])([H])/C2=C(\[H])C([H])([H])N(C([H])([H])[H])C([H])([H])C([H])([H])[C@@]([H])(OC(=O)/C(=C(/[H])C([H])([H])[H])C([H])([H])[C@@]1([H])C([H])([H])[H])C2=O,1,365.426,93.14,1,7,1.0095,94.2048
[H]OC(=O)[C@@]([H])(N([H])[H])C([H])([H])C([H])([H])C(=O)N([H])N([H])c1c([H])c([H])c(C([H])([H])O[H])c([H])c1[H],1,267.285,124.68,5,5,-0.1859,68.9754
[H]C1=C(OC([H])([H])[H])[C@@]2(Oc3c(Cl)c(OC([H])([H])[H])c([H])c(OC([H])([H])[H])c3C2=O)[C@]([H])(C([H])([H])[H])C([H])([H])C1=O,1,352.77,71.06,0,6,2.8103,86.1255
[H]C(=O)/C([H])=C(\[H])C([H])([H])[H],1,70.091,17.07,0,1,0.7614,20.878
[H]OC(=O)[C@@]([H])(N([H])[H])C([H])([H])c1c([H])c([H])c(N(C([H])([H])C([H])([H])Cl)C([H])([H])C([H])([H])Cl)c([H])c1[H],1,305.205,66.56,2,3,1.925,79.4102
[H]OC(=O)[C@@]([H])(N([H])[H])C([H])([H])OC(=O)C([H])=[N+]=[N-],1,173.128,126.02,2,4,-1.7579,36.2536
[H]OC([H])([H])C([H])([H])N(C(=S)S)C([H])([H])C([H])([H])O[H],1,181.282,43.7,3,3,-0.5123,47.3286
[H]Oc1c([H])c([H])c([H])c2oc3c4c(c([H])c(OC([H])([H])[H])c3c(=O)c12)O[C@@]1([H])OC([H])=C([H])[C@@]41[H],1,324.288,78.13,1,6,3.0064,85.5888
[H]O[C@@]1(C([H])([H])[H])C(=O)OC([H])([H])/C2=C(\[H])C([H])([H])N(C([H])([H])[H])C([H])([H])C([H])([H])[C@@]([H])(OC(=O)[C@@]3(O[C@]3([H])C([H])([H])[H])C([H])([H])[C@@]1([H])C([H])([H])[H])C2=O,1,381.425,105.67,1,8,0.2207,93.7258
[H]Oc1c([H])c([H])c(-c2oc3c([H])c(O[H])c([H])c(O[H])c3c(=O)c2O[H])c([H])c1O[H],1,302.238,131.36,5,7,1.988,76.244
[H]Oc1c([H])c([H])c(-c2oc3c([H])c(O[H])c([H])c(O[H])c3c(=O)c2O[H])c([H])c1[H],1,286.239,111.13,4,6,2.2824,74.5792
[H]O[C@@]([H])(C([H])([H])[H])[C@](O[H])(C(=O)OC([H])([H])C1=C([H])C([H])([H])N2C([H])([H])C([H])([H])[C@@]([H])(OC(=O)/C(=C(\[H])C([H])([H])[H])C([H])([H])[H])[C@@]12[H])C([H])(C([H])([H])[H])C([H])([H])[H],1,381.469,96.3,2,7,1.1898,99.7996
CCN(CC)C(=S)S[Te](SC(=S)N(CC)CC)(SC(=S)N(CC)CC)SC(=S)N(CC)CC,1,720.704,12.96,0,8,6.8616,178.194
[H]c1nc(=S)c2c(nc([H])n2[H])n1[H],1,152.182,57.36,2,3,1.01549,39.0734
[H]c1c(C([H])([H])[H])n([H])c(=S)n([H])c1=O,1,142.183,48.65,2,2,0.74091,36.9844
[H]OC1=C2C(=O)C3([H])C([H])(O[H])C4([H])C2(C(=O)c2c(O[H])c(C([H])([H])[H])c([H])c(O[H])c21)C1([H])C(=O)C2=C(O[H])c5c(O[H])c([H])c(C([H])([H])[H])c(O[H])c5C(=O)C23C4([H])C1([H])O[H],1,574.494,230.12,8,12,1.10884,137.6294
[H]c1c([H])c([H])c(OC([H])([H])C2([H])OC2([H])[H])c([H])c1[H],1,150.177,21.76,0,2,1.4642,41.677
[H]C([H])=C([H])C(Cl)=C([H])[H],1,88.537,0,0,0,1.9249,25.19
[H]O[C@@]1([H])C([H])([H])[C@@]2(C([H])([H])[H])[C@@]([H])(C([H])([H])C([H])([H])[C@]2(O[H])C(=O)C([H])([H])OC(=O)C([H])([H])C([H])([H])C([H])([H])c2c([H])c([H])c(N(C([H])([H])C([H])([H])Cl)C([H])([H])C([H])([H])Cl)c([H])c2[H])[C@]2([H])C([H])([H])C([H])([H])C3=C([H])C(=O)C([H])=C([H])[C@]3(C([H])([H])[H])[C@]21[H],1,646.652,104.14,2,7,5.4154,171.9546
[H]c1c([H])c([H])c(C2=NC([H])([H])C(=O)N([H])c3c(C([H])([H])[H])nn(C([H])([H])C([H])([H])[H])c32)c([H])c1[H],1,268.32,59.28,1,4,2.00092,78.2157
[H]C1([H])OC([H])([H])C([H])([H])OC1([H])[H],1,88.106,18.46,0,2,0.0332,21.638
[H]OC1([H])N=C(c2c([H])c([H])c([H])c([H])c2F)c2c([H])c(Cl)c([H])c([H])c2N(C([H])([H])C([H])([H])O[H])C1=O,1,348.761,73.13,2,4,1.9738,88.9366
[H]c1c([H])c2c([H])c([H])c3c([H])c([H])c([N+](=O)[O-])c4c([H])c([H])c(c1[N+](=O)[O-])c2c34,1,292.25,86.28,0,4,4.4004,83.4548
[H]C(=C(Br)Br)[C@]1([H])C(C([H])([H])[H])(C([H])([H])[H])[C@]1([H])C(=O)O[C@]([H])(C#N)c1c([H])c([H])c([H])c(Oc2c([H])c([H])c([H])c([H])c2[H])c1[H],1,505.206,59.32,0,4,6.49018,114.102
[H]OC(=O)C1=C(O[H])C(C([H])([H])[H])=C2C(=C([H])O[C@]([H])(C([H])([H])[H])[C@@]2([H])C([H])([H])[H])C1=O,1,250.25,83.83,2,4,1.721,62.7916
[H]c1c([H])c2c([H])c([H])c3c([N+](=O)[O-])c([H])c([N+](=O)[O-])c4c([H])c([H])c(c1[H])c2c34,1,292.25,86.28,0,4,4.4004,83.4548
[H]c1c(-c2nnc(N([H])[H])s2)oc([N+](=O)[O-])c1[H],1,212.19,108.08,1,7,1.2885,48.6778
[H]c1c([H])c([H])c(N([H])N([H])C(=O)N([H])[H])c([H])c1[H],1,151.169,67.15,3,2,0.6818,42.7838
CC(C)NCC(C1=CC2=CC=CC=C2C=C1)O.Cl,1,265.784,32.26,2,2,3.293,79.2945
[H]C([H])(Cl)OC([H])([H])C([H])(OC([H])([H])Cl)C([H])([H])OC([H])([H])Cl,1,237.51,27.69,0,3,1.9937,48.937
[H]OC(=O)[C@@]1([H])N(N=O)C([H])([H])[C@]([H])(O[H])C1([H])[H],1,160.129,90.2,2,4,-0.8124,34.5486
[H]C1=C(C(=O)OC([H])([H])[H])C([H])([H])N(N=O)C([H])([H])C1([H])[H],1,170.168,58.97,0,4,0.4729,42.084
[H]c1c([H])c(N([H])C(=O)N(C([H])([H])[H])C([H])([H])[H])c([H])c([H])c1Cl,1,198.653,32.34,1,1,2.4335,54.1577
C[As](=O)(O)O,1,139.97,57.53,2,1,-1.0298,16.7421
[H]C(=O)C([H])([H])C([H])=O,1,72.063,34.14,0,2,-0.2257,16.745
C(=O)(N)NN.Cl,1,111.532,81.14,3,2,-1.0498,24.1545
[H]c1c([H])c(N([H])[H])c(OC([H])([H])[H])c([H])c1OC([H])([H])[H],1,153.181,44.48,1,3,1.286,43.9584
Clc1c(Cl)c(Cl)c(Cl)c(Cl)c1Cl,1,284.784,0,0,0,5.607,56.502
[H]C1=C([H])C([H])([H])C2([H])C(=O)N(SC(Cl)(Cl)Cl)C(=O)C2([H])C1([H])[H],1,300.594,37.38,0,3,2.9135,65.088
[H]OC(C(=O)OC([H])([H])C([H])([H])[H])(c1c([H])c([H])c(Cl)c([H])c1[H])c1c([H])c([H])c(Cl)c([H])c1[H],1,325.191,46.53,1,3,3.7924,82.5358
[H]C([H])([H])C([H])(C([H])([H])[H])C([H])([H])ON=O,1,103.121,38.66,0,3,1.3404,26.585
[H]C([H])(Cl)C(Cl)(Cl)Cl,1,167.85,0,0,0,2.5954,31.01
[H]c1c(N([H])[H])c(C([H])([H])[H])c([H])c(C([H])([H])[H])c1C([H])([H])[H],1,135.21,26.02,1,1,2.19406,45.0654
[H]c1c([H])c(N([H])[H])c([H])c([H])c1Sc1c([H])c([H])c(N([H])[H])c([H])c1[H],1,216.309,52.04,2,3,3.0022,65.8318
[H]c1c([H])c([H])c(C([H])([H])OC(=O)C([H])([H])[H])c([H])c1[H],1,150.177,26.3,0,2,1.7497,41.912
[H]c1c([H])c(N([H])C(=O)N([H])[H])c([H])c([H])c1OC([H])([H])C([H])([H])[H],1,180.207,64.35,2,2,1.5759,50.8171
[H]N1C([H])([H])C1([H])[H],1,43.069,21.94,1,1,-0.4104,12.8697
O=[N+]([O-])C([N+](=O)[O-])([N+](=O)[O-])[N+](=O)[O-],1,196.031,172.56,0,8,-1.2955,30.7086
[H]c1c([H])c2c3c(c([H])c([H])c([N+](=O)[O-])c3c1[H])C([H])([H])C2([H])[H],1,199.209,43.14,0,2,2.8466,58.0104
[H]c1c([H])c([N+](=O)[O-])c(C([H])([H])[H])c([N+](=O)[O-])c1[H],1,182.135,86.28,0,4,1.81142,44.4878
C1=CC=C(C=C1)N=NC2=C(N=C(C=C2)N)N.Cl,1,249.705,89.65,2,5,3.0832,70.9278
[H]c1oc2c([H])c([H])c([H])c([H])c2c1[H],1,118.135,13.14,0,1,2.4328,36.214
[H]O[C@@]1(C([H])([H])[H])[C@](O[H])(C([H])([H])[H])C(=O)OC([H])([H])C2=C([H])C([H])([H])N3C([H])([H])C([H])([H])[C@@]([H])(OC(=O)[C@]1([H])C([H])([H])[H])[C@@]23[H],1,325.361,96.3,2,7,-0.3926,79.3116
[H]C([H])(F)Cl,1,68.478,0,0,0,1.1522,11.828
[H]c1c([H])c([H])c2c(c1[H])-c1c([H])c([H])c([N+](=O)[O-])c([H])c1C2([H])[H],1,211.22,43.14,0,2,3.166,61.3384
[H]C([H])([H])N(C([H])([H])[H])P(=O)(N(C([H])([H])[H])C([H])([H])[H])N(C([H])([H])[H])C([H])([H])[H],1,179.204,26.79,0,1,0.7793,48.6675
[H]N([H])C(=O)N(N=O)C([H])([H])[H],1,103.081,75.76,1,3,-0.3217,23.1414
[H]C([H])([H])C(=O)OC1([H])OC([H])(C([H])([H])[H])OC([H])(C([H])([H])[H])C1([H])[H],1,174.196,44.76,0,4,1.047,41.265
[H]c1nc(C([H])([H])[H])n([H])c1[H],1,82.106,28.68,1,1,0.71812,23.3247
[H]C1=C([H])C2([H])c3c(c([H])c(OC([H])([H])[H])c4c5c(c(=O)oc34)C(=O)OC([H])([H])C5([H])[H])OC2([H])O1,1,328.276,84.2,0,7,1.8605,80.4045
[H]OC(=O)c1nc(Cl)c(Cl)c(N([H])[H])c1Cl,1,241.461,76.21,2,3,2.3222,50.6387
ClC1(Cl)C2(Cl)C3(Cl)C4(Cl)C(Cl)(Cl)C5(Cl)C3(Cl)C1(Cl)C5(Cl)C24Cl,1,545.546,0,0,0,6.223,97.546
[H]N([H])C(=O)N(N=O)C([H])([H])C([H])([H])[H],1,117.108,75.76,1,3,0.0684,27.7584
[H]OC([H])([H])N([H])C(=O)C([H])=C([H])[H],1,101.105,49.33,2,2,-0.7616,25.4255
[H]C1([H])N(N=O)C([H])([H])C([H])([H])C1([H])[H],1,100.121,32.67,0,2,0.7636,26.602
[H]Oc1c([H])c([H])c(C(=C2C([H])=C([H])C(=[N+](C([H])([H])c3c([H])c([H])c([H])c(S(=O)(=O)O)c3[H])C([H])([H])C([H])([H])[H])C([H])=C2[H])c2c([H])c([H])c(N(C([H])([H])c3c([H])c([H])c([H])c(S(=O)(=O)O)c3[H])C([H])([H])C([H])([H])[H])c([H])c2[H])c(S(=O)(=O)[O-])c1[H],1,764.9,192.42,3,9,5.4177,195.5636
[H]C(=O)C1([H])OC1([H])[H],1,72.063,29.6,0,2,-0.4159,15.804
[H]c1c([H])c([H])c2c(c1[H])-c1c([H])c([H])c([H])c3c([N+](=O)[O-])c([H])c([H])c-2c13,1,247.253,43.14,0,2,4.3954,75.0324
[H]Oc1c(S(=O)(=O)O)c([H])c2c([H])c(S(=O)(=O)O)c([H])c([H])c2c1N=Nc1c([H])c([H])c(S(=O)(=O)O)c2c([H])c([H])c([H])c([H])c12,1,538.537,208.06,4,9,3.8541,123.1806
O=[Mo](=O)=O,1,143.937,51.21,0,3,-0.3589,2.0595
N#Cc1c(Cl)c(Cl)c(Cl)c(C#N)c1Cl,1,265.914,47.58,0,2,4.04356,55.912
[H]c1c([H])c(N([H])C(=O)N(C([H])([H])[H])C([H])([H])[H])c([H])c(C(F)(F)F)c1[H],1,232.205,32.34,1,1,2.7989,54.1497
[H]C([H])=C([H])C([H])([H])OC(=O)C([H])([H])C([H])(C([H])([H])[H])C([H])([H])[H],1,142.198,26.3,0,2,1.7617,40.611
[H]OC(=O)C([H])([H])C([H])([H])C([H])([H])C([H])([H])C([H])([H])C([H])([H])C([H])([H])C([H])([H])C([H])([H])C([H])([H])N([H])[H],1,201.31,63.32,2,2,2.5406,58.2432
[H]Oc1c(S(=O)(=O)O)c([H])c2c([H])c(S(=O)(=O)O)c([H])c([H])c2c1N=Nc1c([H])c(C([H])([H])[H])c(C([H])([H])[H])c([H])c1C([H])([H])[H],1,450.494,153.69,3,7,4.37946,110.071
[H]c1c([H])c([H])c2c(c1[H])c([H])c(C([H])([H])[H])c1c3c([H])c([H])c([H])c([H])c3c([H])c([H])c21,1,242.321,0,0,0,5.45462,83.697
[H]C1=C([H])C([H])([H])C2([H])C(=O)N(SC(Cl)(Cl)C([H])(Cl)Cl)C(=O)C2([H])C1([H])[H],1,349.066,37.38,0,3,3.5209,74.729
[H]c1c([H])c(N([H])[H])c2c(c1N([H])[H])C(=O)c1c(c(N([H])[H])c([H])c([H])c1N([H])[H])C2=O,1,268.276,138.22,4,6,0.7908,77.3986
[H]c1c([H])c([H])c(N([H])C(=O)OC([H])(C([H])([H])[H])C([H])([H])[H])c([H])c1[H],1,179.219,38.33,1,2,2.6435,51.6817
ClC#CCl,1,94.928,0,0,0,1.3824,19.482
[H]c1c([H])c2c([H])c([H])c3c([H])c([H])c([N+](=O)[O-])c4c([H])c([H])c(c1[H])c2c34,1,247.253,43.14,0,2,4.4922,76.8004
[H]C([H])([H])N(N=O)C([H])([H])C([H])([H])[H],1,88.11,32.67,0,2,0.6195,24.099
[H]c1c(Cl)c(N([H])[H])c([H])c(Cl)c1-c1c([H])c(Cl)c(N([H])[H])c([H])c1Cl,1,322.022,52.04,2,2,5.1316,80.7428
O=[Ti]=O,1,79.865,34.14,0,2,-0.2401,1.373
CN(C)C(=S)[S-].CN(C)C(=S)[S-].CN(C)C(=S)[S-].[Fe+3],1,416.511,9.72,0,6,1.1369,100.95
[H]C(=O)C([H])([H])[H],1,44.053,17.07,0,1,0.2052,11.738
[H]c1c([H])c([H])c([H])c([H])c1[H],1,78.114,0,0,0,1.6866,26.442
[H]Oc1c([H])c([H])c([H])c([H])c1O[H],1,110.112,40.46,2,2,1.0978,29.7716
[H]Oc1c([H])c([H])c(O[H])c([H])c1[H],1,110.112,40.46,2,2,1.0978,29.7716
[H]c1c([H])c([H])c(N(C([H])([H])[H])C([H])([H])[H])c([H])c1[H],1,121.183,3.24,0,1,1.7526,40.769
[H]c1nc([H])c([H])c([H])c1[H],1,79.102,12.89,0,1,1.0816,24.237
[H]c1nc2c(c(=O)n(C([H])([H])[H])c(=O)n2C([H])([H])[H])n1[H],1,180.167,72.68,1,5,-1.0397,46.5757
[H]c1nc(Sc2c([N+](=O)[O-])nc([H])n2C([H])([H])[H])c2c(n1)nc([H])n2[H],1,277.269,115.42,1,8,1.1458,65.6691
[H]c1c(OP(=S)(OC([H])([H])C([H])([H])[H])OC([H])([H])C([H])([H])[H])nc(C([H])(C([H])([H])[H])C([H])([H])[H])nc1C([H])([H])[H],1,304.352,53.47,0,6,3.58472,79.023
[H]C([H])([H])C([H])([H])N(C(=S)SSC(=S)N(C([H])([H])C([H])([H])[H])C([H])([H])C([H])([H])[H])C([H])([H])C([H])([H])[H],1,296.552,6.48,0,4,3.6212,86.22
[H]c1c([H])c([H])c(C2=NC([H])([H])c3nnc([H])n3-c3c([H])c([H])c(Cl)c([H])c32)c([H])c1[H],1,294.745,43.07,0,4,3.2717,82.154
[H]c1c(F)c(=O)n([H])c(=O)n1[H],1,130.078,65.72,2,2,-0.7977,27.6414
[H]C1=C([H])C2([H])C3(Cl)C(Cl)=C(Cl)C(Cl)(C3(Cl)Cl)C2([H])C1([H])Cl,1,373.321,0,0,0,5.2415,76.098
[H]OC([H])([H])C([H])([H])n1c(C([H])([H])[H])nc([H])c1[N+](=O)[O-],1,171.156,81.19,1,5,0.09202,40.7042
[H]C([H])=O,1,30.026,17.07,0,1,-0.1849,7.121
[H]Oc1c([H])c([H])c([H])c([H])c1[H],1,94.113,20.23,1,1,1.3922,28.1068
[H]c1c([H])c([H])c(C([H])([H])[H])c([H])c1[H],1,92.141,0,0,0,1.99502,31.179
[H]N(c1nc(Cl)nc(N([H])C([H])(C([H])([H])[H])C([H])([H])[H])n1)C([H])([H])C([H])([H])[H],1,215.688,62.73,2,5,1.7771,57.7594
[H]c1c([H])c([H])c(N=Nc2c([H])c([H])c([H])c([H])c2[H])c([H])c1[H],1,182.226,24.72,0,2,4.102,57.06
[H]OC(=O)C([H])([H])C([H])([H])C([H])([H])c1c([H])c([H])c(N(C([H])([H])C([H])([H])Cl)C([H])([H])C([H])([H])Cl)c([H])c1[H],1,304.217,40.54,1,2,3.3779,80.6688
[H]c1nc(C([H])([H])SC([H])([H])C([H])([H])N([H])C(=NC([H])([H])[H])N([H])C#N)c(C([H])([H])[H])n1[H],1,252.347,88.89,3,4,0.5974,69.5971
[H]c1c([H])c(OC(C(=O)OC([H])([H])C([H])([H])[H])(C([H])([H])[H])C([H])([H])[H])c([H])c([H])c1Cl,1,242.702,35.53,0,3,3.0605,62.792
[H]c1c([H])c([H])c(C2=NC([H])([H])C(=O)N(C([H])([H])[H])c3c([H])c([H])c(Cl)c([H])c32)c([H])c1[H],1,284.746,32.67,0,2,3.1538,81.81
[H]C([H])([H])OP(=S)(OC([H])([H])[H])SC([H])(C(=O)OC([H])([H])C([H])([H])[H])C([H])([H])C(=O)OC([H])([H])C([H])([H])[H],1,330.364,71.06,0,8,2.1218,77.565
[H]C([H])(Cl)C([H])([H])Cl,1,98.96,0,0,0,1.464,21.44
[H]c1c([H])c([H])c2c([H])c([H])c(=O)oc2c1[H],1,146.145,30.21,0,2,1.793,42.484
[H]c1c([H])c([H])c2c([H])c([H])c([H])c([H])c2c1[H],1,128.174,0,0,0,2.8398,43.948
[H]c1c([H])c([N+](=O)[O-])c([H])c([H])c1OP(=S)(OC([H])([H])C([H])([H])[H])OC([H])([H])C([H])([H])[H],1,291.265,70.83,0,6,3.2711,71.2614
[H]c1nc(N([H])[H])n([H])n1,1,84.082,67.59,2,3,-0.6131,20.7951
[H]c1c([H])c([H])c(C2(c3c([H])c([H])c([H])c([H])c3[H])C(=O)N([H])C(=O)N2[H])c([H])c1[H],1,252.273,58.2,2,2,1.7696,70.3384
[H]Oc1c([H])c([H])c([H])c2c([H])c([H])c([H])nc12,1,145.161,33.12,1,2,1.9404,43.4078
[H]c1nc2c(c(=O)n(C([H])([H])[H])c(=O)n2C([H])([H])[H])n1C([H])([H])[H],1,194.194,61.82,0,6,-1.0293,51.196
[H]N1C([H])([H])C([H])([H])C([H])([H])OP1(=O)N(C([H])([H])C([H])([H])Cl)C([H])([H])C([H])([H])Cl,1,261.089,41.57,1,2,1.884,59.1912
[H]c1c([H])c(S(=O)(=O)c2c([H])c([H])c(N([H])[H])c([H])c2[H])c([H])c([H])c1N([H])[H],1,248.307,86.18,2,4,1.6838,67.1606
[H]C(OP(=O)(OC([H])([H])[H])OC([H])([H])[H])=C(Cl)Cl,1,220.976,44.76,0,4,2.6804,42.4985
[H]c1c([H])c([H])c(Oc2c([H])c([H])c([H])c(C([H])(C#N)OC(=O)C([H])(c3c([H])c([H])c(Cl)c([H])c3[H])C([H])(C([H])([H])[H])C([H])([H])[H])c2[H])c([H])c1[H],1,419.908,59.32,0,4,6.67998,116.435
[H]OC(=O)C(C([H])([H])[H])(C([H])([H])[H])C([H])([H])C([H])([H])C([H])([H])Oc1c([H])c(C([H])([H])[H])c([H])c([H])c1C([H])([H])[H],1,250.338,46.53,1,2,3.57324,72.0618
[H]c1c(Cl)c(S(=O)(=O)N([H])[H])c([H])c2c1N([H])C([H])([H])N([H])S2(=O)=O,1,297.745,118.36,3,5,-0.3513,61.6364
[H]c1c([H])c(C([H])(c2c([H])c([H])c(OC([H])([H])[H])c([H])c2[H])C(Cl)(Cl)Cl)c([H])c([H])c1OC([H])([H])[H],1,345.653,18.46,0,2,5.2059,88.121
[H]N([H])C(=O)C([H])([H])[H],1,59.068,43.09,1,1,-0.5084,14.8684
[H]C([H])([H])C([H])([N+](=O)[O-])C([H])([H])[H],1,89.094,43.14,0,2,0.6715,22.1304
[H]C([H])(OS(=O)(=O)C([H])([H])[H])C([H])([H])C([H])([H])C([H])([H])OS(=O)(=O)C([H])([H])[H],1,246.306,86.74,0,6,-0.281,50.8256
[H]Oc1c([H])c([H])c(C([H])([H])C([H])=C([H])[H])c([H])c1OC([H])([H])[H],1,164.204,29.46,1,2,2.1293,48.5598
[H]Oc1c(Cl)c([H])c(Cl)c(Cl)c1C([H])([H])c1c(Cl)c(Cl)c([H])c(Cl)c1O[H],1,406.907,40.46,2,2,6.609,89.0796
[H]OC1([H])N=C(c2c([H])c([H])c([H])c([H])c2[H])c2c([H])c(Cl)c([H])c([H])c2N([H])C1=O,1,286.718,61.69,2,3,2.4479,78.1695
[H]OC1([H])OC([H])([H])C([H])=C2OC(=O)C([H])=C21,1,154.121,55.76,1,4,-0.2979,34.2168
[H]Oc1c([H])c([H])c(C2(c3c([H])c([H])c(O[H])c([H])c3[H])OC(=O)c3c([H])c([H])c([H])c([H])c32)c([H])c1[H],1,318.328,66.76,2,4,3.5601,87.9531
[H]C([H])=C([H])C([H])([H])c1c([H])c([H])c2c(c1[H])OC([H])([H])O2,1,162.188,18.46,0,2,2.1438,46.466
[H]N(c1nc(Cl)nc(N([H])C([H])([H])C([H])([H])[H])n1)C([H])([H])C([H])([H])[H],1,201.661,62.73,2,5,1.3886,53.1644
[H]C([H])([H])N(N=O)C([H])([H])[H],1,74.083,32.67,0,2,0.2294,19.482
[H]C(Cl)(Cl)Cl,1,119.378,0,0,0,1.9864,21.347
[H]C(F)(F)Cl,1,86.468,0,0,0,1.4478,11.857
[H]C([H])(Cl)C(F)(F)F,1,118.485,0,0,0,1.7875,16.775
[H]C1=C(C([H])([H])[H])C([H])([H])C(C([H])([H])[H])(C([H])([H])[H])C([H])([H])C1=O,1,138.21,17.07,0,1,2.3218,41.779
[H]C([H])([H])C([H])(Cl)C([H])([H])Cl,1,112.987,0,0,0,1.8525,26.035
[H]c1c([H])c([H])c2c(c1[H])C(=O)c1c([H])c([H])c([H])c([H])c1C2=O,1,208.216,34.14,0,2,2.462,59.749
[H]c1c([H])c([H])c(C([H])([H])[H])c([N+](=O)[O-])c1[H],1,137.138,43.14,0,2,1.90322,37.8334
[H]C([H])=C(Cl)C([H])([H])SC(=S)N(C([H])([H])C([H])([H])[H])C([H])([H])C([H])([H])[H],1,223.794,3.24,0,2,3.0988,62.97
[H]c1c([H])c(N([H])[H])c(C([H])([H])[H])c([H])c1N([H])[H],1,122.171,52.04,2,2,1.15942,40.0038
[H]c1c([H])c([H])c([N+](=O)[O-])c([H])c1[H],1,123.111,43.14,0,2,1.5948,33.0964
[H]c1c([H])c([H])c(C([H])([H])C([H])([H])[H])c([H])c1[H],1,106.168,0,0,0,2.249,35.82
[H]N1C(=O)C([H])([H])C([H])([H])C([H])([H])C([H])([H])C1([H])[H],1,113.16,29.1,1,1,0.6766,31.4777
[H]C1([H])OC([H])([H])C([H])([H])C1([H])[H],1,72.107,9.23,0,1,0.7968,20.053
[H]C([H])=C([H])C([H])([H])[H],1,42.081,0,0,0,1.1923,15.871
[H]OC(c1c([H])c([H])c(Cl)c([H])c1[H])(c1c([H])c([H])c(Cl)c([H])c1[H])C(Cl)(Cl)Cl,1,370.49,20.23,1,1,5.5995,86.1928
[H]c1c([H])c(N([H])C(=O)C([H])([H])[H])c([H])c([H])c1OC([H])([H])C([H])([H])[H],1,179.219,38.33,1,2,2.0437,51.9147
[H]c1c([H])c([H])c(C2=NC([H])([H])C(=O)N(C([H])([H])C3([H])C([H])([H])C3([H])[H])c3c([H])c([H])c(Cl)c([H])c32)c([H])c1[H],1,324.811,32.67,0,2,3.934,93.477
[H]Oc1c([H])c([H])c([H])c(O[H])c1[H],1,110.112,40.46,2,2,1.0978,29.7716
[H]c1c([H])c([H])c(-c2nc3c(N([H])[H])nc(N([H])[H])nc3nc2N([H])[H])c([H])c1[H],1,253.269,129.62,3,7,0.8334,73.8012
[H]N([H])C(=O)OC([H])([H])[C@]1([H])C2=C(C(=O)C(C([H])([H])[H])=C(N([H])[H])C2=O)N2C([H])([H])[C@]3([H])N([H])[C@]3([H])[C@@]21OC([H])([H])[H],1,334.332,146.89,3,8,-1.6512,80.1105
[H]c1c(OC([H])([H])[H])c(OC([H])([H])[H])c(OC([H])([H])[H])c([H])c1C(=O)O[C@]1([H])C([H])([H])[C@]2([H])C([H])([H])N3C([H])([H])C([H])([H])c4c(n([H])c5c([H])c(OC([H])([H])[H])c([H])c([H])c45)[C@@]3([H])C([H])([H])[C@]2([H])[C@]([H])(C(=O)OC([H])([H])[H])[C@@]1([H])OC([H])([H])[H],1,608.688,117.78,1,10,4.1711,160.6872
ClC(Cl)(Cl)C(Cl)(Cl)Cl,1,236.74,0,0,0,3.7268,40.58
[H]C([H])([H])C(Cl)(Cl)Cl,1,133.405,0,0,0,2.3765,25.964
[H]C([H])=C(Cl)Cl,1,96.944,0,0,0,1.9352,20.846
[H]C([H])(Cl)C([H])(Cl)Cl,1,133.405,0,0,0,2.0289,26.214
[H]c1c([H])c([H])c2c(c1[H])C(=O)c1c([H])c([H])c(C([H])([H])[H])c(N([H])[H])c1C2=O,1,237.258,60.16,1,3,2.35262,68.8984
[H]C(=O)c1oc([H])c([H])c1[H],1,96.085,30.21,0,2,1.0921,24.0955
[H]OC([H])([H])C([H])([H])N(C([H])([H])C([H])([H])O[H])C([H])([H])C([H])([H])O[H],1,149.19,63.93,3,4,-1.7347,37.6974
[H]C([H])([H])C([H])([H])C1([H])OC1([H])[H],1,72.107,12.53,0,1,0.7952,20.031
[H]C([H])=C([H])C([H])([H])Cl,1,76.526,0,0,0,1.4112,20.917
[H]C1([H])C(=O)OC(=O)C1([H])[H],1,100.073,43.37,0,3,-0.15,20.333
[H]c1c([H])c([H])c(N2C(=O)C([H])(C([H])([H])C([H])([H])C([H])([H])C([H])([H])[H])C(=O)N2c2c([H])c([H])c([H])c([H])c2[H])c([H])c1[H],1,308.381,40.62,0,2,3.7878,90.871
[H]c1c([H])c([H])c(C2(C([H])([H])C([H])([H])[H])C(=O)N([H])C([H])([H])N([H])C2=O)c([H])c1[H],1,218.256,58.2,2,2,0.5379,59.5634
[H]c1c([H])c(-c2c(N([H])[H])nc(N([H])[H])nc2C([H])([H])C([H])([H])[H])c([H])c([H])c1Cl,1,248.717,77.82,2,4,2.5238,70.6808
[H]C1([H])N(P(=S)(N2C([H])([H])C2([H])[H])N2C([H])([H])C2([H])[H])C1([H])[H],1,189.224,9.03,0,1,0.1577,49.004
[H]c1c([N+](=O)[O-])c(N(C([H])([H])C([H])([H])C([H])([H])[H])C([H])([H])C([H])([H])C([H])([H])[H])c([N+](=O)[O-])c([H])c1C(F)(F)F,1,335.282,89.52,0,5,4.1482,77.5478
[H]OC([H])(C(Cl)(Cl)Cl)P(=O)(OC([H])([H])[H])OC([H])([H])[H],1,257.437,55.76,1,4,2.1609,47.9213
[H]OC([H])([H])C(=O)[C@@]1(O[H])C([H])([H])C([H])([H])[C@@]2([H])[C@]3([H])C([H])([H])C([H])([H])C4=C([H])C(=O)C([H])=C([H])[C@]4(C([H])([H])[H])[C@@]3([H])C(=O)C([H])([H])[C@@]21C([H])([H])[H],1,358.434,91.67,2,5,1.7658,94.0486
[H]C([H])([H])C([H])([H])N(N=O)C([H])([H])C([H])([H])[H],1,102.137,32.67,0,2,1.0096,28.716
[H]c1c([H])c([H])c2c(OC(=O)N([H])C([H])([H])[H])c([H])c([H])c([H])c2c1[H],1,201.225,38.33,1,2,2.558,59.0317
[H]OC(=O)[C@]1([H])N2C(=O)[C@@]([H])(N([H])C(=O)[C@@]([H])(c3c([H])c([H])c([H])c([H])c3[H])N([H])[H])[C@@]2([H])SC1(C([H])([H])[H])C([H])([H])[H],1,349.412,112.73,3,5,0.3181,89.0289
[H]C([H])([H])C([H])([H])Cl,1,64.515,0,0,0,1.2451,16.394
[H]C([H])=C(F)F,1,64.034,0,0,0,1.3966,11.356
[H]C([H])=C([H])C(=C([H])[H])C([H])([H])[H],1,68.119,0,0,0,1.7485,25.011
[H]c1c([H])c([H])c2c(c1[H])C(=O)c1c(Br)c([H])c(Br)c(N([H])[H])c1C2=O,1,381.023,60.16,1,3,3.5692,79.5614
[H]c1c([H])c([H])c2c(c1[H])-c1c([H])c([H])c([H])c([H])c1C2([H])[H],1,166.223,0,0,0,3.2578,54.684
ClC(Cl)=C(Cl)C(Cl)=C(Cl)Cl,1,260.762,0,0,0,4.7574,49.17
[H]c1c(C([H])([H])[H])c([H])c(C([H])([H])[H])c(N([H])[H])c1C([H])([H])[H],1,135.21,26.02,1,1,2.19406,45.0654
[H]c1c([H])c(-c2c([H])c([H])c(N=C=O)c(OC([H])([H])[H])c2[H])c([H])c(OC([H])([H])[H])c1N=C=O,1,296.282,77.32,0,6,3.3054,80.545
[H]c1c([H])c(C([H])([H])C([H])([H])C([H])([H])[H])c([H])c2c1OC([H])([H])O2,1,164.204,18.46,0,2,2.3678,46.56
[H]C([H])(Cl)C([H])(Cl)C([H])([H])Cl,1,147.432,0,0,0,2.0714,31.081
[H]C([H])=C([H])c1c([H])c([H])c([H])c([H])c1[H],1,104.152,0,0,0,2.3296,36.533
[H]C1([H])N(N=O)C([H])([H])N2C([H])([H])N(N=O)C([H])([H])N1C2([H])[H],1,186.175,71.82,0,6,-0.6281,43.281
[H]c1oc([H])c([H])c1[H],1,68.075,13.14,0,1,1.2796,18.708
[H]OC([H])([H])C([H])([H])OC([H])([H])C([H])([H])C([H])([H])C([H])([H])[H],1,118.176,29.46,1,2,0.7954,32.8128
FC(F)=C(F)F,1,100.014,0,0,0,1.991,11.458
[H]c1c([H])c([H])c2c(c1[H])C(=O)c1c([H])c([H])c(N([H])[H])c([H])c1C2=O,1,223.231,60.16,1,3,2.0442,64.1614
[H]c1c([H])c([H])c(C2(C([H])([H])C([H])([H])[H])C(=O)N([H])C(=O)N([H])C2=O)c([H])c1[H],1,232.239,75.27,2,3,0.7004,60.0924
[H]c1c(C([H])([H])[H])nc(N([H])S(=O)(=O)c2c([H])c([H])c(N([H])[H])c([H])c2[H])nc1C([H])([H])[H],1,278.337,97.97,2,5,1.47644,73.1689
[H]OC(=O)c1c([H])c(N=Nc2c([H])c([H])c(S(=O)(=O)N([H])c3nc([H])c([H])c([H])c3[H])c([H])c2[H])c([H])c([H])c1O[H],1,398.4,141.31,3,7,3.7016,100.7296
[H]OC1([H])N=C(c2c([H])c([H])c([H])c([H])c2[H])c2c([H])c(Cl)c([H])c([H])c2N(C([H])([H])[H])C1=O,1,300.745,52.9,1,3,2.4722,82.9498
[H]C([H])([H])N(C(=S)SSC(=S)N(C([H])([H])[H])C([H])([H])[H])C([H])([H])[H],1,240.444,6.48,0,4,2.0608,67.752
[H]OC([H])([H])[C@@]([H])(N([H])C(=O)C([H])(Cl)Cl)[C@]([H])(O[H])c1c([H])c([H])c([N+](=O)[O-])c([H])c1[H],1,323.132,112.7,3,5,0.909,72.5667
[H]C([H])([H])[N+](=O)[O-],1,61.04,43.14,0,2,-0.1071,12.9184
[H]C(Cl)(Cl)C(Cl)(Cl)Cl,1,202.295,0,0,0,3.1603,35.784
[H]C(Cl)=C(Cl)Cl,1,131.389,0,0,0,2.5017,25.642
[H]C([H])=C([H])C(=O)N([H])[H],1,71.079,43.09,1,1,-0.3423,19.3914
[H]C(Cl)(Cl)C([H])(Cl)Cl,1,167.85,0,0,0,2.5938,30.988
[H]c1c([H])c(N([H])[H])c([H])c([H])c1-c1c([H])c([H])c(N([H])[H])c([H])c1[H],1,184.242,52.04,2,2,2.518,60.7028
[H]C([H])(Cl)C1([H])OC1([H])[H],1,92.525,12.53,0,1,0.624,20.46
[H]C(=O)C([H])=C([H])[H],1,56.064,17.07,0,1,0.3713,16.261
[H]N([H])c1nc(N([H])[H])nc(N([H])[H])n1,1,126.123,116.73,3,6,-1.3818,33.0642
[H]C1([H])C(=O)C([H])([H])C([H])([H])C([H])([H])C1([H])[H],1,98.145,17.07,0,1,1.5196,28.092
[H]C([H])(Cl)C([H])([H])OP(=O)(OC([H])([H])C([H])([H])Cl)OC([H])([H])C([H])([H])Cl,1,285.491,44.76,0,4,2.8607,57.6225
[H]OC(=O)C([H])([H])[C@@]([H])(C(=O)N([H])[C@]([H])(C(=O)OC([H])([H])[H])C([H])([H])c1c([H])c([H])c([H])c([H])c1[H])N([H])[H],1,294.307,118.72,3,5,-0.3111,74.3209
[H]OC(=O)C([H])([H])C([H])([H])[C@@]([H])(C(=O)O[H])N([H])C(=O)c1c([H])c([H])c(N(C([H])([H])[H])C([H])([H])c2nc3c(N([H])[H])nc(N([H])[H])nc3nc2[H])c([H])c1[H],1,454.447,210.54,5,10,0.2684,118.2616
[H]O[C@]12O[C@]([H])([C@@]([H])(OC([H])([H])[H])C([H])([H])[C@@]([H])(C([H])([H])[H])C([H])([H])/C(C([H])([H])[H])=C(\[H])[C@@]([H])(C([H])([H])C([H])=C([H])[H])C(=O)C([H])([H])[C@]([H])(O[H])[C@@]([H])(C([H])([H])[H])[C@@]([H])(/C(=C(\[H])[C@]3([H])C([H])([H])C([H])([H])[C@@]([H])(O[H])[C@]([H])(OC([H])([H])[H])C3([H])[H])C([H])([H])[H])OC(=O)[C@@]3([H])N(C(=O)C1=O)C([H])([H])C([H])([H])C([H])([H])C3([H])[H])[C@@]([H])(OC([H])([H])[H])C([H])([H])[C@@]2([H])C([H])([H])[H],1,804.031,178.36,3,12,4.639,212.5924
[H]/C(=C(/[H])C([H])([H])[H])c1c([H])c([H])c2c(c1[H])OC([H])([H])O2,1,162.188,18.46,0,2,2.4484,47.273
[H]OC([H])([H])[C@@]1([H])O[C@]([H])(S)[C@]([H])(O[H])[C@@]([H])(O[H])[C@]1([H])O[H],1,196.224,90.15,5,6,-2.2839,42.7532
N.N.Cl[Pt]Cl,1,300.046,70,2,2,1.7005,21.7502
[H]c1nc2c([H])c(Cl)c([H])c([H])c2c(N([H])C([H])(C([H])([H])[H])C([H])([H])C([H])([H])C([H])([H])N(C([H])([H])C([H])([H])[H])C([H])([H])C([H])([H])[H])c1[H],1,319.88,28.16,1,3,4.8106,96.8597
[H]C([H])([H])C([H])(Br)C([H])([H])[H],1,122.993,0,0,0,1.7897,24.063
[H]c1c([H])c([N+](=O)[O-])c([H])c([H])c1Cl,1,157.556,43.14,0,2,2.2482,38.1064
[H]C([H])=C([H])C1([H])C([H])([H])C([H])=C([H])C([H])([H])C1([H])[H],1,108.184,0,0,0,2.5287,36.678
[H]c1c([H])c(Cl)c([H])c(N([H])C(=O)OC([H])(C([H])([H])[H])C([H])([H])[H])c1[H],1,213.664,38.33,1,2,3.2969,56.6917
[H]Oc1c([H])c([H])c(N([H])C(=O)C([H])([H])[H])c([H])c1[H],1,151.165,49.33,2,2,1.3506,42.4105
[H]N([H])Cl,1,51.476,26.02,1,1,0.0989,10.0404
[H]OC([H])([H])C([H])([H])N1C([H])([H])C1([H])[H],1,87.122,23.24,1,2,-0.7057,23.5258
[H]Oc1c([H])c([H])c([H])c2c1C(=O)c1c(O[H])c([H])c([H])c([H])c1C2([H])[H],1,226.231,57.53,2,3,2.233,62.4521
[H]/C(=N\OC(=O)N([H])C([H])([H])[H])C(SC([H])([H])[H])(C([H])([H])[H])C([H])([H])[H],1,190.268,50.69,1,4,1.4698,51.6267
[H]Oc1c([H])c([H])c(N([H])[H])c([H])c1[N+](=O)[O-],1,154.125,89.39,2,4,0.8826,39.1736
[H]c1nc(N([H])[H])sc1[N+](=O)[O-],1,145.143,82.05,1,5,0.6335,33.1808
[H]Oc1c([H])c([N+](=O)[O-])c([H])c([H])c1N([H])[H],1,154.125,89.39,2,4,0.8826,39.1736
[H]c1c([H])c([H])c(N([H])c2c([H])c([H])c([H])c([H])c2[H])c([H])c1[H],1,169.227,12.03,1,1,3.4302,56.1667
[H]C([H])([H])Br,1,94.939,0,0,0,1.0111,14.851
[H]Oc1c([H])c([H])c(N2C(=O)C([H])(C([H])([H])C([H])([H])C([H])([H])C([H])([H])[H])C(=O)N2c2c([H])c([H])c([H])c([H])c2[H])c([H])c1[H],1,324.38,60.85,1,3,3.4934,92.5358
[H]OC(=O)[C@]([H])(N([H])[H])C([H])([H])c1c([H])c([H])c(N(C([H])([H])C([H])([H])Cl)C([H])([H])C([H])([H])Cl)c([H])c1[H],1,305.205,66.56,2,3,1.925,79.4102
[H]O/N=[N+](\[O-])c1c([H])c([H])c([H])c([H])c1[H],1,138.126,58.66,1,2,1.6698,33.9439
[H]O[C@](c1c([H])c([H])c(F)c([H])c1F)(C([H])([H])n1nc([H])nc1[H])[C@]([H])(c1nc([H])nc([H])c1F)C([H])([H])[H],1,349.316,76.72,1,6,2.1769,80.6818
[H]c1nc(N([H])C(=O)N([H])C([H])([H])C([H])([H])[H])sc1[N+](=O)[O-],1,216.222,97.16,2,5,1.1927,51.4638
[H]c1c([H])c(C([H])([H])C([H])([H])[H])c(N(C(=O)C([H])([H])Cl)C([H])([H])OC([H])([H])[H])c(C([H])([H])C([H])([H])[H])c1[H],1,269.772,29.54,0,2,2.9871,75.28
[H]Oc1c([H])c([H])c(N=Nc2c([H])c([H])c([H])c([H])c2[H])c([H])c1[H],1,198.225,44.95,1,3,3.8076,58.7248
[H]OC([H])([H])[C@@]1([H])O[C@]([H])(O[H])[C@]([H])(N([H])C(=O)N(N=O)C([H])([H])[H])[C@@]([H])(O[H])[C@]1([H])O[H],1,265.222,151.92,5,8,-2.8909,55.8569
[H]c1oc2c([H])c3oc(=O)c(C(=O)OC([H])([H])C([H])([H])[H])c([H])c3c([H])c2c1[H],1,258.229,69.65,0,5,2.7159,68.2125
[H]c1c([H])c2c([H])c([H])c([H])c3c4c([H])c([H])c([N+](=O)[O-])c5c([H])c([H])c([H])c(c(c1[H])c23)c54,1,297.313,43.14,0,2,5.6454,94.3064
[H]/C(Cl)=C(/Cl)C([H])([H])SC(=O)N(C([H])(C([H])([H])[H])C([H])([H])[H])C([H])(C([H])([H])[H])C([H])([H])[H],1,270.225,20.31,0,2,4.2774,69.754
[H]OC1=C2C(=O)C3([H])C([H])(O[H])C4([H])C2(C(=O)c2c([H])c(C([H])([H])[H])c([H])c(O[H])c21)C1([H])C(=O)C2=C(O[H])c5c(O[H])c([H])c(C([H])([H])[H])c([H])c5C(=O)C23C4([H])C1([H])O[H],1,542.496,189.66,6,10,1.69764,134.2998
[H]c1c(OC(=O)N([H])C([H])([H])[H])c([H])c(C([H])([H])[H])c(N(C([H])([H])[H])C([H])([H])[H])c1C([H])([H])[H],1,222.288,41.57,1,3,2.08764,65.3267
[H]OC([H])([H])[C@@]1([H])O[C@@]([H])(n2c([H])nc(N([H])[H])nc2=O)[C@]([H])(O[H])[C@]1([H])O[H],1,244.207,143.72,4,9,-3.168,53.7138
[H]Oc1c(N=Nc2c([H])c([H])c(S(=O)(=O)O)c3c([H])c([H])c([H])c([H])c23)c([H])c(S(=O)(=O)O)c2c([H])c([H])c([H])c([H])c12,1,458.473,153.69,3,7,4.6074,113.366
[H]N(C([H])([H])C([H])([H])Cl)P1(=O)OC([H])([H])C([H])([H])C([H])([H])N1C([H])([H])C([H])([H])Cl,1,261.089,41.57,1,2,1.884,59.1912
[H]c1oc2c([H])c3oc(=O)c([H])c([H])c3c(OC([H])([H])[H])c2c1[H],1,216.192,52.58,0,4,2.5478,58.808
[H]C([H])=C([H])C1(C([H])([H])[H])OC(=O)N(c2c([H])c(Cl)c([H])c(Cl)c2[H])C1=O,1,286.114,46.61,0,3,3.4213,69.031
[H]c1c([H])c(N([H])[H])c([H])c(N([H])[H])c1Cl,1,142.589,52.04,2,2,1.5044,40.2768
[H]C(=C(Cl)Cl)C1([H])C([H])(C(=O)OC([H])([H])c2c([H])c([H])c([H])c(Oc3c([H])c([H])c([H])c([H])c3[H])c2[H])C1(C([H])([H])[H])C([H])([H])[H],1,391.294,35.53,0,3,6.1133,103.304
[H]OC(=O)C([H])(N([H])[H])C([H])([H])c1c([H])c([H])c(N(C([H])([H])C([H])([H])Cl)C([H])([H])C([H])([H])Cl)c([H])c1[H],1,305.205,66.56,2,3,1.925,79.4102
C1=CC=C(C=C1)N=NC2=C(C=C(C=C2)N)N.Cl,1,248.717,76.76,2,4,3.6882,73.1328
[H]OC(=O)C1=C([H])C([H])([H])C([H])([H])N(N=O)C1([H])[H],1,156.141,69.97,1,3,0.3845,37.7038
[H]c1c([H])c([N+](=O)[O-])c([H])c([H])c1OC([H])([H])[H],1,153.137,52.37,0,3,1.6034,39.6484
[H][131I],1,131.9141246,0,0,0,0.618,15.415
[222Rn],1,222.0175777,0,0,0,0,0
[90Sr],1,89.907738,0,0,0,-0.3808,5.754
[H]c1c([H])c(C([H])([H])c2c([H])c([H])c(N([H])[H])c(Cl)c2[H])c([H])c(Cl)c1N([H])[H],1,267.159,52.04,2,2,3.7486,74.5348
[H]c1c([H])c(C([H])([H])c2c([H])c([H])c(N(C([H])([H])[H])C([H])([H])[H])c([H])c2[H])c([H])c([H])c1N(C([H])([H])[H])C([H])([H])[H],1,254.377,6.48,0,2,3.4094,84.344
[H]c1c([H])c(C([H])([H])c2c([H])c([H])c(N=C=O)c([H])c2[H])c([H])c([H])c1N=C=O,1,250.257,58.86,0,4,3.212,71.253
[H]c1c([H])c(C([H])([H])c2c([H])c([H])c(N([H])[H])c([H])c2[H])c([H])c([H])c1N([H])[H],1,198.269,52.04,2,2,2.4418,64.5148
[H]c1c([H])c(N([H])[H])c([H])c([H])c1Oc1c([H])c([H])c(N([H])[H])c([H])c1[H],1,200.241,61.27,2,3,2.6433,61.7828
[H]c1c([H])c(OC([H])([H])C2([H])OC2([H])[H])c([H])c(OC([H])([H])C2([H])OC2([H])[H])c1[H],1,222.24,43.52,0,4,1.2418,56.912
[H]OC(=O)[C@]1([H])N([H])C(=O)[C@@]([H])(C([H])([H])[H])[C@]([H])(/C([H])=C([H])/C(=C(\[H])[C@]([H])(C([H])([H])[H])[C@@]([H])(OC([H])([H])[H])C([H])([H])c2c([H])c([H])c([H])c([H])c2[H])C([H])([H])[H])N([H])C(=O)[C@]([H])(C([H])([H])C([H])([H])C([H])([H])N=C(N([H])[H])N([H])[H])N([H])C(=O)[C@@]([H])(C([H])([H])[H])[C@]([H])(C(=O)O[H])N([H])C(=O)[C@]([H])(C([H])([H])C([H])(C([H])([H])[H])C([H])([H])[H])N([H])C(=O)[C@@]([H])(C([H])([H])[H])N([H])C(=O)C(=C([H])[H])N(C([H])([H])[H])C(=O)C([H])([H])C1([H])[H],1,995.189,343.14,10,11,0.6184,264.3716
[H]c1c([H])c(N([H])[H])c(C([H])([H])[H])c([H])c1OC([H])([H])[H],1,137.182,35.25,1,2,1.58582,42.1434
[H]C([H])([H])C([H])([H])C([H])([H])C([H])([H])C([H])(C([H])([H])OC(=O)C([H])([H])C([H])([H])C([H])([H])C([H])([H])C(=O)OC([H])([H])C([H])(C([H])([H])C([H])([H])[H])C([H])([H])C([H])([H])C([H])([H])C([H])([H])[H])C([H])([H])C([H])([H])[H],1,370.574,52.6,0,4,6.066,106.998
C1=CC2=C(C(=C1)[O-])N=CC=C2.C1=CC2=C(C(=C1)[O-])N=CC=C2.[Cu+2],1,351.852,71.9,0,4,2.6143,82.378
[H]c1c([H])c(N([H])[H])c([H])c([H])c1OC([H])([H])[H],1,123.155,35.25,1,2,1.2774,37.4064
[H]ON([H])c1c([H])c([H])c(N=O)c([H])c1[H],1,138.126,61.69,2,4,1.8856,37.3062
[H]c1nc2nc(N([H])[H])n(C([H])([H])[H])c2c([H])c1-c1c([H])c([H])c([H])c([H])c1[H],1,224.267,56.73,1,4,2.2175,68.3574
[H]c1c([H])c(Cl)c([H])c([H])c1Cl,1,147.004,0,0,0,2.9934,36.462
[H]c1c([H])c(N([H])[H])c([H])c([H])c1Cl,1,127.574,26.02,1,1,1.9222,35.8644
[H]c1c([H])c(N([H])[H])c([H])c([H])c1N([H])[H],1,108.144,52.04,2,2,0.851,35.2668
[H]C1=C([H])C(=O)C([H])=C([H])C1=O,1,108.096,34.14,0,2,0.2506,28.294
[H]C1([H])OC1([H])C1([H])C([H])([H])C([H])([H])C2([H])OC2([H])C1([H])[H],1,140.182,25.06,0,2,0.9527,35.742
[H]C([H])=C(C(=O)OC([H])([H])C1([H])OC1([H])[H])C([H])([H])[H],1,142.154,38.83,0,3,0.5045,35.513
[H]C([H])(Br)C([H])([H])Br,1,187.862,0,0,0,1.7762,27.588
[H]C([H])([H])OC([H])([H])Cl,1,80.514,9.23,0,1,0.8291,17.729
[H]C([H])=C([H])OC(=O)C([H])([H])[H],1,86.09,26.3,0,2,0.693,21.963
[H]C([H])([H])C(=O)C([H])([H])C([H])(C([H])([H])[H])C([H])([H])[H],1,100.161,17.07,0,1,1.6215,30.136
[H]C([H])([H])C([H])(OC([H])(C([H])([H])[H])C([H])([H])[H])C([H])([H])[H],1,102.177,9.23,0,1,1.8198,31.357
[H]c1c([H])c(N([H])[H])c([H])c(N([H])[H])c1[H],1,108.144,52.04,2,2,0.851,35.2668
[H]C([H])([H])C([H])(OC([H])(C([H])([H])[H])C([H])([H])Cl)C([H])([H])Cl,1,171.067,9.23,0,1,2.2576,41.449
[H]c1nc([H])c(C([H])([H])[H])c([H])c1[H],1,93.129,12.89,0,1,1.39002,28.974
[H]C([H])(Cl)C([H])([H])C([H])([H])Br,1,157.438,0,0,0,2.0102,29.131
[H]/C(=C(/[H])C([H])([H])Cl)C([H])([H])Cl,1,124.998,0,0,0,2.0202,30.58
[H]OC([H])([H])C1([H])OC([H])(O[C@@]([H])(c2c([H])nc([H])n2[H])[C@@]([H])(C(=O)N([H])[C@]([H])(C([H])([H])[H])[C@@]([H])(O[H])[C@@]([H])(C(=O)N([H])[C@]([H])(C(=O)N([H])C([H])([H])C([H])([H])c2nc(-c3nc(C(=O)N([H])C([H])([H])C([H])([H])C([H])([H])[S+](C([H])([H])[H])C([H])([H])[H])c([H])s3)c([H])s2)[C@]([H])(O[H])C([H])([H])[H])C([H])([H])[H])N([H])C(=O)c2nc([C@@]([H])(N([H])C([H])([H])[C@@]([H])(C(=O)N([H])[H])N([H])[H])C([H])([H])C(=O)N([H])[H])nc(N([H])[H])c2C([H])([H])[H])C([H])(OC2([H])OC([H])(C([H])([H])O[H])C([H])(O[H])C([H])(OC(=O)N([H])[H])C2([H])O[H])C([H])(O[H])C1([H])O[H],1,1415.576,627.07,20,31,-7.70358,338.7773
[H]C([H])(Cl)C([H])([H])OC([H])([H])C([H])([H])Cl,1,143.013,9.23,0,1,1.4806,32.259
[H]c1c([H])c([H])c2c(c1[H])-c1c([H])c([H])c([H])c3c1c-2c([H])c1c2c([H])c([H])c([H])c([H])c2c([H])c([H])c31,1,302.376,0,0,0,6.7936,103.39
[H]C1([H])OS(=O)(=O)C([H])([H])C1([H])[H],1,122.145,43.37,0,3,-0.2635,24.3558
[H]OC(=O)C1([H])C([H])(C(=O)O[H])C2(Cl)C(Cl)=C(Cl)C1(Cl)C2(Cl)Cl,1,388.845,74.6,2,2,3.2335,72.5886
Brc1c(Br)c(Br)c(Oc2c(Br)c(Br)c(Br)c(Br)c2Br)c(Br)c1Br,1,959.171,9.23,0,1,11.1039,129.958
[H]Oc1c([H])c([H])c([H])c2c1C(=O)c1c(O[H])c([H])c([H])c([H])c1C2=O,1,240.214,74.6,2,4,1.8732,63.0786
[H]c1c([H])c([H])c(C(=O)OC([H])([H])C([H])(C([H])([H])C([H])([H])[H])C([H])([H])C([H])([H])C([H])([H])C([H])([H])[H])c(C(=O)OC([H])([H])C([H])(C([H])([H])C([H])([H])[H])C([H])([H])C([H])([H])C([H])([H])C([H])([H])[H])c1[H],1,390.564,52.6,0,4,6.433,113.619
[H]OC(=O)c1c([H])c([H])c([H])c([H])c1N([H])[H],1,137.138,63.32,2,2,0.967,37.8137
[H]OC(=O)[C@]1([H])N([H])C(=O)[C@@]([H])(C([H])([H])[H])[C@]([H])(/C([H])=C([H])/C(=C(\[H])[C@]([H])(C([H])([H])[H])[C@@]([H])(OC([H])([H])[H])C([H])([H])c2c([H])c([H])c([H])c([H])c2[H])C([H])([H])[H])N([H])C(=O)[C@]([H])(C([H])([H])C([H])([H])C([H])([H])N=C(N([H])[H])N([H])[H])N([H])C(=O)[C@@]([H])(C([H])([H])[H])[C@]([H])(C(=O)O[H])N([H])C(=O)/C(=C(\[H])C([H])([H])[H])N(C([H])([H])[H])C(=O)C([H])([H])C1([H])[H],1,824.977,284.94,8,9,0.9729,219.9982
[H]c1c([H])c(N([H])[H])c(OC([H])([H])[H])c([H])c1-c1c([H])c([H])c(N([H])[H])c(OC([H])([H])[H])c1[H],1,244.294,70.5,2,4,2.5352,73.8068
[H]c1c([H])c(N([H])[H])c(C([H])([H])[H])c([H])c1-c1c([H])c([H])c(N([H])[H])c(C([H])([H])[H])c1[H],1,212.296,52.04,2,2,3.13484,70.1768
[H]c1c([H])c(C([H])([H])[H])c([H])c(N([H])[H])c1OC([H])([H])[H],1,137.182,35.25,1,2,1.58582,42.1434
[H]/C(=C(/C([H])([H])[H])C([H])([H])C([H])([H])C([H])([H])C([H])(C([H])([H])[H])C([H])([H])C([H])([H])C([H])([H])C([H])(C([H])([H])[H])C([H])([H])C([H])([H])C([H])([H])C([H])(C([H])([H])[H])C([H])([H])[H])C([H])([H])C1=C(C([H])([H])[H])C(=O)c2c([H])c([H])c([H])c([H])c2C1=O,1,450.707,34.14,0,2,9.1576,140.896
[O-2].[O-2].[O-2].[Cr+3].[Cr+3],1,151.989,85.5,0,0,-0.3614,2.0595
[H]c1c([H])c(Cl)c([H])c([N+](=O)[O-])c1[H],1,157.556,43.14,0,2,2.2482,38.1064
O.O.O.O.[OH-].[O-2].[O-2].[O-2].[O-2].[O-2].[O-2].[O-2].[O-2].[O-2].[O-2].[Mg+2].[Al+3].[Si].[Si].[Si].[Si],1,412.688,441,0,1,-6.9484,57.78
[H]c1c([H])c([H])c(N([H])N([H])c2c([H])c([H])c([H])c([H])c2[H])c([H])c1[H],1,184.242,24.06,2,2,3.1256,60.1294
[H]c1c([H])c(=O)n([H])n([H])c1=O,1,112.088,65.72,2,2,-0.9368,27.6834
[H]C([H])=C([H])C(=C([H])[H])C([H])([H])C([H])([H])C([H])=C(C([H])([H])[H])C([H])([H])[H],1,136.238,0,0,0,3.475,48.002
[H]C([H])(Br)C([H])(Br)C([H])([H])OP(=O)(OC([H])([H])C([H])(Br)C([H])([H])Br)OC([H])([H])C([H])(Br)C([H])([H])Br,1,697.613,44.76,0,4,5.6195,104.9895
[H]C([H])(Cl)C([H])([H])[N+]([O-])(C([H])([H])[H])C([H])([H])C([H])([H])Cl,1,172.055,23.06,0,1,1.4084,40.7254
ClC(Cl)=C(Cl)Cl,1,165.834,0,0,0,3.0682,30.438
[H]C([H])([H])C(=O)N(C([H])([H])[H])C([H])([H])[H],1,87.122,20.31,0,1,0.0945,24.368
[H]c1c([H])c(S(=O)(=O)N([H])c2onc(C([H])([H])[H])c2C([H])([H])[H])c([H])c([H])c1N([H])[H],1,267.31,98.22,2,5,1.67444,67.6399
[H]Oc1c(C(C([H])([H])[H])(C([H])([H])[H])C([H])([H])[H])c([H])c(C([H])([H])[H])c([H])c1C(C([H])([H])[H])(C([H])([H])[H])C([H])([H])[H],1,220.356,20.23,1,1,4.29562,70.2438
[H]c1c([H])c([H])c2c(c1[H])C(=O)c1c([H])c([H])c3c4c(c([H])c([H])c-2c14)C(=O)c1c([H])c([H])c([H])c([H])c1-3,1,332.358,34.14,0,2,5.2626,101.685
[H]c1c([H])c([H])c2c(c1[H])C(=O)c1c([H])c([H])c(C([H])([H])[H])c([N+](=O)[O-])c1C2=O,1,267.24,77.28,0,4,2.67862,71.1404
[H]C1=C([H])C(=[N+](C([H])([H])C([H])([H])[H])C([H])([H])C([H])([H])[H])C([H])=C([H])C1=C(c1c([H])c([H])c(N(C([H])([H])C([H])([H])[H])C([H])([H])C([H])([H])[H])c([H])c1[H])c1c([H])c([H])c(S(=O)(=O)O)c([H])c1S(=O)(=O)[O-],1,544.695,117.82,1,6,4.1048,144.8742
[H]c1c([H])c([H])c(C([H])(c2c([H])c([H])c(N(C([H])([H])[H])C([H])([H])[H])c([H])c2[H])c2c([H])c([H])c(N(C([H])([H])[H])C([H])([H])[H])c([H])c2[H])c([H])c1[H],1,330.475,6.48,0,2,4.9988,108.925
[H]N(C(=O)N(N=O)C([H])([H])C([H])([H])Cl)C1([H])C([H])([H])C([H])([H])C([H])([H])C([H])([H])C1([H])[H],1,233.699,61.77,1,3,2.2509,58.6257
[Ga]#[As],1,144.645,0,0,0,-0.7616,11.508
O=[Co],1,74.932,17.07,0,1,-0.1213,0.6865
O=[Co].O=[Co]O[Co]=O,1,240.795,60.44,0,4,-0.4323,3.1445
O=[Fe]O[Fe]=O,1,159.687,43.37,0,3,-0.311,2.458
[Sb+3],1,121.76,0,0,0,-0.3808,5.754
[H]c1c([H])c([H])c(C([H])([H])[H])c(N=Nc2c(N([H])[H])c([H])c([H])c3c([H])c([H])c([H])c([H])c23)c1[H],1,261.328,50.74,1,3,5.14582,83.7154
O=[V](=O)O[V](=O)=O,1,181.883,77.51,0,5,-0.5486,3.831
S=[Co],1,91,0,0,1,0.6457,7.591
[O-2].[O-2].[O-2].[Fe+3].[Fe+3],1,159.687,85.5,0,0,-0.3614,2.0595
[H]c1c([H])c([H])c(-c2c([H])c([H])c([H])c([H])c2O)c([H])c1[H],1,170.211,20.23,1,1,3.0592,53.5428
[224Ra],1,224.0202118,0,0,0,0,0
CC1=CC=C(C=C1)C.CC1=CC(=CC=C1)C.CC1=CC=CC=C1C,1,318.504,0,0,0,6.91032,107.748
O[Si](=O)O.O[Si](=O)O.O[Si](=O)O.O[Si](=O)O.O[Si](=O)O.O[Si](=O)O.O[Si](=O)O.O[Si](=O)O.[Na+].[Na+].[Mg+2].[Mg+2].[Mg+2].[Fe+3].[Fe+3],1,855.377,460.24,16,8,-20.0482,104.2868
[H]OC(=O)c1c([H])c2c(=O)c3c([H])c4c(=O)c(=O)c5c([H])c6c7c8c(c([H])c9c%10c8c8c%11c%12c(c3c3c%13c%14c%15c%16c%17c%18c(c([H])c%19oc%20c([H])c([H])c%21c([H])c([H])c%22c([H])c%23c([H])c1c(c23)c%14c%23c1c%22c%21c%20c(c%19%17)c%151)C1([H])SC([H])([H])C([H])([H])C([H])(C9([H])[H])C1([H])C%10([H])C=%18C=8C%16([H])C%12%13[H])c4c5c%117)C([H])([H])O6,1,1035.06,110.88,1,7,14.006,319.7903
[H]c1c([H])c(-c2c([H])c(Cl)c(Cl)c([H])c2Cl)c(Cl)c(Cl)c1Cl,1,360.882,0,0,0,7.274,81.938
[H]c1c([H])c([H])c(N([H])[H])c(OC([H])([H])[H])c1[H],1,123.155,35.25,1,2,1.2774,37.4064
[H]C([H])(Cl)OC([H])([H])C([H])([H])OC([H])([H])Cl,1,159.012,18.46,0,2,1.4122,33.344
[H]c1c([H])c([H])c(N([H])c2c([H])c([H])c3c([H])c([H])c([H])c([H])c3c2[H])c([H])c1[H],1,219.287,12.03,1,1,4.5834,73.6727
[H]OC(=O)C1=C([H])[C@@]([H])(O[H])[C@@]([H])(O[H])[C@]([H])(O[H])C1([H])[H],1,174.152,97.99,4,4,-1.5162,38.3562
[H]N(C1([H])C([H])([H])C([H])([H])C([H])([H])C([H])([H])C1([H])[H])S(=O)(=O)O,1,179.241,66.4,2,2,0.7115,41.5573
[H]OC(=O)C([H])([H])N(C([H])([H])C(=O)O[H])C([H])([H])C(=O)O[H],1,191.139,115.14,3,4,-1.4578,39.3474
[H]N(C(=O)N(N=O)C([H])([H])C([H])([H])Cl)C1([H])C([H])([H])C([H])([H])C([H])(C([H])([H])[H])C([H])([H])C1([H])[H],1,247.726,61.77,1,3,2.4969,63.1727
[226Ra],1,226.0254098,0,0,0,0,0
[O-][Si](=O)[O-].[Ca+2],1,116.161,63.19,0,3,-3.2584,12.1945
[H]c1c([H])c(N(C([H])([H])[H])C([H])([H])[H])c([H])c([H])c1N=NS(=O)(=O)O,1,229.261,82.33,1,4,1.6391,56.8336
[H]c1c([H])c(C(C([H])([H])[H])(C([H])([H])[H])C([H])([H])[H])c([H])c([H])c1OC([H])([H])C([H])(O[S+]([O-])OC([H])([H])C([H])([H])Cl)C([H])([H])[H],1,334.865,50.75,0,4,3.6021,85.9984
[H]C([H])=C([H])C(=O)OC([H])([H])C([H])([H])[H],1,100.117,26.3,0,2,0.7355,26.83
[H]Oc1c([H])c(C(=O)Oc2c([H])c(C(=O)OC([H])([H])[C@]3([H])O[C@]([H])(OC(=O)c4c([H])c(O[H])c(O[H])c(OC(=O)c5c([H])c(O[H])c(O[H])c(O[H])c5[H])c4[H])[C@@]([H])(OC(=O)c4c([H])c(O[H])c(O[H])c(OC(=O)c5c([H])c(O[H])c(O[H])c(O[H])c5[H])c4[H])[C@]([H])(OC(=O)c4c([H])c(O[H])c(O[H])c(OC(=O)c5c([H])c(O[H])c(O[H])c(O[H])c5[H])c4[H])[C@@]3([H])OC(=O)c3c([H])c(O[H])c(O[H])c(OC(=O)c4c([H])c(O[H])c(O[H])c(O[H])c4[H])c3[H])c([H])c(O[H])c2O[H])c([H])c(O[H])c1O[H],1,1701.206,777.98,25,46,4.8381,382.802
[H]C1=C([H])C(Cl)(Cl)C(Cl)(Cl)C([H])=C1N=Nc1c([H])c([H])c([H])c([H])c1[H],1,322.022,24.72,0,2,5.5718,77.055
[H]C([H])=C([H])C(=O)OC([H])([H])C([H])([H])C([H])([H])C([H])([H])[H],1,128.171,26.3,0,2,1.5157,36.064
[H]C([H])([H])C1([H])C([H])([H])C2([H])OC2([H])C([H])([H])C1([H])C(=O)OC([H])([H])C1([H])C([H])([H])C2([H])OC2([H])C([H])([H])C1([H])C([H])([H])[H],1,280.364,51.36,0,4,2.1566,72.057
[H]c1c([H])c([H])c(N([H])[H])c([H])c1[H],1,93.129,26.02,1,1,1.2688,30.8544
O=C1C2(Cl)C3(Cl)C4(Cl)C(Cl)(Cl)C5(Cl)C3(Cl)C1(Cl)C5(Cl)C24Cl,1,490.639,17.07,0,1,4.6182,88.116
CC[C@@]1(C[C@H]2C[C@@](C3=C(CCN(C2)C1)C4=CC=CC=C4N3)(C5=C(C=C6C(=C5)[C@]78CCN9[C@H]7[C@@](C=CC9)([C@H]([C@@]([C@@H]8N6C)(C(=O)OC)O)OC(=O)C)CC)OC)C(=O)OC)O.OS(=O)(=O)O,1,909.068,228.7,5,14,3.3381,234.6057
CN(C)C(=S)S[Se](SC(=S)N(C)C)(SC(=S)N(C)C)SC(=S)N(C)C,1,559.848,12.96,0,8,3.7408,141.258
[H][32P]([H])[H],1,34.99790727,0,0,0,0.0581,11.105
[H]C1([H])OC1([H])C1([H])OC1([H])[H],1,86.09,25.06,0,2,-0.216,19.48
[H]C([H])([H])C([H])([H])N(C(=S)S)C([H])([H])C([H])([H])[H],1,149.284,3.24,1,1,1.5429,44.505
O[Si](=O)O.O[Si](=O)O.O[Si](=O)O.O[Si](=O)O.[Mg+2].[Mg+2].[Mg+2],1,385.311,230.12,8,4,-7.5968,60.7744
O[Si](=O)[O-].O[Si](=O)[O-].[O-][Si](=O)[O-].[O-][Si](=O)[O-].[Mg+2].[Mg+2].[Mg+2],1,379.263,247.1,2,10,-11.3888,47.4616
O=[Si]=O,1,60.084,34.14,0,2,-0.6184,7.127
[H]OC(=O)c1c([H])c([H])c(N([H])[H])c([H])c1[H],1,137.138,63.32,2,2,0.967,37.8137
[228Ra],1,228.0310703,0,0,0,0,0
[H]N(C(=O)N(N=O)C([H])([H])C([H])([H])Cl)C([H])([H])C([H])([H])Cl,1,214.052,61.77,1,3,1.157,47.3397
O.O.O.O.O.O.[OH-].[OH-].[O-][Si](=O)O[Si](=O)[O-].[O-][Si](=O)O[Si](=O)[O-].[O-][Si](=O)O[Si](=O)[O-].[Mg+2].[Mg+2].[Mg+2].[Mg+2],1,647.825,517.47,0,17,-17.1618,90.4684
[H]c1c([H])c([H])c(N([H])c2c([H])c([H])c(N=O)c([H])c2[H])c([H])c1[H],1,198.225,41.46,1,3,3.8281,61.6217
C1=CC=C(C=C1)CCNN.OS(=O)(=O)O,1,234.277,112.65,4,4,0.0396,56.5135
[H]C([H])=C([H])C(=O)OC([H])([H])C(C([H])([H])OC(=O)C([H])=C([H])[H])(C([H])([H])OC(=O)C([H])=C([H])[H])C([H])([H])C([H])([H])[H],1,296.319,78.9,0,6,1.5704,76.192
[Cr+3],1,51.996,0,0,0,-0.0025,0
[H]C([H])([H])OC(C([H])([H])[H])(C([H])([H])[H])C([H])([H])[H],1,88.15,9.23,0,1,1.4313,26.762
[H]c1nc([H])c(C2([H])N(N=O)C([H])([H])C([H])([H])C2([H])[H])c([H])c1[H],1,177.207,45.56,0,3,1.8999,48.713
[H]c1c([H])c(C(c2c([H])c([H])c(OC([H])([H])C3([H])OC3([H])[H])c([H])c2[H])(C([H])([H])[H])C([H])([H])[H])c([H])c([H])c1OC([H])([H])C1([H])OC1([H])[H],1,340.419,43.52,0,4,3.5677,95.482
[H]C1=C([H])C(=[N+](C([H])([H])[H])C([H])([H])[H])C([H])=C([H])C1=C(c1c([H])c([H])c(N(C([H])([H])c2c([H])c([H])c([H])c(S(=O)(=O)[O-])c2[H])C([H])([H])C([H])([H])[H])c([H])c1[H])c1c([H])c([H])c(N(C([H])([H])c2c([H])c([H])c([H])c(S(=O)(=O)O)c2[H])C([H])([H])C([H])([H])[H])c([H])c1[H],1,711.906,121.06,1,7,6.5314,198.4112
[F-],1,18.998,0,0,0,-2.996,0
[H]c1c(Cl)c(Cl)c([H])c2c1Oc1c([H])c(Cl)c(Cl)c([H])c1O2,1,321.974,18.46,0,2,6.1982,73.072
[H]OS(=O)(=O)C(F)(F)C(F)(F)C(F)(F)C(F)(F)C(F)(F)C(F)(F)C(F)(F)C(F)(F)F,1,500.126,54.37,1,2,4.8411,52.2326
[H]c1c([H])c(Oc2c([H])c([H])c([N+](=O)[O-])c([H])c2[H])c(Cl)c([H])c1Cl,1,284.098,52.37,0,3,4.6939,69.6324
[Cr+6],1,51.996,0,0,0,-0.0025,0
[H]c1c([H])c([H])c2c(c1[H])c([H])c1c([H])c([H])c3c([H])c4c([H])c([H])c([H])c([H])c4c4c([H])c([H])c2c1c34,1,302.376,0,0,0,6.8904,105.158
[H]c1c([H])c([H])c2c(c1[H])c([H])c1c([H])c([H])c3c4c([H])c([H])c([H])c([H])c4c([H])c4c([H])c([H])c2c1c43,1,302.376,0,0,0,6.8904,105.158
[H]c1c([H])c2c([H])c([H])c3c([H])c([H])c4c([H])c([H])c5c([H])c([H])c([H])c6c(c1[H])c2c3c4c56,1,276.338,0,0,0,6.3282,96.344
[H]c1c([H])c([H])c2c(c1[H])c([H])c1c([H])c([H])c3c([H])c([H])c([H])c4c5c([H])c([H])c([H])c([H])c5c2c1c34,1,302.376,0,0,0,6.8904,105.158
[H]c1c([H])c([H])c2c(c1[H])c1c([H])c([H])c([H])c3c4c([H])c([H])c([H])c([H])c4c4c([H])c([H])c([H])c2c4c13,1,302.376,0,0,0,6.8904,105.158
[H]c1c([H])c([H])c2c(c1[H])c([H])c1c3c([H])c([H])c([H])c([H])c3c3c([H])c([H])c([H])c4c([H])c([H])c2c1c43,1,302.376,0,0,0,6.8904,105.158
[H]c1c([H])c([H])c2c(c1[H])c1c([H])c([H])c([H])c3c([H])c([H])c4c([H])c([H])c([H])c2c4c31,1,252.316,0,0,0,5.7372,87.652
[H]c1c([H])c([H])c2c([H])c3c(c([H])c2c1[H])c1c([H])c([H])c([H])c2c([H])c([H])c4c([H])c([H])c([H])c3c4c21,1,302.376,0,0,0,6.8904,105.158
[H]c1c([H])c([H])c2c(c1[H])-c1c([H])c([H])c3c([H])c([H])c4c([H])c([H])c([H])c5c([H])c-2c1c3c45,1,276.338,0,0,0,6.2314,94.576
[H]Oc1c(N=Nc2c([H])c([H])c(-c3c([H])c([H])c(N=Nc4c(C([H])([H])[H])nn(-c5c([H])c([H])c([H])c([H])c5[H])c4O[H])c(Cl)c3[H])c([H])c2Cl)c(C([H])([H])[H])nn1-c1c([H])c([H])c([H])c([H])c1[H],1,623.504,125.54,2,10,9.89064,170.1816
[H]Oc1c([H])c([H])c2c([H])c(S(=O)(=O)O)c([H])c(S(=O)(=O)O)c2c1N=Nc1c([H])c([H])c([H])c([H])c1[H],1,408.413,153.69,3,7,3.4542,95.86
[H]c1c([H])c([H])c2c(c1[H])c([H])c([H])c1c2c2c3c([H])c([H])c([H])c([H])c3c([H])c([H])c2n1[H],1,267.331,15.79,1,0,5.6275,90.8167
[H]c1c([H])c([H])c2c(c1[H])c([H])c([H])c1c([H])c([H])c3c([H])c([H])c([H])c([H])c3c12,1,228.294,0,0,0,5.1462,78.96
[H]C([H])(OC([H])([H])C([H])([H])OC([H])([H])C1([H])OC1([H])[H])C([H])([H])OC([H])([H])C([H])([H])OC([H])([H])C1([H])OC1([H])[H],1,262.302,61.98,0,6,-0.1496,62.756
[H]c1c([H])c([H])c2c(c1[H])c([H])c([H])c1c3c([H])c([H])c([H])c([H])c3c3c([H])c([H])c([H])c([H])c3c21,1,278.354,0,0,0,6.2994,96.466
[H]C1=C([H])c2c3c1c([H])c([H])c([H])c3c([H])c1c2c([H])c([H])c2c([H])c([H])c([H])c([H])c21,1,252.316,0,0,0,5.63,87.888
[H]c1c([H])c([H])c2c3c4c(c([H])c([H])c5c([H])c([H])c([H])c(c54)C3([H])[H])c([H])c2c1[H],1,240.305,0,0,0,5.0504,81.766
[H]c1c([H])c([H])c2c(c1[H])c([H])c1c3c4c(c([H])c([H])c([H])c4c([H])c([H])c23)C1([H])[H],1,240.305,0,0,0,5.0504,81.766
[H]c1c([H])c([H])c2c([H])c3c(c([H])c([H])c4c([H])c([H])c([H])c([H])c43)c([N+](=O)[O-])c2c1[H],1,273.291,43.14,0,2,5.0544,85.6144
[H]c1c([H])c2c3c(c1[H])c([H])c([H])c1c([H])c([H])c4c([H])c([H])c([H])c-2c4c13,1,226.278,0,0,0,5.1266,77.954
[H]c1c([H])c([H])c2c(c1[H])-c1c([H])c([H])c([H])c3c([H])c4c(c([H])c([H])c5c([H])c([H])c([H])c([H])c54)c-2c13,1,302.376,0,0,0,6.7936,103.39
[H]c1c([H])c([H])c2c(c1[H])-c1c([H])c([H])c([H])c3c([H])c4c([H])c([H])c([H])c([H])c4c-2c13,1,252.316,0,0,0,5.6404,85.884
[H]c1c([H])c([H])c2c(c1[H])-c1c(c([H])c([H])c3c([H])c([H])c([H])c([H])c13)C2([H])[H],1,216.283,0,0,0,4.411,72.19
[H]c1c([H])c([H])c2c3c(c([H])c([H])c2c1[H])-c1c([H])c([H])c([H])c2c([H])c([H])c([H])c-3c12,1,252.316,0,0,0,5.6404,85.884
[H]c1c([H])c([H])c2c(c1[H])-c1c([H])c([H])c([H])c3c1c-2c([H])c1c([H])c([H])c([H])c([H])c13,1,252.316,0,0,0,5.6404,85.884
CC[C@@]1(C[C@@H]2C[C@@](C3=C(CCN(C2)C1)C4=CC=CC=C4N3)(C5=C(C=C6C(=C5)[C@]78CCN9[C@H]7[C@@](C=CC9)([C@H]([C@@]([C@@H]8N6C=O)(C(=O)OC)O)OC(=O)C)CC)OC)C(=O)OC)O.OS(=O)(=O)O,1,923.051,245.77,5,14,2.8647,234.7457
[H]c1c([H])c([H])c2c([H])c3c(c([H])c2c1[H])-c1c([H])c([H])c([H])c2c([H])c([H])c([H])c-3c12,1,252.316,0,0,0,5.6404,85.884
[H]Oc1c2c(c(O[H])c3c1C([H])([H])[C@@](O[H])(C(=O)C([H])([H])[H])C([H])([H])[C@]3([H])O[C@]1([H])O[C@@]([H])(C([H])([H])[H])[C@@]([H])(O[H])[C@@]([H])(N([H])[H])C1([H])[H])C(=O)c1c(OC([H])([H])[H])c([H])c([H])c([H])c1C2=O,1,527.526,185.84,5,11,1.0289,130.3426
[H]C1=C([H])c2c3c1c([H])c([H])c([H])c3c([H])c1c([H])c([H])c3c([H])c([H])c([H])c([H])c3c21,1,252.316,0,0,0,5.63,87.888
[H]O[C@@]1([H])[C@@]2([H])O[C@]3([H])C([H])=C(C([H])([H])[H])[C@@]([H])(OC(=O)C([H])([H])C([H])(C([H])([H])[H])C([H])([H])[H])C([H])([H])[C@]3(C([H])([H])OC(=O)C([H])([H])[H])[C@@](C([H])([H])[H])([C@]1([H])OC(=O)C([H])([H])[H])[C@@]21OC1([H])[H],1,466.527,120.89,1,9,1.6927,113.7868
[H]c1c([H])c([H])c2c([H])c3c(c([H])c([H])c4c5c([H])c([H])c([H])c([H])c5c([H])c([H])c34)c([H])c2c1[H],1,278.354,0,0,0,6.2994,96.466
[H]c1c([H])c([H])c2c([H])c3c4c([H])c([H])c([H])c([H])c4c4c([H])c([H])c([H])c([H])c4c3c([H])c2c1[H],1,278.354,0,0,0,6.2994,96.466
[H]C1([H])OC([H])([H])C([H])([H])N(P(=S)(N2C([H])([H])C2([H])[H])N2C([H])([H])C2([H])[H])C1([H])[H],1,233.277,18.49,0,2,0.1743,59.823
[H]c1c([H])c([H])c2c(c1[H])c([H])c([H])c1c([H])c3c([H])c([H])c4c([H])c([H])c([H])c([H])c4c3c([H])c12,1,278.354,0,0,0,6.2994,96.466
[H]c1c([H])c([H])c2c(c1[H])c([H])c([H])c1nc3c([H])c([H])c4c([H])c([H])c([H])c([H])c4c3c([H])c12,1,279.342,12.89,0,1,5.6944,94.261
[H]c1c([H])c([H])c2c(c1[H])c([H])c([H])c1c([H])c3c([H])c([H])c4c([H])c([H])c([H])c([H])c4c3nc12,1,279.342,12.89,0,1,5.6944,94.261
[H]c1c([H])c(N([H])[H])c2c([H])c([H])c([H])c(N([H])[H])c2c1[H],1,158.204,52.04,2,2,2.0042,52.7728
[H]c1c([H])c([H])c2c([H])c3c(nc2c1[H])c([H])c([H])c1c([H])c([H])c([H])c([H])c13,1,229.282,12.89,0,1,4.5412,76.755
[H]c1c([H])c([H])c2c([H])c3c([H])c([H])c4c([H])c([H])c([H])c([H])c4c3nc2c1[H],1,229.282,12.89,0,1,4.5412,76.755
[H]c1c([H])c([H])c2c(c1[H])c([H])c([H])c1c([H])c3c(nc12)c([H])c([H])c1c([H])c([H])c([H])c([H])c13,1,279.342,12.89,0,1,5.6944,94.261
[H]c1c([H])c2c(c([H])c1OC(=O)C([H])([H])c1c([H])c([H])c(N(C([H])([H])C([H])([H])Cl)C([H])([H])C([H])([H])Cl)c([H])c1[H])C([H])([H])C([H])([H])[C@@]1([H])[C@]3([H])C([H])([H])C([H])([H])[C@]([H])(OC(=O)C([H])([H])c4c([H])c([H])c(N(C([H])([H])C([H])([H])Cl)C([H])([H])C([H])([H])Cl)c([H])c4[H])[C@@]3(C([H])([H])[H])C([H])([H])C([H])([H])[C@]21[H],1,788.684,59.08,0,6,9.4133,214.172
[H]c1oc2c([H])c([H])c3c(C([H])([H])[H])c([H])c(=O)oc3c2c1C([H])([H])[H],1,214.22,43.35,0,3,3.15604,61.73
[H]Oc1c2c(c(O[H])c3c1C([H])([H])[C@@](O[H])(C(=O)C([H])([H])O[H])C([H])([H])[C@]3([H])O[C@]1([H])O[C@@]([H])(C([H])([H])[H])[C@@]([H])(O[H])[C@@]([H])(N([H])[H])C1([H])[H])C(=O)c1c(OC([H])([H])[H])c([H])c([H])c([H])c1C2=O,1,543.525,206.07,6,12,0.0013,131.7544
CCN(CC)CCNC1=C2C(=C(C=C1)CO)SC3=CC=CC=C3C2=O.CS(=O)(=O)O,1,452.598,106.94,3,7,3.1647,125.2741
[H]c1c([H])c([H])c2c(c1[H])-c1c([H])c([H])c3c([H])c([H])c([H])c([H])c3c1C2([H])[H],1,216.283,0,0,0,4.411,72.19
[H]C1([H])C([H])([H])C2([H])OC2([H])C1([H])OC1([H])C([H])([H])C([H])([H])C2([H])OC12[H],1,182.219,34.29,0,3,0.8626,44.451
[H]c1c([H])c([H])c2c(sc3c4c([H])c([H])c([H])c([H])c4c([H])c([H])c32)c1[H],1,234.323,0,0,1,5.2077,76.837
[H]Oc1c(C(=O)N([H])c2c([H])c([H])c([H])c([N+](=O)[O-])c2[H])c([H])c2c([H])c([H])c([H])c([H])c2c1N=Nc1c([H])c([N+](=O)[O-])c([H])c([H])c1OC([H])([H])[H],1,487.428,169.56,2,9,6.0381,130.4868
[H]C([H])([H])C([H])([H])C([H])([H])C([H])([H])OC([H])([H])C1([H])OC1([H])[H],1,130.187,21.76,0,2,1.2019,35.467
[H]Oc1c(N=Nc2c([H])c([H])c(-c3c([H])c([H])c(N=Nc4c(S(=O)(=O)O)c([H])c5c([H])c(S(=O)(=O)O)c([H])c(N([H])[H])c5c4O[H])c(OC([H])([H])[H])c3[H])c([H])c2OC([H])([H])[H])c(S(=O)(=O)O)c([H])c2c([H])c(S(=O)(=O)O)c([H])c(N([H])[H])c12,1,904.892,377.88,8,18,6.0704,212.6428
[H]c1c([H])c([H])c2c(c1[H])-c1c(c([H])c3c([H])c([H])c([H])c([H])c3c1[H])C2([H])[H],1,216.283,0,0,0,4.411,72.19
[H]OC(=O)C([H])([H])C([H])([H])C([H])([H])C([H])([H])C([H])([H])C([H])([H])C([H])([H])C1([H])OC1([H])C([H])([H])C([H])([H])C([H])([H])C([H])([H])C([H])([H])C([H])([H])C([H])([H])C([H])([H])[H],1,298.467,49.83,1,2,5.3197,86.6088
C1=CC(=CC=C1C(=O)Cl)C(=O)Cl.C1=CC(=CC=C1N)N,1,311.168,86.18,2,4,3.2956,82.0758
[H]C([H])=C([H])OS(=O)(=O)c1c([H])c([H])c([H])c([H])c1C([H])([H])[H],1,198.243,43.37,0,3,1.84382,49.6468
[H]Oc1c([H])c([H])c(OC([H])([H])[H])c([H])c1C(C([H])([H])[H])(C([H])([H])[H])C([H])([H])[H],1,180.247,29.46,1,2,2.6983,53.3588
C1CCC(=O)NCC1.C(CCCN)CCN.C(CCC(=O)O)CC(=O)O,1,375.51,155.74,5,5,1.8568,101.7941
[H]c1c([H])c2c([H])c([H])c3c([H])c([H])c4c5c(c([H])c(c1[H])c2c35)C([H])([H])C4([H])[H],1,228.294,0,0,0,4.6826,77.554
[H]/C(=N\c1nnc(/C([H])=C(\[H])c2oc([N+](=O)[O-])c([H])c2[H])o1)N(C([H])([H])[H])C([H])([H])[H],1,277.24,110.8,0,7,1.9626,70.4274
[H]c1c(N([H])[H])nc2c(c1[H])c1c([H])c([H])c([H])c([H])c1n2[H],1,183.214,54.7,2,2,2.2983,58.0121
[H]c1c([H])c([H])c2c(c1[H])Oc1c([H])c([H])c([H])c([H])c1O2,1,184.194,18.46,0,2,3.5846,53.032
[H]Oc1c([H])c([H])c2c([H])c([H])c([H])c([H])c2c1N=Nc1c([H])c([H])c([H])c([H])c1C([H])([H])[H],1,262.312,44.95,1,3,5.26922,80.9678
[H]c1c([H])c(C([H])([H])[H])c(N=C=O)c([H])c1N=C=O,1,174.159,58.86,0,4,1.92962,46.742
[H]C1=C([H])c2c([H])c3c([H])c([H])c([H])c4c([H])c([H])c5c([H])c([H])c1c2c5c43,1,226.278,0,0,0,5.0678,79.074
[H]Oc1c([H])c([H])c2c([H])c(S(=O)(=O)O[H])c([H])c([H])c2c1N=Nc1c([H])c([H])c(S(=O)(=O)O[H])c([H])c1[H],1,408.413,153.69,3,7,3.4542,95.86
[H]OC([H])([H])C([H])([H])N(c1c([H])c([H])c(N([H])C([H])([H])[H])c([N+](=O)[O-])c1[H])C([H])([H])C([H])([H])O[H],1,255.274,98.87,3,6,0.4275,69.0277
[H]Oc1c([H])c([H])c(C([H])([H])[H])c([H])c1N=Nc1c([H])c([H])c(N([H])C(=O)C([H])([H])[H])c([H])c1[H],1,269.304,74.05,2,4,4.07442,77.7655
[H]Oc1c([H])c(-c2c([H])c([H])c(N=Nc3c(S(=O)(=O)O)c([H])c4c([H])c(S(=O)(=O)O)c([H])c(N([H])[H])c4c3O[H])c(O[H])c2[H])c([H])c([H])c1N=Nc1c(S(=O)(=O)O)c([H])c2c([H])c(S(=O)(=O)O)c([H])c(N([H])[H])c2c1O[H],1,876.838,399.88,10,18,5.4644,202.8684
[H]c1c([H])c(N([H])[H])c(Cl)c([H])c1Oc1c([H])c([H])c(N([H])[H])c(Cl)c1[H],1,269.131,61.27,2,3,3.9501,71.8028
[H]OC([H])([H])C([H])([H])N([H])c1c([H])c([H])c(N([H])[H])c([H])c1[N+](=O)[O-],1,197.194,101.42,3,5,0.5812,53.0843
[H]c1c([H])c([N+](=O)[O-])c([H])c([H])c1OP(=S)(OC([H])([H])[H])OC([H])([H])[H],1,263.211,70.83,0,6,2.4909,62.0274
[H]c1oc2c(OC([H])([H])[H])c3oc(=O)c([H])c([H])c3c([H])c2c1[H],1,216.192,52.58,0,4,2.5478,58.808
[H]OC([H])(O[H])C(Cl)(Cl)Cl,1,165.403,40.46,2,2,0.6673,28.5156
[H]OC([H])([H])[C@@]1([H])O[C@@]([H])(n2c([H])c(C([H])([H])[H])c(=O)n([H])c2=O)C([H])([H])[C@]1([H])N=[N+]=[N-],1,267.245,133.08,2,6,-0.19628,64.6065
[H]C([H])([H])C1([H])OC(=O)C1([H])[H],1,86.09,26.3,0,2,0.3218,20.171
[H]C([H])([H])[H],1,16.043,0,0,0,0.6361,6.731
c12c3c4c5c1c1c6c7c2c2c8c3c3c9c4c4c%10c5c5c1c1c6c6c%11c7c2c2c7c8c3c3c8c9c4c4c9c%10c5c5c1c1c6c6c%11c2c2c7c3c3c8c4c4c9c5c1c1c6c2c3c41,1,720.66,0,0,0,17.73,260.76
[C-]#[Si+],1,40.097,0,0,0,-0.29951,8.997
[H]C1([H])[C@@]2([H])[C@@]3([H])O[C@@]3([H])[C@]1([H])[C@]1([H])[C@@]2([H])[C@]2(Cl)C(Cl)=C(Cl)[C@@]1(Cl)C2(Cl)Cl,1,380.913,12.53,0,1,4.4814,77.575
[H]OC(=O)c1c([H])c2c(c3c1c([N+](=O)[O-])c([H])c1c(OC([H])([H])[H])c([H])c([H])c([H])c13)OC([H])([H])O2,1,341.275,108.13,1,6,3.3367,87.7427
[H]Oc1c(N=Nc2c([H])c([H])c(-c3c([H])c([H])c(N=Nc4c([H])c([H])c5c(S(=O)(=O)O)c([H])c(S(=O)(=O)O)c(N([H])[H])c5c4O[H])c(C([H])([H])[H])c3[H])c([H])c2C([H])([H])[H])c([H])c([H])c2c(S(=O)(=O)O)c([H])c(S(=O)(=O)O)c(N([H])[H])c12,1,872.894,359.42,8,16,6.67004,209.0128
[H]OC([H])([H])C(C([H])([H])Br)(C([H])([H])Br)C([H])([H])O[H],1,261.941,40.46,2,2,0.7472,44.1926
[H]OC(=O)/C([H])=C(\[H])c1c([H])c([H])c(O[H])c(O[H])c1[H],1,180.159,77.76,3,3,1.1956,46.4414
[H]OC([H])([H])C([H])([H])N([H])c1c([H])c([H])c(N(C([H])([H])C([H])([H])O[H])C([H])([H])C([H])([H])O[H])c([H])c1[N+](=O)[O-],1,285.3,119.1,4,7,-0.21,75.0565
C[C@@H]1OC[C@@H]2[C@@H](O1)[C@@H]([C@H]([C@@H](O2)OC3[C@H]4COC(=O)[C@@H]4[C@@H](C5=CC6=C(C=C35)OCO6)C7=CC(=C(C(=C7)OC)O)OC)O)O.CC1=C(N=C(N=C1N)[C@H](CC(=O)N)NC[C@@H](C(=O)N)N)C(=O)N[C@@H](C(C2=CN=CN2)O[C@H]3[C@H]([C@H]([C@@H]([C@@H](O3)CO)O)O)O[C@@H]4[C@@H]([C@H]([C@@H]([C@H](O4)CO)O)OC(=O)N)O)C(=O)N[C@H](C)[C@H]([C@H](C)C(=O)N[C@@H]([C@@H](C)O)C(=O)NCCC5=NC(=CS5)C6=NC(=CS6)C(=O)NCCC[S+](C)C)O.[NH2-].[NH2-].Cl[Pt+2]Cl,1,2302.168,854.9,23,44,-3.55428,499.3975
[H]OC(=O)C(F)(F)C(F)(F)C(F)(F)C(F)(F)C(F)(F)C(F)(F)C(F)(F)F,1,414.064,37.3,1,1,4.4451,43.3728
[H]C(=O)N([H])N([H])c1nc(-c2oc([N+](=O)[O-])c([H])c2[H])c([H])s1,1,254.227,110.3,2,7,1.3842,59.2928
CC(C)NC(=O)C1=CC=C(C=C1)CNNC.Cl,1,257.765,53.16,3,3,1.4706,72.1916
[H]/C(=C(/C(=O)N([H])[H])c1oc([H])c([H])c1[H])c1oc([N+](=O)[O-])c([H])c1[H],1,248.194,112.51,1,5,1.8067,61.1358
[H]c1nc([H])c(C2([H])N(N=O)C([H])([H])C([H])([H])C([H])([H])C2([H])[H])c([H])c1[H],1,191.234,45.56,0,3,2.29,53.33
[H]/C(=N\N1C(=O)OC([H])(C([H])([H])N2C([H])([H])C([H])([H])OC([H])([H])C2([H])[H])C1([H])[H])c1oc([N+](=O)[O-])c([H])c1[H],1,324.293,110.65,0,8,0.6747,77.1904
[H]C1=C([H])C(=[N+](C([H])([H])c2c([H])c([H])c([H])c(S(=O)(=O)O)c2[H])C([H])([H])C([H])([H])[H])C([H])=C([H])C1=C(c1c([H])c([H])c(N(C([H])([H])c2c([H])c([H])c([H])c(S(=O)(=O)O)c2[H])C([H])([H])C([H])([H])[H])c([H])c1[H])c1c([H])c([H])c([H])c([H])c1S(=O)(=O)[O-],1,748.901,172.19,2,8,5.7121,193.8988
[H]c1c(C([H])([H])[H])c2c([H])c3c([H])c(C([H])([H])[H])oc3c(C([H])([H])[H])c2oc1=O,1,228.247,43.35,0,3,3.46446,66.467
[H]c1c(C([H])([H])[H])c2c([H])c([H])c3oc(C([H])([H])[H])c([H])c3c2oc1=O,1,214.22,43.35,0,3,3.15604,61.73
[H]C1([H])SC1([H])[H],1,60.121,0,0,1,0.7332,17.325
[H]Oc1c(N=Nc2c([H])c(S(=O)(=O)O)c(C([H])([H])[H])c([H])c2C([H])([H])[H])c([H])c(S(=O)(=O)O)c2c([H])c([H])c([H])c([H])c12,1,436.467,153.69,3,7,4.07104,105.334
[H]C1=C([H])C(=[N+](C([H])([H])c2c([H])c([H])c([H])c(S(=O)(=O)[O-])c2[H])C([H])([H])C([H])([H])[H])C([H])=C([H])C1=C(c1c([H])c([H])c([H])c([H])c1[H])c1c([H])c([H])c(N(C([H])([H])c2c([H])c([H])c([H])c(S(=O)(=O)O)c2[H])C([H])([H])C([H])([H])[H])c([H])c1[H],1,668.837,117.82,1,6,6.4654,184.0842
[H]c1c([H])c([H])c(N([H])[H])c(-c2c([H])c([H])c(N([H])[H])c([H])c2[H])c1[H],1,184.242,52.04,2,2,2.518,60.7028
[H]N=C(c1c([H])c([H])c(N(C([H])([H])[H])C([H])([H])[H])c([H])c1[H])c1c([H])c([H])c(N(C([H])([H])[H])C([H])([H])[H])c([H])c1[H],1,267.376,30.33,1,3,3.23477,87.4687
[H]OC(=O)c1c([H])c([H])c([H])c([H])c1N=Nc1c([H])c([H])c(N(C([H])([H])[H])C([H])([H])[H])c([H])c1[H],1,269.304,65.26,1,4,3.8662,78.3463
[H]c1c(N(C([H])([H])[H])C([H])([H])[H])c([H])c2nc3c([H])c(N(C([H])([H])[H])C([H])([H])[H])c([H])c([H])c3c([H])c2c1[H],1,265.36,19.37,0,3,3.52,87.903
[H]c1c([H])c(C([H])(c2c([H])c([H])c(Cl)c([H])c2[H])C(Cl)(Cl)Cl)c([H])c([H])c1Cl,1,354.491,0,0,0,6.4955,85.037
CCN(CC)CCOC1=CC=C(C=C1)C(=C(C2=CC=CC=C2)Cl)C3=CC=CC=C3.C(C(=O)O)C(CC(=O)O)(C(=O)O)O,1,598.092,144.6,4,6,5.3141,161.4692
[H]c1c([H])c(C([H])([H])[H])c2oc3c(C([H])([H])[H])c(=O)c(N([H])[H])c(C(=O)N([H])[C@]4([H])C(=O)N([H])[C@]([H])(C([H])(C([H])([H])[H])C([H])([H])[H])C(=O)N5C([H])([H])C([H])([H])C([H])([H])[C@@]5([H])C(=O)N(C([H])([H])[H])C([H])([H])C(=O)N(C([H])([H])[H])[C@@]([H])(C([H])(C([H])([H])[H])C([H])([H])[H])C(=O)O[C@]4([H])C([H])([H])[H])c-3nc2c1C(=O)N([H])[C@]1([H])C(=O)N([H])[C@]([H])(C([H])(C([H])([H])[H])C([H])([H])[H])C(=O)N2C([H])([H])C([H])([H])C([H])([H])[C@@]2([H])C(=O)N(C([H])([H])[H])C([H])([H])C(=O)N(C([H])([H])[H])[C@@]([H])(C([H])(C([H])([H])[H])C([H])([H])[H])C(=O)O[C@]1([H])C([H])([H])[H],1,1255.438,359.98,5,18,0.72564,325.4772
[H]Oc1c([H])oc(C([H])([H])O[H])c([H])c1=O,1,142.11,70.67,2,4,-0.1623,32.5656
[H]C([H])(Cl)C([H])([H])SC([H])([H])C([H])([H])Cl,1,159.081,0,0,1,2.1972,38.765
O=[Sn].[In],1,249.528,17.07,0,1,-0.8804,12.1945
[H]c1c2c(c([H])c(C([H])([H])C([H])([H])C([H])([H])[H])c1C([H])([H])OC([H])([H])C([H])([H])OC([H])([H])C([H])([H])OC([H])([H])C([H])([H])C([H])([H])C([H])([H])[H])OC([H])([H])O2,1,338.444,46.15,0,5,3.7177,92.762
[H]C1([H])N(c2nc(N3C([H])([H])C3([H])[H])nc(N3C([H])([H])C3([H])[H])n2)C1([H])[H],1,204.237,47.7,0,6,-0.6684,56.466
[H]C([H])([H])N(C([H])([H])C([H])([H])Cl)C([H])([H])C([H])([H])Cl,1,156.056,3.24,0,1,1.3958,38.937
[H]N([H])C(=O)OC([H])([H])C([H])([H])[H],1,89.094,52.32,1,2,0.1016,21.2094
[H]C(Cl)=C(C([H])([H])[H])C([H])([H])[H],1,90.553,0,0,0,2.1489,25.284
[H]OS(=O)(=O)c1c([H])c([H])c([H])c(C([H])([H])[N+](=C2C([H])=C([H])C(=C(c3c([H])c([H])c(N(C([H])([H])c4c([H])c([H])c([H])c(S(=O)(=O)O)c4[H])C([H])([H])C([H])([H])[H])c([H])c3[H])c3c([H])c([H])c(S(=O)(=O)[O-])c([H])c3[H])C([H])=C2[H])C([H])([H])C([H])([H])[H])c1[H],1,748.901,172.19,2,8,5.7121,193.8988
CC1=CC(=C(C=C1Cl)S(=O)(=O)[O-])N=NC2=C(C=CC3=CC=CC=C32)O.CC1=CC(=C(C=C1Cl)S(=O)(=O)[O-])N=NC2=C(C=CC3=CC=CC=C32)O.[Ba+2],1,888.954,204.3,2,12,9.27264,193.636
[H]Oc1c([H])c([H])c(N=Nc2c([H])c([H])c(S(=O)(=O)O)c([H])c2[H])c2c([H])c([H])c([H])c([H])c12,1,328.349,99.32,2,5,4.2075,86.0454
[H]c1oc2c([H])c([H])c3c([H])c([H])c(=O)oc3c2c1[H],1,186.166,43.35,0,3,2.5392,52.256
[H]c1c([H])c([H])c2c(c1[H])c([H])c([H])c1c([H])c3c(c([H])c([H])c4c([H])c([H])c([H])c([H])c43)c([H])c12,1,278.354,0,0,0,6.2994,96.466
[H]c1c([H])c(N([H])[H])c([N+](=O)[O-])c([H])c1N([H])[H],1,153.141,95.18,2,4,0.7592,41.9212
[H]c1sc(N([H])C(=O)C([H])([H])[H])nc1-c1oc([N+](=O)[O-])c([H])c1[H],1,253.239,98.27,1,6,2.2697,60.7741
[H]c1c([H])c([H])c2c(c1[H])-c1c([H])c3c([H])c([H])c([H])c([H])c3c3c([H])c4c([H])c([H])c([H])c([H])c4c-2c13,1,302.376,0,0,0,6.7936,103.39
[H]OC(=O)c1c([H])c(S(=O)(=O)N([H])[H])c(Cl)c([H])c1N([H])C([H])([H])c1oc([H])c([H])c1[H],1,330.749,122.63,3,5,1.8907,75.8192
[H]c1nc([H])c([H])c(C(=O)N([H])N([H])[H])c1[H],1,137.142,68.01,2,3,-0.3149,35.8906
[H]c1c([H])c(Cl)c([H])c(Cl)c1[H],1,147.004,0,0,0,2.9934,36.462
[H]C(Cl)=C([H])C([H])([H])Cl,1,110.971,0,0,0,1.9777,25.713
[H]C([H])(Cl)OC([H])([H])Cl,1,114.959,9.23,0,1,1.3956,22.525
[H]C1([H])N(P(=O)(N2C([H])([H])C2([H])[H])N2C([H])([H])C2([H])[H])C1([H])[H],1,173.156,26.1,0,1,0.0413,42.3255
CCN(CC)C(=S)[S-].CCN(CC)C(=S)[S-].CCN(CC)C(=S)[S-].CCN(CC)C(=S)[S-].[Se+4],1,672.064,12.96,0,8,4.2592,177.29
[H]c1c([H])c(C([H])(c2c([H])c([H])c(N(C([H])([H])[H])C([H])([H])[H])c([H])c2[H])c2c([H])c([H])c(N(C([H])([H])[H])C([H])([H])[H])c([H])c2[H])c([H])c([H])c1N(C([H])([H])[H])C([H])([H])[H],1,373.544,9.72,0,3,5.0648,123.252
C(CCl)NC[C@H]([C@H]([C@@H]([C@@H](CNCCCl)O)O)O)O.Cl.Cl,1,378.124,104.98,6,6,-1.0696,85.7026
[H]/C(=N\N1C(=O)N([H])C([H])([H])C1([H])[H])c1oc([N+](=O)[O-])c([H])c1[H],1,224.176,100.98,1,5,0.5469,53.0611
[H]OC(=O)C([H])(Cl)Br,1,173.393,37.3,1,1,1.0308,26.2038
ClC(Cl)(Cl)Cl,1,153.823,0,0,0,2.5529,26.143
[H]c1c([H])c([H])c2c([H])c3c(c([H])c([H])c4c([H])c([H])c([H])c([H])c43)c([H])c2c1[H],1,228.294,0,0,0,5.1462,78.96
CC(C1=CC=CC=C1)(C2=CC=CC=N2)OCCN(C)C.C(CC(=O)O)C(=O)O,1,388.464,99.96,2,5,2.8591,106.1446
[H]C([H])=C(C([H])([H])[H])C([H])([H])Cl,1,90.553,0,0,0,1.8013,25.534
[H]c1c([H])c(C([H])([H])OC([H])([H])Cl)c([H])c([H])c1C([H])([H])OC([H])([H])Cl,1,235.11,18.46,0,2,3.1124,57.46
C1=CC(=N)C=CC1=C(C2=CC=C(C=C2)N)C3=CC=C(C=C3)N.Cl,1,323.827,75.89,3,3,4.22047,100.9855
[H]C1=C([H])C(=[N+](C([H])([H])[H])C([H])([H])[H])C([H])=C([H])C1=C(c1c([H])c([H])c([H])c([H])c1[H])c1c([H])c([H])c(N(C([H])([H])[H])C([H])([H])[H])c([H])c1[H],1,329.467,6.25,0,1,4.3936,108.6284
[H]C([H])=C([H])C([H])([H])N=C=S,1,99.158,12.36,0,2,1.2752,30.09
[H]C([H])([H])C1([H])N(P(=O)(N2C([H])([H])C2([H])C([H])([H])[H])N2C([H])([H])C2([H])C([H])([H])[H])C1([H])[H],1,215.237,26.1,0,1,1.2068,56.1105
[H]C1([H])OC(=O)C1([H])[H],1,72.063,26.3,0,2,-0.0667,15.576
[H]OC([H])(C([H])([H])[H])C([H])([H])OC(C([H])([H])[H])(C([H])([H])[H])C([H])([H])[H],1,132.203,29.46,1,2,1.1823,37.3858
[H]c1c([H])c(-c2c([H])c(Cl)c(Cl)c(Cl)c2[H])c([H])c(Cl)c1Cl,1,326.437,0,0,0,6.6206,76.928
[H]C1(Cl)C([H])(Cl)C([H])(Cl)C([H])(Cl)C([H])(Cl)C1([H])Cl,1,290.832,0,0,0,3.6444,57.846
[H]/C(=N\N([H])C(=O)N([H])[H])c1oc([N+](=O)[O-])c([H])c1[H],1,198.138,123.76,2,5,0.19,45.6755
[H]C([H])(/N=[N+](\[O-])C([H])([H])[H])OC(=O)C([H])([H])[H],1,132.119,64.73,0,4,0.0993,28.6124
[H]OC([H])([H])C([H])([H])OC([H])([H])n1c([H])nc2c(=O)n([H])c(N([H])[H])nc21,1,225.208,119.05,3,7,-1.3318,55.5989
[H]C([H])=C([H])Br,1,106.95,0,0,0,1.5248,19.124
[H]c1c(Br)c(Br)c([H])c(-c2c([H])c(Br)c(Br)c([H])c2Br)c1Br,1,627.588,0,0,0,7.9286,98.078
[H]N([H])C(=O)OC([H])([H])[H],1,75.067,52.32,1,2,-0.2885,16.5924
[H]OC([H])([H])C([H])([H])Oc1c([H])c([N+](=O)[O-])c([H])c([H])c1N([H])C([H])([H])C([H])([H])O[H],1,242.231,104.86,3,6,0.3701,61.2527
[H]O[C@]([H])([C@]([H])(C([H])([H])[H])C([H])([H])/C([H])=C(\[H])C([H])([H])[H])[C@@]1([H])C(=O)N([H])[C@@]([H])(C([H])([H])C([H])([H])[H])C(=O)N(C([H])([H])[H])C([H])([H])C(=O)N(C([H])([H])[H])[C@@]([H])(C([H])([H])C([H])(C([H])([H])[H])C([H])([H])[H])C(=O)N([H])[C@@]([H])(C([H])(C([H])([H])[H])C([H])([H])[H])C(=O)N(C([H])([H])[H])[C@@]([H])(C([H])([H])C([H])(C([H])([H])[H])C([H])([H])[H])C(=O)N([H])[C@@]([H])(C([H])([H])[H])C(=O)N([H])[C@]([H])(C([H])([H])[H])C(=O)N(C([H])([H])[H])[C@@]([H])(C([H])([H])C([H])(C([H])([H])[H])C([H])([H])[H])C(=O)N(C([H])([H])[H])[C@@]([H])(C([H])([H])C([H])(C([H])([H])[H])C([H])([H])[H])C(=O)N(C([H])([H])[H])[C@@]([H])(C([H])(C([H])([H])[H])C([H])([H])[H])C(=O)N1C([H])([H])[H],1,1202.635,278.8,5,12,3.269,328.4446
[H]C([H])=C(C([H])([H])[H])[C@@]1([H])C([H])([H])C([H])=C(C([H])([H])[H])C([H])([H])C1([H])[H],1,136.238,0,0,0,3.3089,45.912
[H]c1c([H])c([H])c(N=Nc2c([H])c([H])c(N([H])[H])c([H])c2[H])c([H])c1[H],1,197.241,50.74,1,3,3.6842,61.4724
[H]c1c([H])c([H])c(N=Nc2c([H])c([H])c(N(C([H])([H])[H])C([H])([H])[H])c([H])c2[H])c([H])c1[H],1,225.295,27.96,0,3,4.168,71.387
[H]O[C@@]([H])(c1c([H])c([H])c(OC(=O)C(C([H])([H])[H])(C([H])([H])[H])C([H])([H])[H])c(OC(=O)C(C([H])([H])[H])(C([H])([H])[H])C([H])([H])[H])c1[H])C([H])([H])N([H])C([H])([H])[H],1,351.443,84.86,2,6,2.8424,95.5085
[H]C([H])([H])N(N=O)C([H])([H])C([H])([H])C#N,1,113.12,56.46,0,3,0.51328,28.655
[H]c1c(Cl)c(N([H])[H])c(Cl)c([H])c1N([H])[H],1,177.034,52.04,2,2,2.1578,45.2868
[H]c1c([H])c([N+](=O)[O-])c(Cl)c([H])c1Cl,1,192.001,43.14,0,2,2.9016,43.1164
CNC1=CC=CC=C1N.Cl.Cl,1,195.093,38.05,2,2,2.1541,54.8971
[H]C([H])([H])N(N=O)C(=O)OC([H])([H])C([H])([H])[H],1,132.119,58.97,0,4,0.7561,30.58
[H]C([H])([H])C([H])([H])OS(=O)(=O)C([H])([H])[H],1,124.161,43.37,0,3,-0.0175,26.4698
C1=CC=C(C=C1)N.Cl,1,129.59,26.02,1,1,1.6906,38.1024
[H]C([H])([H])C([H])([H])C([H])([H])N(N=O)C([H])([H])C([H])([H])C([H])([H])[H],1,130.191,32.67,0,2,1.7898,37.95
[H]c1c([H])c([H])c2c(c1[H])c1c(C([H])([H])[H])nc(N([H])[H])c(C([H])([H])[H])c1n2[H],1,211.268,54.7,2,2,2.91514,67.4861
[H]c1c([H])c([H])c2c(c1[H])c1c(C([H])([H])[H])nc(N([H])[H])c([H])c1n2[H],1,197.241,54.7,2,2,2.60672,62.7491
[H]N([H])C(=O)OC([H])([H])C([H])([H])C([H])([H])[H],1,103.121,52.32,1,2,0.4917,25.8264
CC(COC1=CC=CC=C1)N(CCCl)CC2=CC=CC=C2.Cl,1,340.294,12.47,0,2,4.6167,96.219
[H]c1c([H])c([H])c2c(c1[H])c([N+](=O)[O-])c1c([H])c([H])c3c([H])c([H])c([H])c4c([H])c([H])c2c1c34,1,297.313,43.14,0,2,5.6454,94.3064
[H]OC(=O)C([H])(Br)Br,1,217.844,37.3,1,1,1.1869,29.2778
CC1=CC(=C(C2=CC=C(C=C2)N)C3=CC=C(C=C3)N)C=CC1=N.Cl,1,337.854,75.89,3,3,4.61057,105.6025
[H]Oc1c([H])c([H])c2c([H])c([H])c([H])c([H])c2c1N=Nc1c([H])c(OC([H])([H])[H])c([H])c([H])c1OC([H])([H])[H],1,308.337,63.41,1,5,4.978,89.3348
[H]C([H])([H])C([H])([H])OC(C([H])([H])[H])(C([H])([H])[H])C([H])([H])[H],1,102.177,9.23,0,1,1.8214,31.379
[H]OS(=O)(=O)c1c([H])c(N([H])c2c([H])c([H])c([N+](=O)[O-])c([H])c2[N+](=O)[O-])c([H])c([H])c1N([H])c1c([H])c([H])c([H])c([H])c1[H],1,430.398,164.71,3,8,4.2369,109.0148
[H]OC([H])([H])C([H])([H])[H],1,46.069,20.23,1,1,-0.0014,12.7598
[H]C([H])([H])C([H])([H])OS(=O)(=O)OC([H])([H])C([H])([H])[H],1,154.187,52.6,0,4,0.3042,32.1718
[H]c1c([H])c([H])c2c3c4c(c([H])c([H])c([H])c4c([H])c2c1[H])C([H])([H])C3([H])[H],1,204.272,0,0,0,4.0916,68.862
[H]c1c([H])c(N([H])[H])c([H])c(N([H])[H])c1N=Nc1c([H])c([H])c([H])c2c([H])c([H])c([H])c([H])c12,1,262.316,76.76,2,4,4.4196,83.3908
C[As+](C)(C)CC(=O)[O-],1,178.063,40.13,0,2,0.0745,33.16
[H]Oc1c([H])c([H])c2c([H])c(S(=O)(=O)O)c([H])c(S(=O)(=O)O)c2c1N=Nc1c([H])c([H])c(-c2c([H])c([H])c(N=Nc3c([H])c([H])c(OS(=O)(=O)c4c([H])c([H])c(C([H])([H])[H])c([H])c4[H])c([H])c3[H])c(C([H])([H])[H])c2[H])c([H])c1C([H])([H])[H],1,786.866,221.78,3,12,9.22956,200.3808
[H]C([H])([H])OS(=O)(=O)C([H])([H])[H],1,110.134,43.37,0,3,-0.4076,21.8528
[H]c1c(N(C([H])([H])C([H])([H])Cl)C([H])([H])C([H])([H])Cl)c(=O)n([H])c(=O)n1[H],1,252.101,68.96,2,3,0.3472,61.3364
O.O.O.O.O.O.O.O.O.O.O.O.O.O.O.O.O.O.O.O.O.O.O.O.O.O.O.O.O.O.[O-2].[O-][Si](=O)O[Si](=O)[O-].[Na+].[Al+3].[K+].[Ca+2],1,821.764,1062.99,0,5,-35.059,134.5745
[H]OC([H])(C([H])([H])[H])C([H])([H])[H],1,60.096,20.23,1,1,0.3871,17.3548
[H]c1c(N([H])[H])nc2c(nc3c([H])c([H])c([H])c([H])n32)c1[H],1,184.202,56.21,1,4,1.4647,54.9054
[H]c1c(N([H])[H])nc2c(nc3c(C([H])([H])[H])c([H])c([H])c([H])n32)c1[H],1,198.229,56.21,1,4,1.77312,59.6424
[H]C(=O)N(C([H])([H])[H])C([H])([H])[H],1,73.095,20.31,0,1,-0.2956,19.751
[H]C1=C(N2C([H])([H])C2([H])[H])C(=O)C(N2C([H])([H])C2([H])[H])=C(N2C([H])([H])C2([H])[H])C1=O,1,231.255,43.17,0,5,-0.8195,59.842
[H]c1c([H])c([H])c2c(c1[H])c1c([H])c(C([H])([H])[H])c(N([H])[H])nc1n2[H],1,197.241,54.7,2,2,2.60672,62.7491
CNC.C1=CC(=C(C=C1Cl)Cl)OCC(=O)O.C(=O)(C(Cl)(Cl)Cl)C(Cl)(Cl)Cl,1,530.874,75.63,2,4,5.5883,110.1635
[H]OC([H])([H])[C@@]1([H])O[C@@]([H])(n2c([H])nc3c(=O)n([H])c([H])nc32)C([H])([H])C1([H])[H],1,236.231,93.03,2,6,-0.2105,58.3785
[H]N=C(N([H])[N+](=O)[O-])N(N=O)C([H])([H])[H],1,147.094,111.69,2,5,-0.68433,31.4148
[H]c1c2c(c3c([H])c4c([H])c([H])c5c([H])c([H])c([H])c([H])c5c4c([H])c3c1[H])C([H])([H])C([H])([H])C2([H])[H],1,268.359,0,0,0,5.6349,90.985
[H]C1=C2[C@@]([H])(C([H])([H])[H])C([H])([H])[C@@]3([H])[C@]4([H])C([H])([H])C([H])([H])[C@](OC(=O)C([H])([H])[H])(C(=O)C([H])([H])[H])[C@@]4(C([H])([H])[H])C([H])([H])C([H])([H])[C@]3([H])[C@@]2(C([H])([H])[H])C([H])([H])C([H])([H])C1=O,1,386.532,60.44,0,4,4.6552,106.435
[H]C1=C([H])C([H])([H])C([H])(c2c([2H])nc([2H])c([2H])c2[2H])N(N=O)C1([H])[H],1,193.2424071,45.56,0,3,2.066,53.236
[H]Oc1c(N=Nc2c([H])c([H])c(-c3c([H])c([H])c(N=Nc4c(S(=O)(=O)O[H])c([H])c5c([H])c(S(=O)(=O)O[H])c([H])c(N([H])[H])c5c4O[H])c(C([H])([H])[H])c3[H])c([H])c2C([H])([H])[H])c(S(=O)(=O)O[H])c([H])c2c([H])c(S(=O)(=O)O[H])c([H])c(N([H])[H])c12,1,872.894,359.42,8,16,6.67004,209.0128
[H]c1c2nc3c([H])c([H])c(N(C([H])([H])[H])C([H])([H])[H])c([H])c3sc-2c([H])c(=[N+](C([H])([H])[H])C([H])([H])[H])c1[H],1,284.408,19.14,0,3,2.4989,87.686
[H]c1oc2c([H])c(C([H])([H])[H])c3c([H])c([H])c(=O)oc3c2c1[H],1,200.193,43.35,0,3,2.84762,56.993
[H]C([H])([H])Cl,1,50.488,0,0,0,0.855,11.777
[H]C([H])([H])C([H])([H])Br,1,108.966,0,0,0,1.4012,19.468
[Hg],1,200.59,0,0,0,-0.0025,0
[Ni],1,58.693,0,0,0,-0.0025,0
[232Th],1,232.0380553,0,0,0,0,0
[As],1,74.922,0,0,0,-0.3808,5.754
[Be],1,9.012,0,0,0,-0.3808,5.754
[Cd],1,112.412,0,0,0,-0.0025,0
[Cr],1,51.996,0,0,0,-0.0025,0
[Co],1,58.933,0,0,0,-0.0025,0
O=S=O,1,64.065,34.14,0,2,-0.6702,8.9198
[H]OC([H])([H])[C@@]1([H])O[C@@]([H])(n2c([H])c([H])c(N([H])[H])nc2=O)C([H])([H])C1([H])[H],1,211.221,90.37,2,6,-0.5046,53.1392
[H]C([H])=C([H])Cl,1,62.499,0,0,0,1.3687,16.05
[H]C([H])=C([H])F,1,46.044,0,0,0,1.0994,11.305
[H]C([H])(Cl)Cl,1,84.933,0,0,0,1.4215,16.573
[H]C1([H])OC1([H])[H],1,44.053,12.53,0,1,0.0166,10.819
[H]N1C([H])([H])C1([H])C([H])([H])[H],1,57.096,21.94,1,1,-0.0219,17.4647
[H]C([H])([H])C1([H])OC1([H])[H],1,58.08,12.53,0,1,0.4051,15.414
C[As](=O)(C)O,1,137.998,37.3,1,1,0.111,20.3873
[H]OC(C([H])([H])[H])(C([H])([H])[H])C([H])([H])[H],1,74.123,20.23,1,1,0.7772,21.9718
[H]OC(=O)[C@@]1([H])N(N=O)C([H])([H])C([H])([H])C1([H])[H],1,144.13,69.97,1,3,0.2168,33.1588
[H]OC(=O)C(Cl)(Cl)Cl,1,163.387,37.3,1,1,1.4412,27.9258
[H]Oc1c([H])c2c(nc(N([H])[H])n2C([H])([H])[H])c2c([H])c([H])c([H])nc12,1,214.228,76.96,2,5,1.4093,62.0922
[H]Cl,1,36.461,0,0,0,0.4218,7.248
[H]OS(=O)(=O)O[H],1,98.079,74.6,2,2,-0.6528,14.1774
[H]C([H])([H])OS(=O)(=O)OC([H])([H])[H],1,126.133,52.6,0,4,-0.476,22.9378
[H]c1nc2c([H])c(C([H])([H])[H])c3c(nc(N([H])[H])n3C([H])([H])[H])c2c([H])c1[H],1,212.256,56.73,1,4,2.01212,65.1644
[H]OO[H],1,34.014,40.46,2,2,0.0174,5.2576
[H]c1nc2c([H])c([H])c3c(nc(N([H])[H])n3C([H])([H])[H])c2nc1C([H])([H])[H],1,213.244,69.62,1,5,1.40712,62.9594
O[Br+2](O)O,1,130.925,60.69,3,3,-1.671,6.6564
[O-][Cl+][O-],1,67.451,46.12,0,2,-2.378,0
[Se],1,78.96,0,0,0,-0.3808,5.754
[H]OC(=O)C([H])=C([H])[H],1,72.063,37.3,1,1,0.257,17.8328
[H]OC(=O)C([H])(Cl)Cl,1,128.942,37.3,1,1,0.8747,23.1298
[H]C([H])([H])N(C(=O)Cl)C([H])([H])[H],1,107.54,20.31,0,1,0.9068,24.936
[H]OC([H])([H])N(c1nnc(/C([H])=C(\[H])c2oc([N+](=O)[O-])c([H])c2[H])c([H])n1)C([H])([H])O[H],1,293.239,138.65,2,9,0.2492,70.768
[H]c1c(SC([H])([H])c2oc(C(=O)N([H])C([H])(C([H])([H])[H])C([H])(C([H])([H])[H])C([H])([H])[H])c([H])c2[H])nnc(-c2c([H])c([H])c(Cl)c([H])c2[H])c1[H],1,415.946,68.02,1,5,5.4566,112.5132
[H]C([H])=C(C(=O)OC([H])([H])[H])C([H])([H])[H],1,100.117,26.3,0,2,0.7355,26.83
[H]C([H])([H])OC([H])([H])C([H])([H])OC1=C(N2C([H])([H])C2([H])[H])C(=O)C(OC([H])([H])C([H])([H])OC([H])([H])[H])=C(N2C([H])([H])C2([H])[H])C1=O,1,338.36,77.08,0,8,-0.4814,82.868
[H]C([H])=C1C2(Cl)C([H])(Cl)C([H])(Cl)C(Cl)(C2(Cl)Cl)C1(C([H])([H])Cl)C([H])([H])Cl,1,411.798,0,0,0,5.3777,83.9
[H]C([H])=C1C(C([H])([H])[H])(C([H])([H])[H])[C@]2(Cl)C(Cl)(Cl)C(Cl)(Cl)[C@@]1(Cl)C2([H])Cl,1,377.353,0,0,0,5.5064,78.604
[H]OC(=O)c1c([H])c([H])c(C(F)(F)F)c([H])c1OC(=O)C([H])([H])[H],1,248.156,63.6,1,3,2.3289,49.7123
C[N+]1=C2C=C(C=CC2=CC3=C1C=C(C=C3)N)N.C1=CC(=CC2=NC3=C(C=CC(=C3)N)C=C21)N.[Cl-],1,468.992,120.85,4,5,1.5383,139.5286
C([C@@H]1[C@H]([C@@H]([C@H]([C@H](O1)O[C@]2([C@H]([C@@H]([C@H](O2)CO)O)O)CO)O)O)O)O.O.O.O.[OH-].[O-2].[O-2].[O-2].[O-2].[O-2].[O-2].[O-2].[O-2].[Na+].[Na+].[Fe+3].[Fe+3].[Fe+3].[Fe+3].[Fe+3],1,866.546,542.03,8,12,-15.0014,86.9106
[H]OC([H])([H])C([H])([H])OC([H])([H])C([H])([H])N1C([H])([H])C([H])([H])N(C([H])(c2c([H])c([H])c([H])c([H])c2[H])c2c([H])c([H])c(Cl)c([H])c2[H])C([H])([H])C1([H])[H],1,374.912,35.94,1,4,3.0559,105.6548
[H]c1c([H])c([H])c2c(c1[H])C(=O)N([H])S2(=O)=O,1,183.188,63.24,1,3,0.1187,41.094
[H]C([H])([H])c1c([N+](=O)[O-])c(C([H])([H])[H])c([N+](=O)[O-])c(C(C([H])([H])[H])(C([H])([H])[H])C([H])([H])[H])c1[N+](=O)[O-],1,297.267,129.42,0,6,3.32554,74.5792
C(CCl)N(CCCl)CCCl.Cl,1,240.989,3.24,0,1,2.4266,55.848
O=[N+]([O-])c1c(Cl)c(Cl)c(Cl)c(Cl)c1Cl,1,295.336,43.14,0,2,4.8618,58.1464
[H]c1c([H])c([H])c(C([H])([H])[H])c(N=Nc2c([H])c([H])c(N(C(=O)C([H])([H])[H])C(=O)C([H])([H])[H])c(C([H])([H])[H])c2[H])c1[H],1,309.369,62.1,0,4,4.61824,90.375
[H]c1c([H])c(C([H])([H])c2c([H])c([H])c(N([H])[H])c(C([H])([H])[H])c2[H])c([H])c(C([H])([H])[H])c1N([H])[H],1,226.323,52.04,2,2,3.05864,73.9888
[H]Oc1c([H])c([H])c2c([H])c([H])c([H])c([H])c2c1N=Nc1c([2H])c([2H])c([2H])c([2H])c1[2H],1,253.3155089,44.95,1,3,4.9608,76.2308
[H]c1c([H])c([H])c(C([H])([H])OC(=O)c2c([H])c([H])c([H])c([H])c2C(=O)OC([H])([H])C([H])([H])C([H])([H])C([H])([H])[H])c([H])c1[H],1,312.365,52.6,0,4,4.0005,87.194
[H]Oc1c([H])c([H])c2c([H])c([H])c([H])c([H])c2c1N=Nc1c([H])c([H])c(N=Nc2c([H])c([H])c([H])c([H])c2C([H])([H])[H])c([H])c1C([H])([H])[H],1,380.451,69.67,1,5,7.99304,116.3228
[H]c1c([H])c([H])c(N=Nc2c(N([H])[H])c([H])c([H])c3c([H])c([H])c([H])c([H])c23)c([H])c1[H],1,247.301,50.74,1,3,4.8374,78.9784
[H]Oc1c([H])c([H])c2c([H])c([H])c([H])c([H])c2c1N=Nc1c([H])c([H])c(N=Nc2c([H])c([H])c([H])c([H])c2[H])c([H])c1[H],1,352.397,69.67,1,5,7.3762,106.8488
[H]C(=O)C([H])([H])C([H])([H])N(N=O)C([H])([H])[H],1,116.12,49.74,0,3,0.1886,29.106
[H]c1nc([H])c2c(=O)oc3c([H])c4oc([H])c([H])c4c([H])c3c2c1[H],1,237.214,56.24,0,4,3.0874,67.557
[H]c1nc([H])c2c(=O)oc3c(C([H])([H])[H])c4oc([H])c([H])c4c([H])c3c2c1[H],1,251.241,56.24,0,4,3.39582,72.294
[H]c1c([H])c([H])c2c(N([H])C(=S)N([H])[H])c([H])c([H])c([H])c2c1[H],1,202.282,38.05,2,1,2.4953,64.3561
[H]C([H])([H])OP([H])(=O)OC([H])([H])[H],1,110.049,35.53,0,3,0.6689,23.0195
[H]/C(=C(/[H])C([H])([H])OC(=O)c1c([H])c([H])c([H])c([H])c1N([H])[H])c1c([H])c([H])c([H])c([H])c1[H],1,253.301,52.32,1,3,3.139,76.6129
[H]c1c([H])c(C([H])([H])[H])c(N([H])[H])c(C([H])([H])[H])c1[H],1,121.183,26.02,1,1,1.88564,40.3284
[H]Oc1c(Cl)c(Cl)c(Cl)c(Cl)c1Cl,1,266.338,20.23,1,1,4.6592,53.1568
[H]Oc1c(Cl)c([H])c(Cl)c([H])c1Cl,1,197.448,20.23,1,1,3.3524,43.1368
[H]C([H])=C([H])N1C(=O)C([H])([H])C([H])([H])C1([H])[H],1,111.144,20.31,0,1,0.7523,31.144
[H]c1c([H])c([H])c([N+](=O)[O-])c(Cl)c1[H],1,157.556,43.14,0,2,2.2482,38.1064
[H]c1c([H])c(Cl)c([N+](=O)[O-])c([H])c1Cl,1,192.001,43.14,0,2,2.9016,43.1164
[H]C([H])([H])C(=C1C(=O)C([H])([H])[C@]([H])(C([H])([H])[H])C([H])([H])C1([H])[H])C([H])([H])[H],1,152.237,17.07,0,1,2.7119,46.396
[H]Oc1c([H])c([H])c([H])c([H])c1-c1c([H])c([H])c([H])c([H])c1[H],1,170.211,20.23,1,1,3.0592,53.5428
[H]OC(=O)/C([H])=C(\OC([H])([H])[H])C(=O)C(=C([H])[H])C([H])([H])[H],1,170.164,63.6,1,3,0.7465,42.5488
[H]c1c([H])c(N(C([H])([H])[H])C([H])([H])[H])c([H])c([H])c1C(=O)c1c([H])c([H])c(N(C([H])([H])[H])C([H])([H])[H])c([H])c1[H],1,268.36,23.55,0,3,3.0496,84.9705
CCC(=O)C1=C(C(=C(C=C1)F)[C@@H]2C[C@@H]2NC(=O)NC3=NC=C(C=C3)C#N)O.CC(=O)[O-].CC(=O)[O-].[Zn+2],1,551.846,195.37,3,9,0.57818,116.3007
[H]C1=C(OC([H])([H])[H])C([H])([H])C([H])(/C([H])=C(\[H])c2c([H])c([H])c3c(c2[H])OC([H])([H])O3)OC1=O,1,274.272,53.99,0,5,2.2743,71.188
[H]OC([H])=C([H])[H],1,44.053,20.23,1,1,0.6879,12.8258
CC(=O)OC=C.C=CCl,1,148.589,26.3,0,2,2.0617,38.013
C=CC#N.C=CC1=CC=CC=C1,1,157.216,23.79,0,1,3.02558,52.343
C=CC=C.C=CC1=CC=CC=C1.C=CC(=O)O,1,230.307,37.3,1,1,3.945,74.7598
C1=CC=C(C=C1)N2C(=NN=N2)SC3=C(C=C(C=C3[N+](=O)[O-])C(=O)O)[N+](=O)[O-].N,1,405.352,202.18,2,11,2.4901,95.0092
[H]N([H])C(=O)N([H])C([H])([H])C([H])([H])[H],1,88.11,55.12,2,1,-0.3254,23.2601
C=CCl.C=C(Cl)Cl,1,159.443,0,0,0,3.3039,36.896
C=O.C1=CC=C(C=C1)N=C=O,1,149.149,46.5,0,3,1.469,41.3445
[H]c1oc2c(C([H])([H])[H])c([H])c3c(C([H])([H])[H])c([H])c(=O)oc3c2c1C([H])([H])[H],1,228.247,43.35,0,3,3.46446,66.467
[H]c1c([H])c([H])c([N+](=O)[O-])c(OC([H])([H])[H])c1[H],1,153.137,52.37,0,3,1.6034,39.6484
[H]c1c([H])c([H])c(-c2c([H])c([H])c([N+](=O)[O-])c([H])c2[H])c([H])c1[H],1,199.209,43.14,0,2,3.2618,58.5324
[H]C([H])([H])C([H])([H])C([H])([H])C([H])([H])N(N=O)C([H])([H])C([H])([H])C([H])([H])C([H])([H])[H],1,158.245,32.67,0,2,2.57,47.184
[H]c1c([H])c([H])c(C(=O)OOC(=O)c2c([H])c([H])c([H])c([H])c2[H])c([H])c1[H],1,242.23,52.6,0,4,2.6154,63.715
[H]OC(=O)C([H])([H])Oc1c([H])c([H])c(Cl)c([H])c1Cl,1,221.039,46.53,1,2,2.4568,49.5928
[H]c1c([H])c([H])c(Cl)c(Cl)c1[H],1,147.004,0,0,0,2.9934,36.462
[H]c1c([H])c([H])c(C([H])([H])[H])c(N([H])[H])c1[H],1,107.156,26.02,1,1,1.57722,35.5914
[H]c1c([H])c([H])c(N([H])[H])c(N([H])[H])c1[H],1,108.144,52.04,2,2,0.851,35.2668
[H]c1c([H])c(C([H])([H])[H])c([H])c(C([H])([H])[H])c1N([H])[H],1,121.183,26.02,1,1,1.88564,40.3284
[H]c1c([H])c(N([H])[H])c(C([H])([H])[H])c([H])c1Cl,1,141.601,26.02,1,1,2.23062,40.6014
[H]c1c([H])c(C([H])([H])[H])c(N([H])[H])c([H])c1C([H])([H])[H],1,121.183,26.02,1,1,1.88564,40.3284
[H]c1c([H])c(C([H])([H])[H])c(N([H])[H])c([H])c1Cl,1,141.601,26.02,1,1,2.23062,40.6014
[H]c1c([H])c(N([H])[H])c(N([H])[H])c([H])c1Cl,1,142.589,52.04,2,2,1.5044,40.2768
[H]Oc1c([H])c([H])c(Cl)c([H])c1N([H])[H],1,143.573,46.25,2,2,1.6278,37.5292
[H]c1c([H])c([H])c(C2([H])OC2([H])[H])c([H])c1[H],1,120.151,12.53,0,1,1.7579,35.135
[H]C([H])(Cl)C([H])(Br)C([H])([H])Br,1,236.334,0,0,0,2.3836,37.229
[H]OC([H])([H])C([H])(Br)C([H])([H])Br,1,217.888,20.23,1,1,1.1371,33.5948
[H]OC([H])([H])C([H])(O[H])C([H])([H])Cl,1,110.54,40.46,2,2,-0.4216,23.8126
[H]C([H])=C([H])C(=O)OC([H])([H])[H],1,86.09,26.3,0,2,0.3454,22.213
[H]C1([H])OC(=O)C([H])([H])C1([H])[H],1,86.09,26.3,0,2,0.3234,20.193
[H]Oc1c([H])c([H])c(/C([H])=C(\[H])C([H])([H])[H])c([H])c1OC([H])([H])[H],1,164.204,29.46,1,2,2.4339,49.3668
[H]c1c([H])c([H])c(C([H])([H])[H])c(N=Nc2c([H])c([H])c(N([H])[H])c(C([H])([H])[H])c2[H])c1[H],1,225.295,50.74,1,3,4.30104,70.9464
[H]C([H])=C(C(=O)OC([H])([H])C([H])([H])C([H])([H])C([H])([H])[H])C([H])([H])[H],1,142.198,26.3,0,2,1.9058,40.681
[H]OC([H])([H])c1oc([H])c([H])c1[H],1,98.101,33.37,1,2,0.7719,24.6308
[H]c1c([H])c(C(F)(F)F)c([H])c([H])c1Cl,1,180.556,0,0,0,3.3588,36.454
[H]C([H])=C(c1c([H])c([H])c([H])c([H])c1[H])C([H])([H])[H],1,118.179,0,0,0,2.7197,41.15
[H]c1c([H])c([H])c(C(Cl)(Cl)Cl)c([H])c1[H],1,195.476,0,0,0,3.5133,45.679
[H]c1c([H])c([H])c(-c2c3c([H])c(C([H])([H])[H])c(=NC([H])([H])C([H])([H])[H])c([H])c-3oc3c([H])c(N([H])C([H])([H])C([H])([H])[H])c(C([H])([H])[H])c([H])c23)c(C(=O)OC([H])([H])C([H])([H])[H])c1[H],1,442.559,63.83,1,5,6.35054,133.9702
[H]c1c([H])c(C([H])([H])[H])c(N([H])[H])c([H])c1[N+](=O)[O-],1,152.153,69.16,1,3,1.48542,42.2458
[H]c1c([H])c([N+](=O)[O-])c([H])c(N([H])[H])c1N([H])[H],1,153.141,95.18,2,4,0.7592,41.9212
[H]Oc1c([H])c([H])c([N+](=O)[O-])c([H])c1N([H])[H],1,154.125,89.39,2,4,0.8826,39.1736
[H]c1c([H])c([N+](=O)[O-])c([H])c(N([H])[H])c1OC([H])([H])[H],1,168.152,78.39,1,4,1.1856,44.0608
[H]c1c([H])c(N(N=O)C([H])([H])[H])c([H])c([H])c1N=O,1,165.152,62.1,0,4,2.2021,46.095
[H]c1c([H])c(C([H])([H])[H])c([H])c([H])c1N(C([H])([H])[H])C([H])([H])[H],1,135.21,3.24,0,1,2.06102,45.506
[H]C([H])([H])OC(C([H])([H])[H])(C([H])([H])[H])C([H])([H])C([H])([H])[H],1,102.177,9.23,0,1,1.8214,31.379
[H]OC(=O)C([H])([H])[C@@]([H])(C(=O)O[H])C([H])([H])C(=O)O[C@]([H])([C@]([H])(C([H])([H])[H])C([H])([H])C([H])([H])C([H])([H])C([H])([H])[H])[C@@]([H])(OC(=O)C([H])([H])[C@]([H])(C(=O)O[H])C([H])([H])C(=O)O[H])C([H])([H])[C@@]([H])(C([H])([H])[H])C([H])([H])C([H])([H])C([H])([H])C([H])([H])C([H])([H])C([H])([H])[C@@]([H])(O[H])C([H])([H])[C@]([H])(O[H])[C@@]([H])(N([H])[H])C([H])([H])[H],1,705.839,268.28,7,11,3.5934,176.2032
[H]OC([H])([H])C([H])([H])[C@@]1(O[H])N([H])C(=O)[C@@]2(C(=O)/C(=C([H])/C([H])=C([H])/C(=C([H])/C(=C([H])/C(C(=O)OC([H])([H])[H])=C(/[H])C([H])([H])[H])C([H])([H])[H])C([H])([H])[H])C([H])([H])[H])O[C@]21[H],1,431.485,125.46,3,7,1.4083,113.5903
[H]C([H])(O[N+](=O)[O-])C([H])(O[N+](=O)[O-])C([H])([H])O[N+](=O)[O-],1,227.085,157.11,0,9,-1.0201,37.7602
[H]OC(c1c([H])c([H])c(F)c([H])c1F)(C([H])([H])n1nc([H])nc1[H])C([H])([H])n1nc([H])nc1[H],1,306.276,81.65,1,7,0.7358,70.2988
[H]/C(=N/N1C(=O)N([H])C(=O)C1([H])[H])c1oc([N+](=O)[O-])c([H])c1[H],1,238.159,118.05,1,6,0.0735,53.2011
[H]/C(=N/N([H])C(=O)N([H])[H])c1oc([N+](=O)[O-])c([H])c1[H],1,198.138,123.76,2,5,0.19,45.6755
[H]c1c([H])c([H])c(C([H])(C([H])([H])OC(=O)N([H])[H])C([H])([H])OC(=O)N([H])[H])c([H])c1[H],1,238.243,104.64,2,4,0.9608,60.2538
[H]OC([H])([H])C(=O)[C@@]12OC(C([H])([H])[H])(C([H])([H])[H])O[C@]1([H])C([H])([H])[C@@]1([H])[C@]3([H])C([H])([H])C([H])([H])C4=C([H])C(=O)C([H])=C([H])[C@]4(C([H])([H])[H])[C@@]3(F)[C@@]([H])(O[H])C([H])([H])[C@]21C([H])([H])[H],1,434.504,93.06,2,6,2.4188,108.5986
[H]OC([H])([H])C(=O)[C@@]1(O[H])C([H])([H])C([H])([H])[C@@]2([H])[C@]3([H])C([H])([H])C([H])([H])C4=C([H])C(=O)C([H])=C([H])[C@]4(C([H])([H])[H])[C@@]3([H])[C@@]([H])(O[H])C([H])([H])[C@@]21C([H])([H])[H],1,360.45,94.83,3,5,1.5576,95.0484
[H]C#C[C@]1(O[H])C([H])([H])C([H])([H])[C@@]2([H])[C@]3([H])C([H])([H])C([H])([H])c4c([H])c(O[H])c([H])c([H])c4[C@@]3([H])C([H])([H])C([H])([H])[C@@]21C([H])([H])[H],1,296.41,40.46,2,2,3.6126,86.5066
[H]c1c([H])c(C([H])([H])N([H])N([H])C([H])([H])[H])c([H])c([H])c1C(=O)N([H])C([H])(C([H])([H])[H])C([H])([H])[H],1,221.304,53.16,3,3,1.0488,64.9436
[H]C#C[C@]1(OC(=O)C([H])([H])[H])C([H])([H])C([H])([H])[C@@]2([H])[C@]3([H])C([H])([H])C([H])([H])C4=C([H])C(=O)C([H])([H])C([H])([H])[C@]4([H])[C@@]3([H])C([H])([H])C([H])([H])[C@@]21C([H])([H])[H],1,340.463,43.37,0,3,4.0633,95.423
[H]c1nc(C([H])([H])[S+]([O-])c2nc3c([H])c([H])c(OC([H])([H])[H])c([H])c3n2[H])c(C([H])([H])[H])c(OC([H])([H])[H])c1C([H])([H])[H],1,345.424,83.09,1,5,2.89974,93.0211
[H]C([H])([H])C([H])([H])C([H])([H])C([H])(C(=O)O)C([H])([H])C([H])([H])C([H])([H])[H],1,144.214,37.3,1,1,2.2874,40.9418
[H]Oc1c([H])c([H])c(OC([H])([H])[H])c([H])c1[H],1,124.139,29.46,1,2,1.4008,34.6588
[H]c1c([H])c([H])c2c(c1[H])-c1c([H])c([H])c(N([H])C(=O)C([H])([H])[H])c([H])c1C2([H])[H],1,223.275,29.1,1,1,3.2162,68.9877
[H]c1c(C([H])([H])[H])c2c3c(c4c([H])c([H])c5c([H])c([H])c([H])c([H])c5c4c([H])c3c1[H])C([H])([H])C2([H])[H],1,268.359,0,0,0,5.55322,91.105
[H]C1=C([H])C2([H])c3c(c([H])c(OC([H])([H])[H])c4c5c(c(=O)oc34)C(=O)C([H])([H])C5([H])[H])OC2([H])O1,1,312.277,74.97,0,6,2.2765,79.0695
[H]c1nc(N(C([H])([H])c2sc([H])c([H])c2[H])C([H])([H])C([H])([H])N(C([H])([H])[H])C([H])([H])[H])c([H])c([H])c1[H],1,261.394,19.37,0,4,2.7113,78.16
[H]c1c([H])c([H])c(OC([H])([H])C([H])(N(C([H])([H])c2c([H])c([H])c([H])c([H])c2[H])C([H])([H])C([H])([H])Cl)C([H])([H])[H])c([H])c1[H],1,303.833,12.47,0,2,4.1949,88.971
[H]OC(=O)C([H])([H])Sc1nc(Cl)c([H])c(N([H])c2c([H])c([H])c([H])c(C([H])([H])[H])c2C([H])([H])[H])n1,1,323.805,75.11,2,5,3.66714,84.6005
[H]c1nc(C(OC([H])([H])C([H])([H])N(C([H])([H])[H])C([H])([H])[H])(c2c([H])c([H])c([H])c([H])c2[H])C([H])([H])[H])c([H])c([H])c1[H],1,270.376,25.36,0,3,2.9233,81.639
[H]OC(=O)C(Oc1c([H])c([H])c(C2([H])C([H])([H])C2(Cl)Cl)c([H])c1[H])(C([H])([H])[H])C([H])([H])[H],1,289.158,46.53,1,2,3.5898,70.5798
[H]c1c([H])c([H])c(-n2c(=O)c([H])c(C([H])([H])[H])n2C([H])([H])[H])c([H])c1[H],1,188.23,26.93,0,3,1.48442,55.747
[H]c1c([H])c([H])c(-c2c([H])c([H])c([H])c([H])c2[H])c([H])c1[H],1,154.212,0,0,0,3.3536,51.878
[H]OC(=O)C([H])(N([H])[H])C([H])([H])C([H])([H])SC([H])([H])C([H])([H])[H],1,163.242,63.32,2,3,0.5415,43.2272
[H]c1nc(N(C([H])([H])c2c([H])c([H])c(OC([H])([H])[H])c([H])c2[H])C([H])([H])C([H])([H])N(C([H])([H])[H])C([H])([H])[H])c([H])c([H])c1[H],1,285.391,28.6,0,4,2.6584,86.835
[H]OC(=O)c1c([H])n(C([H])([H])C([H])([H])[H])c2nc(C([H])([H])[H])c([H])c([H])c2c1=O,1,232.239,72.19,1,4,1.42302,63.3733
[H]OC(=O)[C@@]([H])(N([H])[H])C([H])([H])C([H])([H])SC([H])([H])C([H])([H])[H],1,163.242,63.32,2,3,0.5415,43.2272
[H]OC(=O)C([H])([H])c1c(C([H])([H])[H])n(C(=O)c2c([H])c([H])c(Cl)c([H])c2[H])c2c([H])c([H])c(OC([H])([H])[H])c([H])c12,1,357.793,68.53,1,4,3.92732,95.7473
[H]Oc1c([H])c([H])c(C([H])(O[H])C([H])([H])N([H])C(C([H])([H])[H])(C([H])([H])[H])C([H])([H])[H])c([H])c1C([H])([H])O[H],1,239.315,72.72,4,4,1.306,66.7451
[H]c1c([H])n([H])c(=O)n([H])c1=O,1,112.088,65.72,2,2,-0.9368,27.6834
[H]N1C(=O)C([H])([H])N(C([H])([H])C([H])(N2C([H])([H])C(=O)N([H])C(=O)C2([H])[H])C([H])([H])[H])C([H])([H])C1=O,1,268.273,98.82,2,6,-2.7083,63.7744
[H]Oc1c([H])c(O[H])c([H])c(C([H])(O[H])C([H])([H])N([H])C(C([H])([H])[H])(C([H])([H])[H])C([H])([H])[H])c1[H],1,225.288,72.72,4,4,1.5193,62.4871
[H]OC(=O)C([H])([H])C1(C([H])([H])N([H])[H])C([H])([H])C([H])([H])C([H])([H])C([H])([H])C1([H])[H],1,171.24,63.32,2,2,1.3703,46.8252
[H]ON(C(=O)C([H])([H])[H])c1c([H])c([H])c2c(c1[H])C([H])([H])c1c([H])c([H])c([H])c([H])c1-2,1,239.274,40.54,1,2,2.9999,69.6305
[H]c1c([H])c(N=Nc2c([H])c([H])c(N(C([H])([H])[H])C([H])([H])[H])c([H])c2[H])c([H])c(C([H])([H])[H])c1[H],1,239.322,27.96,0,3,4.47642,76.124
[H]c1c([H])c([H])c2c(c1[H])c([N+](=O)[O-])c([H])c([H])[n+]2[O-],1,190.158,70.08,0,3,1.3814,49.5624
[H]c1c([H])c([H])c2c(C([H])([H])[H])c3c(c([H])c([H])c4c([H])c([H])c([H])c([H])c43)c(C([H])([H])[H])c2c1[H],1,256.348,0,0,0,5.76304,88.434
[H]OC(=O)c1c([H])c([H])c([N+](=O)[O-])c([H])c1[H],1,167.12,80.44,1,3,1.293,40.0557
[H]c1c([H])c([H])c(S(=O)(=O)N([H])[H])c(C([H])([H])[H])c1[H],1,171.221,60.16,1,2,0.64242,42.5522
[H]c1c([H])c([H])c2c(c1[H])C([H])([H])C([H])([H])C([H])(N([H])[H])C2([H])[H],1,147.221,26.02,1,1,1.5026,46.4424
[H]c1c([H])c(C([H])([H])[H])c(C([H])([H])[H])c([H])c1C([H])([H])[H],1,120.195,0,0,0,2.61186,40.653
[H]C(=O)C1([H])OC([H])([H])C([H])([H])C1([H])[H],1,100.117,26.3,0,2,0.3643,25.038
[H]OC([H])(C([H])([H])[H])C1([H])C([H])([H])C([H])([H])C([H])([H])C([H])([H])C1([H])[H],1,128.215,20.23,1,1,1.9475,38.2558
[H]c1c([H])c(C([H])([H])[H])c([H])c([H])c1[N+](=O)[O-],1,137.138,43.14,0,2,1.90322,37.8334
[H]OC([H])([H])C([H])([H])OC([H])([H])C([H])([H])O[H],1,106.121,49.69,2,3,-1.0124,24.9906
[H]C([H])([H])C([H])([H])C([H])([H])C([H])([H])OP(=O)(OC([H])([H])C([H])([H])C([H])([H])C([H])([H])[H])OC([H])([H])C([H])([H])C([H])([H])C([H])([H])[H],1,266.318,44.76,0,4,4.5446,70.1865
[H]ON=C(C([H])([H])[H])C([H])([H])[H],1,73.095,32.59,1,2,0.8564,20.5695
[H]c1c([H])c([H])c2c(c1[H])c1c([H])c(N([H])[H])c([H])c([H])c1n2C([H])([H])C([H])([H])[H],1,210.28,30.95,1,2,3.3966,69.5304
[H]C1=C(C([H])([H])[H])c2c([H])c([H])c([H])c([H])c2N([H])C1(C([H])([H])[H])C([H])([H])[H],1,173.259,12.03,1,1,3.294,57.7947
[H]OC([H])([H])N(c1nc(N(C([H])([H])O[H])C([H])([H])O[H])nc(N(C([H])([H])O[H])C([H])([H])O[H])n1)C([H])([H])O[H],1,306.279,169.77,6,12,-4.0104,69.7788
[H]C([H])([H])C([H])([H])C([H])([H])C([H])([H])C([H])([H])C([H])([H])C([H])([H])C(=O)OC([H])([H])C([H])(OC(=O)C([H])([H])C([H])([H])C([H])([H])C([H])([H])C([H])([H])C([H])([H])C([H])([H])[H])C([H])([H])OC(=O)C([H])([H])C([H])([H])C([H])([H])C([H])([H])C([H])([H])C([H])([H])C([H])([H])[H],1,470.691,78.9,0,6,7.0661,131.926
[H]/C(=N/N1C(=O)N([H])C([H])([H])C1([H])[H])c1oc([N+](=O)[O-])c([H])c1[H],1,224.176,100.98,1,5,0.5469,53.0611
[H]N=C1C([H])=C([H])C(=C(c2c([H])c([H])c(N([H])[H])c([H])c2[H])c2c([H])c([H])c(N([H])[H])c([H])c2[H])C([H])=C1[H],1,287.366,75.89,3,3,3.79867,93.7375
[H]C([H])([H])OP(=O)(OC([H])([H])[H])N1C([H])([H])C([H])([H])OC([H])([H])C1([H])[H],1,195.155,48,0,4,0.7195,44.0165
[H]C([H])([H])N(N=O)C1([H])C([H])([H])C([H])([H])C([H])([H])C([H])([H])C1([H])[H],1,142.202,32.67,0,2,1.9323,40.431
[H]C([H])([H])C([H])([H])OC(=O)N(N=O)C([H])([H])C([H])([H])[H],1,146.146,58.97,0,4,1.1462,35.197
[H]C([H])([H])C(=O)N(C([H])([H])C([H])([H])[H])C([H])([H])C([H])([H])[H],1,115.176,20.31,0,1,0.8747,33.602
[H]C([H])([H])OP(=O)(OC([H])([H])[H])C([H])([H])[H],1,124.076,35.53,0,3,1.1021,27.5485
[H]N([H])C(=O)N(N=O)C([H])([H])C([H])([H])C([H])([H])[H],1,131.135,75.76,1,3,0.4585,32.3754
[H]N([H])C(=O)N(N=O)C([H])([H])C([H])([H])C([H])([H])C([H])([H])[H],1,145.162,75.76,1,3,0.8486,36.9924
[H]OC(=O)C([H])([H])C([H])([H])C(=O)N([H])N(C([H])([H])[H])C([H])([H])[H],1,160.173,69.64,2,3,-0.556,38.6995
[H]C([H])([H])Oc1c(Cl)c(Cl)c(Cl)c(Cl)c1Cl,1,280.365,9.23,0,1,4.9622,58.044
[H]C([H])([H])C1(C([H])([H])[H])C(=O)OC1([H])[H],1,100.117,26.3,0,2,0.5694,24.74
[H]N(C(=S)N(C([H])([H])[H])C([H])([H])[H])C([H])([H])[H],1,118.205,15.27,1,1,0.0523,35.3447
[H]c1nc([H])c(C([H])([H])Cl)c([H])c1[H],1,127.574,12.89,0,1,1.8204,33.794
[H]OC([H])([H])C([H])([H])C([H])([H])C([H])([H])N(N=O)C([H])([H])C([H])([H])C([H])([H])C([H])([H])[H],1,174.244,52.9,1,3,1.5424,48.5958
[H]N1C([H])([H])C([H])([H])N(N=O)C([H])([H])C1([H])[H],1,115.136,44.7,1,3,-0.427,30.2377
[H]C1=C([H])C(C([H])([H])[H])(C([H])([H])[H])Oc2c([H])c(OC([H])([H])[H])c3c(=O)c4c([H])c([H])c([H])c([H])c4n(C([H])([H])[H])c3c21,1,321.376,40.46,0,4,3.8845,96.988
[H]c1c([H])c([H])c(N=NN(C([H])([H])[H])C([H])([H])[H])c([H])c1[H],1,149.197,27.96,0,2,2.2469,44.645
[H]c1c([H])c(N([H])[H])c(N([H])[H])c([H])c1-c1c([H])c([H])c(N([H])[H])c(N([H])[H])c1[H],1,214.272,104.08,4,4,1.6824,69.5276
[H]c1c([H])c([H])c2c(c1[H])C(=O)C([H])(c1nc3c([H])c([H])c([H])c([H])c3c([H])c1[H])C2=O,1,273.291,47.03,0,3,3.3976,79.587
[H]Oc1c([H])c([H])c([H])c2oc3c4c(c([H])c(OC([H])([H])[H])c3c(=O)c12)OC1([H])OC([H])=C([H])C41[H],1,324.288,78.13,1,6,3.0064,85.5888
[H]C#CC(OC(=O)N([H])[H])(c1c([H])c([H])c([H])c([H])c1[H])c1c([H])c([H])c(Cl)c([H])c1[H],1,285.73,52.32,1,2,3.3121,78.1754
[H]N([H])C(=O)N(N=O)C([H])([H])C([H])([H])C([H])([H])C([H])([H])C([H])([H])[H],1,159.189,75.76,1,3,1.2387,41.6094
[H]c1c([H])c(-c2c([H])c([H])c(Cl)c(Cl)c2Cl)c(Cl)c(Cl)c1Cl,1,360.882,0,0,0,7.274,81.938
[H]c1c([H])c(Cl)c(Cl)c(-c2c([H])c([H])c(Cl)c(Cl)c2Cl)c1[H],1,326.437,0,0,0,6.6206,76.928
[H]c1c([H])c(Cl)c([H])c(-c2c([H])c(Cl)c([H])c(Cl)c2[H])c1[H],1,257.547,0,0,0,5.3138,66.908
[H]C([H])([H])C([H])([H])C([H])([H])C([H])([H])C([H])([H])N(N=O)C([H])([H])C([H])([H])C([H])([H])C([H])([H])C([H])([H])[H],1,186.299,32.67,0,2,3.3502,56.418
[H]c1c([H])c([H])c(C([H])([H])C([H])([H])N(N=O)C([H])([H])[H])c([H])c1[H],1,164.208,32.67,0,2,1.8423,48.571
[H]C([H])(Cl)C([H])(OP(=O)(OC([H])(C([H])([H])Cl)C([H])([H])Cl)OC([H])(C([H])([H])Cl)C([H])([H])Cl)C([H])([H])Cl,1,430.907,44.76,0,4,4.6829,86.5455
[H]OC([H])([H])C([H])([H])N(N=O)C(=O)N([H])[H],1,133.107,95.99,2,4,-0.9592,29.1702
[H]OC(=O)c1c([H])n(C([H])([H])C([H])([H])[H])c2c([H])c3c(c([H])c2c1=O)OC([H])([H])O3,1,261.233,77.76,1,5,1.4483,66.9643
[H]C1([H])N(N=O)C([H])([H])C([H])([H])C([H])([H])N1N=O,1,144.134,65.34,0,4,0.3144,34.486
[H]c1nc(N(N=O)C([H])([H])[H])c([H])c([H])c1[H],1,137.142,45.56,0,3,1.1992,38.435
[H]C([H])=C([H])C([H])([H])N(N=O)C([H])([H])C([H])=C([H])[H],1,126.159,32.67,0,2,1.3418,37.762
[H]N1C(=O)N(N=O)C([H])([H])C([H])([H])C1=O,1,143.102,78.84,1,4,-0.3903,30.6567
[H]OC([H])(c1c([H])c([H])c([H])c([H])c1[H])C([H])(N(N=O)C([H])([H])[H])C([H])([H])[H],1,194.234,52.9,1,3,1.7217,54.4218
[H]c1c(Cl)c(Cl)c(Cl)c2c1Oc1c([H])c(Cl)c(Cl)c(Cl)c1O2,1,390.864,18.46,0,2,7.505,83.092
[H]C1([H])N(N=O)C([H])([H])C([H])([H])C([H])([H])C([H])([H])C([H])([H])C1([H])[H],1,142.202,32.67,0,2,1.9339,40.453
[H]N(c1nc(Cl)nc(N([H])C(C#N)(C([H])([H])[H])C([H])([H])[H])n1)C([H])([H])C([H])([H])[H],1,240.698,86.52,2,6,1.67088,62.3154
[H]C(=O)N([H])c1nc(-c2oc([N+](=O)[O-])c([H])c2[H])c([H])s1,1,239.212,98.27,1,6,1.8796,56.1571
[H]C([H])([H])C([H])([H])N(C#N)N=O,1,99.093,56.46,0,3,0.47078,23.788
[H]c1c([H])c(N([H])[H])c([H])c(N([H])[H])c1OC([H])([H])[H],1,138.17,61.27,2,3,0.8596,41.8188
[H]C12C3(Cl)C(Cl)(Cl)C4(Cl)C1(Cl)C1(Cl)C(Cl)(Cl)C2(Cl)C3(Cl)C41Cl,1,511.101,0,0,0,5.8616,92.452
[H]C1([H])OC([H])([H])C([H])([H])N1N=O,1,102.093,41.9,0,3,-0.0425,23.32
[H]C1([H])ON(N=O)C([H])([H])C([H])([H])C1([H])[H],1,116.12,41.9,0,3,0.6952,27.687
[H]N1C(=O)N(N=O)C([H])([H])C1=O,1,129.075,78.84,1,4,-0.7804,26.0397
[H]OC([H])(C([H])([H])[H])C([H])([H])N(N=O)C([H])([H])C([H])(O[H])C([H])([H])[H],1,162.189,73.13,2,4,-0.2686,40.7296
[H]OC(=O)C([H])([H])N(N=O)C(=O)N([H])[H],1,147.09,113.06,2,4,-0.8669,29.7202
[H]C([H])([H])C(=O)C([H])([H])N(N=O)C([H])([H])C(=O)C([H])([H])[H],1,158.157,66.81,0,4,0.1478,38.73
[H]c1c([H])c([H])c(C(=O)N(N=O)C([H])([H])[H])c([H])c1[H],1,164.164,49.74,0,3,1.44,44.3305
[H]c1nc([H])c(C(=O)C([H])([H])C([H])([H])C([H])([H])N(N=O)C([H])([H])[H])c([H])c1[H],1,207.233,62.63,0,4,1.6577,56.2265
[H]OC([H])([H])C([H])([H])N([H])C(=O)C([H])([H])Sc1nc(Cl)c([H])c(N([H])c2c([H])c([H])c([H])c(C([H])([H])[H])c2C([H])([H])[H])n1,1,366.874,87.14,3,6,2.69104,97.0602
[H]C([H])([H])C([H])([H])N(N=O)C([H])([H])C(F)(F)F,1,156.107,32.67,0,2,1.552,29.097
[H]C([H])(N(N=O)C([H])([H])C([H])([H])C([H])([H])C(F)(F)F)C([H])([H])C([H])([H])C(F)(F)F,1,266.185,32.67,0,2,3.6548,47.946
[H]ON=C1C([H])([H])C([H])([H])C([H])([H])C1([H])[H],1,99.133,32.59,1,2,1.3906,27.6895
[H]C1=C([H])C([H])([H])N(N=O)OC1([H])[H],1,114.104,41.9,0,3,0.4712,27.593
[H]N([H])C(=O)OC([H])([H])C([H])(C([H])([H])OC(=O)N([H])[H])C1([H])C([H])([H])C([H])([H])C([H])([H])C([H])([H])C1([H])[H],1,244.291,104.64,2,4,1.3735,61.1358
[H]c1nc([H])c2c(nc(-c3c([H])c([H])c([S+]([O-])C([H])([H])[H])c([H])c3OC([H])([H])[H])n2[H])c1[H],1,287.344,73.86,1,4,2.3709,78.2091
[H]c1sc(N([H])N([H])[H])nc1-c1c([H])c([H])c(N([H])[H])c([H])c1[H],1,206.274,76.96,3,5,1.6779,59.7725
[H]OC([H])(c1c([H])c([H])c([H])c([H])c1[H])C([H])([H])[H],1,122.167,20.23,1,1,1.7399,37.0758
[H]c1c([H])c([H])c2c(c1[H])C(=O)NS2(=O)=O,1,183.188,63.24,1,3,0.1187,41.094
[H]c1c([H])c([H])c(C(=O)OC([H])([H])C([H])([H])C([H])([H])C([H])([H])C([H])([H])C([H])([H])C([H])(C([H])([H])[H])C([H])([H])[H])c(C(=O)OC([H])([H])C([H])([H])C([H])([H])C([H])([H])C([H])([H])C([H])([H])C([H])(C([H])([H])[H])C([H])([H])[H])c1[H],1,418.618,52.6,0,4,7.2132,122.853
[H]c1c([H])c([H])c(N(N=O)C([H])([H])[H])c([H])c1[H],1,136.154,32.67,0,2,1.8042,40.64
[H]Oc1c([H])c(O[H])c2c(c1O[H])C(=O)c1c([H])c([H])c([H])c([H])c1C2=O,1,256.213,94.83,3,5,1.5788,64.7434
[H]c1c([H])c([H])c2c(c([H])c([N+](=O)[O-])c3c(C(=O)O)c([H])c4c(c32)OC([H])([H])O4)c1OC([H])([H])[H],1,341.275,108.13,1,6,3.3367,87.7427
[H]/C(C(=O)O)=C(\Br)C(=O)c1c([H])c([H])c(OC([H])([H])[H])c([H])c1[H],1,285.093,63.6,1,3,2.2413,61.9703
[H]c1c([H])c([H])c2c(c1[H])-c1c([H])c([H])c(N([H])C(=O)C(F)(F)F)c([H])c1C2([H])[H],1,277.245,29.1,1,1,3.7586,69.3687
[H]C1=C2C([H])([H])[C@@]([H])(OC(=O)C([H])([H])[H])C([H])([H])C([H])([H])[C@]2(C([H])([H])[H])[C@@]2([H])C([H])([H])C([H])([H])[C@]3(C([H])([H])[H])C(=O)C([H])([H])C([H])([H])[C@@]3([H])[C@]2([H])C1([H])[H],1,330.468,43.37,0,3,4.45,92.264
[H]OC([H])([H])C(=O)[C@@]12O[C@]([H])(C([H])([H])C([H])([H])C([H])([H])[H])O[C@]1([H])C([H])([H])[C@@]1([H])[C@]3([H])C([H])([H])C([H])([H])C4=C([H])C(=O)C([H])=C([H])[C@]4(C([H])([H])[H])[C@@]3([H])[C@@]([H])(O[H])C([H])([H])[C@]21C([H])([H])[H],1,430.541,93.06,2,6,2.7168,112.8666
[H]C([H])([H])C([H])([H])C([H])(Cl)C([H])([H])C([H])([H])C([H])(Cl)C([H])(Cl)C([H])([H])C([H])(Cl)C([H])(Cl)C([H])(Cl)C([H])([H])Cl,1,411.455,0,0,0,6.4499,92.708
[H]c1nc2c([N+](=O)[O-])c([H])c([H])c([H])c2c([H])c1[H],1,174.159,56.03,0,3,2.143,48.3974
[H]N1C(=O)NC(=O)C(C([H])([H])C([H])([H])[H])(C([H])([H])C([H])([H])[H])C1=O,1,184.195,75.27,2,3,0.1588,44.6964
[H]Oc1c([H])c([H])c([H])c(OC([H])([H])[H])c1O[H],1,140.138,49.69,2,3,1.1064,36.3236
[H]c1c([H])c([H])c2c(oc3c([H])c(N([H])[H])c(OC([H])([H])[H])c([H])c32)c1[H],1,213.236,48.39,1,3,3.1768,64.6844
[H]/C(C1=C(C([H])([H])[H])C([H])([H])C([H])([H])C([H])([H])C1(C([H])([H])[H])C([H])([H])[H])=C([H])\C(=C([H])\C([H])=C([H])\C(=C(/[H])C([H])([H])OC(=O)C([H])([H])[H])C([H])([H])[H])C([H])([H])[H],1,328.496,26.3,0,2,6.0811,102.759
[H]c1c([H])c([H])c(C([H])([H])[H])c(N=O)c1[H],1,121.139,29.43,0,2,2.39292,36.634
[H]c1c([H])c([H])c2c(c1[H])OC(=O)C([H])([H])C2([H])[H],1,148.161,26.3,0,2,1.5382,40.398
[H]Oc1c([H])c([H])c(C([H])([H])[H])c([H])c1O[H],1,124.139,40.46,2,2,1.40622,34.5086
[H]Oc1c([H])c([H])c2c(c1[H])OC([H])([H])O2,1,138.122,38.69,1,3,1.1209,34.2298
[H]Oc1c([H])c2c(c([H])c1O[H])[C@@]1([H])c3c([H])c([H])c(O[H])c(O[H])c3OC([H])([H])[C@@]1(O[H])C2([H])[H],1,302.282,110.38,5,6,1.3205,75.535
[H]c1c([H])c([H])c(N(O)N=O)c([H])c1[H],1,138.126,52.9,1,3,1.5636,36.5025
[H]c1c([H])c([H])c(N([H])c2c([H])c([H])c(N([H])c3c([H])c([H])c([N+](=O)[O-])c([H])c3[N+](=O)[O-])c([H])c2S(=O)(=O)O)c([H])c1[H],1,430.398,164.71,3,8,4.2369,109.0148
[H]O[C@]1([H])C([H])([H])C2=C([H])C([H])([H])[C@]3([H])[C@]([H])(C([H])([H])C([H])([H])[C@]4(C([H])([H])[H])C(=O)C([H])([H])C([H])([H])[C@]43[H])[C@@]2(C([H])([H])[H])C([H])([H])C1([H])[H],1,288.431,37.3,1,2,3.8792,82.7168
[H]O[C@@]1([H])C([H])([H])[C@]2(C([H])([H])[H])[C@]3(C(=O)C([H])([H])OC(=O)C([H])([H])[H])N=C(C([H])([H])[H])O[C@]3([H])C([H])([H])[C@@]2([H])[C@]2([H])C([H])([H])C([H])([H])C3=C([H])C(=O)C([H])=C([H])[C@]3(C([H])([H])[H])[C@]21[H],1,441.524,102.26,1,7,2.5632,115.7418
[H]c1nc(C([H])([H])[H])n(C([H])([H])[H])c1[N+](=O)[O-],1,141.13,60.96,0,4,0.63672,34.5994
[H]c1c([H])c([H])c(C2(C([H])([H])C([H])([H])[H])C(=O)NC(=O)N([H])C2=O)c([H])c1[H],1,232.239,75.27,2,3,0.7004,60.0924
[H]c1c([H])c(Oc2c([H])c([H])c(N([H])[H])c([H])c2[H])c([H])c([H])c1Cl,1,219.671,35.25,1,2,3.7145,62.3804
[H]c1nc2c([H])c([H])c3c(nc(N([H])[H])n3C([H])([H])[H])c2c([H])c1[H],1,198.229,56.73,1,4,1.7037,60.4274
[H]O/C([H])=C1\C(=O)C([H])([H])[C@]2([H])C([H])([H])C([H])([H])[C@]3([H])[C@]([H])(C([H])([H])C([H])([H])[C@]4(C([H])([H])[H])[C@](O[H])(C([H])([H])[H])C([H])([H])C([H])([H])[C@@]34[H])[C@@]2(C([H])([H])[H])C1([H])[H],1,332.484,57.53,2,3,4.401,93.4526
[H]O[C@@]12O[C@](N([H])C(=O)[C@]3([H])C([H])=C4c5c([H])c([H])c([H])c6c5c(c(Br)n6[H])C([H])([H])[C@@]4([H])N(C([H])([H])[H])C3([H])[H])(C([H])(C([H])([H])[H])C([H])([H])[H])C(=O)N1[C@@]([H])(C([H])([H])C([H])(C([H])([H])[H])C([H])([H])[H])C(=O)N1C([H])([H])C([H])([H])C([H])([H])[C@]12[H],1,654.606,118.21,3,6,3.1928,164.1582
[H]c1c(-c2nnc(N([H])[H])o2)oc([N+](=O)[O-])c1[H],1,196.122,121.22,1,7,0.82,43.0668
[H]c1c([H])c([H])c(Cl)c([H])c1[H],1,112.559,0,0,0,2.34,31.452
[H]OC(=O)C([H])([H])[C@]([H])(O[H])C([H])([H])[C@]([H])(O[H])/C([H])=C(\[H])c1c(-c2c([H])c([H])c(F)c([H])c2[H])c2c([H])c([H])c([H])c([H])c2n1C([H])(C([H])([H])[H])C([H])([H])[H],1,411.473,82.69,3,4,4.6281,115.6344
[H]c1sc(N([H])N([H])[H])nc1-c1c([H])c([H])c([N+](=O)[O-])c([H])c1[H],1,236.256,94.08,2,6,2.0039,62.0145
[H]OC([H])(c1c([H])nc([H])c([H])c1[H])C([H])([H])C([H])([H])C([H])([H])N(N=O)C([H])([H])[H],1,209.249,65.79,1,4,1.5084,56.8558
[H]C([H])(N=[N+]([O-])C([H])([H])[H])OC(=O)C([H])([H])[H],1,132.119,64.73,0,4,0.0993,28.6124
[H]Oc1c([H])c([H])c2c([H])c([H])c([H])c([H])c2c1N=Nc1c([H])c(C([H])([H])[H])c(Cl)c([H])c1S(=O)(=O)O,1,376.821,99.32,2,5,5.16932,95.7924
[H]C([H])([H])[C@]1([H])O[C@@]([H])(C([H])([H])[H])C([H])([H])N(N=O)C1([H])[H],1,144.174,41.9,0,3,0.777,37.377
[H]OC([H])([H])[C@@]1([H])O[C@@]([H])(n2c([H])nc3c(=S)nc(N([H])[H])n([H])c32)C([H])([H])[C@]1([H])O[H],1,283.313,122.21,4,8,-0.28821,68.7447
[H]c1c([H])c(S(=O)(=O)OC([H])([H])C([H])(N([H])[H])C([H])([H])N=O)c([H])c([H])c1C([H])([H])[H],1,258.299,98.82,1,6,0.79402,62.9542
[H]C([H])([H])N(N=O)C([H])([H])C([H])([H])N(C([H])([H])[H])C([H])([H])[H],1,131.179,35.91,0,3,0.1612,36.979
[H]c1nc(N([H])N=C(C([H])([H])[H])C([H])([H])[H])sc1-c1oc([N+](=O)[O-])c([H])c1[H],1,266.282,93.56,1,7,3.119,68.8761
[H]C([H])=C([H])C([H])(OC(=O)C([H])([H])[H])c1c([H])c([H])c2c(c1[H])OC([H])([H])O2,1,220.224,44.76,0,4,2.2055,57.269
[H]c1c([H])c([H])c(-c2c([H])c([H])c(N([H])C(=O)C([H])([H])[H])c([H])c2[H])c([H])c1[H],1,211.264,29.1,1,1,3.312,66.1817
[H]O[C@@]1([H])c2c(c3c(OC([H])([H])[H])c([H])c4c(c3oc2=O)[C@]2([H])C([H])=C([H])O[C@@]2([H])O4)C([H])([H])C1([H])[H],1,314.293,78.13,1,6,2.1272,79.6988
[H]C([H])=C([H])C([H])([H])N(N=O)C(=O)N([H])[H],1,129.119,75.76,1,3,0.2345,32.2814
[H]c1sc(N=C(N([H])[H])N([H])[H])nc1C([H])([H])SC([H])([H])C([H])([H])N([H])c1nsnc1N([H])[H],1,330.468,141.12,4,9,0.827,86.5569
[H]c1sc(N([H])[H])nc1-c1oc([N+](=O)[O-])c([H])c1[H],1,211.202,95.19,1,6,1.8935,50.8828
[H]c1c([H])c(Cl)c(Cl)c(-c2c([H])c([H])c(Cl)c([H])c2Cl)c1[H],1,291.992,0,0,0,5.9672,71.918
[H]C([H])([H])C([H])([H])C([H])([H])N=[N+]([O-])C([H])([H])C([H])([H])C([H])([H])[H],1,130.191,38.43,0,2,1.7689,36.3714
[H]C([H])([H])C([H])(N=[N+]([O-])C([H])(C([H])([H])[H])C([H])([H])[H])C([H])([H])[H],1,130.191,38.43,0,2,1.7657,36.3274
[H]c1nc2c(C([H])([H])C([H])([H])OC([H])([H])C([H])([H])[H])c(-c3c([H])c([H])c([H])c([H])c3[H])nc(N([H])[H])n2n1,1,283.335,78.33,1,6,1.9525,80.8274
[H]OC([H])([H])C([H])([H])N(c1nc(-c2sc([N+](=O)[O-])c([H])c2[H])nc2c([H])c([H])c([H])c([H])c12)C([H])([H])C([H])([H])O[H],1,360.395,112.62,2,8,2.0575,95.89
[H]OC(=O)[C@@]1([H])[C@@]([H])(C(=O)O[H])[C@]2(Cl)C(Cl)=C(Cl)[C@@]1(Cl)C2(Cl)Cl,1,388.845,74.6,2,2,3.2335,72.5886
[H]OC(=O)c1c([H])c(S(=O)(=O)N2C([H])([H])[C@]([H])(C([H])([H])[H])C([H])([H])[C@]([H])(C([H])([H])[H])C2([H])[H])c([H])c([H])c1Cl,1,331.821,74.68,1,3,2.7048,80.1151
[H]OC([H])([H])[C@@]1([H])O[C@]([H])(O[H])[C@]([H])(N([H])C(=O)N(N=O)C([H])([H])C([H])([H])Cl)[C@@]([H])(O[H])[C@]1([H])O[H],1,313.694,151.92,5,8,-2.2819,65.5199
[H]OC(=O)C1=C(O[H])C(C([H])([H])[H])=C2C(=C([H])O[C@@]([H])(C([H])([H])[H])[C@]2([H])C([H])([H])[H])C1=O,1,250.25,83.83,2,4,1.721,62.7916
[H]C([H])=C([H])/C1=C(\[H])[C@]([H])(C([H])([H])[H])[C@@](OC(=O)C([H])([H])[H])(C([H])([H])[H])C(=O)OC([H])([H])C2=C([H])C([H])([H])[N+]3(C([H])([H])[H])C([H])([H])C([H])([H])[C@@]([H])(OC1=O)C23[O-],1,405.447,101.96,0,7,0.3722,99.8034
[H]c1c([H])c(Cl)c([H])c(-c2c([H])c([H])c([H])c(Cl)c2[H])c1[H],1,223.102,0,0,0,4.6604,61.898
[H]c1nc([H])c(Cl)c(N([H])C(=O)c2c([H])c([H])c(OC([H])([H])[H])c(OC3([H])C([H])([H])C([H])([H])C([H])([H])C3([H])[H])c2[H])c1Cl,1,381.259,60.45,1,4,4.9707,98.0882
[H]c1c([H])c([H])c2c(c1[H])-c1c([H])c([H])c([H])c(N(C(=O)C([H])([H])[H])C(=O)C([H])([H])[H])c1C2([H])[H],1,265.312,37.38,0,2,3.1572,78.525
[H]c1c([H])c(C([H])([H])C([H])([H])N([H])[H])c([H])c([N+]#N)c1[O-],1,163.18,77.23,1,3,0.74598,43.3904
[H]c1c([H])c([H])c2c(oc3c([H])c(N([H])[H])c([H])c([H])c32)c1[H],1,183.21,39.16,1,2,3.1682,58.1324
[H]O[C@@]([H])([C@]([H])(O[H])[C@@]([H])(O[H])C([H])([H])Br)[C@@]([H])(O[H])C([H])([H])Br,1,307.966,80.92,4,4,-0.7802,51.6152
[H]N(C(=O)N(N=O)C([H])([H])C([H])([H])C([H])([H])C([H])([H])[H])C([H])([H])C([H])([H])C([H])([H])C([H])([H])[H],1,201.27,61.77,1,3,2.2796,55.7157
[H]c1c([H])c(N(C([H])([H])C([H])([H])[H])C([H])([H])C([H])([H])[H])c([H])c([H])c1N=Nc1c([H])c([H])[n+]([O-])c([H])c1[H],1,270.336,54.9,0,4,3.5816,79.581
[H]c1c([N+](=O)[O-])sc(C2([H])N([H])C(=O)c3c([H])c([H])c([H])c([H])c3N2[H])c1[H],1,275.289,84.27,2,5,2.5104,71.2453
[H]/C(=C(/[H])c1c([H])c(OC([H])([H])[H])c([H])c([H])c1OC([H])([H])[H])c1c([H])c([H])c(N([H])[H])c([H])c1[H],1,255.317,44.48,1,3,3.4564,79.3284
[H]Oc1c([H])c(OC([H])([H])[H])c(OC([H])([H])[H])c2oc3c4c(c([H])c(OC([H])([H])[H])c3c(=O)c12)OC1([H])OC([H])=C([H])C41[H],1,384.34,96.59,1,8,3.0236,98.6928
[H]c1c(C([H])([H])[H])nc(-c2oc([N+](=O)[O-])c([H])c2[H])nc1C([H])([H])[H],1,219.2,82.06,0,5,2.26164,55.8624
[H]c1c([H])c([H])c(C(c2c([H])c([H])c([H])c([H])c2[H])(C([H])([H])[C@@]([H])(N(C([H])([H])[H])C([H])([H])[H])C([H])([H])[H])[C@@]([H])(OC(=O)C([H])([H])[H])C([H])([H])C([H])([H])[H])c([H])c1[H],1,353.506,29.54,0,3,4.6546,107.275
[H]/C(=C(/[H])c1oc([N+](=O)[O-])c([H])c1[H])c1nnc(N([H])C([H])([H])N(C([H])([H])[H])C([H])([H])[H])o1,1,279.256,110.47,1,8,1.6722,70.7651
[H]c1sc(N([H])N(C([H])([H])[H])C([H])([H])[H])nc1-c1oc([N+](=O)[O-])c([H])c1[H],1,254.271,84.44,1,7,2.1998,63.7801
[H]c1nc(N(N=O)C([H])([H])[H])c(C(=O)N(N=O)C([H])([H])[H])n1C([H])([H])[H],1,226.196,100.23,0,7,0.2911,55.2945
[H]C([H])([H])C([H])([H])N=[N+]([O-])C([H])([H])C([H])([H])[H],1,102.137,38.43,0,2,0.9887,27.1374
[H]C([H])([H])N=[N+]([O-])C([H])([H])C([H])([H])[H],1,88.11,38.43,0,2,0.5986,22.5204
[H]OC([H])([H])C([H])([H])N([H])C(=O)N(N=O)C([H])([H])C([H])([H])[H],1,161.161,82,2,4,-0.3084,38.6595
[H]N(C(=O)N(N=O)C([H])([H])C([H])([H])[H])C([H])([H])C(=O)C([H])([H])[H],1,173.172,78.84,1,4,0.2883,42.2547
[H]c1c([H])c(-c2c([H])c([H])c(N([H])C(=O)C([H])([H])[H])c([H])c2[H])c([H])c([H])c1F,1,229.254,29.1,1,1,3.4511,66.1397
[H]N([H])C(=O)N(N=O)C([H])([H])C([H])([H])F,1,135.098,75.76,1,3,0.018,28.0594
[H]C(=O)N([H])N([H])c1nc(C([H])([H])[H])c([H])s1,1,157.198,54.02,2,4,0.52442,39.6734
[H]OC(=O)C([H])([H])[C@]([H])(C(=O)O[H])C([H])([H])C(=O)O[C@]([H])([C@@]([H])(C([H])([H])[H])C([H])([H])C([H])([H])C([H])([H])C([H])([H])[H])[C@]([H])(OC(=O)C([H])([H])[C@@]([H])(C(=O)O[H])C([H])([H])C(=O)O[H])C([H])([H])[C@]([H])(C([H])([H])[H])C([H])([H])[C@@]([H])(O[H])C([H])([H])C([H])([H])C([H])([H])C([H])([H])[C@@]([H])(O[H])C([H])([H])[C@]([H])(O[H])[C@@]([H])(N([H])[H])C([H])([H])[H],1,721.838,288.51,8,12,2.5642,177.593
[H]C1=C([H])C(=[N+](C([H])([H])c2c([H])c([H])c([H])c(S(=O)(=O)O)c2[H])C([H])([H])C([H])([H])[H])C([H])=C([H])C1=C(c1c([H])c([H])c(N(C([H])([H])c2c([H])c([H])c([H])c(S(=O)(=O)O)c2[H])C([H])([H])C([H])([H])[H])c([H])c1[H])c1c([H])c([H])c(S(=O)(=O)[O-])c([H])c1[H],1,748.901,172.19,2,8,5.7121,193.8988
[H]N([H])C(=O)N(N=O)C([H])([H])C([H])([H])C([H])([H])C([H])([H])C([H])([H])C([H])([H])[H],1,173.216,75.76,1,3,1.6288,46.2264
[H]c1sc(N([H])N([H])[H])nc1-c1oc([N+](=O)[O-])c([H])c1[H],1,226.217,107.22,2,7,1.5969,54.2805
[H]OC([H])([H])C([H])([H])N1C(=O)N(/N=C(/[H])c2oc([N+](=O)[O-])c([H])c2[H])C([H])([H])C1([H])[H],1,268.229,112.42,1,6,0.2516,63.7172
[H]OC([H])([H])C([H])([H])N(N=O)C(=O)N([H])C([H])([H])C([H])([H])[H],1,161.161,82,2,4,-0.3084,38.6595
[H]OC([H])([H])C([H])([H])N([H])c1nc(-c2sc([N+](=O)[O-])c([H])c2[H])nc2c([H])c([H])c([H])c([H])c12,1,316.342,101.18,2,7,2.6707,85.0809
[H]OC([H])(C([H])=C([H])[H])c1c([H])c([H])c2c(c1[H])OC([H])([H])O2,1,178.187,38.69,1,3,1.6347,47.7218
[H]c1c(N([H])C(=NC([H])([H])C(F)(F)F)N([H])[H])nn(C([H])([H])C([H])([H])C([H])([H])C([H])([H])C(=O)N([H])[H])c1[H],1,306.292,111.32,3,4,0.8276,71.4395
[H]c1c([H])c2c(c([H])c1C1=NN([H])C(=O)C([H])([H])C1([H])[H])C(C([H])([H])[H])(C([H])([H])[H])C(=O)N2[H],1,257.293,70.56,2,3,1.5304,72.0114
[H]OC([H])([H])C1([H])OC([H])(C([H])(I)C([H])([H])[H])OC1([H])[H],1,258.055,38.69,1,3,0.5437,45.1808
[H]OC([H])([H])[C@]1(O[H])C(=O)OC([H])([H])C2=C([H])C([H])([H])[N+]3([O-])C([H])([H])C([H])([H])[C@@]([H])(OC(=O)/C(=C(/[H])C([H])([H])[H])C([H])([H])[C@@]1([H])C([H])([H])[H])[C@@]23[H],1,367.398,116.12,2,7,0.1778,90.262
[H]C([H])=C(C([H])([H])[H])C([H])([H])[H],1,56.108,0,0,0,1.5824,20.488
[H]OC(C([H])([H])[H])(C([H])([H])[H])[C@](O[H])(C(=O)OC([H])([H])C1=C([H])C([H])([H])N2C([H])([H])C([H])([H])[C@]([H])(OC(=O)/C(=C(/[H])C([H])([H])[H])C([H])([H])[H])[C@@]12[H])[C@@]([H])(OC([H])([H])[H])C([H])([H])[H],1,411.495,105.53,2,8,0.9588,106.0496
[H]OC([H])([H])c1nc(N([H])C([H])([H])C([H])([H])C([H])([H])Oc2c([H])c([H])c([H])c(C([H])([H])N3C([H])([H])C([H])([H])C([H])([H])C([H])([H])C3([H])[H])c2[H])n(C([H])([H])[H])n1,1,359.474,75.44,2,7,2.1743,101.0975
[H]c1nc(C([H])([H])[H])c([H])c([H])c1C([H])([H])c1c([H])nc(N([H])C([H])([H])C([H])([H])SC([H])([H])c2oc(C([H])([H])N(C([H])([H])[H])C([H])([H])[H])c([H])c2[H])n([H])c1=O,1,413.547,87.05,2,7,3.06402,117.3884
[H]C(=O)/C([H])=C(\[H])O,1,72.063,37.3,1,2,0.257,17.8328
[H]c1c([H])c([H])c2c(c1[H])c1c([H])c(C([H])([H])[H])c(N([H])[H])[n+]([H])c1n2[H],1,198.249,55.95,2,1,2.02582,61.5098
[H]C([H])([H])[N+]([O-])=NC([H])([H])C([H])([H])[H],1,88.11,38.43,0,2,0.5986,22.5204
[H]/C(=N/N1C(=O)N([H])C([H])(C([H])([H])[H])C1([H])[H])c1oc([N+](=O)[O-])c([H])c1[H],1,238.203,100.98,1,5,0.9354,57.6561
[H]OC(=O)[C@@]([H])(N([H])[H])C([H])([H])C([H])([H])C([H])([H])N([H])C(=O)N(N=O)C([H])([H])[H],1,218.213,125.09,3,5,-0.4987,51.8019
[H]C1([H])N(N=O)[C@]([H])(C([H])([H])[H])C([H])([H])C([H])([H])C1([H])[H],1,128.175,32.67,0,2,1.5422,35.814
[H]C1([H])N(N=O)[C@@]([H])(C([H])([H])[H])C([H])([H])C([H])([H])C1([H])[H],1,128.175,32.67,0,2,1.5422,35.814
[H]O/N=C(/C([H])([H])[H])C([H])([H])C([H])([H])[H],1,87.122,32.59,1,2,1.2465,25.1865
[H]c1c(-c2nc(N3C([H])([H])C([H])([H])OC([H])([H])C3([H])[H])c3c([H])c([H])c([H])c([H])c3n2)sc([N+](=O)[O-])c1[H],1,342.38,81.39,0,7,3.1031,92.5374
[H]/C(=N/N1C(=O)O[C@@]([H])(C([H])([H])N2C([H])([H])C([H])([H])OC([H])([H])C2([H])[H])C1([H])[H])c1oc([N+](=O)[O-])c([H])c1[H],1,324.293,110.65,0,8,0.6747,77.1904
[H]c1c(-c2nnc(N([H])C(=O)C([H])([H])[H])s2)oc([N+](=O)[O-])c1[H],1,254.227,111.16,1,7,1.6647,58.5691
[H]c1nc(-c2oc([N+](=O)[O-])c([H])c2[H])c([H])s1,1,196.187,69.17,0,5,2.3113,46.4704
[H]c1c(-c2nc(N([H])C(=O)C([H])([H])[H])nc(N([H])C(=O)C([H])([H])[H])n2)oc([N+](=O)[O-])c1[H],1,306.238,153.15,2,8,0.9566,72.7908
[H]/C(=C(/[N+](=O)[O-])C([H])([H])C([H])([H])[H])C([H])([H])C([H])([H])[H],1,129.159,43.14,0,2,1.967,35.6594
[H]C([H])([H])C([H])([H])C([H])([N+](=O)[O-])C([H])([H])[H],1,103.121,43.14,0,2,1.0616,26.7474
[H]C([H])([H])C([H])([H])C([H])([N+](=O)[O-])C([H])([H])C([H])([H])[H],1,117.148,43.14,0,2,1.4517,31.3644
[H]OC([H])([H])C([H])(O[H])C([H])([H])N(N=O)C([H])([H])C([H])(O[H])C([H])([H])[H],1,178.188,93.36,3,5,-1.2962,42.1414
[H]OC([H])([H])C([H])(O[H])C([H])([H])N(N=O)C([H])([H])C(=O)C([H])([H])[H],1,176.172,90.2,2,5,-1.088,41.1416
[H]c1c([H])c([H])c(C(=O)N2C([H])(C([H])([H])[H])C([H])([H])N(N=O)C([H])([H])C2([H])C([H])([H])[H])c([H])c1[H],1,247.298,52.98,0,3,1.9028,68.9035
[H]OC([H])(C([H])([H])[H])C([H])([H])N(N=O)C(=O)N([H])C([H])([H])C([H])([H])Cl,1,209.633,82,2,4,0.299,48.3005
[H]OC([H])([H])C([H])([H])N(N=O)C([H])([H])C([H])(O[H])C([H])([H])[H],1,148.162,73.13,2,4,-0.6571,36.1346
[H]OC1([H])C([H])([H])N(N=O)C([H])([H])C1([H])[H],1,116.12,52.9,1,3,-0.2656,27.9918
[H]N([H])C(=O)N(N=O)C([H])([H])C([H])(C([H])([H])[H])C([H])([H])[H],1,145.162,75.76,1,3,0.7045,36.9224
[H]C([H])([H])N(N=O)C([H])([H])C([H])([H])C([H])([H])C([H])([H])C([H])([H])C([H])([H])C([H])([H])C([H])([H])C([H])([H])C([H])([H])C([H])([H])C([H])([H])[H],1,228.38,32.67,0,2,4.5205,70.269
[H]c1c([H])c(N(N=O)C([H])([H])[H])c([H])c([H])c1F,1,154.144,32.67,0,2,1.9433,40.598
[H]C([H])([H])N(N=O)C([H])([H])C([H])([H])C([H])([H])C([H])([H])C([H])([H])C([H])([H])C([H])([H])C([H])([H])C([H])([H])C([H])([H])[H],1,200.326,32.67,0,2,3.7403,61.035
[H]C1([H])OC(=O)N(N=O)C1([H])[H],1,116.076,58.97,0,4,0.12,23.849
[H]C1=C([H])C([H])([H])C([H])([H])N(N=O)C1([H])[H],1,112.132,32.67,0,2,0.9297,31.125
[H]C([H])([H])N1C([H])(C([H])([H])[H])C([H])([H])N(N=O)C([H])([H])C1([H])C([H])([H])[H],1,157.217,35.91,0,3,0.6922,44.055
[H]OC([H])([H])C([H])(O[H])C([H])([H])N(N=O)C([H])([H])C([H])=C([H])[H],1,160.173,73.13,2,4,-0.491,40.6576
[H]OC([H])(C([H])([H])[H])C([H])([H])N(N=O)C([H])([H])C([H])=C([H])[H],1,144.174,52.9,1,3,0.5366,39.2458
[H]C([H])=C([H])C([H])([H])N(N=O)C([H])([H])C(=O)C([H])([H])[H],1,142.158,49.74,0,3,0.7448,38.246
[H]OC([H])([H])C([H])([H])N(N=O)C([H])([H])C([H])=C([H])[H],1,130.147,52.9,1,3,0.1481,34.6508
[H]C([H])([H])C([H])([H])OC(=O)N(N=O)C([H])([H])C([H])([H])C([H])([H])C([H])([H])C([H])([H])[H],1,188.227,58.97,0,4,2.3165,49.048
[H]c1c([H])c([H])c2sc(N([H])C(=O)N(N=O)C([H])([H])[H])nc2c1[H],1,236.256,74.66,1,5,2.4414,62.1967
[H]C1([H])N(N=O)C([H])([H])C([H])([H])C([H])([H])C([H])([H])C([H])([H])C([H])([H])C([H])([H])C([H])([H])C([H])([H])C([H])([H])C1([H])[H],1,212.337,32.67,0,2,3.8844,63.538
[H]OC(=O)C([H])([H])C([H])([H])C([H])([H])N(N=O)C([H])([H])[H],1,146.146,69.97,1,3,0.4644,35.2948
[H]OC([H])([H])C([H])([H])N(N=O)C([H])([H])[H],1,104.109,52.9,1,3,-0.4081,25.5108
[H]OC([H])([H])C([H])([H])C([H])([H])N(N=O)C([H])([H])[H],1,118.136,52.9,1,3,-0.018,30.1278
[H]OC([H])(C([H])([H])[H])C([H])([H])N(N=O)C([H])([H])[H],1,118.136,52.9,1,3,-0.0196,30.1058
[H]C([H])([H])C(=O)C([H])([H])N(N=O)C([H])([H])[H],1,116.12,49.74,0,3,0.1886,29.106
[H]c1c([H])c(S(=O)(=O)OC([H])([H])C([H])([H])N(N=O)C([H])([H])[H])c([H])c([H])c1C([H])([H])[H],1,258.299,76.04,0,5,1.31352,62.7418
[H]C([H])([H])N(N=O)C([H])([H])C([H])([H])C([H])([H])C([H])([H])C([H])([H])C([H])([H])C([H])([H])C([H])([H])C([H])([H])C([H])([H])C([H])([H])[H],1,214.353,32.67,0,2,4.1304,65.652
[H]c1c([H])c([H])[n+]([O-])c([H])c1C1([H])N(N=O)C([H])([H])C([H])([H])C1([H])[H],1,193.206,59.61,0,3,1.1383,49.878
[H]C([H])([H])C1([H])SC([H])(C([H])([H])[H])N(N=O)C([H])(C([H])([H])[H])S1,1,192.309,32.67,0,4,2.4878,51.202
[H]C1([H])SC([H])([H])C([H])([H])N(N=O)C1([H])[H],1,132.188,32.67,0,3,0.7166,34.693
[H]c1c([H])c([H])c2c(c1[H])C(=O)c1c([H])c(N([H])C(=O)C([H])([H])[H])c([H])c([H])c1-2,1,237.258,46.17,1,2,2.8564,69.6142
[H]C1([H])OC([H])([H])C([H])([H])N(SC(=S)N2C([H])([H])C([H])([H])OC([H])([H])C2([H])[H])C1([H])[H],1,248.373,24.94,0,5,0.5839,64.973
[H]O[C@@]1(C([H])([H])[H])C(=O)OC([H])([H])C2=C([H])C([H])([H])N(C([H])([H])[H])C([H])([H])C([H])([H])[C@@]([H])(OC(=O)C3(O[C@]3([H])C([H])([H])[H])C([H])([H])[C@@]1([H])C([H])([H])[H])C2=O,1,381.425,105.67,1,8,0.2207,93.7258
[H]C1=C2C([H])([H])[C@@]([H])(OC(=O)C([H])([H])c3c([H])c([H])c(N(C([H])([H])C([H])([H])Cl)C([H])([H])C([H])([H])Cl)c([H])c3[H])C([H])([H])C([H])([H])[C@]2(C([H])([H])[H])[C@@]2([H])C([H])([H])C([H])([H])[C@@]3(C([H])([H])[H])[C@@]([H])(C([H])([H])C([H])([H])[C@]3([H])[C@]([H])(C([H])([H])[H])C([H])([H])C([H])([H])C([H])([H])C([H])(C([H])([H])[H])C([H])([H])[H])[C@]2([H])C1([H])[H],1,644.812,29.54,0,3,10.4663,186.725
[H]Oc1c([H])c([H])c2c([H])c(S(=O)(=O)O)c([H])c(S(=O)(=O)O)c2c1N=Nc1c([H])c([H])c(S(=O)(=O)O)c2c([H])c([H])c([H])c([H])c12,1,538.537,208.06,4,9,3.8541,123.1806
[H]Oc1c([H])c([H])c2c([H])c([H])c([H])c([H])c2c1N=Nc1c([H])c([H])c(C([H])([H])[H])c([H])c1[N+](=O)[O-],1,307.309,88.09,1,5,5.17742,87.6222
[H]OC([H])([H])[C@]1(O[H])C(=O)OC([H])([H])C2=C([H])C([H])([H])N3C([H])([H])C([H])([H])[C@@]([H])(OC(=O)/C(=C(/[H])C([H])([H])[H])C([H])([H])[C@@]1([H])C([H])([H])[H])[C@@]23[H],1,351.399,96.3,2,7,0.1652,88.4736
[H]c1c([H])c(S(=O)(=O)c2c([H])c([H])c(N([H])C(=O)C([H])([H])[H])c([H])c2[H])c([H])c([H])c1N([H])C(=O)C([H])([H])[H],1,332.381,92.34,2,4,2.4362,86.9432
[H]OC([H])(C([H])([H])[H])C(O[H])(C(=O)OC([H])([H])C1=C([H])C([H])([H])N2C([H])([H])C([H])([H])[C@@]([H])(OC(=O)/C(=C(\[H])C([H])([H])[H])C([H])([H])[H])[C@@]12[H])C([H])(C([H])([H])[H])C([H])([H])[H],1,381.469,96.3,2,7,1.1898,99.7996
[H]C([H])(Br)C([H])(Br)C([H])([H])OP(=O)(O)OC([H])([H])C([H])(Br)C([H])([H])Br,1,497.74,55.76,1,3,3.4368,74.7473
[H]OC([H])(C([H])([H])[H])C([H])([H])N([H])C(=O)N(N=O)C([H])(Cl)C([H])([H])[H],1,209.633,82,2,4,0.645,48.0285
[H]c1c(-c2nc(N([H])[H])nc(N([H])[H])n2)oc([N+](=O)[O-])c1[H],1,222.164,146.99,2,8,0.2042,53.0082
[H]O[C@@]([H])([C@@]([H])(O[H])[C@]([H])(O[H])C([H])([H])Br)[C@@]([H])(O[H])C([H])([H])Br,1,307.966,80.92,4,4,-0.7802,51.6152
[H]C1([H])N(N=O)C([H])([H])C([H])([H])C([H])([H])N(N=O)C1([H])[H],1,158.161,65.34,0,4,0.3569,39.353
[H]OC([H])([H])C([H])([H])C([H])([H])N(N=O)C(=O)N([H])[H],1,147.134,95.99,2,4,-0.5691,33.7872
[H]c1c([H])c(-c2c([H])c([H])c(OC(C(=O)OC([H])([H])[H])(C([H])([H])[H])C([H])([H])[H])c([H])c2[H])c([H])c([H])c1Cl,1,304.773,35.53,0,3,4.3374,83.611
[H]/C(=C(/[H])c1c([H])c([H])nc2c([H])c([H])c([H])c([H])c12)c1c([H])c([H])c(N(N=O)C([H])([H])[H])c([H])c1[H],1,289.338,45.56,0,3,4.5228,91.311
[H]c1nc(N(N=O)C([H])([H])[H])c(C(=O)N([H])C([H])([H])[H])n1C([H])([H])[H],1,197.198,79.59,1,5,-0.1027,50.7962
[H]C([H])(C(=O)O)N(C([H])([H])C(=O)O)C([H])([H])C(=O)O,1,191.139,115.14,3,4,-1.4578,39.3474
[H]c1nc2c([H])c([H])c([H])c([H])n2c1-c1oc([N+](=O)[O-])c([H])c1[H],1,229.195,73.58,0,5,2.5025,59.5484
[H]c1c(-c2noc(C([H])([H])N([H])C(=O)C([H])([H])[H])n2)oc([N+](=O)[O-])c1[H],1,252.186,124.3,1,7,0.8739,56.1751
[H]c1c([H])c([H])c(OC([H])(C([H])([H])[H])C([H])([H])[H])c(OC(=O)N(N=O)C([H])([H])[H])c1[H],1,238.243,68.2,0,5,2.5858,61.788
[H]OC([H])([H])C([H])([H])N(N=O)C([H])([H])C([H])(O[H])C([H])([H])O[H],1,164.161,93.36,3,5,-1.6847,37.5464
[H]OC([H])([H])C([H])([H])N(N=O)C(=O)N([H])C([H])([H])C([H])([H])Cl,1,195.606,82,2,4,-0.0895,43.7055
[H]C([H])([H])N(N=O)C([H])([H])C([H])([H])C([H])([H])C([H])([H])C([H])([H])C([H])([H])C([H])([H])C([H])([H])C([H])([H])C([H])([H])C([H])([H])C([H])([H])C([H])([H])C([H])([H])[H],1,256.434,32.67,0,2,5.3007,79.503
[H]OC([H])([H])C([H])([H])N(N=O)C([H])([H])C(=O)C([H])([H])[H],1,146.146,69.97,1,4,-0.4489,35.1348
[H]C1=C(C([H])([H])[H])c2c([H])c([H])c([H])c([H])c2N(N=O)C1(C([H])([H])[H])C([H])([H])[H],1,202.257,32.67,0,2,3.3699,62.446
[H]OC([H])([H])C([H])(O[H])C([H])([H])N(N=O)C([H])([H])[H],1,134.135,73.13,2,4,-1.0472,31.5176
[H]O[C@@]1(C([H])([H])[H])C(=O)OC([H])([H])C2=C([H])C([H])([H])N(C([H])([H])[H])C([H])([H])C([H])([H])[C@@]([H])(OC(=O)/C(=C(/[H])C([H])([H])[H])C([H])([H])[C@@]1([H])C([H])([H])[H])C2=O,1,365.426,93.14,1,7,1.0095,94.2048
[H]c1sc(N([H])C(=O)C(F)(F)F)nc1-c1oc([N+](=O)[O-])c([H])c1[H],1,307.209,98.27,1,6,2.8121,61.1551
[H]c1c([H])c(N([H])C(=O)N(OC([H])([H])[H])C([H])([H])[H])c([H])c(Cl)c1Cl,1,249.097,41.57,1,2,3.0185,60.2527
CC(=O)[O-].CC(=O)[O-].[Ni+2],1,176.781,80.26,0,4,-2.4901,21.362
[H]C1=C2C(Cl)=C([H])[C@]3([H])[C@]([H])(C([H])([H])C([H])([H])[C@@]4(C([H])([H])[H])[C@@]3([H])C([H])([H])C([H])([H])[C@]4(OC(=O)C([H])([H])[H])C(=O)C([H])([H])[H])[C@@]2(C([H])([H])[H])[C@@]2([H])C([H])([H])[C@@]2([H])C1=O,1,416.945,60.44,0,4,4.6076,108.953
[H]c1nc2c([H])c([H])c([H])c([H])c2c(C([H])([H])[H])c1[H],1,143.189,12.89,0,1,2.54322,46.48
[H]c1c([H])c(-c2c([H])c([H])c(N([H])[H])c([H])c2[H])c([H])c([H])c1F,1,187.217,26.02,1,1,3.0749,56.2484
[H]C([H])([H])C(Br)(C([H])([H])[H])C([H])([H])[H],1,137.02,0,0,0,2.1798,28.68
[H]C([H])([H])OP(=O)(OC([H])([H])[H])OC([H])([H])[H],1,140.075,44.76,0,4,1.0337,28.6335
[H]C#C[C@]1(OC(=O)C([H])([H])[H])C([H])([H])C([H])([H])[C@@]2([H])[C@]3([H])C([H])([H])C([H])([H])C4=C([H])[C@@]([H])(OC(=O)C([H])([H])[H])C([H])([H])C([H])([H])[C@]4([H])[C@@]3([H])C([H])([H])C([H])([H])[C@@]21C([H])([H])[H],1,384.516,52.6,0,4,4.4259,105.97
COC(=O)C(C1CCCCN1)C2=CC=CC=C2.Cl,1,269.772,38.33,1,3,2.5071,74.0887
CC(=O)[O-].CC(=O)[O-].[Pb+2],1,325.288,80.26,0,4,-2.8684,27.116
CN[NH3+].OS(=O)(=O)[O-],1,144.152,117.1,3,4,-2.6327,24.2738
[H]C1=C2C(Cl)=C([H])[C@@]3([H])[C@]4([H])C([H])([H])C([H])([H])[C@](OC(=O)C([H])([H])[H])(C(=O)C([H])([H])[H])[C@@]4(C([H])([H])[H])C([H])([H])C([H])([H])[C@]3([H])[C@@]2(C([H])([H])[H])C([H])([H])C([H])([H])C1=O,1,404.934,60.44,0,4,4.7517,106.59
[H]OC(=O)C([H])(N([H])C(=O)c1c([H])c(Cl)c2c(c1O[H])C(=O)O[C@]([H])(C([H])([H])[H])C2([H])[H])C([H])([H])c1c([H])c([H])c([H])c([H])c1[H],1,403.818,112.93,3,5,2.5727,100.7343
CNNC.Cl.Cl,1,133.022,24.06,2,2,0.1838,32.6154
[H]C(Cl)(Cl)C(F)(F)F,1,152.93,0,0,0,2.3524,21.549
[H]n1c(C([H])([H])[H])c(Br)c(=O)n(C([H])(C([H])([H])[H])C([H])([H])C([H])([H])[H])c1=O,1,261.119,54.86,1,3,1.57852,58.7617
[H]C1=C2C([H])([H])C([H])([H])[C@@]3([H])[C@]4([H])C([H])([H])C([H])([H])[C@]([H])(OC(=O)C([H])([H])C([H])([H])C([H])([H])C([H])([H])C([H])([H])C([H])([H])[H])[C@@]4(C([H])([H])[H])C([H])([H])C([H])([H])[C@]3([H])[C@@]2(C([H])([H])[H])C([H])([H])C([H])([H])C1=O,1,400.603,43.37,0,3,6.4005,115.349
[H]C1=C2C(C([H])([H])[H])=C([H])[C@@]3([H])[C@]4([H])C([H])([H])C([H])([H])[C@](OC(=O)C([H])([H])[H])(C(=O)C([H])([H])[H])[C@@]4(C([H])([H])[H])C([H])([H])C([H])([H])[C@]3([H])[C@@]2(C([H])([H])[H])C([H])([H])C([H])([H])C1=O,1,384.516,60.44,0,4,4.5753,106.411
[H]c1c([H])c([N+]([H])([H])[H])c(C([H])([H])[H])c([H])c1-c1c([H])c([H])c([N+]([H])([H])[H])c(C([H])([H])[H])c1[H],1,214.312,55.28,2,0,1.71724,66.4482
[H]c1c([H])c([H])c2c([H])c3c([H])c(N([H])[H])c([H])c([H])c3c([H])c2c1[H],1,193.249,26.02,1,1,3.5752,65.8664
[H]c1c([H])c([H])c(C(=O)N([H])N([H])[H])c([H])c1[H],1,136.154,55.12,2,2,0.2901,38.0956
C1=CC(=CC=C1C2=CC=C(C=C2)N)N.Cl.Cl,1,257.164,52.04,2,2,3.3616,75.1988
[H]C1=C([H])c2c([H])c([H])c([H])c3c([H])c([H])c([H])c(c23)C1=O,1,180.206,17.07,0,1,3.0493,57.3125
[H]C1=C([H])C(=[N+](C([H])([H])[H])C([H])([H])[H])C([H])=C([H])C1=C(c1c([H])c([H])c(N(C([H])([H])[H])C([H])([H])[H])c([H])c1[H])c1c([H])c([H])c(N(C([H])([H])[H])C([H])([H])[H])c([H])c1[H],1,372.536,9.49,0,2,4.4596,122.9554
[H]c1nc([H])c(C(=O)N([H])N([H])[H])c([H])c1[H],1,137.142,68.01,2,3,-0.3149,35.8906
[H]OC([H])([H])c1c2c([H])c([H])c([H])c([H])c2c(C([H])([H])[H])c2c1c([H])c([H])c1c([H])c([H])c([H])c([H])c12,1,272.347,20.23,1,1,4.94692,89.6198
[H]ON([H])C(=O)OC([H])([H])C([H])([H])[H],1,105.093,58.56,2,3,0.1217,21.9442
[H]OC(=O)c1c([H])c(Cl)c([H])c(N([H])[H])c1Cl,1,206.028,63.32,2,2,2.2738,47.8337
[H]Oc1c([H])c([H])c(Cl)c([H])c1C([H])([H])c1c([H])c([H])c([H])c([H])c1[H],1,218.683,20.23,1,1,3.6364,62.3648
[H]c1c([H])c(C([H])([H])C([H])([S+]([O-])C([H])([H])C([H])([H])C([H])([H])C([H])([H])C([H])([H])C([H])([H])C([H])([H])C([H])([H])[H])C([H])([H])[H])c([H])c2c1OC([H])([H])O2,1,324.486,41.52,0,3,4.4555,92.1164
[H]c1c([H])c([H])c2c(c1[H])C(=O)N(SC(Cl)(Cl)Cl)C2=O,1,296.562,37.38,0,3,3.2585,64.823
COC1=CC=CC=C1N.Cl,1,159.616,35.25,1,2,1.6992,44.6544
CN(C)CCN(CC1=CC=CS1)C2=CC=CC=N2.Cl,1,297.855,19.37,0,4,3.1331,85.408
C1CCC(CC1)NS(=O)(=O)[O-].C1CCC(CC1)NS(=O)(=O)[O-].[Ca+2],1,396.544,138.46,2,6,0.357,85.1658
[H]c1c([H])c2c(c([H])c1OC(=O)C([H])([H])C([H])([H])[H])C([H])([H])C([H])([H])[C@@]1([H])[C@]3([H])C([H])([H])C([H])([H])[C@]([H])(OC(=O)C([H])([H])C([H])([H])[H])[C@@]3(C([H])([H])[H])C([H])([H])C([H])([H])[C@]21[H],1,384.516,52.6,0,4,5.1799,107.156
[H]C1=C([H])c2c([H])c3c([H])c([H])c([H])c([H])c3c3c([H])c([H])c([H])c1c23,1,202.256,0,0,0,4.4768,70.382
[H]Oc1c([H])c(O[H])c2c(c1[H])O[C@]([H])(c1c([H])c([H])c(O[H])c(O[H])c1[H])[C@@]([H])(O[H])C2([H])[H],1,290.271,110.38,5,6,1.5461,72.623
[H]c1c2c(c3c([H])c4c([H])c([H])c5c([H])c([H])c([H])c([H])c5c4c([H])c3c1[H])C([H])([H])C([H])([H])C([H])([H])C2([H])[H],1,282.386,0,0,0,6.025,95.602
[H]c1c([H])c([H])c2c(c1[H])-c1c(c([H])c3c4c(c([H])c([H])c3c1[H])C([H])([H])C([H])([H])C([H])([H])C4([H])[H])C([H])([H])C2([H])[H],1,284.402,0,0,0,5.4842,93.434
[H]C1([H])N(N=O)C([H])([H])C([H])([H])N(N=O)C1([H])[H],1,144.134,65.34,0,4,-0.0332,34.736
[H]C([H])=C([H])C([H])([H])c1c([H])c([H])c(OC([H])([H])[H])c([H])c1[H],1,148.205,9.23,0,1,2.4237,46.895
[H]OC1([H])c2c3c(c(C([H])([H])[H])c([H])c([H])c3c([H])c3c2c([H])c([H])c2c([H])c([H])c([H])c([H])c23)C1([H])[H],1,284.358,20.23,1,1,5.04412,92.3608
[H]C1=C([H])c2c3c1c(C([H])([H])[H])c([H])c([H])c3c([H])c1c2c([H])c([H])c2c([H])c([H])c([H])c([H])c21,1,266.343,0,0,0,5.93842,92.625
CO[Si](CCC1CCC2C(C1)O2)(OC)OC,1,246.379,40.22,0,4,1.8221,62.207
[H]OC(C([H])([H])[H])(C([H])([H])[H])C([H])([H])C([H])([H])[C@@]([H])(O[H])[C@@]([H])(C([H])([H])[H])[C@@]1([H])C([H])([H])C([H])([H])[C@@]2(O[H])C3=C([H])C(=O)[C@]4([H])C([H])([H])[C@@]([H])(O[H])[C@@]([H])(O[H])C([H])([H])[C@]4(C([H])([H])[H])[C@@]3([H])C([H])([H])C([H])([H])[C@]12C([H])([H])[H],1,464.643,118.22,5,6,2.7391,125.142
CC1=C(C=CC(=C1)Cl)N.Cl,1,178.062,26.02,1,1,2.65242,47.8494
[H]C([H])([H])N([N+](=O)[O-])C([H])([H])[H],1,90.082,46.38,0,2,-0.2603,20.6814
[H]Oc1c([H])c(-c2c([H])c([H])c([H])c([H])c2[H])c([H])c([H])c1N([H])[H],1,185.226,46.25,2,2,2.6414,57.9552
[H]C([H])([H])C([H])([H])N(N=O)C([H])([H])C([H])([H])C([H])([H])C([H])([H])[H],1,130.191,32.67,0,2,1.7898,37.95
[H]c1c([H])c([H])c(C([H])([H])C([H])([H])N=C=S)c([H])c1[H],1,163.245,12.36,0,2,2.3319,50.039
CCCCCCCCCCCCN=C(N)N.CC(=O)O,1,287.448,101.7,3,2,3.2716,85.8306
[H]c1c([H])c([H])c2c([H])c3c(c([H])c([H])c4c([H])c([H])c([H])c([H])c43)c(C([H])([H])[H])c2c1[H],1,242.321,0,0,0,5.45462,83.697
[H]C([H])([H])N(N=O)C([H])([H])C([H])([H])C([H])([H])C([H])([H])[H],1,116.164,32.67,0,2,1.3997,33.333
[H]c1c([H])c([H])c2c(OC(=O)N(N=O)C([H])([H])[H])c([H])c([H])c([H])c2c1[H],1,230.223,58.97,0,4,2.9518,63.53
[W],1,183.84,0,0,0,-0.0025,0
[O-]P(=O)([O-])[O-].[O-]P(=O)([O-])[O-].[Pb+2].[Pb+2].[Pb+2],1,811.54,172.5,0,8,-6.7916,32.475
S=[Se],1,111.027,0,0,1,0.2674,13.345
C1=CC(=CN=C1)CCl.Cl,1,164.035,12.89,0,1,2.2422,41.042
Cl[Hg]Cl,1,271.496,0,0,0,1.3765,11.706
[O-][Cr](=O)(=O)[O-].[Pb+2],1,323.192,80.26,0,4,-2.9989,7.127
[O-][Cr](=O)(=O)[O-].[Sr+2],1,203.612,80.26,0,4,-2.9989,7.127
[H]/C(Cl)=C(/[H])C([H])([H])Cl,1,110.971,0,0,0,1.9777,25.713
[H]c1c([H])c([H])c2c([H])c(N=O)c([H])c([H])c2c1[H],1,157.172,29.43,0,2,3.2377,49.403
[H]c1c([H])c([H])c2c(c1[H])c1c([H])c([N+]([H])([H])[H])c([H])c([H])c1n2C([H])([H])C([H])([H])[H],1,211.288,32.57,1,1,2.6878,67.6661
[H]c1c([H])c([N+](=O)[O-])c([H])c2c1-c1c([H])c([H])c([N+](=O)[O-])c([H])c1C2([H])[H],1,256.217,86.28,0,4,3.0742,67.9928
[H]OC([H])([H])C([H])([H])OC(=O)N([H])[H],1,105.093,72.55,2,3,-0.926,22.6212
[H]c1c([H])c([H])c(N([H])C(=O)C2=C(C([H])([H])[H])OC([H])([H])C([H])([H])S2)c([H])c1[H],1,235.308,38.33,1,3,2.62,66.1817
[H]C([H])=C([H])C([H])([H])N(N([H])[H])C([H])([H])C([H])=C([H])[H],1,112.176,29.26,1,2,0.5341,36.1544
[H]C([H])(F)C(F)(F)F,1,102.03,0,0,0,1.5182,12.03
[H]c1c([H])c([H])c2c(S(=O)(=O)C([H])([H])C([H])([H])[H])c([H])c([H])c(S(=O)(=O)N([H])[H])c2c1[H],1,299.373,94.3,1,4,1.2808,73.048
[H]Oc1c([H])c([H])c2c([H])c([H])c([H])c([H])c2c1N=Nc1c([H])c([H])c([H])c([H])c1[H],1,248.285,44.95,1,3,4.9608,76.2308
[H]C([H])([H])N1C(=O)C([H])([H])C([H])([H])C1([H])[H],1,99.133,20.31,0,1,0.2386,26.871
[H]C([H])([H])N(N=O)C([H])([H])C([H])([H])C([H])([H])[H],1,102.137,32.67,0,2,1.0096,28.716
[H]C([H])([H])C([H])(OS(=O)(=O)C([H])([H])[H])C([H])([H])[H],1,138.188,43.37,0,3,0.371,31.0648
[H]c1c(Cl)c([H])c(Cl)c(N([H])[H])c1Cl,1,196.464,26.02,1,1,3.229,45.8844
[H]c1c([H])c([H])c(N=Nc2c([H])c([H])c(N([H])C([H])([H])[H])c([H])c2[H])c([H])c1[H],1,211.268,36.75,1,3,4.1437,66.6067
[H]C(=[N+]=[N-])C(=O)OC([H])([H])C([H])([H])[H],1,114.104,62.7,0,2,-0.1499,26.3164
[H]C(=O)N([H])N([H])C([H])=O,1,88.066,58.2,2,2,-1.6066,18.3994
[H]C1([H])N(N=O)C([H])([H])C([H])([H])C([H])([H])C([H])([H])C1([H])[H],1,128.175,32.67,0,2,1.5438,35.836
CC1=CC=CC=C1N.Cl,1,143.617,26.02,1,1,1.99902,42.8394
[H]C(=O)N(N([H])[H])C([H])([H])[H],1,74.083,46.33,1,2,-1.0517,18.0144
O=[Ni],1,74.692,17.07,0,1,-0.1213,0.6865
[O-2].[O-2].[O-2].[As+3].[As+3],1,197.841,85.5,0,0,-1.118,13.5675
O=[Cr](=O)=O,1,99.993,51.21,0,3,-0.3589,2.0595
[H]Oc1c([H])c2c(c(C([H])([H])[H])c1C([H])([H])[H])OC(C([H])([H])[H])(C([H])([H])C([H])([H])C([H])([H])C([H])(C([H])([H])[H])C([H])([H])C([H])([H])C([H])([H])C([H])(C([H])([H])[H])C([H])([H])C([H])([H])C([H])([H])C([H])(C([H])([H])[H])C([H])([H])[H])C([H])([H])C2([H])[H],1,416.69,29.46,1,2,8.53184,129.6538
[H]C([H])([H])C1([H])OC([H])(C([H])([H])[H])C([H])([H])N(N=O)C1([H])[H],1,144.174,41.9,0,3,0.777,37.377
[O-2].[O-2].[O-2].[Sb+3].[Sb+3],1,291.517,85.5,0,0,-1.118,13.5675
[H]Oc1c(Br)c([H])c(C#N)c([H])c1Br,1,276.915,44.02,1,2,2.78888,48.2218
[H]C([H])([H])C(F)(Cl)Cl,1,116.95,0,0,0,2.1072,21.219
[H]c1c([H])c(N([H])C(=O)C([H])([H])[H])c([H])c([N+](=O)[O-])c1OC([H])([H])C([H])([H])[H],1,224.216,81.47,1,4,1.9519,58.5691
[OH-].[OH-].[Mg+2],1,58.319,60,0,2,-0.7344,9.6256
S=[Cd],1,144.479,0,0,1,0.6457,7.591
O=[Cd],1,128.411,17.07,0,1,-0.1213,0.6865
[Be]=O,1,25.011,17.07,0,1,-0.4996,6.4405
[Be+2].[Be+2].[Be+2].[O-][Si](=O)[O-].[O-][Si](=O)[O-].[O-][Si](=O)[O-].[O-][Si](=O)[O-].[O-][Si](=O)[O-].[O-][Si](=O)[O-].[Al+3].[Al+3],1,537.498,379.14,0,18,-19.1696,67.413
[H]OC([H])(C([H])([H])[H])C([H])([H])C(=O)N([H])c1c([H])c([H])c(OC([H])([H])C([H])([H])[H])c([H])c1[H],1,223.272,58.56,2,3,1.7947,62.5385
[H]C([H])=C(C#N)C(=O)OC([H])([H])C([H])(C([H])([H])[H])C([H])([H])[H],1,153.181,50.09,0,3,1.26538,40.55
[H]Oc1c([H])c([H])c2c(c1[H])C([H])([H])C([H])([H])[C@@]1([H])[C@]3([H])C([H])([H])C([H])([H])[C@]([H])(OC(=O)C([H])([H])C([H])([H])C([H])([H])C([H])([H])[H])[C@@]3(C([H])([H])[H])C([H])([H])C([H])([H])[C@]21[H],1,356.506,46.53,1,3,5.3503,102.1288
[H]C(Cl)=C(OP(=O)(OC([H])([H])[H])OC([H])([H])[H])c1c([H])c(Cl)c(Cl)c([H])c1Cl,1,365.964,44.76,0,4,5.6015,78.0115
[H]c1c([H])c([H])c(C([H])([H])N(N=O)C([H])([H])[H])c([H])c1[H],1,150.181,32.67,0,2,1.7998,43.704
[H]c1nc(Oc2c([H])c([H])c(Oc3nc([H])c(Cl)c([H])c3Cl)c([H])c2[H])c(Cl)c([H])c1Cl,1,402.064,44.24,0,4,6.6748,95.104
[K+].[I-],1,166.002,0,0,0,-5.992,0
[H]OC(=O)c1c([H])c([H])c(S(=O)(=O)N(C([H])([H])C([H])([H])C([H])([H])[H])C([H])([H])C([H])([H])C([H])([H])[H])c([H])c1[H],1,285.365,74.68,1,3,2.1955,72.7421
[H]O[C@@]1([H])C([H])([H])C([H])([H])[C@@]2([H])[C@]3([H])C([H])([H])C([H])([H])C4=C([H])C(=O)C([H])([H])C([H])([H])[C@]4(C([H])([H])[H])[C@@]3([H])C([H])([H])C([H])([H])[C@@]21C([H])([H])[H],1,288.431,37.3,1,2,3.8792,82.7168
[H]c1c([H])c2c(c([H])c1OC(=O)N([H])C([H])([H])[H])[C@]1(C([H])([H])[H])C([H])([H])C([H])([H])N(C([H])([H])[H])[C@]1([H])N2C([H])([H])[H],1,275.352,44.81,1,4,1.7739,78.3157
[H]C1([H])C([H])(Cl)C([H])(Cl)C2([H])C3(Cl)C(Cl)=C(Cl)C(Cl)(C3(Cl)Cl)C12[H],1,409.782,0,0,0,5.6828,81.216
[H]C1=C2C([H])([H])C([H])([H])[C@@]3([H])[C@]4([H])C([H])([H])C([H])([H])[C@]([H])(C(=O)C([H])([H])[H])[C@@]4(C([H])([H])[H])C([H])([H])C([H])([H])[C@]3([H])[C@@]2(C([H])([H])[H])C([H])([H])C([H])([H])C1=O,1,314.469,34.14,0,2,4.7235,90.881
[H]C1=C2C([H])([H])C([H])([H])[C@@]3([H])[C@]4([H])C([H])([H])C([H])([H])[C@]([H])(OC(=O)C([H])([H])C([H])([H])[H])[C@@]4(C([H])([H])[H])C([H])([H])C([H])([H])[C@]3([H])[C@@]2(C([H])([H])[H])C([H])([H])C([H])([H])C1=O,1,344.495,43.37,0,3,4.8401,96.881
[H]OC([H])([H])[C@@]1([H])O[C@@]([H])(n2c([H])c(Br)c(=O)n([H])c2=O)C([H])([H])[C@]1([H])O[H],1,307.1,104.55,3,6,-1.0602,60.6423
[H]N([H])N([H])C([H])([H])[H],1,46.073,38.05,2,2,-0.9205,13.2471
CN1CCC=C(C1)C(=O)OC.Cl,1,191.658,29.54,0,3,0.8431,49.461
[H]C(=O)C([H])([H])C([H])([H])C([H])([H])C([H])=O,1,100.117,34.14,0,2,0.5545,25.979
CN(CCCl)CCCl.Cl,1,192.517,3.24,0,1,1.8176,46.185
[H]Oc1c([H])c([H])c2c(c1[H])C([H])([H])C([H])([H])[C@@]1([H])[C@]3([H])C([H])([H])C([H])([H])C(=O)[C@@]3(C([H])([H])[H])C([H])([H])C([H])([H])[C@]21[H],1,270.372,37.3,1,2,3.8174,77.7308
[H]N1C(=O)C(=O)C(=O)N([H])C1=O,1,142.07,92.34,2,4,-2.0785,26.6884
[H]Oc1c([H])c([H])c2c(c1[H])C([H])([H])C([H])([H])[C@@]1([H])[C@]3([H])C([H])([H])C([H])([H])[C@]([H])(O[H])[C@@]3(C([H])([H])[H])C([H])([H])C([H])([H])[C@]21[H],1,272.388,40.46,2,2,3.6092,78.7306
[H]Oc1c([H])c([H])c2c(c1[H])C([H])([H])C([H])([H])[C@@]1([H])[C@]3([H])C([H])([H])[C@@]([H])(O[H])[C@]([H])(O[H])[C@@]3(C([H])([H])[H])C([H])([H])C([H])([H])[C@]21[H],1,288.387,60.69,3,3,2.58,80.1204
[H]c1c(C([H])([H])[H])c(=O)n([H])c(=O)n1[H],1,126.115,65.72,2,2,-0.62838,32.4204
[H]c1c([H])c([H])c2c(c1[H])-c1c([H])c([H])c(N([H])[H])c([H])c1C2([H])[H],1,181.238,26.02,1,1,2.84,59.0964
[H]C(=O)C([H])([H])Cl,1,78.498,17.07,0,1,0.4241,16.784
[H]C(=O)c1c([H])c([H])c([H])c([H])c1[H],1,106.124,17.07,0,1,1.4991,31.8295
[H]C(=O)N([H])[H],1,45.041,43.09,1,1,-0.8985,10.2514
[H]C([H])([H])OC(=O)c1c(Cl)c(Cl)c(C(=O)OC([H])([H])[H])c(Cl)c1Cl,1,331.966,52.6,0,4,3.8734,69.161
[H]c1c([H])c(Cl)c(C#N)c(Cl)c1[H],1,172.014,23.79,0,1,2.86508,41.177
[H]c1c([H])c(C(=C(Cl)Cl)c2c([H])c([H])c(Cl)c([H])c2[H])c([H])c([H])c1Cl,1,318.03,0,0,0,6.1879,80.632
[H]c1c([H])c(N([H])C(=O)N(C([H])([H])[H])C([H])([H])[H])c([H])c(Cl)c1Cl,1,233.098,32.34,1,1,3.0869,59.1677
[H]c1c(Cl)c(-n2nc(C#N)c([S+]([O-])C(F)(F)F)c2N([H])[H])c(Cl)c([H])c1C(F)(F)F,1,437.152,90.69,1,5,4.27918,80.1768
[H]Oc1c([H])c(C(C([H])([H])[H])(C([H])([H])[H])C([H])([H])[H])c(O[H])c([H])c1C(C([H])([H])[H])(C([H])([H])[H])C([H])([H])[H],1,222.328,40.46,2,2,3.6928,67.1716
[H]c1c([H])c([H])c2c(c1[H])C(=O)N(C([H])(C([H])([H])[H])C([H])([H])[H])S(=O)(=O)N2[H],1,240.284,66.48,1,3,1.2075,60.29
[H]c1c([N+](=O)[O-])c(N(C([H])([H])C([H])([H])[H])C([H])([H])C([H])([H])C([H])([H])C([H])([H])[H])c([N+](=O)[O-])c([H])c1C(F)(F)F,1,335.282,89.52,0,5,4.1482,77.5478
[H]C1([H])C([H])([H])C([H])([H])C2([H])C([H])([H])C([H])([H])C([H])([H])C([H])([H])C2([H])C1([H])[H],1,138.254,0,0,0,3.3668,43.916
[H]OC(=O)C([H])(Oc1c([H])c([H])c(Cl)c([H])c1C([H])([H])[H])C([H])([H])[H],1,214.648,46.53,1,2,2.50032,53.9148
[H]c1c([N+](=O)[O-])c([H])c2c(nc([H])n2[H])c1[H],1,163.136,71.82,1,3,1.4711,42.7481
[H]c1c([H])c(C([H])([H])[H])c([H])c([H])c1N([H])[H],1,107.156,26.02,1,1,1.57722,35.5914
[H]C([H])=C([H])C([H])([H])OC([H])([H])C1([H])OC1([H])[H],1,114.144,21.76,0,2,0.5878,30.756
[H]C#CC([H])([H])O[H],1,56.064,20.23,1,1,-0.3881,15.9188
[H]c1c([H])c([H])c(N([H])N([H])[H])c([H])c1[H],1,108.144,38.05,2,2,0.9722,34.2521
[H]c1c([H])c([H])c(C([H])([H])Cl)c([H])c1[H],1,126.586,0,0,0,2.4254,35.999
O=[N+]([O-])C(Cl)(Cl)Cl,1,164.375,43.14,0,2,1.5908,27.2844
[H]C1=C2C([H])([H])C([H])([H])[C@]3([H])[C@]([H])(C([H])([H])C([H])([H])[C@]4(C([H])([H])[H])C(=O)C([H])([H])C([H])([H])[C@]43[H])[C@@]2(C([H])([H])[H])C([H])([H])C([H])([H])C1=O,1,286.415,34.14,0,2,4.0874,81.717
[H]c1c([H])c([H])c(OC([H])([H])C([H])(C([H])([H])[H])[N+]([H])(C([H])([H])c2c([H])c([H])c([H])c([H])c2[H])C([H])([H])C([H])([H])Cl)c([H])c1[H],1,304.841,13.67,1,1,2.7778,88.0947
[H]C#C[C@]1(O[H])C([H])([H])C([H])([H])[C@@]2([H])[C@]3([H])C([H])([H])C([H])([H])C4=C([H])C(=O)C([H])([H])C([H])([H])[C@]4([H])[C@@]3([H])C([H])([H])C([H])([H])[C@@]21C([H])([H])[H],1,298.426,37.3,1,2,3.4925,85.8758
[H]C#C[C@]1(O[H])C([H])([H])C([H])([H])[C@@]2([H])[C@]3([H])C([H])([H])C([H])([H])C4=C(C([H])([H])C([H])([H])C(=O)C4([H])[H])[C@@]3([H])C([H])([H])C([H])([H])[C@@]21C([H])([H])[H],1,298.426,37.3,1,2,3.6366,85.9458
[H]C#C[C@]1(O[H])C([H])([H])C([H])([H])[C@@]2([H])[C@]3([H])C([H])([H])C([H])([H])c4c([H])c(OC([H])([H])[H])c([H])c([H])c4[C@@]3([H])C([H])([H])C([H])([H])[C@@]21C([H])([H])[H],1,310.437,29.46,1,2,3.9156,91.3938
[H]c1c([H])c(C([H])(c2c([H])c([H])c(Cl)c([H])c2[H])C([H])(Cl)Cl)c([H])c([H])c1Cl,1,320.046,0,0,0,5.929,80.241
[H]Oc1c([H])c([H])c(C(c2c([H])c([H])c(O[H])c([H])c2[H])(C([H])([H])[H])C([H])([H])[H])c([H])c1[H],1,228.291,40.46,2,2,3.4237,68.3416
[H]c1c([H])c([H])c2c(C([H])([H])[H])c([H])c([H])c([H])c2c1[H],1,142.201,0,0,0,3.14822,48.685
O=[O+][O-],1,47.997,51.43,0,2,-1.122,6.734
[H]C([H])=C(C(=O)N([H])[H])C([H])([H])[H],1,85.106,43.09,1,1,0.0478,24.0084
[H]C([H])([H])C([H])(C([H])([H])[H])C([H])([H])Br,1,137.02,0,0,0,2.0373,28.632
[H]C([H])([H])C([H])([H])C([H])(Br)C([H])([H])[H],1,137.02,0,0,0,2.1798,28.68
[H]C([H])([H])C([H])([H])C([H])([H])C([H])([H])C([H])(C([H])([H])OP(=O)(OC([H])([H])C([H])(C([H])([H])C([H])([H])[H])C([H])([H])C([H])([H])C([H])([H])C([H])([H])[H])OC([H])([H])C([H])(C([H])([H])C([H])([H])[H])C([H])([H])C([H])([H])C([H])([H])C([H])([H])[H])C([H])([H])C([H])([H])[H],1,434.642,44.76,0,4,8.7935,125.3805
CC[Pb](CC)(CC)CC,1,323.448,0,0,0,3.5148,47.678
[H]OC(=O)[C@]1([H])[C@]23C([H])([H])C(=C([H])[H])[C@](O[H])(C([H])([H])C([H])([H])[C@@]2([H])[C@@]24OC(=O)[C@@](C([H])([H])[H])([C@@]12[H])[C@@]([H])(O[H])C([H])=C4[H])C3([H])[H],1,346.379,104.06,3,5,1.0271,85.1734
O[Cl+2](O)O,1,86.474,60.69,3,3,-1.671,6.6564
[Be+2].[OH-].[OH-],1,43.026,60,0,2,-0.7344,9.6256
[H]/C(=C(/[H])C([H])([H])[H])c1c([H])c(OC([H])([H])[H])c(OC([H])([H])[H])c([H])c1OC([H])([H])[H],1,208.257,27.69,0,3,2.7455,60.806
[H]/C(=C(/[H])C([H])([H])[H])c1c([H])c([H])c(OC([H])([H])[H])c([H])c1[H],1,148.205,9.23,0,1,2.7283,47.702
[H]c1c([H])c(/C(=C(/c2c([H])c([H])c(OC(=O)C([H])([H])C([H])([H])[H])c([H])c2[H])C([H])([H])C([H])([H])[H])C([H])([H])C([H])([H])[H])c([H])c([H])c1OC(=O)C([H])([H])C([H])([H])[H],1,380.484,52.6,0,4,6.0482,112.132
[H]/C(=C(/[H])c1c([H])c([H])c(N([H])C(=O)C([H])([H])[H])c([H])c1[H])c1c([H])c([H])c([H])c([H])c1[H],1,237.302,29.1,1,1,3.8154,76.1157
[S-2].[S-2].[S-2].[S-2].[Fe+3].[Ni+2].[Ni+2].[Ni+2].[Ni+2],1,418.885,0,0,0,-0.0221,29.46
[H]c1c([H])c([H])c2c(c1[H])N=C1c3c([H])c([H])c([H])c([H])c3N=C3c4c([H])c(C([H])([H])[H])c([H])c([H])c4N=C2N13,1,334.382,40.32,0,4,4.87252,104.493
[H]OC(=O)C([H])([H])N(C(=O)Oc1c([H])c([H])c(OC([H])([H])[H])c([H])c1[H])C([H])([H])c1c([H])c([H])c(OC([H])([H])C([H])([H])c2nc(-c3c([H])c([H])c([H])c([H])c3[H])oc2C([H])([H])[H])c([H])c1[H],1,516.55,111.33,1,7,5.36572,139.3808
[H]O[C@@]1([H])C([H])([H])C([H])([H])[C@@]2([H])[C@]3([H])C([H])([H])C([H])([H])c4c([H])c(OC(=O)c5c([H])c([H])c([H])c([H])c5[H])c([H])c([H])c4[C@@]3([H])C([H])([H])C([H])([H])[C@@]21C([H])([H])[H],1,376.496,46.53,1,3,5.1228,108.4663
[H]C1([H])O[C@]1([H])[C@]1([H])OC1([H])[H],1,86.09,25.06,0,2,-0.216,19.48
[H]Oc1c([H])c2c(c([H])c1O[H])[C@@]1([H])C([H])([H])C([H])([H])[C@@]3(C([H])([H])[H])[C@@]([H])(C([H])([H])C([H])([H])[C@]3([H])O[H])[C@]1([H])C([H])([H])C2([H])[H],1,288.387,60.69,3,3,3.3148,80.3954
C[Hg]Cl,1,251.078,0,0,0,1.2708,11.717
[O-][As]=O.[Na+],1,129.91,40.13,0,2,-4.6846,6.4405
[H]OC([H])([H])[C@@]([H])(O[H])[C@@]([H])(O[C@]1([H])O[C@]([H])(C([H])([H])O[H])[C@]([H])(O[H])[C@]([H])(O[H])[C@@]1([H])O[H])[C@]([H])(O[H])[C@@]([H])(O[H])C([H])=O,1,342.297,197.37,8,11,-5.5546,69.8104
[H]C(=NN1C(=O)O[C@@]([H])(C([H])([H])N2C([H])([H])C([H])([H])OC([H])([H])C2([H])[H])C1([H])[H])c1oc([N+](=O)[O-])c([H])c1[H],1,324.293,110.65,0,8,0.6747,77.1904
[H]c1c([H])c([H])c2c(c1[H])c([H])c([H])c1c3c([H])c([H])c([H])c([H])c3c(N=O)c([H])c21,1,257.292,29.43,0,2,5.5441,84.415
[H]O[C@@]([H])([C@]([H])(O[H])[C@]([H])(O[H])C([H])([H])N([H])C([H])([H])C([H])([H])Cl)[C@]([H])(O[H])C([H])([H])N([H])C([H])([H])C([H])([H])Cl,1,305.202,104.98,6,6,-1.9132,71.2066
[H]c1c([H])c([H])c2c(c1[H])c([H])c([H])c1c3c(c([H])c(C([H])([H])[H])c12)C(=O)C([H])([H])C3([H])[H],1,246.309,17.07,0,1,4.43032,78.8425
[H]C([H])([H])[C@]1([H])O[C@]1([H])Cl,1,92.525,12.53,0,1,0.97,20.188
C(=O)(C(C(C(C(C(C(C(F)(F)F)(F)F)(F)F)(F)F)(F)F)(F)F)(F)F)[O-].[NH4+],1,431.095,76.63,1,2,3.4866,46.7288
[H]C1=C([H])[C@@]2([H])c3c(c([H])c(OC([H])([H])[H])c4c5c(c(=O)oc34)C(=O)C([H])([H])C5([H])[H])O[C@@]2([H])O1,1,312.277,74.97,0,6,2.2765,79.0695
CC/C(=C(\C1=CC=CC=C1)/C2=CC=C(C=C2)OCCN(C)C)/C3=CC=CC=C3.C(C(=O)O)C(CC(=O)O)(C(=O)O)O,1,563.647,144.6,4,6,4.7476,156.6732
[H]C1=C([H])[C@@]2([H])c3c(c([H])c(OC([H])([H])[H])c4c5c(c(=O)oc34)C(=O)OC([H])([H])C5([H])[H])O[C@@]2([H])O1,1,328.276,84.2,0,7,1.8605,80.4045
[H]c1c2c(c3oc(=O)c4c(c3c1OC([H])([H])[H])C([H])([H])C([H])([H])C4=O)[C@]1([H])C([H])([H])C([H])([H])O[C@]1([H])O2,1,314.293,74.97,0,6,2.1529,79.4135
[H]Oc1c(C2=Nc3c([H])c([H])c(S(=O)(=O)O)c([H])c3C2=O)n([H])c2c([H])c([H])c(S(=O)(=O)O)c([H])c12,1,422.396,174.19,4,7,1.684,96.5622
[H]/C(=C(/[H])c1c([H])c([H])c(N([H])[H])c([H])c1[H])c1c([H])c([H])c([H])c([H])c1[H],1,195.265,26.02,1,1,3.4392,66.2244
[H]OS(=O)(=O)OC([H])([H])c1c2c([H])c([H])c([H])c([H])c2c([H])c2c1c([H])c([H])c1c([H])c([H])c([H])c([H])c12,1,338.384,63.6,1,3,4.4656,95.2976
[H]c1nc2c(n1O)C(=O)N([H])C(=O)[N+]2([H])[H],1,169.12,100.83,3,5,-1.8213,33.8591
[H]O[C@@]1([H])[C@@]2([H])O[C@@]2([H])C([H])=C([H])[C@]1([H])O[H],1,128.127,52.99,2,3,-0.9546,29.8146
[H]C1([H])OC([H])(C([H])([H])[H])C([H])([H])N1N=O,1,116.12,41.9,0,3,0.346,27.915
[H]O[C@]1([H])[C@]2([H])O[C@]2([H])C([H])=C([H])[C@@]1([H])O[H],1,128.127,52.99,2,3,-0.9546,29.8146
[H]c1c([H])c([H])c2c(c1[H])c([H])c(C([H])([H])[H])c1c3c([H])c([H])c([H])c([H])c3c([N+](=O)[O-])c([H])c21,1,287.318,43.14,0,2,5.36282,90.3514
[H]N(C(=O)N(N=O)C([H])([H])C(=O)C([H])([H])[H])C([H])([H])C([H])([H])Cl,1,207.617,78.84,1,4,0.5072,47.3007
[H]c1c([H])c([H])c2c(c1[H])c([H])c([H])c1c([N+](=O)[O-])c3c(c([H])c([H])c4c([H])c([H])c([H])c([H])c43)c([H])c12,1,323.351,43.14,0,2,6.2076,103.1204
[H]C([H])(Cl)[C@@]1([H])O[C@]1([H])Cl,1,126.97,12.53,0,1,1.1889,25.234
[H]N(C(=O)N(N=O)C([H])([H])[H])C([H])([H])C([H])([H])[H],1,131.135,61.77,1,3,0.3291,32.6307
[H]OOC([H])(N(N=O)C([H])([H])C([H])([H])C([H])([H])C([H])([H])[H])C([H])([H])C([H])([H])C([H])([H])[H],1,190.243,62.13,1,4,2.3857,49.8188
[H]C([H])([H])C([H])([H])C([H])([H])C(=O)N(N=O)C([H])([H])C([H])([H])C([H])([H])C([H])([H])[H],1,172.228,49.74,0,3,2.0966,47.324
[H]C([H])([H])OC(=O)C([H])([H])C([H])([H])C([H])([H])N(N=O)C([H])(OC(=O)C([H])([H])[H])C([H])([H])C([H])([H])C([H])([H])[H],1,260.29,85.27,0,6,1.6123,64.213
[H]OC([H])(C([H])([H])[H])C([H])([H])N([H])C(=O)N(N=O)C([H])([H])C([H])([H])Cl,1,209.633,82,2,4,0.299,48.3005
[H]c1c([H])c2c3c(c1[H])c([H])c([H])c1c4c(c([H])c(c13)C2([H])[H])C(=O)C([H])([H])C4([H])[H],1,244.293,17.07,0,1,4.0261,76.9115
[H]N(C(=O)N(N=O)C([H])([H])C([H])([H])[H])C([H])([H])[H],1,131.135,61.77,1,3,0.3291,32.6307
[H]N(C([H])([H])N=O)C([H])([H])C(=O)C([H])([H])C([H])([H])[H],1,130.147,58.53,1,4,0.279,33.9627
[H]N(C([H])([H])N=O)C([H])([H])C([H])([H])C(=O)C([H])([H])[H],1,130.147,58.53,1,4,0.279,33.9627
[H]OC(=O)[C@@]1([H])O[C@@]([H])(N(O[H])c2c([H])c([H])c3c(c2[H])C([H])([H])c2c([H])c([H])c([H])c([H])c2-3)[C@]([H])(O[H])[C@@]([H])(O[H])[C@]1([H])O[H],1,373.361,130.69,5,7,0.3456,93.2667
[H]N([H])C(=O)N(N=O)C([H])([H])C([H])([H])OC([H])([H])[H],1,147.134,84.99,1,4,-0.3051,33.9604
[H]OS(=O)(=O)OC([H])([H])c1c([H])c([H])c2c([H])c([H])c3c([H])c([H])c([H])c4c([H])c([H])c1c2c34,1,312.346,63.6,1,3,3.9034,86.4836
[H]OC1([H])c2c([H])c([H])c3c(c(C([H])([H])[H])c([H])c4c(C([H])([H])[H])c([H])c([H])c([H])c43)c2C2([H])OC2([H])C1([H])O[H],1,306.361,52.99,2,3,3.45764,89.5086
[H]C([H])([H])C1([H])OC(=O)N(N=O)C1([H])[H],1,130.103,58.97,0,4,0.5085,28.444
[H]c1c([H])c([H])c(N(N=O)C([H])([H])OC(=O)C([H])([H])[H])c([H])c1[H],1,194.19,58.97,0,4,1.695,51.349
[H]C([H])([H])C(=O)N1C([H])(C([H])([H])[H])C([H])([H])N(N=O)C([H])([H])C1([H])C([H])([H])[H],1,185.227,52.98,0,3,0.6089,48.812
[H]OC1([H])c2c([H])c([H])c([H])c3c2[C@]2(O[C@@]2([H])C1([H])O[H])c1c([H])c([H])c([H])c([H])c1-3,1,252.269,52.99,2,3,1.7173,68.4976
[H]Oc1c([H])c([H])c2c([H])c([H])c3c(c4c(c5c6c([H])c([H])c([H])c([H])c6c([H])c([H])c53)O4)c2c1O[H],1,324.335,52.99,2,3,5.8163,99.8696
[H]c1c([H])c([H])c2c(c1[H])c([H])c1c([H])c([H])c3c([H])c([N+](=O)[O-])c([H])c4c([H])c([H])c2c1c34,1,297.313,43.14,0,2,5.6454,94.3064
[H]OS(=O)(=O)OC1([H])c2c3c(c(C([H])([H])[H])c([H])c([H])c3c([H])c3c2c([H])c([H])c2c([H])c([H])c([H])c([H])c23)C1([H])[H],1,364.422,63.6,1,3,4.87122,102.7756
[H]C([H])([H])N(N=O)C([H])([H])C(=O)C([H])([H])C([H])([H])C([H])([H])[H],1,144.174,49.74,0,3,0.9688,38.34
[H]C([H])([H])[C@@]1([H])O[C@]1([H])Cl,1,92.525,12.53,0,1,0.97,20.188
[H]O[C@@]1([H])C([H])=C([H])c2c(c([H])c([H])c3c(C([H])([H])[H])c4c([H])c([H])c([H])c([H])c4c(C([H])([H])[H])c23)[C@]1([H])O[H],1,290.362,40.46,2,2,4.03094,90.9286
[H]OC([H])([H])[C@]([H])(O[H])[C@@]([H])(O[H])[C@]([H])(O[C@]1([H])O[C@]([H])(C([H])([H])O[H])[C@]([H])(O[H])[C@]([H])(O[H])[C@@]1([H])O[H])[C@]([H])(O[H])C([H])([H])O[H],1,344.313,200.53,9,11,-5.7612,70.8322
[H]c1nc([H])c2c(c1[H])c1c([H])c([H])c([H])c([H])c1n2-c1c([H])c([H])c(N([H])[H])c([H])c1[H],1,259.312,43.84,1,3,3.7609,82.9884
[H]c1c([H])c(C([H])([H])[H])c([H])c([H])c1[N+]#N,1,119.147,28.15,0,1,2.4796,35.923
[H]OC1([H])c2c([H])c([H])c3c([H])c4c([H])c([H])c([H])c([H])c4nc3c2C2([H])OC2([H])C1([H])O[H],1,279.295,65.88,2,4,2.2358,77.8296
[H]O[C@@]1([H])C([H])=C2c3c(c([H])c([H])c([H])c3[C@]1([H])O[H])-c1c([H])c([H])c3c([H])c([H])c([H])c([H])c3c12,1,286.33,40.46,2,2,3.6598,87.4296
[H]O[C@]1([H])[C@]2([H])O[C@]2([H])c2c(c([H])c3c([H])c([H])c4c([H])c([H])c([H])c5c6c([H])c([H])c([H])c([H])c6c2c3c45)[C@@]1([H])O[H],1,352.389,52.99,2,3,4.585,106.2326
[H]c1c([H])c([H])c(N(C(=O)N([H])[H])N([H])[H])c([H])c1[H],1,151.169,72.35,2,2,0.4454,42.6918
[H]N(N=O)C(=O)N(C([H])([H])[H])C([H])([H])[H],1,117.108,61.77,1,3,-0.061,28.0137
[H]c1c([H])c([H])c2c(c1[H])c([H])c([H])c1c3c(c([H])c(OC([H])([H])[H])c12)C([H])([H])C([H])([H])C3([H])[H],1,248.325,9.23,0,1,4.4903,80.031
[H]Oc1c([H])c2c(c3c([H])c([H])c4c([H])c([H])c([H])c([H])c4c13)C([H])([H])C([H])([H])C2([H])[H],1,234.298,20.23,1,1,4.1873,75.1438
C(CNCC(=O)[O-])NCC(=O)[O-].C(CNCC(=O)[O-])NCC(=O)[O-].C(CNCC(=O)[O-])NCC(=O)[O-].[Fe+3].[Fe+3],1,634.158,312.96,6,18,-13.0088,107.2602
[H]c1c2c(c3nc4c(c([H])c([H])c5c([H])c([H])c([H])c([H])c54)c([H])c3c1[H])[C@@]1([H])O[C@@]1([H])C([H])([H])C2([H])[H],1,297.357,25.42,0,2,4.9273,92.69
[H]O[C@@]1([H])[C@]2([H])O[C@]2([H])c2c(c([H])c([H])c3c([H])c4c([H])c([H])c5c([H])c([H])c([H])c([H])c5c4nc23)[C@]1([H])O[H],1,329.355,65.88,2,4,3.389,95.3356
[H]O[C@]1([H])[C@@]2([H])O[C@@]2([H])c2c(c([H])c([H])c3c([H])c4c([H])c([H])c5c([H])c([H])c([H])c([H])c5c4nc23)[C@@]1([H])O[H],1,329.355,65.88,2,4,3.389,95.3356
[H]O[C@]1([H])[C@]2([H])O[C@]2([H])c2c(c([H])c([H])c3c([H])c4c([H])c([H])c5c([H])c([H])c([H])c([H])c5c4nc23)[C@@]1([H])O[H],1,329.355,65.88,2,4,3.389,95.3356
[H]OC([H])(N=O)C([H])(O[H])C([H])([H])N([H])C([H])([H])C(=O)C([H])([H])[H],1,176.172,98.99,3,6,-1.3893,41.3593
[H]OC([H])([H])C([H])([H])N([H])C([H])([H])C([H])([H])C(=O)N=O,1,146.146,78.76,2,4,-0.7486,35.3745
[H]OC(=O)C([H])([H])C([H])([H])N(N=O)C([H])([H])[H],1,132.119,69.97,1,3,0.0743,30.6778
[H]c1c([H])c([H])c2c([H])c3c4c(c5c([H])c([H])c([H])c([H])c5c3nc2c1[H])O4,1,243.265,25.42,0,2,4.6469,76.829
[H]C([H])([H])C([H])([H])OC(=O)C([H])([H])C([H])([H])C(=O)N(N=O)C([H])([H])C([H])([H])C([H])([H])C([H])([H])[H],1,230.264,76.04,0,5,1.6398,58.283
[H]c1c([H])c([H])c(C(=C(C(=O)OC([H])([H])C([H])([H])[H])C(=O)OC([H])([H])C([H])([H])[H])N([H])O)c([H])c1[H],1,279.292,84.86,2,6,1.5027,71.5502
S=S=[Ni].[Ni].[Ni],1,240.213,0,0,1,-0.0123,14.73
[H]C([H])([H])C([H])([H])C([H])(Cl)C([H])(Cl)C([H])(Cl)C([H])([H])C([H])(Cl)C([H])(Cl)C([H])(Cl)C([H])([H])[H],1,348.956,0,0,0,5.4508,78.428
[H]C([H])([H])C([H])(Cl)C([H])([H])C([H])([H])C([H])([H])C([H])(Cl)C([H])([H])C([H])([H])C([H])([H])C([H])(Cl)C([H])([H])C([H])([H])C([H])([H])C([H])(Cl)C([H])([H])C([H])([H])C([H])([H])C([H])(Cl)C([H])([H])C([H])([H])C([H])([H])C([H])(Cl)C([H])([H])C([H])([H])Cl,1,579.779,0,0,0,11.1311,148.112
[H]OC([H])([H])[C@@]([H])(O[H])[C@@]([H])(O[H])[C@]([H])(O[H])[C@]([H])(C([H])=O)N([H])C(=O)N(N=O)C([H])([H])[H],1,265.222,159.76,5,8,-3.0483,57.0479
[H]C([H])([H])C([H])([H])C([H])([H])C([H])([H])C([H])(C([H])([H])OS(=O)(=O)O)C([H])([H])C([H])([H])[H],1,210.295,63.6,1,3,2.0222,50.8066
OCl,1,52.46,20.23,1,1,0.1325,8.0718
[Be+2].[O-][Si]([O-])([O-])[O-].[Zn+2],1,166.484,92.24,0,4,-5.5201,11.508
CC1=C(C(=O)N(N1C)C2=CC=CC=C2)N(C)CS(=O)(=O)[O-].O.[Na+],1,351.36,118.87,0,7,-3.39738,82.328
[H]C1=C2[C@@]([H])(c3c([H])c([H])c(OS(=O)(=O)O)c([H])c3C1([H])[H])C([H])([H])C([H])([H])[C@]1(C([H])([H])[H])C(=O)C([H])([H])C([H])([H])[C@@]21[H],1,348.42,80.67,1,4,3.2135,88.2186
[H]O[C@]([H])(C([H])([H])C(=O)O)C([H])([H])[C@@]([H])(O[H])/C([H])=C(\[H])c1c(-c2c([H])c([H])c(F)c([H])c2[H])c2c([H])c([H])c([H])c([H])c2n1C([H])(C([H])([H])[H])C([H])([H])[H],1,411.473,82.69,3,4,4.6281,115.6344
[H]c1c([H])c([H])c2c(C([H])([H])[H])c3c(c([H])c([H])c4c([H])c([H])c([H])c([H])c43)c(C([H])([H])OS(=O)(=O)O)c2c1[H],1,352.411,63.6,1,3,4.77402,100.0346
[H]OC(=O)C([H])([H])N([H])c1nc(Cl)nc(N([H])C([H])(C([H])([H])[H])C([H])([H])[H])n1,1,245.67,100.03,3,6,0.8418,59.7212
[H]C#C[C@]1(O[H])C([H])([H])C([H])([H])[C@@]2([H])[C@]3([H])C([H])([H])C([H])([H])c4c([H])c(O[H])c([H])c([H])c4[C@@]3([H])[C@@]([H])(OC([H])([H])[H])C([H])([H])[C@@]21C([H])([H])[H],1,326.436,49.69,2,3,3.2375,92.6866
[H]C1=C([H])[C@]2([H])C([H])([H])[C@@]1([H])[C@]1([H])[C@@]2([H])[C@]2(Cl)C(Cl)=C(Cl)[C@@]1(Cl)C2(Cl)Cl,1,364.914,0,0,0,5.2702,78.054
C1=CC=C(C=C1)[N+]#N.OS(=O)(=O)[O-],1,202.191,105.58,1,4,1.17578,43.512
[H]c1nc([H])c([C@@]2([H])N(N=O)C([H])([H])C([H])([H])C2([H])[H])c([H])c1[H],1,177.207,45.56,0,3,1.8999,48.713
[H]O[C@]1([H])C([H])=C([H])c2c(c([H])c([H])c3c([H])c4c([H])c([H])c5c([H])c([H])c([H])c([H])c5c4nc23)[C@@]1([H])O[H],1,313.356,53.35,2,3,3.9623,96.7556
[H]c1c([H])c([H])c2c(c1[H])C(=O)OC21c2c([H])c(I)c(O)c(I)c2Oc2c(I)c(O)c(I)c([H])c21,1,835.895,75.99,2,5,6.0842,138.8951
[H]c1c([H])c([C@]2([H])SC(=O)N(C(=O)N([H])C3([H])C([H])([H])C([H])([H])C([H])([H])C([H])([H])C3([H])[H])[C@@]2([H])C([H])([H])[H])c([H])c([H])c1Cl,1,352.887,49.41,1,3,4.9807,93.8857
[H]OS(=O)(=O)c1c([H])c([H])c([H])c(C([H])([H])N(c2c([H])c([H])c(C(=C3C([H])=C([H])C(=[N+](C([H])([H])[H])C([H])([H])[H])C([H])=C3[H])c3c([H])c([H])c(N(C([H])([H])c4c([H])c([H])c([H])c(S(=O)(=O)[O-])c4[H])C([H])([H])C([H])([H])[H])c([H])c3[H])c([H])c2[H])C([H])([H])C([H])([H])[H])c1[H],1,711.906,121.06,1,7,6.5314,198.4112
[H]O[C@@]12C([H])=C([H])O[C@]1([H])Oc1c([H])c(OC([H])([H])[H])c3c4c(c(=O)oc3c12)C(=O)C([H])([H])C4([H])[H],1,328.276,95.2,1,7,1.3805,80.2253
CCCC[Sn](CCCC)(CCCC)O[Sn](CCCC)(CCCC)CCCC,1,596.117,9.23,0,1,9.6946,130.883
[H]C1=C([H])C([H])([H])[C@@]2([H])C(=O)N(SC(Cl)(Cl)C([H])(Cl)Cl)C(=O)[C@@]2([H])C1([H])[H],1,349.066,37.38,0,3,3.5209,74.729
[H]C1=C([H])C([H])([H])[C@@]2([H])C(=O)N(SC(Cl)(Cl)Cl)C(=O)[C@@]2([H])C1([H])[H],1,300.594,37.38,0,3,2.9135,65.088
[H]OC([H])([H])[C@@]([H])(O[H])[C@@]([H])(O[H])[C@]([H])(O[H])[C@]([H])(C([H])=O)N([H])C(=O)c1c(I)c(N([H])C(=O)C([H])([H])[H])c(I)c(N(C(=O)C([H])([H])[H])C([H])([H])[H])c1I,1,789.099,176.5,6,8,-0.1862,140.4051
[H]C([H])([H])C1([H])OC([H])([H])C([H])([H])N(N=O)C1([H])[H],1,130.147,41.9,0,3,0.3885,32.782
[H]O[C@]1([H])[C@]2([H])O[C@]2([H])c2c(c([H])c([H])c3c2c(C([H])([H])[H])c(C([H])([H])[H])c2c([H])c([H])c([H])c([H])c23)[C@@]1([H])O[H],1,306.361,52.99,2,3,3.45764,89.5086
[H]O[C@@]1([H])C([H])=C([H])c2nc3c(c([H])c2[C@]1([H])O[H])c([H])c([H])c1c([H])c([H])c([H])c([H])c13,1,263.296,53.35,2,3,2.8091,79.2496
[H]O[C@@]1([H])C([H])=C([H])c2c(nc3c(c2[H])c([H])c([H])c2c([H])c([H])c([H])c([H])c23)[C@]1([H])O[H],1,263.296,53.35,2,3,2.8091,79.2496
[H+].[H+].[O-][Si](=O)[O-].[O-][Si](=O)[O-].[O-][Si](=O)[O-].[O-][Si](=O)[O-].[O-][Si](=O)[O-].[O-][Si](=O)[O-].[O-][Si](=O)[O-].[O-][Si](=O)[O-].[Ca+2].[Ca+2].[Fe+2].[Fe+2].[Fe+2].[Fe+2].[Fe+2],1,970.061,505.52,0,24,-23.5699,65.256
O.O.O.O.O.O.O.OS(=O)(=O)O.[Co+2],1,283.117,295.1,2,2,-6.4282,39.474
[H]OC([H])([H])[C@@]1([H])C(=O)N([H])[C@@]([H])(c2c([H])c([H])c([H])c([H])c2[H])C([H])([H])C(=O)N([H])[C@]([H])(C([H])([H])O[H])C(=O)N2C([H])([H])[C@@]([H])(Cl)[C@@]([H])(Cl)[C@@]2([H])C(=O)N([H])[C@]([H])(C([H])([H])C([H])([H])[H])C(=O)N1[H],1,572.446,177.17,6,7,-1.4778,136.9804
C1=CC(=CC=C1CO)[N+]#N.OS(=O)[O-],1,216.218,108.74,2,4,1.00198,48.6574
O.O.O=[Al]O[Si](=O)O[Si](=O)O[Al]=O,1,258.159,158.97,0,7,-3.853,36.2446
[H]OC(=O)C([H])([H])N([H])C(=O)[C@@]([H])(N([H])C(=O)C([H])([H])C([H])([H])[C@@]([H])(C(=O)O[H])N([H])[H])C([H])([H])Sc1c([H])c(O[H])c(SC([H])([H])[C@@]([H])(C(=O)N([H])C([H])([H])C(=O)O[H])N([H])C(=O)C([H])([H])C([H])([H])[C@@]([H])(C(=O)O[H])N([H])[H])c(SC([H])([H])[C@@]([H])(C(=O)N([H])C([H])([H])C(=O)O[H])N([H])C(=O)C([H])([H])C([H])([H])[C@@]([H])(C(=O)O[H])N([H])[H])c1O[H],1,1026.048,516.92,17,20,-4.9928,234.2078
CNC1=NN=CC2=CC=CC=C21.Cl,1,195.653,37.81,1,3,2.0933,56.3327
[H]OC([H])([H])[C@@]1([H])C([H])([H])[C@@]([H])(n2c([H])nc3c(=O)n([H])c(N([H])[H])nc32)[C@]1([H])C([H])([H])O[H],1,265.273,130.05,4,7,-1.1364,67.3667
C1=CC=C(C=C1)/[N+](=N/[O-])/[O-].[NH4+],1,155.157,97.99,1,3,2.1546,41.5092
[H]/C(=N\N([H])C(=O)OC([H])([H])[H])c1c([H])[n+]([O-])c2c([H])c([H])c([H])c([H])c2[n+]1[O-],1,262.225,104.57,1,5,-0.2035,65.0027
[H]Oc1c2c(/C([H])=N\N3C([H])([H])C([H])([H])N(C([H])([H])[H])C([H])([H])C3([H])[H])c(O[H])c3c4c(c(C([H])([H])[H])c(O[H])c13)O[C@](C([H])([H])[H])(O/C([H])=C(\[H])[C@]([H])(OC([H])([H])[H])[C@@]([H])(C([H])([H])[H])[C@@]([H])(OC(=O)C([H])([H])[H])[C@]([H])(C([H])([H])[H])[C@]([H])(O[H])[C@]([H])(C([H])([H])[H])[C@@]([H])(O[H])[C@@]([H])(C([H])([H])[H])/C([H])=C([H])/C([H])=C(/C([H])([H])[H])C(=O)N2[H])C4=O,1,822.953,220.15,6,15,4.33542,220.4792
COC1=CC=CC2=C3C(=C(C=C21)[N+](=O)[O-])C(=CC4=C3OCO4)C(=O)O.COC1=CC=CC2=C3C(=C(C=C21)[N+](=O)[O-])C(=CC4=C3OCO4)C(=O)O.C1OC2=C(O1)C3=C(C(=C2)C(=O)O)C(=CC4=CC=CC=C43)[N+](=O)[O-],1,993.799,315.16,3,17,10.0015,256.6761
[H]C1([H])C([H])([H])[C@@]2([H])O[C@]1([H])[C@]([H])(C(=O)O)[C@]2([H])C(=O)O,1,186.163,83.83,2,3,-0.0508,40.1466
[H]OC1([H])c2c([H])c3c4c(c([H])c([H])c5c([H])c([H])c([H])c(c54)C3([H])[H])c2C2([H])OC2([H])C1([H])O[H],1,290.318,52.99,2,3,2.745,82.8406
CC[NH2+]C(=O)N(CCN(C)C)C=O.N(=O)[O-],1,234.256,109.72,1,6,-1.0397,58.3484
[H]OP(=O)(OC([H])([H])C([H])(Br)C([H])([H])Br)OC([H])([H])C([H])(Br)C([H])([H])Br,1,497.74,55.76,1,3,3.4368,74.7473
[O-][Si]([O-])([O-])[O-].[Al+3],1,119.064,92.24,0,4,-5.5176,11.508
S=[Ni].S=[Ni].[Ni],1,240.213,0,0,2,1.2889,15.182
[H]OC(=O)C([H])([H])N(N=O)C(=O)C([H])([H])C([H])([H])C([H])(C([H])([H])[H])C1([H])C([H])([H])C([H])([H])C2([H])C3([H])C([H])(O[H])C([H])([H])C4([H])C(C([H])([H])[H])(C([H])([H])C([H])([H])[C@@]([H])(O[H])C4([H])[H])C3([H])C([H])([H])[C@]([H])(O[H])C12C([H])([H])[H],1,494.629,147.73,4,7,2.9587,127.5452
O.O.O.O.O.[Cl-].[Cl-].[Cl-].[Cl-].[Cd+2].[Cd+2],1,456.711,157.5,0,0,-16.1125,18.069
[H]C([H])([H])C(=O)N(N=O)C([H])([H])C([H])([H])[H],1,116.12,49.74,0,3,0.5362,28.856
[C@H]([C@@H]([C@H](C(=O)[O-])O)O)([C@@H](C(=O)O)O)O.[C@H]([C@@H]([C@H](C(=O)[O-])O)O)([C@@H](C(=O)O)O)O.[C@H]([C@@H]([C@H](C(=O)[O-])O)O)([C@@H](C(=O)O)O)O.[Fe+3],1,683.235,475.05,15,21,-14.209,110.01
C1=CC(=CC=C1[N+]#N)O.OS(=O)(=O)[O-],1,218.19,125.81,2,5,0.88138,45.1768
[H]C(=O)C([H])C([H])=O,1,72.063,34.14,0,2,-0.2257,16.745
[H]O[C@@]1([H])C2([H])C([H])(C([H])([H])[C@]([H])(O[H])[C@@]3(C([H])([H])[H])C2([H])C([H])([H])C([H])([H])[C@]3([H])[C@]([H])(C([H])([H])[H])C([H])([H])C([H])([H])C(=O)N(N=O)C([H])([H])C([H])([H])S(=O)(=O)O)[C@@]2(C([H])([H])[H])C([H])([H])C([H])([H])[C@@]([H])(O[H])C([H])([H])[C@@]2([H])C1([H])[H],1,544.711,164.8,4,8,2.7619,136.325
CC1=C2C(=C(N=C1N)C)C3=CC=CC=C3N2.CC(=O)O,1,271.32,92,3,3,3.00604,80.7959
CC1=C2C3=CC=CC=C3NC2=CC(=N1)N.CC(=O)O,1,257.293,92,3,3,2.69762,76.0589
[H]C1=C(S(=O)(=O)O)/C(=N\N([H])c2c([H])c([H])c([H])c([H])c2[H])C(=O)c2c1c([H])c(S(=O)(=O)O)c(N=Nc1c([H])c([H])c(-c3c([H])c([H])c(N=Nc4c([H])c([H])c(N([H])[H])c([H])c4N([H])[H])c([H])c3[H])c([H])c1[H])c2N([H])[H],1,737.78,277.7,6,14,7.0708,197.5216
[H]/C(=C(/[H])c1oc([N+](=O)[O-])c([H])c1[H])c1nc2c(c([H])c1[H])c(=O)c(C(=O)O)c([H])n2C([H])([H])[H],1,341.279,128.47,1,7,2.3033,88.2337
[Si],1,28.086,0,0,0,-0.3808,5.754
[H]N([H])/C(=N/[N+](=O)[O-])N(N=O)C([H])([H])C([H])([H])[H],1,161.121,114.19,1,4,-0.5039,36.7918
[H]OC([H])([H])C(N([H])c1c([H])c([H])c([N+](=O)[O-])c([H])c1N([H])[H])(C([H])([H])O[H])C([H])([H])O[H],1,257.246,141.88,5,7,-0.6954,65.1199
[H]ON(C(=O)C([H])([H])[H])c1c([H])c([H])c(/C([H])=C(\[H])c2c([H])c([H])c([H])c([H])c2[H])c([H])c1[H],1,253.301,40.54,1,2,3.5991,76.7585
[H]Oc1c([H])c([H])c2c(c1O[H])C([H])([H])C([H])([H])[C@@]1([H])[C@]3([H])C([H])([H])C([H])([H])[C@]([H])(O[H])[C@@]3(C([H])([H])[H])C([H])([H])C([H])([H])[C@]21[H],1,288.387,60.69,3,3,3.3148,80.3954
[H]/C(Cl)=C(\[H])C([H])([H])Cl,1,110.971,0,0,0,1.9777,25.713
[H]OC([H])([H])C(=O)[C@@]12OC([H])(C([H])([H])C([H])([H])C([H])([H])[H])O[C@]1([H])C([H])([H])[C@@]1([H])[C@]3([H])C([H])([H])C([H])([H])C4=C([H])C(=O)C([H])=C([H])[C@]4(C([H])([H])[H])[C@@]3([H])[C@@]([H])(O[H])C([H])([H])[C@]21C([H])([H])[H],1,430.541,93.06,2,6,2.7168,112.8666
[H]Oc1c([H])c(O[H])c2c(c1[H])/C([H])=C(\[H])C([H])([H])C([H])([H])C([H])([H])C(=O)C([H])([H])C([H])([H])C([H])([H])[C@]([H])(C([H])([H])[H])OC2=O,1,318.369,83.83,2,5,3.5796,86.3921
[H]c1c([H])c([H])c(C([H])([H])[H])c(OC([H])([H])c2c([H])c([H])c([H])c([H])c2/C(=N\OC([H])([H])[H])C(=O)OC([H])([H])[H])c1[H],1,313.353,57.12,0,5,3.09752,87.515
[H]/C(=C(/[H])c1oc([N+](=O)[O-])c([H])c1[H])c1noc(N([H])[H])n1,1,222.16,121.22,1,7,1.3234,53.0008
C1=CC=C(C=C1)C2=CC=CC=C2N.Cl,1,205.688,26.02,1,1,3.3576,63.5384
C1=CC(=CC=C1N)Cl.Cl,1,164.035,26.02,1,1,2.344,43.1124
[H]/C(Cl)=C(/[H])C([H])([H])[H],1,76.526,0,0,0,1.7588,20.667
CC(=O)[O-].CC(=O)[O-].[OH-].[OH-].[OH-].[OH-].[Pb+2].[Pb+2].[Pb+2],1,807.716,200.26,0,8,-4.3372,46.3672
C1=CC=C2C(=C1)/C(=N/O)/C=CN2O.Cl,1,212.636,57.75,2,4,1.5903,53.72
[H]N([H])/C(=N\[N+](=O)[O-])N(N=O)C([H])([H])[H],1,147.094,114.19,1,4,-0.894,32.1748
[H]C1=C(S(=O)(=O)O)/C(=N\N([H])c2c([H])c([H])c(-c3c([H])c([H])c(N([H])/N=C4/C(=O)c5c(c([H])c(S(=O)(=O)O)c([H])c5N([H])[H])C([H])=C4S(=O)(=O)O)c(C([H])([H])[H])c3[H])c([H])c2C([H])([H])[H])C(=O)c2c1c([H])c(S(=O)(=O)O)c([H])c2N([H])[H],1,872.894,352.44,8,16,3.41444,212.5176
[H]C1=C([H])c2c(c(N([H])[H])c(S(=O)(=O)O)c([H])c2S(=O)(=O)O)C(=O)/C1=N/N([H])c1c([H])c([H])c(-c2c([H])c([H])c(N([H])/N=C3/C(=O)c4c(c(S(=O)(=O)O)c([H])c(S(=O)(=O)O)c4N([H])[H])C([H])=C3[H])c(C([H])([H])[H])c2[H])c([H])c1C([H])([H])[H],1,872.894,352.44,8,16,3.47684,211.1636
[H]C1=C(S(=O)(=O)O)/C(=N\N([H])c2c([H])c([H])c(-c3c([H])c([H])c(N([H])/N=C4/C(=O)c5c(c([H])c(S(=O)(=O)O)c([H])c5N([H])[H])C([H])=C4S(=O)(=O)O)c([H])c3[H])c([H])c2[H])C(=O)c2c1c([H])c(S(=O)(=O)O)c([H])c2N([H])[H],1,844.84,352.44,8,16,2.7976,203.0436
[H]c1c([H])c(N=Nc2c([H])c([H])c(-c3c([H])c([H])c(N([H])/N=c4/c(=O)c([H])c([H])/c(=N\N([H])c5c([H])c(S(=O)(=O)O)c([H])c([H])c5O)c4=O)c([H])c3[H])c([H])c2[H])c([H])c(C(=O)O)c1O,1,654.617,239.77,6,13,3.5767,168.7669
[H]Oc1c([H])c(-c2c([H])c([H])c(N([H])/N=C3\C(=O)c4c(c([H])c(S(=O)(=O)O)c([H])c4N([H])[H])C([H])=C3S(=O)(=O)O)c(O[H])c2[H])c([H])c([H])c1N([H])/N=C1\C(=O)c2c(c([H])c(S(=O)(=O)O)c([H])c2N([H])[H])C([H])=C1S(=O)(=O)O,1,876.838,392.9,10,18,2.2088,206.3732
[H]C(=O)N(/N=C(\[H])C([H])([H])C([H])([H])C([H])([H])C([H])([H])C([H])([H])[H])C([H])([H])[H],1,156.229,32.67,0,2,1.6407,46.461
[H]c1nc([H])c(C(=O)N([H])C([H])([H])C#N)c(C(F)(F)F)c1[H],1,229.161,65.78,1,3,1.35378,47.1852
[H]OC(=O)[C@@]([H])(OC([H])([H])[H])C([H])([H])c1c([H])c([H])c(OC([H])([H])C([H])([H])C([H])([H])Oc2c([H])c([H])c(Oc3c([H])c([H])c([H])c([H])c3[H])c([H])c2[H])c([H])c1[H],1,422.477,74.22,1,5,4.9689,117.1438
[H]Oc1c2c(c3c([H])c(C(=O)N4C5=C([H])C(=O)c6c(c(C([H])([H])[H])c([H])n6[H])[C@]56C([H])([H])[C@]6([H])C4([H])[H])n([H])c3c1OC([H])([H])[H])C([H])([H])C([H])([H])N2C(=O)c1c([H])c2c3c(c(O[H])c(OC([H])([H])[H])c2n1[H])N(C(=O)N([H])[H])C([H])([H])C3([H])[H],1,703.712,210.31,6,8,3.85212,187.8096
O=[Al]O[Al]=O.O=[Si]=O,1,162.045,77.51,0,5,-1.686,21.093
[O-2].[O-2].[O-2].[Al+3].[Al+3],1,101.961,85.5,0,0,-1.118,13.5675
[H]c1nc(Oc2c([H])c([H])c([H])c([H])c2Cl)c(F)c(Oc2c([H])c([H])c([H])c([H])c2/C(=N\OC([H])([H])[H])C2=NOC([H])([H])C([H])([H])O2)n1,1,458.833,96.65,0,9,4.5645,112.917
[H]c1c([H])c([C@@]2([H])O[C@@]2([H])C([H])([H])[H])c([H])c([H])c1OC([H])([H])[H],1,164.204,21.76,0,2,2.155,46.282
[H]c1c([H])c([N+](=O)[O-])c([H])c([H])c1OC1([H])OC1([H])[H],1,181.147,64.9,0,4,1.3299,43.4644
[H]C(=O)N(/N=C(\[H])C([H])([H])C([H])(C([H])([H])[H])C([H])([H])[H])C([H])([H])[H],1,142.202,32.67,0,2,1.1065,41.774
[H]c1nc([H])c([C@@]2([H])N(N=O)C([H])([H])C([H])([H])C([H])([H])C2([H])[H])c([H])c1[H],1,191.234,45.56,0,3,2.29,53.33
[2H]c1c([2H])c([2H])c2c(C([2H])([2H])[2H])c3c(c([2H])c([2H])c4c([2H])c([2H])c([2H])c([2H])c43)c(C([2H])([2H])[2H])c2c1[2H],1,272.4456284,0,0,0,5.76304,88.434
[H]/C(=N\N1C([H])([H])C([H])([H])S(=O)(=O)C([H])([H])C1([H])C([H])([H])[H])c1oc([N+](=O)[O-])c([H])c1[H],1,287.297,106.02,0,7,0.6406,67.7782
[H]/C(=C(/Cl)C(F)(F)F)[C@]1([H])C(C([H])([H])[H])(C([H])([H])[H])[C@]1([H])C(=O)OC([H])([H])c1c([H])c([H])c([H])c(-c2c([H])c([H])c([H])c([H])c2[H])c1C([H])([H])[H],1,422.874,26.3,0,2,6.66242,107.163
[H]ON(C([H])=O)c1c([H])c([H])c(/C([H])=C(\[H])c2c([H])c([H])c([H])c([H])c2[H])c([H])c1[H],1,239.274,40.54,1,2,3.209,72.1415
[H]OC([H])([H])[C@]([H])(O[H])C([H])([H])O/C([H])=C([H])/C([H])=C([H])/C([H])=C([H])/C([H])=C([H])/C([H])=C(\[H])C([H])([H])C([H])([H])[H],1,250.338,49.69,2,3,2.5047,75.0356
[H]OC([H])([H])/N=[N+](\[O-])C([H])([H])[H],1,90.082,58.66,1,3,-0.4715,19.0652
[H]ON(C(=O)C([H])([H])C([H])([H])[H])c1c([H])c([H])c(/C([H])=C(\[H])c2c([H])c([H])c([H])c([H])c2[H])c([H])c1[H],1,267.328,40.54,1,2,3.9892,81.3755
CCOP(=O)=O.CCOP(=O)=O.CCOP(=O)=O.[Al+3],1,351.081,130.11,0,9,2.9516,65.511
[H]C([H])([H])O[P+](=O)OC([H])([H])[H],1,109.041,35.53,0,3,0.9366,21.6245
[H]C1=C(S(=O)(=O)O)/C(=N\N([H])c2c([H])c([H])c(-c3c([H])c([H])c(N([H])/N=C4/C(=O)c5c(c([H])c(S(=O)(=O)O)c([H])c5N([H])[H])C([H])=C4S(=O)(=O)O)c(OC([H])([H])[H])c3[H])c([H])c2OC([H])([H])[H])C(=O)c2c1c([H])c(S(=O)(=O)O)c([H])c2N([H])[H],1,904.892,370.9,8,18,2.8148,216.1476
CC1=C(N=C(N=C1N)[C@H](CC(=O)N)NC[C@@H](C(=O)N)N)C(=O)N[C@@H]([C@H](C2=CN=CN2)O[C@H]3[C@H]([C@H]([C@@H]([C@@H](O3)CO)O)O)O[C@@H]4[C@H]([C@H]([C@@H]([C@H](O4)CO)O)OC(=O)N)O)C(=O)N[C@H](C)[C@H]([C@H](C)C(=O)N[C@@H]([C@@H](C)O)C(=O)NCCC5=NC(=CS5)C6=NC(=CS6)C(=O)NCCCN[C@@H](C)C7=CC=CC=C7)O.OS(=O)(=O)O,1,1571.693,713.7,23,34,-6.88348,371.7344
CC[C@@H](C(C[C@H](C)N(C)C)(C1=CC=CC=C1)C2=CC=CC=C2)OC(=O)C.Cl,1,389.967,29.54,0,3,5.0764,114.523
CC(C)N.C(C(=O)O)NCP(=O)(O)O,1,228.185,132.88,5,4,-0.8507,51.873
COC1=C(C=C(C=C1)N)N.OS(=O)(=O)O,1,236.249,135.87,4,5,0.2068,55.9962
[H]C([H])([H])C1([H])OC([H])([H])C([H])([H])N1N=O,1,116.12,41.9,0,3,0.346,27.915
[H]c1c([H])c(Oc2c([H])c([H])c([N+](=O)[O-])c(C(=O)OC([H])([H])[H])c2[H])c(Cl)c([H])c1Cl,1,342.134,78.67,0,5,4.4805,80.9719
[H]c1c([H])c([H])c2c(c1[H])c(C([H])([H])OC(=O)C([H])([H])[H])c1c([H])c([H])c3c([H])c([H])c([H])c4c([H])c([H])c2c1c34,1,324.379,26.3,0,2,5.8003,103.122
[H]O[C@]([H])(C([H])([H])Oc1c([H])c([H])c([H])c2c1C([H])([H])C([H])([H])C([H])([H])C2=O)C([H])([H])N([H])C(C([H])([H])[H])(C([H])([H])[H])C([H])([H])[H],1,291.391,58.56,2,4,2.3334,82.968
[H]C([H])([H])C([H])([H])N(N=O)C(=O)N(C([H])([H])C([H])([H])[H])C([H])([H])C([H])([H])[H],1,173.216,52.98,0,3,1.4515,46.492
[H]C([H])([H])N(N=O)C(=O)N(C([H])([H])C([H])([H])[H])C([H])([H])C([H])([H])[H],1,159.189,52.98,0,3,1.0614,41.875
[H]OC([H])(C([H])=C([H])[H])c1c([H])c([H])c(OC([H])([H])[H])c([H])c1[H],1,164.204,29.46,1,2,1.9146,48.1508
[H]C(=Nc1c([H])c([H])c(C([H])([H])[H])c([H])c1C([H])([H])[H])N(C([H])=Nc1c([H])c([H])c(C([H])([H])[H])c([H])c1C([H])([H])[H])C([H])([H])[H],1,293.414,27.96,0,2,4.87188,95.899
[H]c1nc(C(=O)C([H])([H])[S+]([O-])C([H])([H])[H])c([H])c([H])c1[H],1,183.232,53.02,0,3,0.6428,47.5009
[H]C([H])([H])N(N=O)C([H])([H])C([H])([H])C([H])([H])C([H])([H])C([H])([H])C([H])([H])[H],1,144.218,32.67,0,2,2.1799,42.567
[H]c1c([H])c(-c2c([H])c(Cl)c(Cl)c([H])c2Cl)c([H])c(Cl)c1Cl,1,326.437,0,0,0,6.6206,76.928
[H]C([H])([H])N(C#N)N=O,1,85.066,56.46,0,3,0.08068,19.171
[H]C([H])([H])N(N=O)C([H])([H])C([H])([H])C([H])([H])C([H])([H])C([H])([H])C([H])([H])C([H])([H])C([H])([H])[H],1,172.272,32.67,0,2,2.9601,51.801
[H]C([H])=C([H])C([H])([H])OC([H])(c1c([H])c([H])c(Cl)c([H])c1Cl)C([H])([H])n1c([H])nc([H])c1[H],1,297.185,27.05,0,3,4.1338,77.579
[H]c1c(Cl)c(Cl)c(Cl)c2c1Oc1c(Cl)c(Cl)c(Cl)c(Cl)c1O2,1,425.309,18.46,0,2,8.1584,88.102
[H]c1c(Cl)c([H])c(N2C(=O)N(C(=O)N([H])C([H])(C([H])([H])[H])C([H])([H])[H])C([H])([H])C2=O)c([H])c1Cl,1,330.171,69.72,1,3,2.88,79.7177
[H]OC(=O)C([H])([H])C([H])([H])C([H])([H])N(N=O)C([H])([H])C([H])([H])C([H])([H])C([H])([H])[H],1,188.227,69.97,1,3,1.6347,49.1458
[H]ON(C(=O)C([H])([H])[H])c1c([H])c([H])c(-c2c([H])c([H])c(N([H])C(=O)C([H])([H])[H])c([H])c2[H])c([H])c1[H],1,284.315,69.64,2,3,3.0541,81.1282
[H]C([H])([H])C(=O)OC([H])([H])N(N=O)C([H])([H])C([H])([H])[H],1,146.146,58.97,0,4,0.5103,34.808
[H]C([H])([H])C(=O)OC([H])([H])N(N=O)C([H])([H])C([H])([H])C([H])([H])[H],1,160.173,58.97,0,4,0.9004,39.425
[H]OS(=O)(=O)OC([H])([H])c1c2c([H])c([H])c([H])c([H])c2c2c([H])c([H])c3c([H])c([H])c([H])c4c([H])c([H])c1c2c43,1,362.406,63.6,1,3,5.0566,103.9896
[H]C([H])([H])C(=O)OC([H])([H])N(N=O)C([H])([H])C([H])(C([H])([H])[H])C([H])([H])[H],1,174.2,58.97,0,4,1.1464,43.972
[H]c1c([H])c([H])c(C([H])([H])[H])c(-c2c([H])c([H])c(N=O)c(C([H])([H])[H])c2[H])c1[H],1,211.264,29.43,0,2,4.36834,66.807
[H]O[C@]1([H])[C@]2([H])O[C@]2([H])c2c(c([H])c([H])c3c2c([H])c([H])c2c([H])c([H])c([H])c([H])c23)[C@@]1([H])O[H],1,278.307,52.99,2,3,2.8408,80.0346
[H]c1c([H])c([H])c(Oc2c([H])c([H])c(OC([H])([H])C([H])([H])N([H])C(=O)OC([H])([H])C([H])([H])[H])c([H])c2[H])c([H])c1[H],1,301.342,56.79,1,4,3.6038,83.4777
[H]OC([H])(C([H])([H])Oc1c([H])c([H])c([H])c(C([H])([H])[H])c1[N+](=O)[O-])C([H])([H])N([H])C(C([H])([H])[H])(C([H])([H])[H])C([H])([H])[H],1,282.34,84.63,2,5,2.03102,77.0909
[H]C([H])([H])C([H])([H])C([H])([H])C([H])([H])N(N=O)C1([H])OC(=O)C([H])([H])C1([H])[H],1,186.211,58.97,0,4,1.433,46.523
[H]C([H])([H])N(N=O)C([H])([H])C([H])([H])C([H])([H])C([H])([H])C([H])([H])C([H])([H])C([H])([H])C([H])([H])C([H])([H])[H],1,186.299,32.67,0,2,3.3502,56.418
[H]C([H])([H])C([H])([H])C([H])([H])I,1,169.993,0,0,0,1.8314,29.178
[H]O[C@]1([H])[C@]2([H])O[C@]2([H])c2c(c([H])c3c([H])c([H])c4c([H])c([H])c([H])c5c([H])c([H])c2c3c45)[C@@]1([H])O[H],1,302.329,52.99,2,3,3.4318,88.7266
[H]c1c([H])c([H])c2c(c1[H])-c1c([H])c([H])c(N(OC(=O)C([H])([H])C([H])([H])C([H])([H])C([H])([H])C([H])([H])C([H])([H])C([H])([H])C([H])([H])C([H])([H])C([H])([H])C([H])([H])C([H])([H])C([H])([H])[H])C(=O)C([H])([H])[H])c([H])c1C2([H])[H],1,449.635,46.61,0,3,7.77,135.014
[H]OC(=O)c1c([H])c(Oc2c([H])c([H])c(C(F)(F)F)c([H])c2Cl)c([H])c([H])c1[N+](=O)[O-],1,361.659,89.67,1,4,4.7575,76.5837
[H]OC([H])(C([H])([H])[H])C([H])([H])N(N=O)C([H])([H])C(=O)C([H])([H])[H],1,160.173,69.97,1,4,-0.0604,39.7298
[H]c1c([H])c([H])c(N([H])C(=O)c2c([H])c([H])c(N([H])[H])c([H])c2[H])c(N([H])[H])c1[H],1,227.267,81.14,3,3,2.1033,69.662
[H]c1c([H])c(C([H])([H])[H])c(N(C(=O)C([H])([H])OC([H])([H])[H])C([H])(C(=O)OC([H])([H])[H])C([H])([H])[H])c(C([H])([H])[H])c1[H],1,279.336,55.84,0,4,1.84434,76.756
[H]c1c(Cl)c(Cl)c(Cl)c2c1Oc1c(Cl)c(Cl)c(Cl)c([H])c1O2,1,390.864,18.46,0,2,7.505,83.092
[H]C([H])([H])C(=O)OC([H])([H])N(N=O)C([H])([H])C([H])([H])C([H])([H])C([H])([H])[H],1,174.2,58.97,0,4,1.2905,44.042
[H]C([H])([H])C(=O)OC([H])(N(N=O)C([H])([H])C([H])([H])C([H])([H])C([H])([H])[H])C([H])([H])C([H])([H])C([H])([H])[H],1,216.281,58.97,0,4,2.4592,57.871
[H]C([H])([H])C(=O)OC([H])([H])N(N=O)C([H])([H])[H],1,132.119,58.97,0,4,0.1202,30.191
[H]N(C([H])([H])C([H])([H])C([H])([H])[H])[N+]([H])([H])[H],1,75.135,39.67,2,1,-0.8571,21.1818
[H]C1([H])C(=O)C([H])([H])C([H])([H])N(N=O)C1([H])[H],1,128.131,49.74,0,3,0.3327,31.609
[H]C([H])=C(C([H])([H])[H])C([H])([H])N(c1c([N+](=O)[O-])c([H])c(C(F)(F)F)c([H])c1[N+](=O)[O-])C([H])([H])C([H])([H])[H],1,333.266,89.52,0,5,3.9242,77.4538
[H]C([H])([H])N(N=O)C([H])([H])C([H])([H])C([H])([H])C([H])([H])C([H])([H])C([H])([H])C([H])([H])[H],1,158.245,32.67,0,2,2.57,47.184
[O-][Cr](=O)(=O)[O-].[Ca+2],1,156.07,80.26,0,4,-2.9989,7.127
[H]C1([H])N(N=O)C([H])([H])C1([H])[H],1,86.094,32.67,0,2,0.3735,21.985
[H]OC(=O)C(C#N)=C([H])[H],1,97.073,61.09,1,2,0.15078,22.3888
[H]C([H])=C([H])OC(=O)N([H])[H],1,87.078,52.32,1,2,0.2252,20.8654
[H]c1c2c(c3c([H])c4c(c([H])c([H])c5c([H])c([H])c([H])c([H])c54)c([H])c3c1[H])C([H])([H])C([H])([H])C([H])([H])C2([H])[H],1,282.386,0,0,0,6.025,95.602
C1=CC(=CC=C1CC2=CC=C(C=C2)N)N.Cl.Cl,1,271.191,52.04,2,2,3.2854,79.0108
[H]C([H])([H])N1C([H])([H])C([H])([H])N(N=O)C([H])([H])C1([H])[H],1,129.163,35.91,0,3,-0.0848,34.865
[H]OC([H])([H])C1=C([H])[C@@]2([H])[C@]3([H])C(C([H])([H])[H])(C([H])([H])[H])[C@]3(OC(=O)C([H])([H])[H])[C@]([H])(OC(=O)C([H])([H])C([H])([H])C([H])([H])C([H])([H])C([H])([H])C([H])([H])C([H])([H])C([H])([H])C([H])([H])C([H])([H])C([H])([H])C([H])([H])C([H])([H])[H])[C@@]([H])(C([H])([H])[H])[C@]2(O[H])[C@]2([H])C([H])=C(C([H])([H])[H])C(=O)[C@@]2(O[H])C1([H])[H],1,616.836,130.36,3,8,5.7529,167.3194
S=[Ni],1,90.76,0,0,1,0.6457,7.591
[H]c1c([H])c(N([H])C(=O)C([H])([H])[H])c([H])c(N([H])[H])c1OC([H])([H])C([H])([H])[H],1,194.234,64.35,2,3,1.6259,56.3271
[H]c1c([H])c([H])c2c(nc(N([H])C(=O)OC([H])([H])[H])n2C(=O)N([H])C([H])([H])C([H])([H])C([H])([H])C([H])([H])[H])c1[H],1,290.323,85.25,2,5,2.5724,79.4654
CCNN.Cl,1,96.561,38.05,2,2,-0.1086,25.1121
[H]C([H])([H])N(N=O)C([H])([H])C([H])([H])C([H])([H])C([H])([H])C([H])([H])[H],1,130.191,32.67,0,2,1.7898,37.95
NN.OS(=O)(=O)O,1,130.125,126.64,4,4,-1.834,22.5522
Cl[Cd]Cl,1,183.318,0,0,0,1.3765,11.706
[O-]S(=O)(=O)[O-].[Cd+2],1,208.475,80.26,0,4,-1.3405,10.4746
[H]c1c([H])c([H])c2c(nc(N([H])C(=O)OC([H])([H])[H])n2[H])c1[H],1,191.19,67.01,2,3,1.7412,52.1214
[H]O[H],1,18.015,31.5,0,0,-0.8247,3.6138
[H]OC([H])([H])C([H])([H])N(N=O)C([H])([H])C([H])([H])[H],1,118.136,52.9,1,3,-0.018,30.1278
C(C(=O)[O-])N(CC(=O)[O-])CC(=O)[O-].O.[Na+].[Na+].[Na+],1,275.1,155.13,0,7,-15.2746,35.0748
[H]C([H])=C([H])N(N=O)C([H])([H])C([H])([H])[H],1,100.121,32.67,0,2,1.1332,28.372
[H]C(=O)c1c2c([H])c([H])c([H])c([H])c2c(C([H])([H])[H])c2c1c([H])c([H])c1c([H])c([H])c([H])c([H])c12,1,270.331,17.07,0,1,5.26712,89.0845
[H]c1c([H])c([H])c(C([H])([H])[H])c(-c2c([H])c([H])c(N([H])[H])c(C([H])([H])[H])c2[H])c1[H],1,197.281,26.02,1,1,3.55264,65.7644
[Be+2].[O-]S(=O)(=O)[O-],1,105.075,80.26,0,4,-1.7188,16.2286
[O-][Cr](=O)(=O)[O-].[Zn+2],1,181.382,80.26,0,4,-2.6206,1.373
CC[NH+](CC)CCNC1=C2C(=C(C=C1)CO)SC3=CC=CC=C3C2=O.CS(=O)(=O)[O-],1,452.598,110.97,3,7,1.405,122.5464
[H]c1nc([N+](=O)[O-])n(C([H])([H])C(=O)N([H])C([H])([H])c2c([H])c([H])c([H])c([H])c2[H])c1[H],1,260.253,90.06,1,5,1.1077,67.1701
[H]C#CC(N([H])C(=O)c1c([H])c(Cl)c([H])c(Cl)c1[H])(C([H])([H])[H])C([H])([H])[H],1,256.132,29.1,1,1,3.135,66.8402
[O-][Cr](=O)(=O)[O-].[O-][Cr](=O)(=O)[O-].[O-][Cr](=O)(=O)[O-].[Cr+3].[Cr+3],1,451.968,240.78,0,12,-7.8593,4.119
[H]c1c([H])c([H])c2c(c1[H])c([H])c([H])c1c(C([H])([H])[H])c3c(c(C([H])([H])[H])c12)C([H])([H])C([H])([H])C([H])([H])C3([H])[H],1,260.38,0,0,0,5.48864,87.57
[H]C([H])([H])N=[N+]([O-])C([H])([H])[H],1,74.083,38.43,0,2,0.2085,17.9034
[H]C(Cl)(Br)Br,1,208.28,0,0,0,2.2986,27.495
[H]c1c([H])c([H])c(C([H])([H])C([H])([H])C([H])([H])C([H])([H])C([H])([H])C([H])([H])C([H])([H])C([H])([H])C([H])([H])C([H])([H])C([H])([H])C([H])([H])[H])c([H])c1[H],1,246.438,0,0,0,6.15,81.99
[H]c1c([H])c([H])c2c(c1[H])C(=O)N1N(C(=O)c3c([H])c([H])c([H])c([H])c3C1([H])[H])C2([H])[H],1,264.284,40.62,0,2,2.2134,72.631
[H]OC([H])([H])c1c2c([H])c([H])c([H])c([H])c2c2c([H])c([H])c3c([H])c([H])c([H])c4c([H])c([H])c1c2c43,1,282.342,20.23,1,1,5.2295,93.5748
[H]ON(C(=O)C([H])([H])[H])c1c([H])c([H])c(OC([H])([H])C([H])([H])[H])c([H])c1[H],1,195.218,49.77,1,3,1.8274,52.5575
CN(C)C1=CC2=C(C=C1)N=C3C=CC(=[N+](C)C)C=C3S2.O.O.O.[Cl-],1,373.906,113.64,0,3,-2.9712,98.5274
CCCCNN.Cl,1,124.615,38.05,2,2,0.6716,34.3461
[H]C([H])=C([H])C(=O)OC([H])(C([H])([H])[H])C([H])([H])OC([H])([H])C([H])(OC([H])([H])C([H])(OC(=O)C([H])=C([H])[H])C([H])([H])[H])C([H])([H])[H],1,300.351,71.06,0,6,1.6435,77.735
[H]C(=O)N(N=O)C([H])([H])[H],1,88.066,49.74,0,3,-0.244,19.622
[H]c1c([H])c([H])c(C([H])([H])C([H])([H])N(N=O)C(=O)N([H])[H])c([H])c1[H],1,193.206,75.76,1,3,1.2912,52.2304
[H]N(C(=O)N(N=O)C([H])([H])C([H])([H])[H])C([H])([H])C([H])([H])[H],1,145.162,61.77,1,3,0.7192,37.2477
[H]O[C@]1([H])c2c(c3c(OC([H])([H])[H])c([H])c4c(c3oc2=O)[C@]2([H])C([H])=C([H])O[C@]2([H])O4)C([H])([H])C1([H])[H],1,314.293,78.13,1,6,2.1272,79.6988
[H]C1([H])OC([H])([H])C([H])([H])C([H])([H])N1N=O,1,116.12,41.9,0,3,0.3476,27.937
[H]O[C@@]1([H])C([H])=C([H])c2c(c([H])c3c([H])c([H])c4c([H])c([H])c([H])c5c([H])c([H])c2c3c45)[C@]1([H])O[H],1,286.33,40.46,2,2,4.0051,90.1466
[H]O[C@]1([H])C([H])=C([H])c2c(c([H])c3c([H])c([H])c4c([H])c([H])c([H])c5c([H])c([H])c2c3c45)[C@@]1([H])O[H],1,286.33,40.46,2,2,4.0051,90.1466
C[As](=O)(C)C,1,136.026,17.07,0,1,1.2518,24.0325
[H]Oc1c([H])c([H])c(-c2c(Cl)c([H])c(Cl)c([H])c2Cl)c([H])c1[H],1,273.546,20.23,1,1,5.0194,68.5728
[H]OC([H])([H])c1c([H])c([H])n2c1[C@]([H])(O[H])C([H])([H])C2([H])[H],1,153.181,45.39,2,3,0.4175,39.9316
[H]c1c([H])c([H])c(C([H])([H])[n+]2noc([O-])c2C([H])([H])C(=O)N([H])[H])c([H])c1[H],1,233.227,96.06,1,4,-0.8882,54.5864
[H]OC([H])([H])c1c2c([H])c([H])c([H])c([H])c2c([H])c2c1c([H])c([H])c1c([H])c([H])c([H])c([H])c12,1,258.32,20.23,1,1,4.6385,84.8828
[H]c1c([H])c([H])c2c(c1[H])c([N+](=O)[O-])c1c([H])c([H])c3c([N+](=O)[O-])c([H])c([H])c4c([H])c([H])c2c1c43,1,342.31,86.28,0,4,5.5536,100.9608
[H]c1c([H])c(C(=O)SC([H])([H])[H])c2snnc2c1[H],1,210.283,42.85,0,5,2.1945,55.2605
[H]c1nc(Cl)c([H])c([H])c1C([H])([H])N1C(N([H])[N+](=O)[O-])=NC([H])([H])C1([H])[H],1,255.665,83.66,1,5,0.6879,62.0891
CCCC(CCC)C(=O)[O-].CCCC(CCC)C(=O)[O-].[Ca+2],1,326.49,80.26,0,4,1.5246,82.38
[H]c1c([H])c([H])c2c([H])c3c(c([H])c([H])c4c([H])c([H])c([H])c([H])c43)c(Cl)c2c1[H],1,262.739,0,0,0,5.7996,83.97
[H]Oc1c([H])c([H])c(-c2c([H])c(Cl)c(Cl)c(Cl)c2Cl)c([H])c1[H],1,307.991,20.23,1,1,5.6728,73.5828
CC1=CC(=C(C=C1)N)C.Cl,1,157.644,26.02,1,1,2.30744,47.5764
CC1=CC=C(C=C1)N(CC2=NCCN2)C3=CC(=CC=C3)O.CS(=O)(=O)O,1,377.466,102.23,3,6,2.34442,104.0691
C1=CC=C(C(=C1)C(C2=CC=C(C=C2)Cl)C(Cl)(Cl)Cl)Cl.C1=CC(=CC=C1C(C2=CC=C(C=C2)Cl)C(Cl)(Cl)Cl)Cl,1,708.982,0,0,0,12.991,170.074
[H]C([H])([H])C(=O)C([H])([H])N(N=O)C([H])([H])C([H])([H])C([H])([H])[H],1,144.174,49.74,0,3,0.9688,38.34
[H]N1C([H])(C([H])([H])[H])C([H])([H])N(N=O)C([H])([H])C1([H])C([H])([H])[H],1,143.19,44.7,1,3,0.35,39.4277
[H]C([H])([H])C1([H])N(N=O)C([H])([H])C([H])([H])OC1([H])[H],1,130.147,41.9,0,3,0.3885,32.782
[H]C([H])(Cl)[C@]1([H])O[C@]1([H])Cl,1,126.97,12.53,0,1,1.1889,25.234
[H]Oc1c([H])c([H])c2c(c1[H])C([H])([H])C([H])([H])[C@@]1([H])[C@]3([H])C([H])([H])[C@@]([H])(O[H])C(=O)[C@@]3(C([H])([H])[H])C([H])([H])C([H])([H])[C@]21[H],1,286.371,57.53,2,3,2.7882,79.1206
[H]O[C@@]1([H])C([H])=C([H])c2c(c([H])c([H])c3c2c([H])c([N+](=O)[O-])c2c([H])c([H])c([H])c([H])c23)[C@]1([H])O[H],1,307.305,83.6,2,4,3.3223,88.109
[H]c1c([H])c2c3nc(N([H])[H])n(C([H])([H])[H])c3c([H])c([H])c2n([H])c1=O,1,214.228,76.7,2,4,0.997,63.2531
[H]c1nc2c([H])c([H])c([H])c(F)c2c([H])c1[H],1,147.152,12.89,0,1,2.3739,41.701
[H]O[C@@]1([H])C([H])=C([H])c2c3c(c([H])c([H])c2[C@]1([H])O[H])-c1c([H])c([H])c([H])c2c([H])c([H])c([H])c-3c12,1,286.33,40.46,2,2,3.9083,88.3786
[H]C([H])=C([H])Oc1c([H])c([H])c([N+](=O)[O-])c([H])c1[H],1,165.148,52.37,0,3,2.1171,43.9214
[H]O[C@@]1([H])[C@@]2([H])O[C@@]2([H])c2c(c([H])c(C([H])([H])[H])c3c2c([H])c([H])c2c([H])c([H])c([H])c([H])c23)[C@]1([H])O[H],1,292.334,52.99,2,3,3.14922,84.7716
[H]c1nc(C2=NOC3([H])C([H])([H])C([H])([H])C([H])([H])C([H])([H])C23[H])n(C([H])([H])[H])c1[N+](=O)[O-],1,250.258,82.55,0,6,1.6214,63.2304
[H]ON([H])c1nc2c3nc(C([H])([H])[H])c([H])nc3c([H])c([H])c2n1C([H])([H])[H],1,229.243,75.86,2,6,1.62602,63.9562
[H]N([H])C(=O)N(N=O)C([H])([H])C(=O)C([H])([H])[H],1,145.118,92.83,1,4,-0.3625,32.7654
[H]C([H])([H])C1([H])C(=O)C([H])([H])C([H])([H])N(N=O)C1([H])[H],1,142.158,49.74,0,3,0.5787,36.156
[H]OC1([H])C([H])=C([H])c2c(c([H])c3c([H])c([H])c4c([H])c([H])c([H])c5c6c([H])c([H])c([H])c([H])c6c2c3c45)C1([H])O[H],1,336.39,40.46,2,2,5.1583,107.6526
[H]OC([H])(C([H])([H])[H])C([H])([H])N(N=O)C(=O)N([H])[H],1,147.134,95.99,2,4,-0.5707,33.7652
[H]Oc1c([H])c([H])c(C2=C(C([H])([H])[H])c3c([H])c(O[H])c([H])c([H])c3C2([H])C([H])([H])C([H])([H])[H])c([H])c1[H],1,266.34,40.46,2,2,4.5357,81.7336
[H]ON([H])c1c([H])c([H])c(-c2c([H])c([H])c([H])c([H])c2C([H])([H])[H])c([H])c1C([H])([H])[H],1,213.28,32.26,2,2,3.77154,66.7612
[H]N([H])C(=O)OC1([H])OC1([H])[H],1,103.077,64.85,1,3,-0.562,20.4084
O.O.[O-][Cr](=O)(=O)O[Cr](=O)(=O)[O-].[Na+].[Na+],1,297.995,186.63,0,7,-10.568,11.0586
C(C(=O)O)C(CC(=O)[O-])(C(=O)[O-])O.C(C(=O)O)C(CC(=O)[O-])(C(=O)[O-])O.[Pu],1,624.214,275.58,4,12,-7.8358,63.6672
[H]O[C@@]1([H])C([H])=C([H])c2c(c([H])c([H])c3c2c([H])c(N([H])[H])c2c([H])c([H])c([H])c([H])c23)[C@]1([H])O[H],1,277.323,66.48,3,3,2.9963,85.867
[H]OC1([H])OC([H])([H])C([H])([H])N(N=O)C1([H])[H],1,132.119,62.13,1,4,-0.6816,29.3268
[H]C1=C([H])c2c3c([H])c([H])c([H])c([H])c3c([H])c3c([H])c([H])c([H])c1c23,1,202.256,0,0,0,4.4768,70.382
[Be+2].C(=O)([O-])[O-],1,69.02,63.19,0,3,-2.8278,11.15
[H]N([H])C([H])([H])[N+](=O)[O-],1,76.055,69.16,1,3,-0.8207,16.0488
[OH-].[OH-].[Ni+2],1,92.707,60,0,2,-0.3561,3.8716
[Ni]#[Sb],1,180.453,0,0,0,-0.3833,5.754
[H]c1c([H])c([H])c2c(c1[H])c([N+](=O)[O-])c(C([H])([H])[H])c1c3c([H])c([H])c([H])c([H])c3c([H])c([H])c21,1,287.318,43.14,0,2,5.36282,90.3514
CNNC.CN(C)N,1,120.2,53.32,3,4,-1.2381,35.9938
[H]O[C@]1([H])C([H])=C([H])c2c(c([H])c([H])c3c2c(C([H])([H])[H])c([H])c2c([H])c([H])c([H])c([H])c23)[C@@]1([H])O[H],1,276.335,40.46,2,2,3.72252,86.1916
[H]O[C@]1([H])C([H])=C([H])c2c(c([H])c([H])c3c([H])c4c([H])c([H])c([H])c([H])c4nc23)[C@@]1([H])O[H],1,263.296,53.35,2,3,2.8091,79.2496
[H]c1c([H])c2c(c([H])c1I)C([H])([H])c1c([H])c(N(OC(=O)C([H])([H])C([H])([H])C([H])([H])C([H])([H])C([H])([H])C([H])([H])C([H])([H])C([H])([H])C([H])([H])C([H])([H])C([H])([H])C([H])([H])C([H])([H])[H])C(=O)C([H])([H])[H])c([H])c([H])c1-2,1,575.531,46.61,0,3,8.3746,147.731
[H]OC(=O)C([H])(N([H])[H])C([H])([H])C([H])([H])SC([H])=C([H])[H],1,161.226,63.32,2,3,0.6651,42.8832
[H]c1c([H])c([H])c2c(c1[H])c(C([H])([H])[H])c([H])c1c2c2c3c([H])c([H])c([H])c([H])c3c(C([H])([H])[H])c([H])c2n1[H],1,295.385,15.79,1,0,6.24434,100.2907
[H]O[C@]1([H])C([H])=C([H])c2c(c([H])c(C([H])([H])[H])c3c2c([H])c([H])c2c([H])c([H])c([H])c([H])c23)[C@@]1([H])O[H],1,276.335,40.46,2,2,3.72252,86.1916
[H]O[C@@]1([H])[C@@]2([H])O[C@@]2([H])c2c(c([H])c([H])c3c2c(C([H])([H])[H])c([H])c2c([H])c([H])c([H])c([H])c23)[C@]1([H])O[H],1,292.334,52.99,2,3,3.14922,84.7716
[H]O[C@]1([H])[C@]2([H])O[C@]2([H])c2c(c([H])c([H])c3c2c(C([H])([H])[H])c([H])c2c([H])c([H])c([H])c([H])c23)[C@]1([H])O[H],1,292.334,52.99,2,3,3.14922,84.7716
[H]C1=C([H])[C@]2(C([H])([H])[H])[C@@]3([H])C([H])([H])C([H])([H])[C@@]4(C([H])([H])[H])[C@@]([H])(C([H])([H])C([H])([H])[C@]4([H])C(=O)N([H])C(C([H])([H])[H])(C([H])([H])[H])C([H])([H])[H])[C@]3([H])C([H])([H])C([H])([H])[C@@]2([H])N([H])C1=O,1,372.553,58.2,2,2,3.8145,106.8424
[H]C1=C([N+](=O)[O-])Oc2c([H])c([H])c([H])c3c([H])c([H])c([H])c1c23,1,213.192,52.37,0,3,2.8073,59.5474
[H]C1=C([N+](=O)[O-])Oc2c([H])c([H])c([H])c3c(OC([H])([H])[H])c([H])c([H])c1c23,1,243.218,61.6,0,4,2.8159,66.0994
[H]c1c(C(C([H])([H])[H])(C([H])([H])C([H])([H])[H])C([H])([H])C([H])([H])[H])noc1N([H])C(=O)c1c(OC([H])([H])[H])c([H])c([H])c([H])c1OC([H])([H])[H],1,332.4,73.59,1,5,4.0218,91.9362
CC1=C(C(=CC=C1)C)NC2=NCCCS2.Cl,1,256.802,24.39,1,3,3.63004,76.1637
[H]Oc1c([H])c([H])c2c(c1[H])C([H])([H])C([H])([H])[C@]1([H])[C@]2([H])[C@@]([H])(OC([H])([H])[H])C([H])([H])[C@@]2(C([H])([H])[H])[C@@]1([H])C([H])([H])C([H])([H])[C@]2([H])O[H],1,302.414,49.69,2,3,3.2341,84.9106
[H]ON([H])c1c([H])c([H])c2c([H])c([H])c([H])c([H])c2c1[H],1,159.188,32.26,2,2,2.6409,49.3572
CC1=C(N=C(N=C1N)C(CC(=O)N)NCC(C(=O)N)N)C(=O)NC(C(C2=CN=CN2)O[C@H]3[C@H]([C@H]([C@@H]([C@@H](O3)CO)O)O)O[C@@H]4[C@H]([C@H]([C@@H]([C@H](O4)CO)O)OC(=O)N)O)C(=O)NC(C)C(C(C)C(=O)NC(C(C)O)C(=O)NCCC5=NC(=CS5)C6=NC(=CS6)C(=O)NCCC[S+](C)C)O.OS(=O)(=O)[O-],1,1512.647,704.5,21,34,-8.69898,351.1033
[H]c1c([H])c([H])c2c([H])c3c(c([H])c([H])c4c([H])c([H])c([H])c([H])c43)c(Br)c2c1[H],1,307.19,0,0,0,5.9087,86.66
[H]C(=O)c1oc(C([H])([H])Cl)c([H])c1[H],1,144.557,30.21,0,2,1.8309,33.6525
[H]c1c([H])c(C([H])([H])N=NC([H])([H])[H])c([H])c([H])c1C(=O)N([H])C([H])(C([H])([H])[H])C([H])([H])[H],1,219.288,53.82,1,3,2.4068,63.5282
CN1C2=C(C=C(C=C2)N(CCCl)CCCl)N=C1CCCC(=O)O.Cl,1,394.73,58.36,1,4,3.6864,102.1888
[H]N(C(=O)N(N=O)C([H])([H])[H])C([H])([H])[H],1,117.108,61.77,1,3,-0.061,28.0137
[H]c1c([H])c(C([H])([H])[H])c2c(C([H])([H])[H])c3c([H])c([H])c4c([H])c([H])c([H])c([H])c4c3c(C([H])([H])[H])c2c1[H],1,270.375,0,0,0,6.07146,93.171
[H]On1c(=O)n([H])c(=O)c2c1nc([H])n2[H],1,168.112,103.77,3,5,-1.3498,38.1589
CC(C)(C1=CC=C(C=C1)O)C2=CC=C(C=C2)O.C1C(O1)CCl,1,320.816,52.99,2,3,4.0477,88.8016
[Ni]=[Te],1,186.293,0,0,0,-0.3833,5.754
[Be+2].O.O.O.O.[O-]S(=O)(=O)[O-],1,177.135,206.26,0,4,-5.0176,30.6838
O=[Zr]=O,1,123.222,34.14,0,2,-0.2401,1.373
[Ni]=[Se],1,137.653,0,0,0,-0.3833,5.754
[Ni]#[As],1,133.615,0,0,0,-0.3833,5.754
[CH-]1C=CC=C1.[CH-]1C=CC=C1.[Ni+2],1,188.883,0,0,0,2.8085,44.07
COC1=C(C=CC(=C1)C2=CC(=C(C=C2)N)OC)N.Cl.Cl,1,317.216,70.5,2,4,3.3788,88.3028
[H]c1c([H])c([N+](=O)[O-])c([H])c([N+](=O)[O-])c1Cl,0,202.553,86.28,0,4,2.1564,44.7608
[H]OC(=O)c1c([H])c([H])c(O[H])c(O[H])c1[H],0,154.121,77.76,3,3,0.796,36.7309
[H]N([H])C(=O)N([H])C1([H])C(=O)N([H])C(=O)N1[H],0,158.117,113.32,4,3,-2.1798,33.1815
[H]c1c([H])c([H])c(C(=O)O)c([H])c1[H],0,122.123,37.3,1,1,1.3848,33.4013
[H]OC(=O)c1c([H])c([H])c([H])c([H])c1[H],0,122.123,37.3,1,1,1.3848,33.4013
[H]OC([H])([H])c1c([H])c([H])c([H])c([H])c1[H],0,108.14,20.23,1,1,1.1789,32.3648
[H]OC([H])([H])C([H])([H])[N+](C([H])([H])[H])(C([H])([H])[H])C([H])([H])[H],0,104.173,20.23,1,1,-0.3151,29.9852
[H]OC(=O)C([H])([H])C(O[H])(C(=O)O[H])C([H])([H])C(=O)O[H],0,192.123,132.13,4,4,-1.2485,37.0912
[H]OC(=O)c1c([H])c(O[H])c(O[H])c(O[H])c1[H],0,170.12,97.99,4,4,0.5016,38.3957
[H]OC(=O)C([H])([H])C([H])([H])C([H])([H])C([H])([H])C([H])([H])N([H])[H],0,131.175,63.32,2,2,0.5901,35.1582
[H]OC(=O)C([H])([H])C([H])([H])C([H])(C(=O)O[H])N([H])[H],0,147.13,100.62,3,3,-0.7369,32.481
[H]Oc1c([H])c([H])c(C([H])([H])C([H])([H])N([H])[H])c([H])c1O[H],0,153.181,66.48,3,3,0.599,42.53
[H]OC(=O)C([H])(N([H])[H])C([H])([H])c1c([H])c([H])c(O[H])c(O[H])c1[H],0,197.19,103.78,4,4,0.0522,49.0868
[H]OC(=O)C([H])(N([H])[H])C([H])([H])C([H])([H])SC([H])([H])[H],0,149.215,63.32,2,3,0.1514,38.6102
[H]OC([H])([H])C([H])(O[H])C([H])([H])[H],0,76.095,40.46,2,2,-0.6405,18.7666
[H]c1nc([H])c(C(=O)N([H])[H])nc1[H],0,123.115,68.87,1,3,-0.4245,30.5499
[H]OC(=O)C([H])(N([H])[H])C([H])([H])c1c([H])n([H])c2c([H])c([H])c([H])c([H])c12,0,204.229,79.11,3,2,1.1223,57.6139
[H]OC1([H])C([H])([H])C([H])(C([H])([H])[H])C([H])([H])C([H])([H])C1([H])C([H])(C([H])([H])[H])C([H])([H])[H],0,156.269,20.23,1,1,2.4395,47.3498
[H]OC(=O)C([H])([H])Oc1c([H])c(Cl)c(Cl)c([H])c1Cl,0,255.484,46.53,1,2,3.1102,54.6028
[H]OC(=O)C([H])([H])C([H])([H])[N+](=O)[O-],0,119.076,80.44,1,3,-0.2622,24.1142
[H]c1c([H])c(S(=O)(=O)N([H])C(=O)N([H])C2([H])C([H])([H])C([H])([H])C([H])([H])C([H])([H])C2([H])[H])c([H])c([H])c1C(=O)C([H])([H])[H],0,324.402,92.34,2,4,2.2098,82.1727
[H]OC(=O)C([H])([H])c1c([H])c([H])c(N([H])C(=O)C([H])([H])[H])c([H])c1[H],0,193.202,66.4,2,2,1.2721,52.0855
[H]Oc1c(C([H])([H])[H])c(C([H])([H])[H])c2c(c1C([H])([H])[H])C([H])([H])C([H])([H])C(C([H])([H])[H])(C([H])([H])C([H])([H])C([H])([H])C([H])(C([H])([H])[H])C([H])([H])C([H])([H])C([H])([H])C([H])(C([H])([H])[H])C([H])([H])C([H])([H])C([H])([H])C([H])(C([H])([H])[H])C([H])([H])[H])O2,0,430.717,29.46,1,2,8.84026,134.3908
[H]C([H])([H])C(=O)Oc1c(C([H])([H])[H])c(C([H])([H])[H])c2c(c1C([H])([H])[H])C([H])([H])C([H])([H])C(C([H])([H])[H])(C([H])([H])C([H])([H])C([H])([H])C([H])(C([H])([H])[H])C([H])([H])C([H])([H])C([H])([H])C([H])(C([H])([H])[H])C([H])([H])C([H])([H])C([H])([H])C([H])(C([H])([H])[H])C([H])([H])[H])O2,0,472.754,35.53,0,3,9.05996,144.035
[H]N1C(=O)N([H])C(=O)C(C([H])([H])C([H])([H])[H])(C([H])([H])C([H])([H])C([H])(C([H])([H])[H])C([H])([H])[H])C1=O,0,226.276,75.27,2,3,1.185,58.4774
[H]OC(=O)c1c([H])c([H])c([H])c([H])c1OC(=O)C([H])([H])[H],0,180.159,63.6,1,3,1.3101,44.7103
[H]c1c([H])c(C([H])([H])n2c(N([H])C3([H])C([H])([H])C([H])([H])N(C([H])([H])C([H])([H])c4c([H])c([H])c(OC([H])([H])[H])c([H])c4[H])C([H])([H])C3([H])[H])nc3c([H])c([H])c([H])c([H])c32)c([H])c([H])c1F,0,458.581,42.32,1,5,5.3513,135.0177
[H]OC([H])(C([H])([H])Oc1c([H])c([H])c(C([H])([H])C(=O)N([H])[H])c([H])c1[H])C([H])([H])N([H])C([H])(C([H])([H])[H])C([H])([H])[H],0,266.341,84.58,3,4,0.4521,73.9809
[H]c1c([H])c([H])c2c(=O)n(C([H])([H])SP(=S)(OC([H])([H])[H])OC([H])([H])[H])nnc2c1[H],0,317.332,66.24,0,8,1.9995,79.692
[H]c1c([H])c([H])c(C([H])([H])[N+](C([H])([H])[H])(C([H])([H])[H])C([H])([H])C([H])([H])OC([H])([H])C([H])([H])Oc2c([H])c([H])c(C(C([H])([H])[H])(C([H])([H])[H])C([H])([H])C(C([H])([H])[H])(C([H])([H])[H])C([H])([H])[H])c([H])c2[H])c([H])c1[H],0,412.638,18.46,0,2,6.0724,126.9754
[H]c1c([H])c([H])c(C([H])([H])N=C=S)c([H])c1[H],0,149.218,12.36,0,2,2.2894,45.172
[H]OC(=O)C([H])([H])C([H])([H])C([H])([H])C([H])([H])C([H])([H])C([H])(C1=C(C([H])([H])[H])C(=O)C(C([H])([H])[H])=C(C([H])([H])[H])C1=O)c1c([H])c([H])c([H])c([H])c1[H],0,354.446,71.44,1,3,4.61,100.9918
[H]c1c([H])c([H])c(-c2c([H])c([H])c(C([H])([H])n3c(OC([H])([H])C([H])([H])[H])nc4c([H])c([H])c([H])c(C(=O)OC([H])(OC(=O)OC5([H])C([H])([H])C([H])([H])C([H])([H])C([H])([H])C5([H])[H])C([H])([H])[H])c43)c([H])c2[H])c(-c2nnn([H])n2)c1[H],0,610.671,143.34,1,11,6.3191,164.3702
[H]c1c([H])c(C([H])([H])[H])c([H])c([H])c1-c1c([H])c(C(F)(F)F)nn1-c1c([H])c([H])c(S(=O)(=O)N([H])[H])c([H])c1[H],0,381.379,77.98,1,4,3.51392,90.1122
[H]OC([H])(C([H])([H])Oc1c([H])c([H])c(N([H])C(=O)N(C([H])([H])C([H])([H])[H])C([H])([H])C([H])([H])[H])c([H])c1C(=O)C([H])([H])[H])C([H])([H])N([H])C(C([H])([H])[H])(C([H])([H])[H])C([H])([H])[H],0,379.501,90.9,3,5,2.8907,107.6437
[H]c1c([H])c(S(=O)(=O)N([H])C(=O)N([H])C([H])([H])C([H])([H])C([H])([H])[H])c([H])c([H])c1Cl,0,276.745,75.27,2,3,1.7379,65.4632
[H]c1c(Cl)c(Cl)nc(OP(=S)(OC([H])([H])C([H])([H])[H])OC([H])([H])C([H])([H])[H])c1Cl,0,350.591,40.58,0,5,4.7181,77.432
[H]c1c(OP(=S)(OC([H])([H])C([H])([H])[H])OC([H])([H])C([H])([H])[H])c([H])c2oc(=O)c(Cl)c(C([H])([H])[H])c2c1[H],0,362.771,57.9,0,6,4.43112,90.396
[H]c1c([H])c([H])c(C([H])([H])C([H])(N([H])[H])C([H])([H])[H])c([H])c1[H],0,135.21,26.02,1,1,1.5763,43.7954
[H]OC(=O)C(N([H])[H])(C([H])(F)F)C([H])([H])C([H])([H])C([H])([H])N([H])[H],0,182.17,89.34,3,3,-0.2275,38.8466
[H]N1C(=O)OC(C([H])([H])[H])(C([H])([H])[H])C1=O,0,129.115,55.4,1,3,0.0314,28.7027
[H]N(C(=O)C([H])([H])SP(=S)(OC([H])([H])[H])OC([H])([H])[H])C([H])([H])[H],0,229.263,47.56,1,5,0.9829,54.8277
[H]c1c([H])c([H])c(C([H])(OC([H])([H])C([H])([H])N(C([H])([H])[H])C([H])([H])[H])c2c([H])c([H])c([H])c([H])c2[H])c([H])c1[H],0,255.361,12.47,0,2,3.3542,79.233
[H]c1c([H])c([H])c(-n2c(=O)c(N(C([H])([H])[H])C([H])([H])S(=O)(=O)O)c(C([H])([H])[H])n2C([H])([H])[H])c([H])c1[H],0,311.363,84.54,1,6,0.76592,80.5656
[H]Oc1c([H])c(O[H])c2c(c1[H])C(=O)c1c([H])c(C([H])([H])[H])c([H])c(O[H])c1C2=O,0,270.24,94.83,3,5,1.88722,69.4804
[H]C1([H])O[S+]([O-])OC([H])([H])C2([H])C3(Cl)C(Cl)=C(Cl)C(Cl)(C3(Cl)Cl)C12[H],0,406.929,41.52,0,3,3.6898,77.3634
[H]C1=C(C([H])([H])[H])c2c([H])c(OC([H])([H])C([H])([H])[H])c([H])c([H])c2N([H])C1(C([H])([H])[H])C([H])([H])[H],0,217.312,21.26,1,2,3.6927,68.9637
[H]OC(=O)C([H])([H])C1(C([H])([H])C([H])([H])[H])OC([H])([H])C([H])([H])c2c1n([H])c1c(C([H])([H])C([H])([H])[H])c([H])c([H])c([H])c21,0,287.359,62.32,2,2,3.383,81.5545
[H]c1c([H])c(SC([H])([H])[H])c(C([H])([H])[H])c([H])c1OP(=S)(OC([H])([H])[H])OC([H])([H])[H],0,278.335,27.69,0,5,3.61302,71.891
[H]c1c([H])c(OC([H])([H])C(F)(F)F)c(C(=O)N([H])C([H])([H])C2([H])N([H])C([H])([H])C([H])([H])C([H])([H])C2([H])[H])c([H])c1OC([H])([H])C(F)(F)F,0,414.346,59.59,2,4,3.4407,87.5169
[H]c1c([H])c([H])c(C([H])(Oc2c([H])c([H])c(C(F)(F)F)c([H])c2[H])C([H])([H])C([H])([H])N([H])C([H])([H])[H])c([H])c1[H],0,309.331,21.26,1,2,4.435,79.7987
[H]Oc1c([H])c([H])c(C([H])([H])C([H])([H])C([H])([H])C([H])([H])C([H])([H])C([H])([H])[H])c(O[H])c1[H],0,194.274,40.46,2,2,3.2206,57.6176
[H]OC(=O)C([H])(c1c([H])c([H])c(C([H])([H])C([H])(C([H])([H])[H])C([H])([H])[H])c([H])c1[H])C([H])([H])[H],0,206.285,37.3,1,1,3.0732,61.0348
[H]c1c([H])c(Cl)c(-c2nc(N([H])[H])nc(N([H])[H])n2)c([H])c1Cl,0,256.096,90.71,2,5,2.0098,64.1078
[H]OC(=O)C([H])(c1c([H])c([H])c([H])c(C(=O)c2c([H])c([H])c([H])c([H])c2[H])c1[H])C([H])([H])[H],0,254.285,54.37,1,2,3.1057,72.3673
[H]c1c([H])c([H])c(C([H])(c2c([H])c([H])c([H])c([H])c2[H])N2C([H])([H])C([H])([H])N(C([H])([H])C([H])([H])OC(=O)C3=C(C([H])([H])[H])N([H])C(C([H])([H])[H])=C(C(=O)OC([H])([H])[H])C3([H])c3c([H])c([H])c([H])c([N+](=O)[O-])c3[H])C([H])([H])C2([H])[H])c([H])c1[H],0,610.711,114.25,1,9,4.953,170.0881
[H]c1c([H])c([H])c(N2N=C(C([H])([H])[H])C([H])([H])C2=O)c([H])c1[H],0,174.203,32.67,0,2,1.7992,51.654
[H]c1c([H])c([H])c(C(C(=O)C([H])([H])C([H])([H])[H])(c2c([H])c([H])c([H])c([H])c2[H])C([H])([H])C([H])(N(C([H])([H])[H])C([H])([H])[H])C([H])([H])[H])c([H])c1[H],0,309.453,20.31,0,2,4.292,96.728
[H]C1([H])N2C([H])([H])N3C([H])([H])N1C([H])([H])N(C2([H])[H])C3([H])[H],0,140.19,12.96,0,4,-1.0198,36.558
[H]c1c([H])c([H])c(C([H])(C(=O)OC([H])([H])[H])C2([H])N([H])C([H])([H])C([H])([H])C([H])([H])C2([H])[H])c([H])c1[H],0,233.311,38.33,1,3,2.0853,66.8407
[H]c1c([H])c(C(=O)N(C([H])([H])C([H])([H])[H])C([H])([H])C([H])([H])[H])c([H])c(C([H])([H])[H])c1[H],0,191.274,20.31,0,1,2.47702,58.4305
[H]Oc1c([H])c([H])c(Cl)c([H])c1C(=O)N([H])c1c([H])c([H])c([N+](=O)[O-])c([H])c1Cl,0,327.123,92.47,2,4,3.8595,79.1764
[H]OC([H])(C([H])([H])Oc1c([H])c([H])c([H])c([H])c1OC([H])([H])C([H])=C([H])[H])C([H])([H])N([H])C([H])(C([H])([H])[H])C([H])([H])[H],0,265.353,50.72,2,4,1.9891,76.7745
[H]c1c([H])c([H])c(C2([H])OC(N([H])[H])=NC2=O)c([H])c1[H],0,176.175,64.68,1,3,0.5992,46.8974
[H]N1C([H])([H])C([H])([H])C([H])([H])C([H])([H])C1([H])C([H])([H])C([H])(C1([H])C([H])([H])C([H])([H])C([H])([H])C([H])([H])C1([H])[H])C1([H])C([H])([H])C([H])([H])C([H])([H])C([H])([H])C1([H])[H],0,277.496,12.03,1,1,5.2954,86.8987
[H]N1C([H])([H])C([H])([H])N([H])C([H])([H])C1([H])[H],0,86.138,24.06,2,2,-0.8208,25.7394
[H]OC([H])(C([H])([H])Oc1c([H])c([H])c(N([H])C(=O)C([H])([H])[H])c([H])c1[H])C([H])([H])N([H])C([H])(C([H])([H])[H])C([H])([H])[H],0,266.341,70.59,3,4,1.3827,75.3862
[H]c1c([H])c([H])c(C([H])([H])C([H])([H])C([H])([H])C([H])([H])Oc2c([H])c([H])c(C(=O)N([H])c3c([H])c([H])c([H])c4c(=O)c([H])c(-c5nnn([H])n5)oc34)c([H])c2[H])c([H])c1[H],0,481.512,123,2,7,4.6271,134.9259
[H]c1c([H])c([H])c2c(c1[H])C([H])([H])C([H])([H])N1C(=O)C([H])([H])N(C(=O)C3([H])C([H])([H])C([H])([H])C([H])([H])C([H])([H])C3([H])[H])C([H])([H])C21[H],0,312.413,40.62,0,2,2.5349,87.755
[H]c1c([H])c([H])c2c(c1[H])Sc1c([H])c([H])c([H])c([H])c1N2C([H])([H])C([H])(N(C([H])([H])[H])C([H])([H])[H])C([H])([H])[H],0,284.428,6.48,0,3,4.2394,87.162
[H]OC([H])(C([H])([H])Oc1c([H])c([H])c([H])c2c([H])c([H])c([H])c([H])c12)C([H])([H])N([H])C([H])(C([H])([H])[H])C([H])([H])[H],0,259.349,41.49,2,3,2.5775,78.5885
[H]Oc1c([H])c(C(=O)OC([H])([H])C([H])([H])C([H])([H])[H])c([H])c(O[H])c1O[H],0,212.201,86.99,3,5,1.3702,52.0099
[H]OC([H])(c1c([H])c([H])c(N([H])S(=O)(=O)C([H])([H])[H])c([H])c1[H])C([H])([H])N([H])C([H])(C([H])([H])[H])C([H])([H])[H],0,272.37,78.43,3,4,1.0895,73.007
[H]OC(=O)C([H])([H])C([H])([H])C(=O)OC([H])([H])C1(C([H])([H])C([H])([H])C([H])([H])C([H])([H])[H])C(=O)N(c2c([H])c([H])c([H])c([H])c2[H])N(c2c([H])c([H])c([H])c([H])c2[H])C1=O,0,438.48,104.22,1,5,3.566,117.6428
[H]c1c(F)c(=O)n([H])c(=O)n1C1([H])OC([H])([H])C([H])([H])C1([H])[H],0,200.169,64.09,1,4,-0.0153,45.5037
[H]c1nc(-c2nc3c([H])c([H])c([H])c([H])c3n2[H])c([H])s1,0,201.254,41.57,1,3,2.6864,57.2017
[H]OC([H])(C([H])([H])Oc1c([H])n(C([H])([H])[H])c(=O)c2c([H])c([H])c([H])c([H])c12)C([H])([H])N([H])C(C([H])([H])[H])(C([H])([H])[H])C([H])([H])[H],0,304.39,63.49,2,5,1.6663,88.4465
[H]c1c([H])c(S(=O)(=O)N([H])C(=O)N([H])N2C([H])([H])C([H])([H])C([H])([H])C([H])([H])C([H])([H])C2([H])[H])c([H])c([H])c1C([H])([H])[H],0,311.407,78.51,2,4,1.77392,80.0732
[H]c1c([H])c(S(=O)(=O)N([H])C(=O)N([H])C([H])([H])C([H])([H])C([H])([H])C([H])([H])[H])c([H])c([H])c1C([H])([H])[H],0,270.354,75.27,2,3,1.78302,69.8072
[H]C([H])([H])N1C(=O)OC(C([H])([H])[H])(C([H])([H])[H])C1=O,0,143.142,46.61,0,3,0.3736,33.33
[H]c1c([H])c([H])c(N2C([H])([H])C([H])([H])N(C([H])([H])C([H])([H])C([H])([H])N([H])c3c([H])c(=O)n(C([H])([H])[H])c(=O)n3C([H])([H])[H])C([H])([H])C2([H])[H])c(OC([H])([H])[H])c1[H],0,387.484,71.74,1,8,0.7168,111.6777
[H]c1c([H])c(C([H])([H])[H])c(N([H])C2=NC([H])([H])C([H])([H])C([H])([H])S2)c(C([H])([H])[H])c1[H],0,220.341,24.39,1,3,3.20824,68.9157
[H]OC([H])([H])C(=O)[C@@]1(O[H])[C@]([H])(C([H])([H])[H])C([H])([H])[C@@]2([H])[C@]3([H])C([H])([H])C([H])([H])C4=C([H])C(=O)C([H])=C([H])[C@]4(C([H])([H])[H])[C@@]3(F)[C@@]([H])(O[H])C([H])([H])[C@]12C([H])([H])[H],0,392.467,94.83,3,5,1.8957,99.9444
[H]OC([H])([H])C(=O)[C@@]1(O[H])C([H])([H])C([H])([H])[C@@]2([H])[C@]3([H])C([H])([H])C([H])([H])C4=C([H])C(=O)C([H])([H])C([H])([H])[C@]4(C([H])([H])[H])[C@@]3([H])[C@@]([H])(O[H])C([H])([H])[C@@]21C([H])([H])[H],0,362.466,94.83,3,5,1.7816,95.1424
[H]OC(=O)[C@@]([H])(N([H])[H])C([H])([H])S[H],0,121.161,63.32,3,3,-0.6719,29.4642
[H]c1nc([H])n(C([H])([H])[H])c1C([H])([H])[C@@]1([H])C([H])([H])OC(=O)[C@@]1([H])C([H])([H])C([H])([H])[H],0,208.261,44.12,0,4,1.1618,55.142
[H]Oc1c([H])c([H])c([H])c([C@@]([H])(O[H])C([H])([H])N([H])C([H])([H])[H])c1[H],0,167.208,52.49,3,3,0.645,46.9933
[H]N1C(=O)N([H])C(=O)C([H])([H])C1=O,0,128.087,75.27,2,3,-1.2575,26.2984
[H]OC(c1c([H])c([H])c([H])c([H])c1[H])(c1c([H])c([H])c(OC([H])([H])C([H])([H])N(C([H])([H])C([H])([H])[H])C([H])([H])C([H])([H])[H])c([H])c1[H])C([H])([H])c1c([H])c([H])c(OC([H])([H])[H])c([H])c1[H],0,419.565,41.93,1,4,4.8944,125.8638
[H]OC([H])([H])[C@@]([H])(O[H])[C@@]([H])(O[H])[C@]([H])(O[H])[C@]([H])(O[H])C([H])([H])O[H],0,182.172,121.38,6,6,-3.5854,38.1988
[H]OC(=O)[C@@]([H])(N([H])[H])C([H])([H])c1c([H])nc([H])n1[H],0,155.157,92,3,3,-0.6359,37.9029
[H]c1c([H])c(C([H])(c2c([H])c([H])c(C([H])([H])C([H])([H])[H])c([H])c2[H])C([H])(Cl)Cl)c([H])c([H])c1C([H])([H])C([H])([H])[H],0,307.264,0,0,0,5.747,88.977
[H]OC(=O)[C@@]([H])(N([H])[H])C([H])([H])c1c([H])n([H])c2c([H])c([H])c([H])c([H])c12,0,204.229,79.11,3,2,1.1223,57.6139
[H]c1c([H])c([H])c(N([H])c2c([H])c([H])c(N([H])c3c([H])c([H])c([H])c([H])c3[H])c([H])c2[H])c([H])c1[H],0,260.34,24.06,2,2,5.1738,85.8914
C1=CC=C(C=C1)[SnH](C2=CC=CC=C2)C3=CC=CC=C3,0,351.037,0,0,0,1.9351,85.377
ClC1=C(Cl)C(Cl)(Cl)C(Cl)=C1Cl,0,272.773,0,0,0,4.5523,51.901
[H]N([H])C(=O)N([H])C(=O)C(Br)(C([H])([H])C([H])([H])[H])C([H])([H])C([H])([H])[H],0,237.097,72.19,2,2,1.135,49.9661
[H]C1=C([H])C([H])([H])S(=O)(=O)C1([H])[H],0,118.157,34.14,0,2,-0.029,27.7938
[H]c1c([H])c([H])c(C2(C([H])([H])[H])OC2([H])C(=O)OC([H])([H])C([H])([H])[H])c([H])c1[H],0,206.241,38.83,0,3,1.8637,55.3
[H]C([H])(O[N+](=O)[O-])C(C([H])([H])O[N+](=O)[O-])(C([H])([H])O[N+](=O)[O-])C([H])([H])O[N+](=O)[O-],0,316.135,209.48,0,12,-1.194,54.2186
[H]c1c([H])c(C([H])([H])[H])c([H])c([H])c1OP(=O)(Oc1c([H])c([H])c(C([H])([H])[H])c([H])c1[H])Oc1c([H])c([H])c(C([H])([H])[H])c([H])c1[H],0,368.369,44.76,0,4,6.25676,103.0275
[H]C([H])([H])C([H])([H])OP(=S)(OC([H])([H])C([H])([H])[H])SC1([H])OC([H])([H])C([H])([H])OC1([H])SP(=S)(OC([H])([H])C([H])([H])[H])OC([H])([H])C([H])([H])[H],0,456.55,55.38,0,10,4.7468,109.736
[H]C(=O)C([H])(C([H])([H])[H])C([H])([H])[H],0,72.107,17.07,0,1,0.8413,20.902
[H]c1c([H])c(S(=O)(=O)c2c([H])c([H])c(Cl)c([H])c2[H])c([H])c([H])c1Cl,0,287.167,34.14,0,2,3.8262,68.3558
[H]C1([H])C2([H])C3([H])OC3([H])C1([H])C1([H])C3([H])OC3([H])C([H])([H])C21[H],0,164.204,25.06,0,2,0.807,40.516
[H]C([H])=C(C([H])([H])[H])[C@]1([H])Oc2c([H])c([H])c3c(c2C1([H])[H])O[C@]1([H])C([H])([H])Oc2c([H])c(OC([H])([H])[H])c(OC([H])([H])[H])c([H])c2[C@]1([H])C3=O,0,394.423,63.22,0,6,3.7033,105.9045
[H]c1c([H])c([H])c(C(=O)OC([H])([H])C([H])([H])[H])c(C(=O)OC([H])([H])C([H])([H])[H])c1[H],0,222.24,52.6,0,4,2.04,58.355
[H]c1c([H])c([H])c2c(c1[H])C(=O)OC2=O,0,148.117,43.37,0,3,0.9972,36.188
[H]Oc1c(C(C([H])([H])[H])(C([H])([H])[H])C([H])([H])[H])c([H])c(C([H])([H])O[H])c([H])c1C(C([H])([H])[H])(C([H])([H])[H])C([H])([H])[H],0,236.355,40.46,2,2,3.4795,71.4296
[H]c1c([H])c([H])c(C(=O)N([H])[H])c(C(=O)N([H])[H])c1[H],0,164.164,86.18,2,2,-0.1156,43.4778
[H]c1c([H])c([H])c(-c2c([H])c([H])c([H])c([H])c2N([H])[H])c([H])c1[H],0,169.227,26.02,1,1,2.9358,56.2904
[H]c1nc2c([H])c([H])c(C([H])([H])[H])c([H])c2c([H])c1[H],0,143.189,12.89,0,1,2.54322,46.48
[H]c1c([H])c([H])c(-c2nc(N([H])[H])nc(N([H])[H])n2)c([H])c1[H],0,187.206,90.71,2,5,0.703,54.0878
[H]c1nc(N(C([H])([H])c2c([H])sc([H])c2[H])C([H])([H])C([H])([H])N(C([H])([H])[H])C([H])([H])[H])c([H])c([H])c1[H],0,261.394,19.37,0,4,2.7113,78.16
[H]c1c([N+](=O)[O-])oc(C([H])(OC(=O)C([H])([H])[H])OC(=O)C([H])([H])[H])c1[H],0,243.171,108.88,0,7,1.3126,51.6354
[H]OC(=O)C([H])([H])Oc1c([H])c([H])c(Cl)c([H])c1C([H])([H])[H],0,200.621,46.53,1,2,2.11182,49.3198
[H]c1c([H])c([H])c2nn([H])nc2c1[H],0,119.127,41.57,1,2,0.9579,33.8887
[H]Oc1c([H])c([H])c(O[H])c(C([H])([H])[H])c1[H],0,124.139,40.46,2,2,1.40622,34.5086
[H]c1c([H])c(C([H])([H])[H])c(Cl)c([H])c1N([H])[H],0,141.601,26.02,1,1,2.23062,40.6014
[H]Oc1c([H])c([H])c(N([H])[H])c([H])c1N([H])[H],0,124.143,72.27,3,3,0.5566,36.9316
[H]Oc1c([H])c(C([H])([H])[H])c(Sc2c([H])c(C(C([H])([H])[H])(C([H])([H])[H])C([H])([H])[H])c(O[H])c([H])c2C([H])([H])[H])c([H])c1C(C([H])([H])[H])(C([H])([H])[H])C([H])([H])[H],0,358.547,40.46,2,3,6.46084,107.2106
[H]c1c([N+](=O)[O-])c([H])c([N+](=O)[O-])c([H])c1[N+](=O)[O-],0,213.105,129.42,0,6,1.4112,46.4052
[H]c1c([H])c([N+](=O)[O-])c([H])c([H])c1N([H])[H],0,138.126,69.16,1,3,1.177,37.5088
[H]C([H])=C([H])c1c([H])c([H])c([H])c(C([H])([H])[H])c1[H],0,118.179,0,0,0,2.63802,41.27
[H]c1c([H])c([H])c(N([H])c2nc(Cl)nc(Cl)n2)c(Cl)c1[H],0,275.526,50.7,1,4,3.5754,64.5817
[H]c1c([H])c([H])c(N([H])c2c([H])c([H])c(N([H])[H])c([H])c2[H])c([H])c1[H],0,184.242,38.05,2,2,3.0124,60.5791
[H]OC([H])([H])C([H])(C([H])([H])C([H])([H])[H])C([H])([H])C([H])([H])C([H])([H])C([H])([H])[H],0,130.231,20.23,1,1,2.1951,40.3918
[H]OC([H])([H])C([H])=C([H])[H],0,58.08,20.23,1,1,0.1647,17.2828
[H]C([H])([H])C([H])([H])C([H])([H])[N+](=O)[O-],0,89.094,43.14,0,2,0.6731,22.1524
[H]c1c([H])c(N([H])[H])c([H])c(C([H])([H])[H])c1[H],0,107.156,26.02,1,1,1.57722,35.5914
[H]N([H])C1([H])C([H])([H])C([H])([H])C([H])([H])C([H])([H])C1([H])[H],0,99.177,26.02,1,1,1.2778,31.0604
[H]C([H])([H])C([H])([H])C([H])([H])C([H])([H])Cl,0,92.569,0,0,0,2.0253,25.628
[H]C([H])([H])C([H])([H])C([H])([H])C([H])([H])C([H])([H])C([H])([H])[H],0,86.178,0,0,0,2.5866,29.816
[H]N1C([H])([H])C([H])([H])C([H])([H])C([H])([H])C1([H])[H],0,85.15,12.03,1,1,0.7599,26.7207
[H]OC([H])(C([H])([H])[H])C([H])([H])N([H])C([H])([H])C([H])(O[H])C([H])([H])[H],0,133.191,52.49,3,3,-0.6624,36.2313
[H]N([H])C([H])([H])C([H])([H])C([H])([H])C([H])([H])C([H])([H])C([H])([H])C([H])([H])[H],0,115.22,26.02,1,1,1.9155,37.8134
[H]OC([H])([H])C([H])([H])OC([H])([H])C([H])([H])OC([H])([H])C([H])([H])O[H],0,150.174,58.92,2,4,-0.9958,35.8096
[H]c1c([H])c([H])c(C([H])([H])C([H])([H])N=C(N=C(N([H])[H])N([H])[H])N([H])[H])c([H])c1[H],0,205.265,102.78,3,1,-0.1828,62.4452
[H]Oc1c(C([H])([H])c2c([H])c(C([H])([H])[H])c([H])c(C(C([H])([H])[H])(C([H])([H])[H])C([H])([H])[H])c2O[H])c([H])c(C([H])([H])[H])c([H])c1C(C([H])([H])[H])(C([H])([H])[H])C([H])([H])[H],0,340.507,40.46,2,2,5.90044,105.8936
[H]OC([H])(C(=O)c1c([H])c([H])c([H])c([H])c1[H])c1c([H])c([H])c([H])c([H])c1[H],0,212.248,37.3,1,2,2.6029,62.1743
[H]c1c([H])c(C(=O)OC([H])([H])[H])c([H])c([H])c1C(=O)OC([H])([H])[H],0,194.186,52.6,0,4,1.2598,49.121
[H]Oc1c([H])c([H])c(Cl)c([H])c1Cl,0,163.003,20.23,1,1,2.699,38.1268
[H]c1c(OC([H])([H])[H])c(OC([H])([H])[H])c(OC([H])([H])[H])c([H])c1C(=O)O[C@]1([H])C([H])([H])[C@]2([H])C([H])([H])N3C([H])([H])C([H])([H])c4c(n([H])c5c([H])c([H])c([H])c([H])c45)[C@@]3([H])C([H])([H])[C@]2([H])[C@]([H])(C(=O)OC([H])([H])[H])[C@@]1([H])OC([H])([H])[H],0,578.662,108.55,1,9,4.1625,154.1352
[H]C([H])=C([H])C([H])([H])OC(=O)c1c([H])c([H])c([H])c([H])c1C(=O)OC([H])([H])C([H])=C([H])[H],0,246.262,52.6,0,4,2.3722,67.401
[H]c1c([H])c(N([H])C(=O)C([H])([H])[H])c([H])c([H])c1C(=O)C([H])([H])Cl,0,211.648,46.17,1,2,2.0665,55.7962
[H]O[C@]([H])(c1c([H])c([H])c([H])c([H])c1[H])[C@@]([H])(N([H])C([H])([H])[H])C([H])([H])[H],0,165.236,32.26,2,2,1.3279,49.9235
[H]OC(=O)C([H])([H])C([H])([H])[C@@]([H])(C([H])([H])[H])[C@@]1([H])C([H])([H])C([H])([H])[C@@]2([H])[C@]3([H])C([H])([H])C([H])([H])[C@]4([H])C([H])([H])[C@]([H])(O[H])C([H])([H])C([H])([H])[C@]4(C([H])([H])[H])[C@@]3([H])C([H])([H])C([H])([H])[C@@]21C([H])([H])[H],0,376.581,57.53,2,2,5.5071,107.2576
[H]OC(=O)[C@@]1(C([H])([H])[H])C([H])([H])C([H])([H])[C@]2(C([H])([H])[H])C([H])([H])C([H])([H])[C@]3(C([H])([H])[H])C(=C([H])C(=O)[C@]4([H])[C@@]5(C([H])([H])[H])C([H])([H])C([H])([H])[C@]([H])(O[H])C(C([H])([H])[H])(C([H])([H])[H])[C@]5([H])C([H])([H])C([H])([H])[C@@]34C([H])([H])[H])[C@]2([H])C1([H])[H],0,470.694,74.6,2,3,6.4126,133.0716
[H]c1sc(C([H])([H])N(c2c([H])c([H])c([H])c([H])c2[H])C([H])([H])C([H])([H])N(C([H])([H])[H])C([H])([H])[H])c([H])c1[H],0,260.406,6.48,0,3,3.3163,80.365
[H]OC([H])([H])[P+](C([H])([H])O[H])(C([H])([H])O[H])C([H])([H])O[H],0,155.11,80.92,4,4,-1.1968,35.2632
[H]c1c([H])c([H])c(C(=O)C([H])([H])Cl)c([H])c1[H],0,154.596,17.07,0,1,2.1081,41.4925
[H]c1c([H])c(C(Cl)=C(c2c([H])c([H])c(OC([H])([H])[H])c([H])c2[H])c2c([H])c([H])c(OC([H])([H])[H])c([H])c2[H])c([H])c([H])c1OC([H])([H])[H],0,380.871,27.69,0,3,5.8678,110.751
[H]N([H])C(=O)N([H])C([H])([H])C([H])([H])C([H])([H])C([H])([H])[H],0,116.164,55.12,2,1,0.4548,32.4941
[H]c1nc2c(C([H])([H])[H])c([H])c([H])c([H])c2c([H])c1[H],0,143.189,12.89,0,1,2.54322,46.48
[H]c1nc2c([H])c([H])c([N+](=O)[O-])c([H])c2c([H])c1[H],0,174.159,56.03,0,3,2.143,48.3974
[H]c1c([H])c(N([H])[H])c(Cl)c([H])c1N([H])[H],0,142.589,52.04,2,2,1.5044,40.2768
[H]OC(=O)[C@@]([H])(N([H])C(=O)C([H])([H])[H])C([H])([H])S[H],0,163.198,66.4,3,3,-0.4945,39.0935
[H]C(=O)N(C([H])([H])C([H])([H])[H])C([H])([H])C([H])([H])[H],0,101.149,20.31,0,1,0.4846,28.985
[H]OC(=O)c1c([H])c([H])c([N+](=O)[O-])c([H])c1N([H])[H],0,182.135,106.46,2,4,0.8752,44.4681
[H]c1c([H])c(C([H])([H])[H])c([H])c([H])c1N([H])C(=O)N([H])[H],0,150.181,55.12,2,1,1.48562,44.3851
[H]C([H])=C([H])c1c([H])c([H])c(C([H])([H])[H])c([H])c1[H],0,118.179,0,0,0,2.63802,41.27
[H]C([H])(N(N=O)C([H])([H])C(F)(F)F)C(F)(F)F,0,210.077,32.67,0,2,2.0944,29.478
[H]C([H])([H])C([H])([H])C([H])([H])C([H])([H])[N+](=O)[O-],0,103.121,43.14,0,2,1.0632,26.7694
[H]N([H])C(=O)C([H])([H])C([H])([H])C([H])([H])C([H])([H])C([H])([H])[H],0,115.176,43.09,1,1,1.052,33.3364
[H]N([H])C(=O)C([H])([H])C([H])([H])C([H])([H])C([H])([H])C(=O)N([H])[H],0,144.174,86.18,2,2,-0.4826,36.8568
[H]N=C1C([H])=C([H])C(=C(c2c([H])c([H])c(N([H])[H])c([H])c2[H])c2c([H])c([H])c(N([H])[H])c([H])c2[H])C([H])=C1C([H])([H])[H],0,301.393,75.89,3,3,4.18877,98.3545
[H]Oc1c(C(C([H])([H])[H])(C([H])([H])[H])C([H])([H])[H])c([H])c(C(C([H])([H])[H])(C([H])([H])[H])C([H])([H])[H])c([H])c1C(C([H])([H])[H])(C([H])([H])[H])C([H])([H])[H],0,262.437,20.23,1,1,5.2847,84.2068
[H]c1c([H])c(N([H])[H])c(C([H])([H])[H])c(N([H])[H])c1[H],0,122.171,52.04,2,2,1.15942,40.0038
[H]c1c([H])c([N+](=O)[O-])c([H])c([H])c1N(N=O)C([H])([H])[H],0,181.151,75.81,0,4,1.7124,47.2944
[H]C([H])(Cl)C([H])([H])[N+](C([H])([H])[H])(C([H])([H])[H])C([H])([H])[H],0,122.619,0,0,0,0.9314,33.6194
[H]N1C([H])([H])C([H])([H])C([H])([H])C([H])([H])C([H])([H])C([H])([H])C1([H])[H],0,113.204,12.03,1,1,1.5401,35.9547
[H]c1c([H])c([H])c2c(N([H])C([H])([H])C([H])([H])N([H])[H])c([H])c([H])c([H])c2c1[H],0,186.258,38.05,2,2,2.2104,61.4921
[H]C([H])([H])OP(=O)(OC([H])([H])[H])SC([H])(C(=O)OC([H])([H])C([H])([H])[H])C([H])([H])C(=O)OC([H])([H])C([H])([H])[H],0,314.296,88.13,0,8,2.0054,70.8865
[H]C([H])([H])C([H])([H])C([H])([H])C([H])([H])C([H])([H])C([H])([H])C([H])([H])C([H])([H])C([H])([H])C([H])([H])C([H])([H])C([H])([H])[N+]([O-])(C([H])([H])[H])C([H])([H])[H],0,229.408,23.06,0,1,4.4815,72.1864
[H]Oc1c([H])c([H])c(O[H])c(C(C([H])([H])[H])(C([H])([H])[H])C([H])([H])[H])c1[H],0,166.22,40.46,2,2,2.3953,48.4716
[H]Oc1c([H])c(C([H])([H])C([H])([H])C([H])([H])C([H])([H])C([H])([H])[H])c([H])c2c1[C@]1([H])C([H])=C(C([H])([H])[H])C([H])([H])C([H])([H])[C@@]1([H])C(C([H])([H])[H])(C([H])([H])[H])O2,0,314.469,29.46,1,2,5.7358,95.2648
[H]c1c([H])c(Sc2c([H])c(Cl)c(Cl)c([H])c2Cl)c([H])c([H])c1Cl,0,324.059,0,0,1,6.4514,77.047
[H]N([H])C(=O)N([H])C(=O)C([H])(C([H])([H])C([H])([H])[H])C([H])([H])C([H])([H])[H],0,158.201,72.19,2,2,0.6175,41.7981
[H]Oc1c([H])c([H])c(C([H])([H])[H])c([H])c1C(C([H])([H])[H])(C([H])([H])[H])C([H])([H])[H],0,164.248,20.23,1,1,2.99812,51.5438
[H]C([H])([H])Oc1c(Cl)c(Cl)c([N+](=O)[O-])c(Cl)c1Cl,0,290.917,52.37,0,3,4.217,59.6884
[H]C(=C(C#N)C#N)c1c([H])c([H])c([H])c([H])c1Cl,0,188.617,47.58,0,2,2.77056,50.655
[H]c1c([H])c([H])c(C([H])([H])SC#N)c([H])c1[H],0,149.218,23.79,0,2,2.40088,43.35
[H]N([H])C1([H])C([H])([H])C([H])([H])C([H])([H])C([H])(N([H])[H])C1([H])[H],0,114.192,52.04,2,2,0.215,34.4188
[H]N(C([H])([H])C([H])([H])C([H])([H])OS(=O)(=O)C([H])([H])[H])C([H])([H])C([H])([H])C([H])([H])OS(=O)(=O)C([H])([H])[H],0,289.375,98.77,1,7,-0.6914,63.6953
[H]OC(=O)C1([H])N(N=O)C([H])([H])C([H])([H])C([H])([H])C1([H])[H],0,158.157,69.97,1,3,0.6069,37.7758
[H]c1nc(N(C([H])([H])c2oc([H])c([H])c2[H])C([H])([H])C([H])([H])N(C([H])([H])[H])C([H])([H])[H])c([H])c([H])c1[H],0,245.326,32.51,0,4,2.2428,72.549
[H]c1c([H])c(-c2c([H])c([H])c(N=NC([H])(C(=O)N([H])c3c([H])c(OC([H])([H])[H])c(Cl)c([H])c3OC([H])([H])[H])C(=O)C([H])([H])[H])c(Cl)c2[H])c([H])c(Cl)c1N=NC([H])(C(=O)N([H])c1c([H])c(OC([H])([H])[H])c(Cl)c([H])c1OC([H])([H])[H])C(=O)C([H])([H])[H],0,818.498,178.7,2,12,9.3616,206.2394
[H]c1c([H])c([H])c2c(c1[H])N=C(N1C([H])([H])C([H])([H])N(C([H])([H])[H])C([H])([H])C1([H])[H])c1c([H])c(C([H])([H])[H])c([H])c([H])c1S2,0,323.465,18.84,0,4,3.78532,97.011
[H]c1c([H])c(N=NC([H])(C(=O)N([H])c2c([H])c([H])c(-c3c([H])c([H])c(N([H])C(=O)C([H])(N=Nc4c([H])c([H])c(Cl)c([H])c4Cl)C(=O)C([H])([H])[H])c(C([H])([H])[H])c3[H])c([H])c2C([H])([H])[H])C(=O)C([H])([H])[H])c(Cl)c([H])c1Cl,0,726.448,141.78,2,8,9.94404,189.5054
[H]OC(=O)C([H])([H])C([H])([H])[C@]([H])(C(=O)O[H])N([H])[H],0,147.13,100.62,3,3,-0.7369,32.481
[H]c1nc(C([H])([H])Cl)c([H])c([H])c1[H],0,127.574,12.89,0,1,1.8204,33.794
[H]OC([H])(C([H])([H])[H])C([H])([H])N(C([H])([H])C([H])(O[H])C([H])([H])[H])C([H])([H])C([H])(O[H])C([H])([H])[H],0,191.271,63.93,3,4,-0.5692,51.4824
[H]C([H])=C([H])c1c([H])c([H])c([H])c([H])[n+]1[O-],0,121.139,26.94,0,1,0.963,35.493
[H]OC([H])([H])C([H])([H])OC([H])([H])C([H])([H])Oc1c([H])c([H])c(C([H])([H])C([H])([H])C([H])([H])C([H])([H])C([H])([H])C([H])([H])C([H])([H])C([H])([H])C([H])([H])[H])c([H])c1[H],0,308.462,38.69,1,3,4.3674,91.5388
[H]OC(=O)C([H])([H])C(O[H])(C(=O)O)C([H])([H])C(=O)O,0,192.123,132.13,4,4,-1.2485,37.0912
[H]N=c1nc2n(c([H])c1[H])[C@]1([H])O[C@]([H])(C([H])([H])O[H])[C@@]([H])(O[H])[C@]1([H])O2,0,225.204,100.59,3,7,-1.62583,49.5003
[H]N(C(=O)C([H])([H])[H])C([H])([H])C([H])([H])SP(=S)(OC([H])([H])[H])OC([H])([H])[H],0,243.29,47.56,1,5,1.373,59.4447
[H]OC([H])([H])[C@@]([H])(N([H])C(=O)C([H])(Cl)Cl)[C@]([H])(O[H])c1c([H])c([H])c(S(=O)(=O)C([H])([H])[H])c([H])c1[H],0,356.227,103.7,3,5,0.4043,79.0221
[H]C([H])([H])C([H])([H])N(C(=S)S)C([H])([H])C([H])([H])[H],0,149.284,3.24,1,1,1.5429,44.505
[H]C1=C([H])[C@@]([H])(N(C([H])([H])[H])C([H])([H])[H])[C@@](C(=O)OC([H])([H])C([H])([H])[H])(c2c([H])c([H])c([H])c([H])c2[H])C([H])([H])C1([H])[H],0,273.376,29.54,0,3,2.7677,80.602
[H]c1c([H])c(Cl)c(OC([H])(C2=NC([H])([H])C([H])([H])N2[H])C([H])([H])[H])c(Cl)c1[H],0,259.136,33.62,1,3,2.7624,66.8567
[H]OC(=O)C([H])([H])c1c([H])c([H])c(OC([H])([H])C([H])=C([H])[H])c(Cl)c1[H],0,226.659,46.53,1,2,2.5319,58.4838
[H]C([H])([H])C(=O)OC([H])([H])[C@@]1(O[C@@]2([H])O[C@]([H])(C([H])([H])OC(=O)C([H])([H])[H])[C@@]([H])(OC(=O)C([H])(C([H])([H])[H])C([H])([H])[H])[C@]([H])(OC(=O)C([H])(C([H])([H])[H])C([H])([H])[H])[C@@]2([H])OC(=O)C([H])(C([H])([H])[H])C([H])([H])[H])O[C@]([H])(C([H])([H])OC(=O)C([H])(C([H])([H])[H])C([H])([H])[H])[C@@]([H])(OC(=O)C([H])(C([H])([H])[H])C([H])([H])[H])[C@]1([H])OC(=O)C([H])(C([H])([H])[H])C([H])([H])[H],0,846.917,238.09,0,19,2.9874,200.003
[H]C([H])=C(C#N)C([H])([H])[H],0,67.091,23.79,0,1,1.08608,20.427
[H]OC([H])(C([H])([H])[H])C([H])([H])Cl,0,94.541,20.23,1,1,0.606,22.4008
[H]OC(=O)C([H])([H])N(N=O)C([H])([H])C(=O)O[H],0,162.101,107.27,2,4,-0.861,32.6396
[H]c1c([H])c([H])c2c(c1[H])-c1c([H])c([H])c([H])c(N([H])C(=O)C([H])([H])[H])c1C2([H])[H],0,223.275,29.1,1,1,3.2162,68.9877
[H]c1c([H])c([H])c2c(c1[H])-c1c(N([H])C(=O)C([H])([H])[H])c([H])c([H])c([H])c1C2([H])[H],0,223.275,29.1,1,1,3.2162,68.9877
ClC(Cl)=C(Cl)c1c(Cl)c(Cl)c(Cl)c(Cl)c1Cl,0,379.712,0,0,0,7.2961,75.971
[H]C(=O)N([H])N([H])c1nc(-c2oc([H])c([H])c2[H])c([H])s1,0,209.23,67.16,2,5,1.476,52.6384
[H]c1c(Cl)c([H])c(-c2c([H])c(Cl)c([H])c(Cl)c2[H])c([H])c1Cl,0,291.992,0,0,0,5.9672,71.918
[H]c1c([H])c2c(c([H])c1Cl)Oc1c([H])c([H])c(Cl)c([H])c1O2,0,253.084,18.46,0,2,4.8914,63.052
[H]OC([H])([H])C(C([H])([H])[H])(C([H])([H])[H])C([H])([H])C([H])([H])C([H])([H])C([H])([H])C([H])([H])C([H])([H])C(C([H])([H])[H])(C([H])([H])[H])C([H])([H])O[H],0,230.392,40.46,2,2,3.364,69.4356
[H]OC(=O)[C@](N([H])[H])(C([H])([H])[H])C([H])([H])c1c([H])c([H])c(O[H])c(O[H])c1[H],0,211.217,103.78,4,4,0.4423,53.7038
[H]OC(=O)c1nn(C([H])([H])c2c([H])c([H])c(Cl)c([H])c2Cl)c2c([H])c([H])c([H])c([H])c12,0,321.163,55.12,1,3,4.0896,82.2563
[H]c1c([H])c([H])c(C([H])(C(=O)OC([H])([H])[H])C2([H])N(N=O)C([H])([H])C([H])([H])C([H])([H])C2([H])[H])c([H])c1[H],0,262.309,58.97,0,4,2.4791,71.339
[H]OC([H])([H])C([H])([H])N(c1nc(-c2sc([H])c([H])c2[H])nc2c([H])c([H])c([H])c([H])c12)C([H])([H])C([H])([H])O[H],0,315.398,69.48,2,6,2.1493,89.2356
[H]c1nc([H])c(-c2ssc(=S)c2C([H])([H])[H])nc1[H],0,226.351,25.78,0,5,3.30451,58.793
[H]c1nc(C([H])([H])SC([H])([H])C([H])([H])N=C(N([H])C#N)N(N=O)C([H])([H])[H])c(C([H])([H])[H])n1[H],0,281.345,109.53,2,6,0.9912,74.0954
[H]O[C@@]1([H])C([H])([H])C(=O)O[C@]([H])(C([H])([H])C([H])([H])[C@]2([H])[C@]3([H])C(=C([H])[C@]([H])(C([H])([H])[H])C([H])([H])[C@]3([H])OC(=O)[C@@]([H])(C([H])([H])[H])C([H])([H])C([H])([H])[H])C([H])=C([H])[C@]2([H])C([H])([H])[H])C1([H])[H],0,404.547,72.83,1,5,4.1955,110.8378
[H]OC(=O)[C@@]1([H])N(C(=O)[C@@]([H])(N([H])[C@]([H])(C(=O)OC([H])([H])C([H])([H])[H])C([H])([H])C([H])([H])c2c([H])c([H])c([H])c([H])c2[H])C([H])([H])[H])C([H])([H])c2c([H])c([H])c([H])c([H])c2C1([H])[H],0,438.524,95.94,2,5,2.5671,119.9015
[H]c1nc([H])n2c1C([H])([H])C([H])([H])C([H])([H])C2([H])c1c([H])c([H])c(C#N)c([H])c1[H],0,223.279,41.61,0,3,2.68048,64.461
[H]c1nn(C([H])([H])C(=O)N([H])C([H])([H])C([H])([H])C([H])([H])N(C([H])([H])C([H])([H])[H])C([H])([H])C([H])([H])[H])c(-c2c([H])c([H])c([H])c([H])c2[H])c1-c1c([H])c([H])c([H])c([H])c1[H],0,390.531,50.16,1,4,4.0652,118.5137
[H]C([H])([H])C([H])([H])C([H])([H])C([H])([H])C([H])([H])C([H])([H])C([H])([H])C([H])([H])C([H])([H])C([H])([H])[N+]([O-])(C([H])([H])[H])C([H])([H])[H],0,201.354,23.06,0,1,3.7013,62.9524
[H]C([H])=C([H])C([H])(OC([H])([H])C([H])([H])[H])OC([H])([H])C([H])([H])[H],0,130.187,18.46,0,2,1.5715,37.237
[H]Oc1c([H])c([H])c([H])c(-c2nc(=O)n(C([H])(C([H])([H])[H])C([H])([H])[H])c3c([H])c(C([H])([H])[H])c([H])c([H])c23)c1[H],0,294.354,55.12,1,4,3.65842,88.2258
[H]c1nc([H])c2c(c1[H])c1c([H])c([H])c([H])c([H])c1n2[H],0,168.199,28.68,1,1,2.7161,53.5997
[H]OC([H])([H])[C@@]1([H])O[C@@]([H])(n2nc([H])c(N([H])[H])nc2=O)[C@]([H])(O[H])[C@]1([H])O[H],0,244.207,143.72,4,9,-3.168,53.7138
[H]OC(c1nc([H])c([H])c([H])c1[H])(c1c([H])c([H])c([H])c([H])c1[H])C([H])([H])C([H])([H])C([H])([H])N1[C@@]([H])(C([H])([H])[H])C([H])([H])C([H])([H])C([H])([H])[C@@]1([H])C([H])([H])[H],0,338.495,36.36,1,3,4.3606,102.3928
[H]c1c([H])c([H])c(C([H])(c2c([H])c([H])c([H])c([H])c2[H])N2C([H])([H])C([H])(OC(=O)C3=C(N([H])[H])N([H])C(C([H])([H])[H])=C(C(=O)OC([H])(C([H])([H])[H])C([H])([H])[H])C3([H])c3c([H])c([H])c([H])c([N+](=O)[O-])c3[H])C2([H])[H])c([H])c1[H],0,582.657,137.03,2,9,4.6945,160.2945
[H]c1c([H])c(C([H])([H])C([H])([H])N([H])C([H])([H])[H])c([H])c(OC(=O)C([H])(C([H])([H])[H])C([H])([H])[H])c1OC(=O)C([H])(C([H])([H])[H])C([H])([H])[H],0,307.39,64.63,1,5,2.5713,85.0187
[H]c1c([H])c([H])c2c(c1[H])[C@]([H])(c1c([H])c([H])c(Cl)c(Cl)c1[H])C([H])([H])C([H])([H])[C@]2([H])N([H])C([H])([H])[H],0,306.236,12.03,1,1,5.1796,85.7817
[H]N([H])c1c(F)c(F)c(F)c(N([H])[H])c1F,0,180.104,52.04,2,2,1.4074,35.0988
[H]c1c([H])c(C([H])([H])[H])c(N([H])C(=O)C([H])([H])N2C(=O)C([H])([H])C([H])([H])C2([H])[H])c(C([H])([H])[H])c1[H],0,246.31,49.41,1,2,1.86434,70.3597
[H]OC(=O)C(OC([H])([H])c1c([H])c([H])c(-c2c([H])c([H])c(Cl)c([H])c2[H])c([H])c1[H])(C([H])([H])[H])C([H])([H])[H],0,304.773,46.53,1,2,4.3868,83.3918
[H]c1c([H])c([H])c(C([H])(C(=O)N([H])C(=O)N([H])[H])C([H])([H])C([H])([H])[H])c([H])c1[H],0,206.245,72.19,2,2,1.3751,57.2001
[H]c1c([H])c([H])c(C([H])([H])C([H])([H])C([H])([H])N=C=S)c([H])c1[H],0,177.272,12.36,0,2,2.722,54.656
[H]c1c([H])c([H])c(C(=O)N(N=O)C([H])([H])[H])c(C(=O)N(N=O)C([H])([H])[H])c1[H],0,250.214,99.48,0,6,1.1934,62.219
[H]OC([H])([H])C([H])([H])N(c1c([H])c([H])c(N([H])[H])c([H])c1[H])C([H])([H])C([H])([H])O[H],0,196.25,69.72,3,4,0.0598,57.239
[H]C1([H])N2C([H])([H])C([H])([H])C([H])(C1([H])[H])[C@@]1(O[C@@]([H])(C([H])([H])[H])SC1([H])[H])C2([H])[H],0,199.319,12.47,0,3,1.5602,54.9
[H]OC([H])([H])[C@@]1([H])O[C@]([H])(OC([H])([H])[C@@]([H])(O[H])[C@@]([H])(O[H])[C@]([H])(O[H])[C@]([H])(O[H])C([H])([H])O[H])[C@]([H])(O[H])[C@@]([H])(O[H])[C@]1([H])O[H],0,344.313,200.53,9,11,-5.7612,70.8322
[H]c1nc([H])c([C@@]2([H])N(C([H])([H])[H])C([H])([H])C([H])([H])C2([H])[H])c([H])c1[H],0,162.236,16.13,0,2,1.8483,48.842
[H]N1C(=O)N([H])C(=O)C(C([H])([H])[H])(C([H])([H])[H])C1=O,0,156.141,75.27,2,3,-0.6214,35.4624
[H]OC([H])(C(=O)O)C([H])([H])[H],0,90.078,57.53,2,2,-0.5482,19.3166
[H]c1c([H])c([H])c(N([H])c2c([H])c([H])c(N([H])C3([H])C([H])([H])C([H])([H])C([H])([H])C([H])([H])C3([H])[H])c([H])c2[H])c([H])c1[H],0,266.388,24.06,2,2,5.1748,86.6624
[H]OC(=O)[C@@]([H])(N([H])[H])C([H])([H])SC([H])([H])C([H])([H])[H],0,149.215,63.32,2,3,0.1514,38.6102
[H]OC([H])([H])[C@@]1([H])O[C@@]([H])(N2C(=O)N([H])C(=O)C([H])([H])C2([H])[H])[C@]([H])(O[H])[C@]1([H])O[H],0,246.219,119.33,4,6,-2.6327,52.6221
[H]c1sc(N([H])N([H])[H])nc1-c1c([H])c([H])c([H])c([H])c1[H],0,191.259,50.94,2,4,2.0957,55.3601
[H]OC([H])([H])[C@@]1([H])O[C@@]([H])(N2C(=O)N([H])C(N([H])[H])=NC2([H])[H])[C@]([H])(O[H])[C@]1([H])O[H],0,246.223,140.64,5,7,-3.2772,54.6205
[H]c1c([H])c([H])c(C([H])([H])C([H])([H])C([H])([H])C([H])([H])C([H])([H])C([H])([H])N=C=S)c([H])c1[H],0,219.353,12.36,0,2,3.8923,68.507
[H]c1c([H])c([H])c(C([H])([H])N(C([H])([H])[H])C([H])([H])C(C([H])([H])[H])(C([H])([H])[H])C([H])([H])OC(=O)C2=C(C([H])([H])[H])N([H])C(C([H])([H])[H])=C(C(=O)OC([H])([H])[H])C2([H])c2c([H])c([N+](=O)[O-])c([H])c([H])c2F)c([H])c1[H],0,539.604,111.01,1,8,4.8431,143.8631
[H]c1c([H])c([H])c(N(C([H])([H])c2c([H])c([H])c([H])c([H])c2[H])C([H])([H])C([H])([H])OC(=O)C2=C(C([H])([H])[H])N([H])C(C([H])([H])[H])=C(P3(=O)OC([H])([H])C(C([H])([H])[H])(C([H])([H])[H])C([H])([H])O3)C2([H])c2c([H])c([H])c([H])c([N+](=O)[O-])c2[H])c([H])c1[H],0,631.666,120.24,1,9,7.3032,172.5576
[H]c1c([H])c([H])c(C2=NC([H])(C([H])([H])[H])c3nnc(C([H])([H])[H])n3-c3sc(C([H])([H])C([H])([H])c4c([H])c([H])c(C([H])([H])C([H])(C([H])([H])[H])C([H])([H])[H])c([H])c4[H])c([H])c32)c(Cl)c1[H],0,489.088,43.07,0,5,7.18632,141.871
[H]Oc1c(C([H])([H])[H])c([H])c(OC([H])([H])C([H])([H])C([H])([H])C([H])([H])C([H])([H])C([H])([H])[H])c(C([H])([H])[H])c1C([H])([H])[H],0,236.355,29.46,1,2,4.27656,71.9548
[H]OC(=O)[C@]([H])(Oc1c([H])c([H])c(Cl)c([H])c1Cl)C([H])([H])[H],0,235.066,46.53,1,2,2.8453,54.1878
[H]c1c([H])c([H])c(C([H])(c2c([H])c([H])c([H])c([H])c2[H])N2C([H])([H])C([H])([H])N(c3c([H])c([H])c(C([H])([H])C([H])([H])OC(=O)C4=C(C([H])([H])[H])N([H])C(C([H])([H])[H])=C(C(=O)OC([H])([H])[H])C4([H])c4c([H])c([H])c([H])c([N+](=O)[O-])c4[H])c([H])c3[H])C([H])([H])C2([H])[H])c([H])c1[H],0,686.809,114.25,1,9,6.7001,196.0071
[H]N1C(=O)N(N=O)C([H])([H])C([H])(C([H])([H])[H])C1=O,0,157.129,78.84,1,4,-0.1443,35.2037
[H]c1nc([H])c(N(N=O)C([H])([H])[H])c([H])c1[H],0,137.142,45.56,0,3,1.1992,38.435
[H]C1([H])SC([H])([H])N(N=O)C([H])([H])S1,0,150.228,32.67,0,4,1.3223,37.417
[H]Oc1c([H])c([H])c([C@@]([H])(O[H])C([H])([H])N([H])[C@]([H])(C([H])([H])[H])C([H])([H])C([H])([H])c2c([H])c([H])c([H])c([H])c2[H])c([H])c1C(=O)N([H])[H],0,328.412,95.58,4,4,2.1354,93.8122
[H]c1c(OC([H])([H])[H])c([H])c2oc(=O)c3c(c2c1OC([H])([H])[H])C([H])([H])C([H])([H])C3=O,0,260.245,65.74,0,5,1.9391,68.2395
[H]c1nc([H])c([H])c(N(N=O)C([H])([H])[H])c1[H],0,137.142,45.56,0,3,1.1992,38.435
[H]c1c([N+](=O)[O-])c([H])c(C(C([H])([H])[H])(C([H])([H])[H])C([H])([H])[H])c(OS(=O)(=O)C([H])([H])[H])c1[N+](=O)[O-],0,318.307,129.65,0,7,2.1389,73.9226
[H]OC(C(=O)OC(C#CC([H])([H])N(C([H])([H])C([H])([H])[H])C([H])([H])C([H])([H])[H])(C([H])([H])[H])C([H])([H])[H])(c1c([H])c([H])c([H])c([H])c1[H])C1([H])C([H])([H])C([H])([H])C([H])([H])C([H])([H])C1([H])[H],0,385.548,49.77,1,4,4.1215,112.6488
[H]OC1=C(OC([H])([H])C([H])([H])[H])[C@@]([H])([C@@]([H])(O[H])C([H])([H])O[H])OC1=O,0,204.178,96.22,3,6,-0.9289,44.2534
[H]C([H])(C(=O)C([H])([H])C([H])([H])C([H])([H])C([H])([H])C([H])([H])C([H])([H])C([H])([H])C([H])([H])C([H])([H])C([H])([H])C([H])([H])C([H])([H])C([H])([H])C([H])([H])C([H])([H])[H])C(=O)C([H])([H])C([H])([H])C([H])([H])C([H])([H])C([H])([H])C([H])([H])C([H])([H])C([H])([H])C([H])([H])C([H])([H])C([H])([H])C([H])([H])C([H])([H])C([H])([H])C([H])([H])[H],0,492.873,34.14,0,2,11.4773,155.255
[H]c1nc2c([H])c(Br)c([H])c(Br)c2c([H])c1[H],0,286.954,12.89,0,1,3.7598,57.143
[H]c1c([H])c(-c2c([H])c(Br)c(Br)c(Br)c2[H])c(Br)c(Br)c1Br,0,627.588,0,0,0,7.9286,98.078
[H]C([H])=C([H])C(=O)c1c([H])c([H])c2c(c1[H])OC([H])([H])O2,0,176.171,35.53,0,3,1.784,47.0925
[H]c1c(OC([H])([H])[H])c([H])c2oc(=O)c3c(c2c1OC([H])([H])[H])C([H])([H])C([H])([H])C3([H])[H],0,246.262,48.67,0,4,2.2989,67.613
[H]OC([H])([H])C([H])(C(=O)OC1([H])C([H])([H])[C@]2([H])N(C([H])([H])[H])[C@]([H])(C1([H])[H])C([H])([H])C2([H])[H])c1c([H])c([H])c([H])c([H])c1[H],0,289.375,49.77,1,4,1.9309,79.9558
[H]c1c([H])c([H])c(N([H])C(=O)C([H])(N=Nc2c([H])c([H])c(-c3c([H])c([H])c(N=NC([H])(C(=O)N([H])c4c([H])c([H])c([H])c([H])c4[H])C(=O)C([H])([H])[H])c(Cl)c3[H])c([H])c2Cl)C(=O)C([H])([H])[H])c([H])c1[H],0,629.504,141.78,2,8,8.0204,170.0114
[H]c1c([H])c(OC([H])([H])[H])c(=O)c([H])c2c1-c1c(OC([H])([H])[H])c(OC([H])([H])[H])c(OC([H])([H])[H])c([H])c1C([H])([H])C([H])([H])[C@]2([H])N([H])C([H])([H])[H],0,371.433,66.02,1,6,2.9549,104.4777
[H]O[C@]1(C([H])([H])C([H])([H])[H])C([H])([H])N2C([H])([H])C([H])([H])c3c(n([H])c4c([H])c([H])c([H])c([H])c34)[C@@](C(=O)OC([H])([H])[H])(c3c([H])c4c(c([H])c3OC([H])([H])[H])N(C([H])([H])[H])[C@@]3([H])[C@@](O[H])(C(=O)OC([H])([H])[H])[C@]([H])(OC(=O)C([H])([H])[H])[C@]5(C([H])([H])C([H])([H])[H])C([H])=C([H])C([H])([H])N6C([H])([H])C([H])([H])[C@]43[C@@]65[H])C([H])([H])[C@]([H])(C2([H])[H])C1([H])[H],0,810.989,154.1,3,12,3.9909,220.4283
[H]OC([H])([H])[C@@]1([H])[C@]([H])(C(=O)N([H])N([H])C([H])([H])C([H])([H])[H])[C@]([H])(c2c([H])c(OC([H])([H])[H])c(OC([H])([H])[H])c(OC([H])([H])[H])c2[H])c2c([H])c3c(c([H])c2[C@]1([H])O[H])OC([H])([H])O3,0,474.51,127.74,4,9,1.4854,121.351
[H]OC([H])([H])[C@@]1([H])O[C@@]([H])(OC(=O)[C@]2(C([H])([H])[H])C([H])([H])C([H])([H])C([H])([H])[C@]3(C([H])([H])[H])[C@]2([H])C([H])([H])C([H])([H])[C@]24C([H])([H])C(=C([H])[H])[C@](O[C@]5([H])O[C@]([H])(C([H])([H])O[H])[C@@]([H])(O[H])[C@]([H])(O[H])[C@@]5([H])O[C@]5([H])O[C@]([H])(C([H])([H])O[H])[C@@]([H])(O[H])[C@]([H])(O[H])[C@@]5([H])O[H])(C([H])([H])C([H])([H])[C@]23[H])C4([H])[H])[C@]([H])(O[H])[C@@]([H])(O[H])[C@]1([H])O[H],0,804.88,294.98,11,18,-2.9381,186.3958
[H]OC([H])([H])C([H])(N([H])[C@@]1([H])C([H])([H])[C@](O[H])(C([H])([H])O[H])[C@@]([H])(O[H])[C@]([H])(O[H])[C@@]1([H])O[H])C([H])([H])O[H],0,267.278,153.64,8,8,-4.4924,59.5563
[H]OC(=O)/C([H])=C(C(/[H])=C([H])/C([H])=C(C(/[H])=C(\[H])C1=C(C([H])([H])[H])C([H])([H])C([H])([H])C([H])([H])C1(C([H])([H])[H])C([H])([H])[H])\C([H])([H])[H])\C([H])([H])[H],0,300.442,37.3,1,1,5.6026,93.7618
[H]C([H])([H])C([H])([H])C([H])([H])C([H])([H])C([H])(C([H])([H])OS(=O)(=O)O)C([H])([H])C([H])([H])[H],0,210.295,63.6,1,3,2.0222,50.8066
[H]C1(Cl)C2(Cl)C(Cl)(Cl)C3(Cl)C4([H])C5([H])C6([H])OC6([H])C([H])(C42[H])C5([H])C13Cl,0,380.913,12.53,0,1,3.6169,75.941
[H]C(=O)/C([H])=C(\[H])c1c([H])c([H])c([H])c([H])c1[H],0,132.162,17.07,0,1,1.8987,41.54
[H]C(=O)/C([H])=C(\C([H])([H])[H])C([H])([H])C([H])([H])C([H])=C(C([H])([H])[H])C([H])([H])[H],0,152.237,17.07,0,1,2.878,48.486
[H]OC(=O)/C([H])=C([H])/C([H])=C(\[H])C([H])([H])[H],0,112.128,37.3,1,1,1.2033,31.5898
[H]OC([H])([H])[C@]([H])(C(=O)OC1([H])C([H])([H])[C@]2([H])N(C([H])([H])[H])[C@]([H])(C1([H])[H])[C@@]1([H])O[C@]12[H])c1c([H])c([H])c([H])c([H])c1[H],0,303.358,62.3,1,5,0.9181,79.3828
[H]c1c([H])c([H])c(N([H])C(=S)N([H])[H])c([H])c1[H],0,152.222,38.05,2,1,1.3421,46.8501
[H]N(C(=S)N([H])C1([H])C([H])([H])C([H])([H])C([H])([H])C([H])([H])C1([H])[H])C1([H])C([H])([H])C([H])([H])C([H])([H])C([H])([H])C1([H])[H],0,240.416,24.06,2,1,3.1159,72.6154
[H]c1c(C(=O)O)n([H])c(=O)n([H])c1=O,0,156.097,103.02,3,3,-1.2386,34.6427
[H]C(=C(C([H])([H])[H])C([H])([H])[H])C([H])([H])C([H])([H])/C(=C(\[H])C([H])([H])OC(=O)C([H])([H])[H])C([H])([H])[H],0,196.29,26.3,0,2,3.2422,59.055
[H]N(C(=S)N([H])C([H])([H])[H])C([H])([H])[H],0,104.178,24.06,2,1,-0.2899,30.7174
[H]Oc1c([H])c(-c2c([H])c([H])c([H])c([H])c2[H])c([H])c([H])c1N([H])C(=O)C([H])([H])[H],0,227.263,49.33,2,2,3.0176,67.8465
[H]C(=O)N(/C(=C(\SC(=O)c1c([H])c([H])c([H])c([H])c1[H])C([H])([H])C([H])([H])OC(=O)c1c([H])c([H])c([H])c([H])c1[H])C([H])([H])[H])C([H])([H])c1c([H])nc(C([H])([H])[H])nc1N([H])[H],0,490.585,115.48,1,8,4.37782,135.1934
[H]N(C1([H])C([H])([H])C([H])([H])C([H])([H])C([H])([H])C1([H])[H])S(=O)(=O)O,0,179.241,66.4,2,2,0.7115,41.5573
[H]c1c([H])c([H])c(-c2c3c([H])c(I)c(=O)c(I)c-3oc3c(I)c(O)c(I)c([H])c23)c(C(=O)O)c1[H],0,835.895,87.74,2,4,6.387,144.0341
[H]Oc1c([H])c([H])c2c([H])c([H])c([H])c([H])c2c1N=Nc1c([H])c([H])c2c([H])c([H])c([H])c([H])c2c1S(=O)(=O)O,0,378.409,99.32,2,5,5.3607,103.5514
[H]OC(=O)C([H])([H])N([H])C([H])([H])C(=O)O,0,133.103,86.63,3,3,-1.2548,28.1413
[H]Oc1c(N=Nc2c([H])c([H])c(S(=O)(=O)O)c3c([H])c([H])c([H])c([H])c23)c([H])c(S(=O)(=O)O)c2c([H])c([H])c([H])c([H])c12,0,458.473,153.69,3,7,4.6074,113.366
[H]OC(=O)C([H])([H])C([H])([H])C(=O)O,0,118.088,74.6,2,2,-0.0642,24.5056
[H]c1nc(C([H])(c2c([H])c([H])c(Cl)c([H])c2[H])C([H])([H])C([H])([H])[N+]([H])(C([H])([H])[H])C([H])([H])[H])c([H])c([H])c1[H],0,275.803,17.33,1,1,2.4015,79.8267
[H]Oc1c(C2=Nc3c([H])c([H])c(S(=O)(=O)O)c([H])c3C2=O)n([H])c2c([H])c([H])c(S(=O)(=O)O)c([H])c12,0,422.396,174.19,4,7,1.684,96.5622
[H]c1c(OC([H])([H])[H])c([H])c2oc(=O)c3c(c2c1OC([H])([H])[H])C(=O)C([H])([H])C3([H])[H],0,260.245,65.74,0,5,1.9391,68.2395
[H]Oc1c(N=Nc2c([H])c([H])c(N=Nc3c([H])c([H])c(S(=O)(=O)O)c([H])c3[H])c3c([H])c([H])c(S(=O)(=O)O)c([H])c23)c(S(=O)(=O)O)c([H])c2c(S(=O)(=O)O)c([H])c([H])c(N([H])C(=O)C([H])([H])[H])c12,0,779.765,316.25,6,14,5.4746,177.9169
[H]C1=C([H])C(=[N+](C([H])([H])c2c([H])c([H])c([H])c(S(=O)(=O)O)c2[H])C([H])([H])C([H])([H])[H])C([H])=C([H])C1=C(c1c([H])c([H])c(N(C([H])([H])c2c([H])c([H])c([H])c(S(=O)(=O)O)c2[H])C([H])([H])C([H])([H])[H])c([H])c1[H])c1c([H])c([H])c([H])c([H])c1S(=O)(=O)[O-],0,748.901,172.19,2,8,5.7121,193.8988
[H]c1c(C([H])([H])[H])c([H])c(S(=O)(=O)O)c([H])c1C([H])([H])[H],0,186.232,54.37,1,2,1.55014,45.7306
[H]Oc1c([H])c([H])c(C(=C2C([H])=C([H])C(=[N+](C([H])([H])c3c([H])c([H])c([H])c(S(=O)(=O)O)c3[H])C([H])([H])C([H])([H])[H])C([H])=C2[H])c2c([H])c([H])c(N(C([H])([H])c3c([H])c([H])c([H])c(S(=O)(=O)O)c3[H])C([H])([H])C([H])([H])[H])c([H])c2[H])c(S(=O)(=O)[O-])c1[H],0,764.9,192.42,3,9,5.4177,195.5636
[H]c1c([H])c(N(C([H])([H])[H])C([H])([H])[H])c([H])c([H])c1N=NS(=O)(=O)O,0,229.261,82.33,1,4,1.6391,56.8336
[H]c1c([H])c(N(C([H])([H])C([H])([H])C([H])([H])[H])C([H])([H])C([H])([H])C([H])([H])[H])c([H])c([H])c1N=Nc1c([H])c([H])[n+]([O-])c([H])c1[H],0,298.39,54.9,0,4,4.3618,88.815
[H]OC(=O)C([H])([H])N(C([H])([H])C(=O)O)C([H])([H])C([H])([H])N(C([H])([H])C(=O)O)C([H])([H])C(=O)O,0,292.244,155.68,4,6,-2.0712,63.4232
[H]/C(C(=O)OC([H])([H])C([H])([H])[H])=C(\[H])C(=O)OC([H])([H])C([H])([H])[H],0,172.18,52.6,0,4,0.6688,42.406
[H]/C(C1=C(C([H])([H])[H])C([H])([H])C([H])([H])C([H])([H])C1(C([H])([H])[H])C([H])([H])[H])=C([H])\C(=C([H])\C([H])=C([H])\C(=C([H])\C([H])=C([H])\C([H])=C(C(\[H])=C([H])\C([H])=C(C(\[H])=C(/[H])C1=C(C([H])([H])[H])C([H])([H])C([H])([H])C([H])([H])C1(C([H])([H])[H])C([H])([H])[H])/C([H])([H])[H])/C([H])([H])[H])C([H])([H])[H])C([H])([H])[H],0,536.888,0,0,0,12.6058,181.392
[H]/C(C1=C(C([H])([H])[H])C([H])([H])C([H])([H])C([H])([H])C1(C([H])([H])[H])C([H])([H])[H])=C([H])\C(=C([H])\C([H])=C([H])\C(=C(/[H])C([H])([H])OC(=O)C([H])([H])C([H])([H])C([H])([H])C([H])([H])C([H])([H])C([H])([H])C([H])([H])C([H])([H])C([H])([H])C([H])([H])C([H])([H])C([H])([H])C([H])([H])C([H])([H])C([H])([H])[H])C([H])([H])[H])C([H])([H])[H],0,524.874,26.3,0,2,11.5425,167.397
[H]Oc1c([H])c([H])c(-c2oc3c([H])c(O[H])c([H])c(O[H])c3c(=O)c2O[C@]2([H])O[C@]([H])(C([H])([H])O[C@]3([H])O[C@@]([H])(C([H])([H])[H])[C@]([H])(O[H])[C@@]([H])(O[H])[C@@]3([H])O[H])[C@@]([H])(O[H])[C@]([H])(O[H])[C@@]2([H])O[H])c([H])c1O[H],0,610.521,269.43,10,16,-1.6871,140.196
[H]Oc1c(O[H])c2oc(=O)c3c([H])c(O[H])c(O[H])c4oc(=O)c(c1[H])c2c43,0,302.194,141.34,4,8,1.3128,73.8772
[H]Oc1c([H])c([H])c(/C([H])=C(\[H])C(=O)O[C@@]2([H])C([H])([H])C([H])([H])[C@]34C([H])([H])[C@]35C([H])([H])C([H])([H])[C@]3(C([H])([H])[H])[C@@]([H])([C@]([H])(C([H])([H])[H])C([H])([H])C([H])([H])C([H])=C(C([H])([H])[H])C([H])([H])[H])C([H])([H])C([H])([H])[C@@]3(C([H])([H])[H])[C@]5([H])C([H])([H])C([H])([H])[C@@]4([H])C2(C([H])([H])[H])C([H])([H])[H])c([H])c1OC([H])([H])[H],0,602.9,55.76,1,4,10.1474,178.2858
[H]OC(C([H])([H])[H])(C([H])([H])/C([H])=C(\[H])[C@@]1([H])[C@]([H])(O[H])C([H])([H])C(=O)[C@]1([H])C([H])([H])C([H])([H])C([H])([H])C([H])([H])C([H])([H])C([H])([H])C(=O)OC([H])([H])[H])C([H])([H])C([H])([H])C([H])([H])C([H])([H])[H],0,382.541,83.83,2,5,3.9536,106.2346
[H]/C(=C(\c1nc([H])c([H])c([H])c1[H])c1c([H])c([H])c(C([H])([H])[H])c([H])c1[H])C([H])([H])N1C([H])([H])C([H])([H])C([H])([H])C1([H])[H],0,278.399,16.13,0,2,3.91752,88.169
[H]OC(C([H])([H])[H])(C([H])([H])[H])[C@]([H])(O[H])C([H])([H])C([H])([H])[C@@]([H])(C([H])([H])[H])[C@@]1([H])C([H])([H])C([H])([H])[C@@]2([H])/C(=C([H])/C([H])=C3\C(=C([H])[H])C([H])([H])C([H])([H])[C@]([H])(O[H])C3([H])[H])C([H])([H])C([H])([H])C([H])([H])[C@]12C([H])([H])[H],0,416.646,60.69,3,3,5.7047,124.0384
[H]C([H])([H])C([H])([H])C([H])([H])C([H])(Cl)C([H])([H])C([H])([H])C([H])(Cl)C([H])([H])C([H])([H])C([H])(Cl)C([H])([H])C([H])([H])C([H])(Cl)C([H])([H])C([H])([H])C([H])(Cl)C([H])([H])C([H])([H])C([H])(Cl)C([H])([H])C([H])([H])C([H])(Cl)C([H])([H])[H],0,565.752,0,0,0,10.7394,143.473
[H]O[C@@]1([H])C([H])=C([H])[C@]2([H])[C@]34c5c(c(OC([H])([H])[H])c([H])c([H])c5C([H])([H])[C@@]2([H])N(C([H])([H])[H])C([H])([H])C3([H])[H])O[C@]41[H],0,299.37,41.93,1,4,1.5011,82.4638
[H]OC1=C(OC([H])([H])C(=O)C([H])([H])C([H])([H])C([H])([H])C([H])([H])C([H])([H])C([H])([H])C([H])([H])C([H])([H])C([H])([H])C([H])([H])C([H])([H])C([H])([H])[H])[C@@]([H])([C@@]([H])(O[H])C([H])([H])O[H])OC1=O,0,386.485,113.29,3,7,2.9313,100.0474
[H]OC([H])([H])[C@@]12C([H])(O[H])C(=O)C(C([H])([H])[H])=C([H])C1([H])OC1([H])[C@]3(OC3([H])[H])[C@]2(C([H])([H])[H])[C@]([H])(OC(=O)C([H])([H])[H])[C@@]1([H])O[H],0,354.355,125.82,3,8,-1.2961,81.3014
[H]OOC([H])(/C([H])=C([H])/C([H])=C(/[H])C([H])([H])C([H])([H])C([H])([H])C([H])([H])C([H])([H])C([H])([H])C([H])([H])C(=O)OC([H])([H])[H])C([H])([H])C([H])([H])C([H])([H])C([H])([H])C([H])([H])[H],0,326.477,55.76,1,4,5.441,94.2588
[H]/C(=C(\[H])C([H])([H])C([H])([H])C([H])([H])C([H])([H])C([H])([H])[H])C([H])([H])/C([H])=C(/[H])C([H])([H])C([H])([H])C([H])([H])C([H])([H])C([H])([H])C([H])([H])C([H])([H])C(=O)OC([H])([H])[H],0,294.479,26.3,0,2,5.9729,91.374
[H]OC(=O)C([H])([H])C([H])([H])C([H])([H])C([H])([H])/C([H])=C(/c1c([H])nc([H])c([H])c1[H])c1c([H])c([H])c([H])c([H])c1[H],0,281.355,50.19,1,2,4.1583,83.8618
[H]Oc1c([H])c([H])c(/C([H])=C(\[H])C(=O)OC([H])([H])C([H])([H])c2c([H])c([H])c([H])c([H])c2[H])c([H])c1OC([H])([H])[H],0,298.338,55.76,1,4,3.1999,84.7978
[H]OC(=O)[C@]1([H])[C@@]([H])(O[H])C([H])([H])[C@]2(O[H])O[C@@]1([H])C([H])([H])[C@@]([H])(O[C@]1([H])O[C@]([H])(C([H])([H])[H])[C@@]([H])(O[H])[C@]([H])(N([H])[H])[C@]1([H])O[H])/C([H])=C([H])/C([H])=C([H])/C([H])=C([H])/C([H])=C(\[H])C([H])([H])[C@@]([H])(C([H])([H])[H])OC(=O)/C([H])=C(\[H])[C@@]1([H])O[C@]1([H])C([H])([H])[C@]([H])(O[H])C2([H])[H],0,665.733,230.99,7,13,0.1197,165.1592
[H]OC([H])([H])C([H])([H])OC1([H])OC([H])(C([H])(OC([H])([H])C([H])([H])O[H])C([H])([H])OC([H])([H])C([H])([H])OC(=O)C([H])([H])C([H])([H])C([H])([H])C([H])([H])C([H])([H])C([H])([H])C([H])([H])/C([H])=C(\[H])C([H])([H])C([H])([H])C([H])([H])C([H])([H])C([H])([H])C([H])([H])C([H])([H])C([H])([H])[H])C([H])(OC([H])([H])C([H])([H])O[H])C1([H])[H],0,604.822,133.14,3,10,4.4626,161.1974
[H]/C(=C(/[H])[N+](=O)[O-])c1c([H])c([H])c([H])c([H])c1[H],0,149.149,43.14,0,2,1.934,42.4704
[H]O[C@]1(C([H])([H])[H])C([H])([H])[C@]([H])(O[C@@]2([H])[C@]([H])(N(C([H])([H])[H])C([H])([H])[H])[C@@]([H])(O[H])[C@]([H])(O[C@]3([H])C([H])(OC([H])([H])[H])[C@]([H])(OC(=O)C([H])([H])[H])C([H])([H])C(=O)O[C@]([H])(C([H])([H])[H])C([H])([H])/C([H])=C([H])/C([H])=C(\[H])[C@]([H])(O[H])[C@]([H])(C([H])([H])[H])C([H])([H])[C@]3([H])C([H])([H])C([H])=O)O[C@]2([H])C([H])([H])[H])O[C@@]([H])(C([H])([H])[H])[C@@]1([H])OC(=O)C([H])([H])C([H])(C([H])([H])[H])C([H])([H])[H],0,828.006,206.05,3,16,3.0134,209.8514
[H]/C(=N/OC(=O)N([H])C([H])([H])[H])C(SC([H])([H])[H])(C([H])([H])[H])C([H])([H])[H],0,190.268,50.69,1,4,1.4698,51.6267
[H]N(C(=O)O/N=C(/SC([H])([H])[H])C(=O)N(C([H])([H])[H])C([H])([H])[H])C([H])([H])[H],0,219.266,71,1,5,0.1071,55.1847
[H]/C(=C(\[H])C([H])([H])C([H])([H])C([H])([H])C([H])([H])C([H])([H])C([H])([H])C([H])([H])C([H])([H])[H])C([H])([H])C([H])([H])C([H])([H])C([H])([H])C([H])([H])C([H])([H])C([H])([H])C(=O)O,0,282.468,37.3,1,1,6.1085,87.0878
[H]OC(=O)C([H])([H])C1=C(C([H])([H])[H])/C(=C(\[H])c2c([H])c([H])c(S(=O)(=O)C([H])([H])[H])c([H])c2[H])c2c([H])c([H])c(F)c([H])c21,0,372.417,71.44,1,3,4.0316,98.6696
[H]O/N=C(\c1oc([N+](=O)[O-])c([H])c1[H])N([H])[H],0,171.112,114.89,2,5,0.2823,37.8733
[H]/C(=N/N([H])C(=O)N([H])[H])c1oc([H])c([H])c1[H],0,153.141,80.62,2,3,0.2818,39.0211
[H]/C(=C(/[H])c1c([H])c([H])c(N([H])[H])c([H])c1S(=O)(=O)O)c1c([H])c([H])c(N([H])[H])c([H])c1S(=O)(=O)O,0,370.408,160.78,4,6,1.5148,90.266
[H]O/N=C(/[H])C([H])=C([H])[H],0,71.079,32.59,1,2,0.6324,20.4755
[H]O[C@@]1([H])[C@]([H])(C([H])([H])[H])O[C@@]([H])(O[C@@]2([H])[C@]([H])(C([H])([H])[H])O[C@@]([H])(O[C@]3([H])/C(C([H])([H])[H])=C(\[H])C([H])([H])[C@@]4([H])O[C@]5(O[C@]([H])([C@@]([H])(C([H])([H])[H])C([H])([H])C([H])([H])[H])[C@@]([H])(C([H])([H])[H])C([H])([H])C5([H])[H])C([H])([H])[C@@]([H])(OC(=O)[C@]5([H])C([H])=C(C([H])([H])[H])[C@@]([H])(O[H])[C@@]6([H])OC([H])([H])/C(=C([H])\C([H])=C(/[H])[C@]3([H])C([H])([H])[H])[C@@]56O[H])C4([H])[H])C([H])([H])[C@]2([H])OC([H])([H])[H])C([H])([H])[C@]1([H])OC([H])([H])[H],0,875.106,170.06,3,14,5.6014,227.3994
[H]c1c([H])c([H])c(OC([H])([H])C(=O)N([H])[C@]2([H])C(=O)N3[C@]2([H])SC(C([H])([H])[H])(C([H])([H])[H])[C@]3([H])C(=O)O)c([H])c1[H],0,350.396,95.94,2,5,0.6971,87.5955
[H]OC([H])(OC([H])(O[H])C([H])([H])C([H])([H])[H])C([H])([H])C([H])([H])[H],0,134.175,49.69,2,3,0.4598,33.6806
[H]OC(=O)C([H])([H])C([H])([H])[C@@]([H])(C(=O)O)N([H])[H],0,147.13,100.62,3,3,-0.7369,32.481
[H]OC(=O)C([H])([H])[C@@]([H])(C(=O)O)N([H])[H],0,133.103,100.62,3,3,-1.127,27.864
CCCC[Sn](CCCC)(OC(=O)C)OC(=O)C,0,351.031,52.6,0,4,3.155,68.716
[H]C1=C2[C@@]([H])(c3c([H])c([H])c(OS(=O)(=O)O)c([H])c3C1([H])[H])C([H])([H])C([H])([H])[C@]1(C([H])([H])[H])C(=O)C([H])([H])C([H])([H])[C@@]21[H],0,348.42,80.67,1,4,3.2135,88.2186
[H]C1=C([H])[C@@]2([H])C([H])([H])C1([H])[C@]1([H])C3(Cl)C(Cl)=C(Cl)[C@@](Cl)(C3(Cl)Cl)[C@@]12[H],0,364.914,0,0,0,5.2702,78.054
[H]C1([H])[C@]2([H])C3(Cl)C(Cl)=C(Cl)[C@](Cl)(C3(Cl)Cl)[C@]2([H])[C@@]([H])(Cl)[C@]1([H])Cl,0,409.782,0,0,0,5.6828,81.216
[H]c1c(Cl)c([H])c2c(c1C(=O)N([H])C1([H])C([H])([H])C3([H])N(C([H])([H])[H])[C@]([H])(C([H])([H])C3([H])[H])C1([H])[H])OC(C([H])([H])[H])(C([H])([H])[H])C2([H])[H],0,348.874,41.57,1,3,3.4085,94.9242
[H]O[C@]1(C([H])([H])[H])C([H])([H])[C@@]([H])(C([H])([H])[H])C(=O)[C@]([H])(C([H])([H])[H])[C@@]([H])(O[H])[C@@](O[H])(C([H])([H])[H])[C@@]([H])(C([H])([H])C([H])([H])[H])OC(=O)[C@]([H])(C([H])([H])[H])[C@@]([H])(O[C@]2([H])O[C@@]([H])(C([H])([H])[H])[C@]([H])(O[H])[C@@](OC([H])([H])[H])(C([H])([H])[H])C2([H])[H])[C@]([H])(C([H])([H])[H])[C@@]1([H])O[C@]1([H])O[C@]([H])(C([H])([H])[H])C([H])([H])[C@]([H])([N+]([H])(C([H])([H])[H])C([H])([H])[H])[C@@]1([H])O[H],0,734.945,195.11,6,13,0.3685,185.3817
[H]OC1=C(O[H])[C@@]([H])([C@@]([H])(O[H])C([H])([H])O[H])OC1=O,0,176.124,107.22,4,6,-1.4074,35.2562
[H]OC1=C(C(=O)N([H])c2nc([H])c([H])c([H])c2[H])N(C([H])([H])[H])S(=O)(=O)c2c([H])c([H])c([H])c([H])c21,0,331.353,99.6,2,5,1.581,83.8063
[H]OC1=C(C(=O)N([H])c2nc([H])c(C([H])([H])[H])s2)N(C([H])([H])[H])S(=O)(=O)c2c([H])c([H])c([H])c([H])c21,0,351.409,99.6,2,6,1.95092,86.4203
[H]OC1=C(C(=O)N([H])c2nc([H])c([H])c([H])c2[H])N(C([H])([H])[H])S(=O)(=O)c2c1sc(Cl)c2[H],0,371.827,99.6,2,6,2.2959,86.6933
[H]OC1C(=O)C(=O)OC1([H])C([H])(O[H])C([H])([H])O[H],0,176.124,104.06,3,6,-2.805,33.9864
[H]OC1=C(O[H])[C@@]([H])([C@]([H])(O[H])C([H])([H])O)OC1=O,0,176.124,107.22,4,6,-1.4074,35.2562
[H]c1c([H])c(S(=O)(=O)O)c([H])c([H])c1C([H])(C([H])([H])[H])C([H])([H])C([H])([H])C([H])([H])C([H])([H])C([H])([H])C([H])([H])C([H])([H])C([H])([H])C([H])([H])C([H])([H])[H],0,326.502,54.37,1,2,5.5676,91.8986
[H]O[C@@]1([H])[C@@]([H])(O[H])[C@]([H])(n2c([H])nc3c(=O)n([H])c([H])nc32)O[C@]1([H])C([H])([H])OP(=O)(O)O,0,348.208,180.02,5,9,-2.1519,72.0684
[H]c1nc2nc(N([H])[H])n([H])c(=O)c2n1C([H])([H])[H],0,165.156,89.59,2,5,-0.7612,43.5421
[H]Oc1c2c(C([H])=NN3C([H])([H])C([H])([H])N(C([H])([H])[H])C([H])([H])C3([H])[H])c(O[H])c3c4c(c(C([H])([H])[H])c(O[H])c13)O[C@](C([H])([H])[H])(O/C([H])=C(\[H])[C@]([H])(OC([H])([H])[H])[C@@]([H])(C([H])([H])[H])[C@@]([H])(OC(=O)C([H])([H])[H])[C@]([H])(C([H])([H])[H])[C@]([H])(O[H])[C@]([H])(C([H])([H])[H])[C@@]([H])(O[H])[C@@]([H])(C([H])([H])[H])/C([H])=C([H])/C([H])=C(/C([H])([H])[H])C(=O)N2[H])C4=O,0,822.953,220.15,6,15,4.33542,220.4792
[H]N=C1OC([H])(c2c([H])c([H])c([H])c([H])c2[H])C(=O)N1[H],0,176.175,62.18,2,3,0.80887,46.1374
[H]OC([H])([H])C([H])([H])Cl,0,80.514,20.23,1,1,0.2175,17.8058
[H]OC([H])([H])C([H])([H])O[H],0,62.068,40.46,2,2,-1.029,14.1716
[H]OC(=O)C([H])([H])Cl,0,94.497,37.3,1,1,0.3098,18.3558
[H]OC(=O)c1c([H])c([H])c([H])c([H])c1O[H],0,138.122,57.53,2,2,1.0904,35.0661
[H]Oc1c([H])c([H])c([H])c([H])c1OC([H])([H])[H],0,124.139,29.46,1,2,1.4008,34.6588
[H]OC([H])([H])C(=O)C([H])([H])O[H],0,90.078,57.53,2,3,-1.4599,19.1786
[H]OC(=O)C([H])([H])N([H])[H],0,75.067,63.32,2,2,-0.9703,16.6902
[H]OC(=O)C([H])([H])O[H],0,76.051,57.53,2,2,-0.9367,14.7216
[H]Oc1c([H])c([H])c([N+](=O)[O-])c([H])c1[H],0,139.11,63.37,1,3,1.3004,34.7612
[H]OC([H])([H])C([H])([H])C([H])([H])[H],0,60.096,20.23,1,1,0.3887,17.3768
[H]OC(=O)C([H])([H])C([H])([H])C([H])([H])Oc1c([H])c([H])c(Cl)c([H])c1Cl,0,249.093,46.53,1,2,3.237,58.8268
[H]c1c([H])c([H])c2c(c1[H])c(=O)n([H])c1c([H])c([H])c([H])c([H])c21,0,195.221,32.86,1,1,2.6813,62.0747
[H]N(C(=O)C([H])([H])[H])P(=O)(OC([H])([H])[H])SC([H])([H])[H],0,183.169,55.4,1,4,1.24,41.9472
[H]C(=NOC(=O)N([H])C([H])([H])[H])C(SC([H])([H])[H])(C([H])([H])[H])C([H])([H])[H],0,190.268,50.69,1,4,1.4698,51.6267
[H]c1c([H])c(OC(=O)N([H])C([H])([H])[H])c2c(c1[H])OC(C([H])([H])[H])(C([H])([H])[H])O2,0,223.228,56.79,1,4,1.9121,56.8607
[H]c1c([H])c(OC(=O)N([H])C([H])([H])[H])c2c(c1[H])C([H])([H])C(C([H])([H])[H])(C([H])([H])[H])O2,0,221.256,47.56,1,3,2.1183,59.9367
[H]C([H])([H])C([H])([H])OP(=S)(OC([H])([H])C([H])([H])[H])SC([H])([H])C([H])([H])SC([H])([H])C([H])([H])[H],0,274.413,18.46,0,5,3.7702,72.994
[H]C([H])([H])C([H])([H])OP(=O)(SC([H])([H])C([H])([H])C([H])([H])[H])SC([H])([H])C([H])([H])C([H])([H])[H],0,242.346,26.3,0,4,4.4174,64.7305
[H]N([H])C([H])([H])C([H])([H])N([H])[H],0,60.1,52.04,2,2,-1.0962,18.1088
[H]c1c([H])c(S(=O)(=O)N([H])C(=O)N([H])C2([H])C([H])([H])C([H])([H])C([H])(C([H])([H])[H])C([H])([H])C2([H])[H])c([H])c([H])c1C([H])([H])C([H])([H])N([H])C(=O)N1C(=O)C(C([H])([H])C([H])([H])[H])=C(C([H])([H])[H])C1([H])[H],0,490.626,124.68,3,5,3.074,128.5219
[H]C(F)(F)OC([H])(Cl)C(F)(F)F,0,184.491,9.23,0,1,2.3528,22.785
[H]OC(=O)c1c([H])n(C([H])([H])C([H])([H])[H])c2c([H])c(N3C([H])([H])C([H])([H])N([H])C([H])([H])C3([H])[H])c(F)c([H])c2c1=O,0,319.336,74.57,2,5,1.2683,85.882
[Cl-].[K+],0,74.551,0,0,0,-5.992,0
[H]c1c([H])c([H])c(OC([H])(C([H])([H])[H])C([H])([H])[H])c(OC(=O)N([H])C([H])([H])[H])c1[H],0,209.245,47.56,1,3,2.192,57.2897
C1=CC(=C(C=C1[As](=O)(O)O)[N+](=O)[O-])O,0,263.037,120.9,3,4,-1.1386,45.2733
[F-].[Na+],0,41.988,0,0,0,-5.992,0
[H]Oc1c([H])c(Cl)c([H])c([H])c1Oc1c([H])c([H])c(Cl)c([H])c1Cl,0,289.545,29.46,1,2,5.1447,69.6528
[H]OC([H])([H])C([H])(N([H])C1([H])C([H])([H])C(O[H])(C([H])([H])O[H])C([H])(O[H])C([H])(O[H])C1([H])O[H])C([H])([H])O[H],0,267.278,153.64,8,8,-4.4924,59.5563
[H]Oc1c([H])c([H])c2c(c1[H])C([H])([H])C([H])([H])[C@@]1([H])[C@]3([H])C([H])([H])C([H])([H])C([H])([H])[C@@]3(C([H])([H])[H])C([H])([H])C([H])([H])[C@]21[H],0,256.389,20.23,1,1,4.6384,77.3408
[H]OC([H])([H])C(=O)[C@@]([H])(O[H])[C@]([H])(O[H])[C@]([H])(O[H])C([H])([H])O[H],0,180.156,118.22,5,6,-3.3772,37.199
[H]c1c([H])c([H])c(-n2c(=O)c(N(C([H])([H])[H])C([H])([H])[H])c(C([H])([H])[H])n2C([H])([H])[H])c([H])c1[H],0,231.299,30.17,0,4,1.55042,70.074
CC(CN1C2=CC=CC=C2SC3=CC=CC=C31)N(C)C.Cl,0,320.889,6.48,0,3,4.6612,94.41
[H]O[C@@]1([H])OC([H])([H])[C@@]([H])(O[H])[C@]([H])(O[H])[C@@]1([H])O[H],0,150.13,90.15,4,5,-2.5823,29.9792
CC(CC1=CC=CC=C1)N.CC(CC1=CC=CC=C1)N.OS(=O)(=O)O,0,368.499,126.64,4,4,2.4998,101.7682
CC(CNN)C1=CC=CC=C1.Cl,0,186.686,38.05,2,2,1.6752,54.2951
[H]OC([H])([H])[C@@]1([H])O[C@@]([H])(n2c([H])c([H])c(N([H])[H])nc2=O)[C@@]([H])(O[H])[C@]1([H])O[H],0,243.219,130.83,4,8,-2.563,55.9188
[H]C([H])([H])C#N,0,41.053,23.79,0,1,0.52988,11.287
[H]C([H])([H])C([H])(Cl)Cl,0,98.96,0,0,0,1.81,21.168
[H]C(I)(I)I,0,393.731,0,0,0,2.575,45.848
FC(Cl)(Cl)Cl,0,137.368,0,0,0,2.2836,21.398
FC(F)(Cl)Cl,0,120.913,0,0,0,2.0143,16.653
[H]Oc1c([H])c([H])c(N([H])c2c([H])c([H])c(C([H])([H])[H])c([H])c2[H])c2c1C(=O)c1c([H])c([H])c([H])c([H])c1C2=O,0,329.355,66.4,2,4,4.21962,95.8755
[H]c1nc2c([H])c([H])c3c([H])c([H])c([H])c([H])c3c2c([H])c1[H],0,179.222,12.89,0,1,3.388,59.249
[H]c1c([H])c([H])c2c(c1[H])c1c([H])c([H])c([H])c([H])c1n2C([H])([H])C([H])([H])[H],0,195.265,4.93,0,1,3.8144,65.118
[H]Oc1c(C([H])([H])c2c([H])c(C([H])([H])C([H])([H])[H])c([H])c(C(C([H])([H])[H])(C([H])([H])[H])C([H])([H])[H])c2O[H])c([H])c(C([H])([H])C([H])([H])[H])c([H])c1C(C([H])([H])[H])(C([H])([H])[H])C([H])([H])[H],0,368.561,40.46,2,2,6.4084,115.1756
[H]Oc1c([H])c([H])c(C(=O)OC([H])([H])C([H])([H])C([H])([H])C([H])([H])[H])c([H])c1[H],0,194.23,46.53,1,3,2.3491,53.2973
[H]C1([H])OC(=O)OC1([H])[H],0,88.062,35.53,0,3,0.1532,17.3
[H]c1c([H])c([H])c(C([H])(Cl)Cl)c([H])c1[H],0,161.031,0,0,0,3.1628,40.889
[H]C([H])=C([H])c1c([H])c([H])nc([H])c1[H],0,105.14,12.89,0,1,1.7246,34.328
[H]C([H])=C([H])c1nc([H])c([H])c([H])c1[H],0,105.14,12.89,0,1,1.7246,34.328
B(O)(O)O,0,61.833,60.69,3,3,-2.0518,12.4104
[H]OC([H])([H])C([H])([H])Oc1c([H])c([H])c(C([H])([H])C([H])([H])C([H])([H])C([H])([H])C([H])([H])C([H])([H])C([H])([H])C([H])([H])C([H])([H])[H])c([H])c1[H],0,264.409,29.46,1,2,4.3508,80.7198
[H]C(=O)C([H])=O,0,58.036,34.14,0,2,-0.6158,12.128
[H]OC([H])([H])C(Cl)(Cl)Cl,0,149.404,20.23,1,1,1.3489,27.3758
[H]OC([H])([H])C([H])([H])N(C(=O)C([H])([H])C([H])([H])C([H])([H])C([H])([H])C([H])([H])C([H])([H])C([H])([H])C([H])([H])C([H])([H])C([H])([H])C([H])([H])[H])C([H])([H])C([H])([H])O[H],0,287.444,60.77,2,3,2.7205,82.5956
C1=CC(=C(C=C1N)N)O.Cl.Cl,0,197.065,72.27,3,3,1.4002,51.4276
CN(C)CCOC(C1=CC=CC=C1)C2=CC=CC=C2.Cl,0,291.822,12.47,0,2,3.776,86.481
[H]C([H])(C(=O)O)C([H])([H])C(=O)O,0,118.088,74.6,2,2,-0.0642,24.5056
CN(C)CCN(CC1=CC=CC=C1)C2=CC=CC=N2.Cl,0,291.826,19.37,0,3,3.0716,87.531
[H]c1c([H])c([H])c2c(nc([H])c3c([H])c([H])c([H])c([H])c32)c1[H],0,179.222,12.89,0,1,3.388,59.249
[H]c1nc2c(c([H])c1[H])c([H])c([H])c1c([H])c([H])c([H])c([H])c12,0,179.222,12.89,0,1,3.388,59.249
[H]c1c([H])c([H])c2c([H])c3c([H])c([H])c([H])c([H])c3nc2c1[H],0,179.222,12.89,0,1,3.388,59.249
C(CN)N.Cl.Cl,0,133.022,52.04,2,2,-0.2526,32.6048
[H]C1=C([H])C(=O)C(c2c([H])c([H])c([H])c([H])c2[H])=C([H])C1=O,0,184.194,34.14,0,2,1.778,53.573
[H]N([H])C(=NC#N)N([H])[H],0,84.082,88.19,2,2,-1.25912,21.4228
[H]Oc1c(C(C([H])([H])[H])(C([H])([H])[H])C([H])([H])[H])c([H])c(OC([H])([H])[H])c([H])c1C(C([H])([H])[H])(C([H])([H])[H])C([H])([H])[H],0,236.355,29.46,1,2,3.9958,72.0588
[H]N1C([H])([H])SC([H])([H])C1([H])[H],0,89.163,12.03,1,2,0.2803,25.3277
[H]C([H])([H])N1C(=S)SC([H])([H])N(C([H])([H])[H])C1([H])[H],0,162.283,6.48,0,3,0.7967,45.449
CC(=O)[O-].CC(=O)[O-].[Ba+2],0,255.416,80.26,0,4,-2.8684,27.116
[H]Oc1c([H])c([H])c2c(c1Br)Oc1c(Br)c(O[H])c([H])c([H])c1C21OC(=O)c2c([H])c([H])c([H])c([H])c21,0,490.103,75.99,2,5,5.1908,103.4271
C1=CC(=CC=C1N)N.Cl.Cl,0,181.066,52.04,2,2,1.6946,49.7628
CCCCCCCCCCCCCCCCCC(=O)O.CC[C@@H]1[C@@]([C@@H]([C@H](C(=O)[C@@H](C[C@@]([C@@H]([C@H]([C@@H]([C@H](C(=O)O1)C)O[C@H]2C[C@@]([C@H]([C@@H](O2)C)O)(C)OC)C)O[C@H]3[C@@H]([C@H](C[C@H](O3)C)N(C)C)O)(C)O)C)C)O)(C)O,0,1018.421,231.21,6,15,8.1181,273.4398
[H]C([H])([H])C([H])(N=C=NC([H])(C([H])([H])[H])C([H])([H])[H])C([H])([H])[H],0,126.203,24.72,0,2,1.9771,40.135
[H]c1c([H])c([H])c(S(=O)(=O)N([H])C([H])([H])C([H])([H])SP(=S)(OC([H])(C([H])([H])[H])C([H])([H])[H])OC([H])(C([H])([H])[H])C([H])([H])[H])c([H])c1[H],0,397.524,64.63,1,6,3.7726,100.8155
[H]C([H])([H])C([H])([H])SC(=O)N(C([H])([H])C([H])([H])C([H])([H])[H])C([H])([H])C([H])([H])C([H])([H])[H],0,189.324,20.31,0,2,2.9815,55.683
CC(C(=O)[O-])O.CC(C(=O)[O-])O.[Ca+2],0,218.218,120.72,2,6,-4.1466,39.1296
[H]c1c([H])c([H])c(SP(=S)(OC([H])([H])C([H])([H])[H])C([H])([H])C([H])([H])[H])c([H])c1[H],0,246.337,9.23,0,3,4.1446,68.751
[H]C([H])([H])Oc1nn(C([H])([H])SP(=S)(OC([H])([H])[H])OC([H])([H])[H])c(=O)s1,0,302.339,62.58,0,9,1.5214,68.82
[H]c1nc(N(C([H])([H])c2c([H])sc([H])c2[H])C([H])([H])C([H])([H])[N+]([H])(C([H])([H])[H])C([H])([H])[H])c([H])c([H])c1[H],0,262.402,20.57,1,3,1.2942,77.2837
[H]c1c([H])c([H])c(-c2c3c([H])c(C([H])([H])[H])c(=[N+]([H])C([H])([H])C([H])([H])[H])c([H])c-3oc3c([H])c(N([H])C([H])([H])C([H])([H])[H])c(C([H])([H])[H])c([H])c23)c(C(=O)OC([H])([H])C([H])([H])[H])c1[H],0,443.567,65.44,2,4,4.43114,132.5049
[H]Oc1c([H])c([H])c(O[H])c(-c2c([H])c([H])c([H])c([H])c2[H])c1[H],0,186.21,40.46,2,2,2.7648,55.2076
CCC(=O)C(CC(C)N(C)C)(C1=CC=CC=C1)C2=CC=CC=C2.Cl,0,345.914,20.31,0,2,4.7138,103.976
[H]C([H])=C([H])c1c([H])nc([H])c([H])c1[H],0,105.14,12.89,0,1,1.7246,34.328
[H]C([H])([H])C([H])([H])SC(=O)N(C([H])([H])C([H])([H])[H])C1([H])C([H])([H])C([H])([H])C([H])([H])C([H])([H])C1([H])[H],0,215.362,20.31,0,2,3.5141,62.781
O[Fe]=O.O[Fe]=O.[Fe],0,233.547,74.6,2,2,-1.3591,5.8106
C1=CC(=C(C=C1[N+](=O)[O-])Cl)NC(=O)C2=C(C=CC(=C2)Cl)O.C(CO)N,0,388.207,138.72,4,6,2.7969,95.3166
C1=CC=C2C(=C1)C=CC=C2NCCN.Cl.Cl,0,259.18,38.05,2,2,3.054,75.9881
[H]c1c([H])c([H])c2c(c1[H])c1c([H])c([H])c([H])c([H])c1n2C([H])([H])[H],0,181.238,4.93,0,1,3.3315,60.425
[H]C([H])([H])C([H])([H])SC(=O)N(C([H])([H])C([H])(C([H])([H])[H])C([H])([H])[H])C([H])([H])C([H])(C([H])([H])[H])C([H])([H])[H],0,217.378,20.31,0,2,3.4735,64.777
[H]O[C@]1([H])C([H])([H])[C@]([H])(C([H])([H])[H])C([H])([H])C([H])([H])[C@@]1([H])C([H])(C([H])([H])[H])C([H])([H])[H],0,156.269,20.23,1,1,2.4395,47.3498
[H]C([H])=C(C([H])([H])[H])[C@]1([H])C([H])([H])C(=O)C(C([H])([H])[H])=C([H])C1([H])[H],0,150.221,17.07,0,1,2.4879,46.302
[H]Oc1c([H])c([H])c2c(c1[H])Oc1c([H])c(O[H])c([H])c([H])c1C21OC(=O)c2c([H])c([H])c([H])c([H])c21,0,332.311,75.99,2,5,3.6658,88.0271
CO[Si](CCCOCC1CO1)(OC)OC,0,236.34,49.45,0,5,0.67,56.764
[H]Oc1c([H])c([H])c2c([H])c(S(=O)(=O)O)c([H])c(S(=O)(=O)O)c2c1N=Nc1c([H])c([H])c(S(=O)(=O)O)c2c([H])c([H])c([H])c([H])c12,0,538.537,208.06,4,9,3.8541,123.1806
[H]c1c([H])c([H])c2c(c1[H])c([H])c([H])c1c3c([H])c([H])c([H])c([H])c3c(N([H])[H])c([H])c21,0,243.309,26.02,1,1,4.7284,83.3724
[H]Oc1c([H])c([H])c2c([H])c(S(=O)(=O)O)c([H])c([H])c2c1N=Nc1c([H])c([H])c(S(=O)(=O)O)c([H])c1[H],0,408.413,153.69,3,7,3.4542,95.86
[H]Oc1c([H])c([H])c2c([H])c([H])c([H])c([H])c2c1N=Nc1c([H])c([H])c([N+](=O)[O-])c([H])c1Cl,0,327.727,88.09,1,5,5.5224,87.8952
[H]C(F)(Cl)C(F)(F)F,0,136.475,0,0,0,2.0831,16.804
[H]Oc1c([H])c([H])c2c([H])c([H])c([H])c([H])c2c1N=Nc1c([H])c([H])c([N+](=O)[O-])c([H])c1[N+](=O)[O-],0,338.279,131.23,1,7,4.7772,89.5396
[H]Oc1c([H])c([H])c(C(=O)OC([H])([H])C([H])(C([H])([H])[H])C([H])([H])[H])c([H])c1[H],0,194.23,46.53,1,3,2.205,53.2273
[H]ON(C(=O)C([H])([H])[H])c1c([H])c([H])c(-c2c([H])c([H])c([H])c([H])c2[H])c([H])c1[H],0,227.263,40.54,1,2,3.0957,66.8245
[H]c1c([H])c([H])c(C(=O)C([H])(OC([H])([H])C([H])([H])[H])OC([H])([H])C([H])([H])[H])c([H])c1[H],0,208.257,35.53,0,3,2.2684,57.8125
C1=CC(=C(C=C1N)Cl)N.OS(=O)(=O)O,0,240.668,126.64,4,4,0.8516,54.4542
CC1=C(C=CC(=C1)N)N.OS(=O)(=O)O,0,220.25,126.64,4,4,0.50662,54.1812
[H]c1c([H])c(C(=O)OC([H])([H])C([H])(C([H])([H])C([H])([H])[H])C([H])([H])C([H])([H])C([H])([H])C([H])([H])[H])c([H])c([H])c1C(=O)OC([H])([H])C([H])(C([H])([H])C([H])([H])[H])C([H])([H])C([H])([H])C([H])([H])C([H])([H])[H],0,390.564,52.6,0,4,6.433,113.619
C1=CC=NC(=C1)CCl.Cl,0,164.035,12.89,0,1,2.2422,41.042
CC1([C@@H](N2[C@H](S1)[C@@H](C2=O)NC(=O)[C@@H](C3=CC=CC=C3)N)C(=O)O)C.O.O.O,0,403.457,207.23,3,5,-2.156,99.8703
[H]c1c([H])c(N=NN(C([H])([H])[H])C([H])([H])[H])c([H])c([H])c1Cl,0,183.642,27.96,0,2,2.9003,49.655
[Ta],0,180.948,0,0,0,-0.0025,0
O=[N+]([O-])[O-],0,62.004,66.2,0,3,-0.2391,10.3614
Cl[Fe](Cl)Cl,0,162.204,0,0,0,2.066,17.559
[H]P([H])[H],0,33.998,0,0,0,0.0581,11.105
Cl[Sn]Cl,0,189.617,0,0,0,0.9982,17.46
O[As](=O)([O-])[O-].[Na+].[Na+],0,185.906,83.42,1,3,-9.4266,8.6593
ClCl,0,70.906,0,0,0,1.379,11.706
O=P1(O)OP(=O)(O)OP(=O)(O)O1,0,239.937,139.59,3,6,0.351,32.7309
[O-]S(=O)(=O)[O-].[Ni+2],0,154.756,80.26,0,4,-1.3405,10.4746
O.O.O.O.O.O.[Mg+2].[Cl-].[Cl-],0,203.301,189,0,0,-11.321,27.4368
CCOC1=CC=C(C=C1)NC(=O)C.CC(=O)OC1=CC=CC=C1C(=O)O.CN1C=NC2=C1C(=O)N(C(=O)N2C)C,0,553.572,163.75,2,11,2.3245,147.821
[H]c1c([H])c([H])c(N([H])C(=O)Oc2c([H])c([H])c([H])c(N([H])C(=O)OC([H])([H])C([H])([H])[H])c2[H])c([H])c1[H],0,300.314,76.66,2,4,3.8659,83.1754
[O-]S(=O)(=O)[O-].[O-]S(=O)(=O)[O-].[Al+3].[K+],0,258.206,160.52,0,8,-6.0528,26.7032
O.O.[Cl-].[Cl-].[Ba+2],0,244.264,63,0,0,-8.0222,12.9816
[H]c1c([H])c([H])c2c(c1[H])-c1c([H])c([H])c([H])c3c([H])c([N+](=O)[O-])c([H])c-2c13,0,247.253,43.14,0,2,4.3954,75.0324
[H]Oc1c(Br)c([H])c2c(c1Br)Oc1c(Br)c(O[H])c(Br)c([H])c1C21OC(=O)c2c([H])c([H])c([H])c([H])c21,0,647.895,75.99,2,5,6.7158,118.8271
CC1=C(C=CC=C1N)N.Cl.Cl,0,195.093,52.04,2,2,2.00302,54.4998
[H]OP(=O)(O[H])C([H])([H])C([H])([H])Cl,0,144.494,57.53,2,1,0.4029,27.6311
[H]Oc1c([H])c([H])c(-c2[o+]c3c([H])c(O[H])c([H])c(O[H])c3c([H])c2O[C@]2([H])O[C@]([H])(C([H])([H])O[C@]3([H])O[C@@]([H])(C([H])([H])[H])[C@]([H])(O[H])[C@@]([H])(O[H])[C@@]3([H])O[H])[C@@]([H])(O[H])[C@]([H])(O[H])[C@@]2([H])O[H])c([H])c1O[H],0,595.53,250.52,10,14,-0.7662,138.333
[H]c1c([H])c(SC([H])([H])[H])c(C([H])([H])[H])c([H])c1OP(=O)(OC([H])([H])C([H])([H])[H])N([H])C([H])(C([H])([H])[H])C([H])([H])[H],0,303.364,47.56,1,4,4.23832,81.0922
[H]N(C(=O)ON=C(SC([H])([H])[H])C(=O)N(C([H])([H])[H])C([H])([H])[H])C([H])([H])[H],0,219.266,71,1,5,0.1071,55.1847
CNC(=O)OC1=CC=CC(=C1)N=CN(C)C.Cl,0,257.721,53.93,1,3,2.048,70.6127
[H]Oc1c([H])c([H])c2c([H])c(S(=O)(=O)O)c([H])c([H])c2c1N=Nc1c([H])c(C([H])([H])[H])c(S(=O)(=O)O)c([H])c1OC([H])([H])[H],0,452.466,162.92,3,8,3.77122,107.149
[N-]=[N+]=[N-],0,42.021,58.7,0,0,0.8661,10.077
[O-]S(=O)(=O)[O-].O=[V+2],0,163.006,97.33,0,5,-1.4593,11.1611
[H]c1c(Cl)c(Cl)c([H])c(-c2c([H])c(Cl)c(Cl)c([H])c2Cl)c1Cl,0,360.882,0,0,0,7.274,81.938
[H]c1c([H])c(Cl)c(-c2c([H])c(Cl)c([H])c([H])c2Cl)c([H])c1Cl,0,291.992,0,0,0,5.9672,71.918
[H]C(=C(C([H])([H])[H])C([H])([H])[H])C1([H])C([H])(C(=O)OC([H])(C#N)c2c([H])c([H])c([H])c(Oc3c([H])c([H])c([H])c([H])c3[H])c2[H])C1(C([H])([H])[H])C([H])([H])[H],0,375.468,59.32,0,4,5.82518,107.596
C[C@](CC1=CC(=C(C=C1)O)O)(C(=O)O)N.C[C@](CC1=CC(=C(C=C1)O)O)(C(=O)O)N.O.O.O,0,476.479,302.06,8,8,-1.5895,118.249
[H]C([H])([H])C([H])([H])OP(=S)(Oc1nc(Cl)n(C([H])(C([H])([H])[H])C([H])([H])[H])n1)OC([H])([H])C([H])([H])[H],0,313.747,58.4,0,7,3.1887,73.582
[H]C([H])([H])N(c1nc(=O)n(C2([H])C([H])([H])C([H])([H])C([H])([H])C([H])([H])C2([H])[H])c(=O)n1C([H])([H])[H])C([H])([H])[H],0,252.318,60.13,0,6,0.5132,70.187
[H]OC([H])([H])[C@@]12[C@@]3(C([H])([H])[H])C([H])([H])[C@@]([H])(O[H])[C@@]([H])(O[C@]1([H])C([H])=C(C([H])([H])[H])C(=O)[C@@]2([H])O[H])[C@]31OC1([H])[H],0,296.319,99.52,3,6,-0.8377,70.3644
[H]c1c([H])c([N+]([H])([H])[H])c(OC([H])([H])[H])c([H])c1OC([H])([H])[H],0,154.189,46.1,1,2,0.5772,42.0941
C(O)[P+](CO)(CO)CO.C(O)[P+](CO)(CO)CO.[O-]S(=O)(=O)[O-],0,406.283,242.1,8,12,-3.7316,81.001
CCN(CC)C(=O)NC1=CC(=C(C=C1)OCC(CNC(C)(C)C)O)C(=O)C.Cl,0,415.962,90.9,3,5,3.3125,114.8917
[H]c1c([H])c([H])c(-c2c([H])n(C([H])([H])[H])c([H])c(-c3c([H])c([H])c([H])c(C(F)(F)F)c3[H])c2=O)c([H])c1[H],0,329.321,22,0,2,4.7381,87.557
[H]C(=O)N([H])C([H])(N1C([H])([H])C([H])([H])OC([H])([H])C1([H])[H])C(Cl)(Cl)Cl,0,261.536,41.57,1,3,0.7609,55.6697
[H]OC(c1c([H])nc([H])nc1[H])(c1c([H])c([H])c(Cl)c([H])c1[H])c1c([H])c([H])c([H])c([H])c1Cl,0,331.202,46.01,1,3,4.0676,87.0368
[H]OC([H])(C([H])([H])Oc1c([H])n(C([H])([H])[H])c(=O)c2c([H])c([H])c([H])c([H])c12)C([H])([H])[N+]([H])([H])C(C([H])([H])[H])(C([H])([H])[H])C([H])([H])[H],0,305.398,68.07,2,4,0.6401,87.2362
[H]c1c([H])c([H])c2c(c1[H])c([H])c([H])c1c3c([H])c([H])c([H])c([N+](=O)[O-])c3c([H])c([H])c21,0,273.291,43.14,0,2,5.0544,85.6144
[H]c1c([H])c([H])c(Oc2c([H])c([H])c([H])c(C([H])(C#N)OC(=O)C3([H])C(C([H])([H])[H])(C([H])([H])[H])C3(C([H])([H])[H])C([H])([H])[H])c2[H])c([H])c1[H],0,349.43,59.32,0,4,5.26898,98.456
[H]c1c([H])c([H])c(S(=O)(=O)N([H])C(=O)N([H])c2nc(OC([H])([H])[H])nc(C([H])([H])[H])n2)c(Cl)c1[H],0,357.779,123.17,2,7,1.35242,81.9082
[H]c1c([H])c(OC([H])(C(=O)OC([H])([H])C([H])([H])[H])C([H])([H])[H])c([H])c([H])c1Oc1nc2c([H])c([H])c(Cl)c([H])c2o1,0,361.781,70.79,0,6,4.6039,92.258
[H]c1c([H])c([H])c(Oc2c([H])c([H])c([H])c([C@@]([H])(C#N)OC(=O)[C@@]3([H])C(C([H])([H])[H])(C([H])([H])[H])[C@@]3([H])C([H])(Br)C(Br)(Br)Br)c2[H])c([H])c1[H],0,665.014,59.32,0,4,7.46098,130.392
[H]Oc1c([H])c([H])c(C([H])([H])[C@@]([H])(C(=O)N([H])[C@@]([H])(C(=O)N([H])[C@]([H])(C(=O)N([H])[C@]([H])(C(=O)N2C([H])([H])C([H])([H])C([H])([H])[C@@]2([H])C(=O)N([H])C([H])([H])C([H])([H])[H])C([H])([H])C([H])([H])C([H])([H])N=C(N([H])[H])N([H])[H])C([H])([H])C([H])(C([H])([H])[H])C([H])([H])[H])C([H])([H])OC(C([H])([H])[H])(C([H])([H])[H])C([H])([H])[H])N([H])C(=O)[C@@]([H])(N([H])C(=O)[C@@]([H])(N([H])C(=O)[C@@]([H])(N([H])C(=O)[C@@]2([H])N([H])C(=O)C([H])([H])C2([H])[H])C([H])([H])c2c([H])nc([H])n2[H])C([H])([H])c2c([H])n([H])c3c([H])c([H])c([H])c([H])c23)C([H])([H])O[H])c([H])c1[H],0,1239.447,440.77,15,15,-1.6691,326.3601
[H]OC(=O)C([H])([H])Oc1nc(F)c(Cl)c(N([H])[H])c1Cl,0,255.032,85.44,2,4,1.5731,51.7582
[H]c1c([H])c([H])c2c(c1[H])c([H])c1c([H])c([H])c3c([H])c([H])c([N+](=O)[O-])c4c([H])c([H])c2c1c34,0,297.313,43.14,0,2,5.6454,94.3064
[H]c1c([H])c([H])c2c(c1[H])c([H])c1c([H])c([H])c3c([N+](=O)[O-])c([H])c([H])c4c([H])c([H])c2c1c43,0,297.313,43.14,0,2,5.6454,94.3064
[H]C1=C([H])C([H])([H])[C@@]([H])(c2c([H])nc([H])c([H])c2[H])N(N=O)C1([H])[H],0,189.218,45.56,0,3,2.066,53.236
[H]c1c([H])c([H])c2c(c1[H])-c1c([H])c([H])c([H])c([H])c1C2(C(=O)N([H])[H])C([H])([H])C([H])([H])C([H])([H])N([H])C([H])(C([H])([H])[H])C([H])([H])[H],0,308.425,55.12,2,2,3.2166,94.2251
[H]OC(=O)N([H])c1c([H])c([H])c(-c2c([H])c([H])c([H])c([H])c2[H])c([H])c1[H],0,213.236,49.33,2,1,3.4435,63.5255
[H]ON(C(=O)C([H])([H])[H])c1c([H])c([H])c2c([H])c([H])c3c([H])c([H])c([H])c4c([H])c([H])c1c2c34,0,275.307,40.54,1,2,4.3261,85.0925
C([C@@H](C(=O)O)N)S.Cl,0,157.622,63.32,3,3,-0.2501,36.7122
[H]OC(C(=O)O)(C([H])([H])C(=O)O)C([H])([H])C(=O)O,0,192.123,132.13,4,4,-1.2485,37.0912
OCl,0,52.46,20.23,1,1,0.1325,8.0718
[O-][Cr](=O)(=O)[O-].[Ni+2],0,174.685,80.26,0,4,-2.6206,1.373
[H]C([H])(Br)C(Br)(C#N)C([H])([H])C([H])([H])C#N,0,265.936,47.58,0,2,2.34236,45.912
CC1=CC(=C(C=C1NC(=O)C)NS(=O)(=O)C(F)(F)F)C.C(CO)NCCO,0,415.434,127.76,5,6,1.08394,95.8585
[H]N(C(=O)OC([H])([H])C#CI)C([H])([H])C([H])([H])C([H])([H])C([H])([H])[H],0,281.093,38.33,1,2,1.9086,56.0547
[H]c1c([H])c([H])c2c(c1[H])c([H])c([H])c1c3c([H])c([H])c([N+](=O)[O-])c([H])c3c([H])c([H])c21,0,273.291,43.14,0,2,5.0544,85.6144
[H]C1([H])C([H])([H])C([H])([H])[N+](C([H])([H])[H])(C([H])([H])[H])C([H])([H])C1([H])[H],0,114.212,0,0,0,1.2467,35.6934
CNCCC(C1=CC=CC=C1)OC2=CC=C(C=C2)C(F)(F)F.Cl,0,345.792,21.26,1,2,4.8568,87.0467
[H]C(=NC([H])([H])C([H])([H])SC([H])([H])c1nc(N=C(N([H])[H])N([H])[H])sc1[H])N([H])S(=O)(=O)c1c([H])c([H])c(Br)c([H])c1[H],0,477.435,135.82,3,7,2.0505,111.5683
[H]Oc1c([H])c([H])c2c(c1[H])C([H])([H])C([H])([H])[C@@]1([H])[C@]3([H])C([H])([H])C([H])([H])[C@@]([H])(O[H])[C@@]3(C([H])([H])[H])C([H])([H])C([H])([H])[C@]21[H],0,272.388,40.46,2,2,3.6092,78.7306
[H]OC([H])([H])[C@@]1([H])O[C@]([H])(O[C@]2(C([H])([H])Cl)O[C@]([H])(C([H])([H])Cl)[C@@]([H])(O[H])[C@]2([H])O[H])[C@]([H])(O[H])[C@@]([H])(O[H])[C@@]1([H])Cl,0,397.635,128.84,5,8,-1.6561,79.544
[H]Oc1c([H])c(C(C([H])([H])[H])(C([H])([H])[H])C([H])([H])[H])c(OC([H])([H])[H])c([H])c1C(C([H])([H])[H])(C([H])([H])[H])C([H])([H])[H],0,236.355,29.46,1,2,3.9958,72.0588
[H]C([H])([H])C([N+](=O)[O-])(C([H])([H])[H])C([N+](=O)[O-])(C([H])([H])[H])C([H])([H])[H],0,176.172,86.28,0,4,1.097,42.1468
CNC1=CC=C(C=C1)N.Cl.Cl,0,195.093,38.05,2,2,2.1541,54.8971
CN(C)CCN(CC1=CC=C(C=C1)OC)C2=CC=CC=N2.Cl,0,321.852,28.6,0,4,3.0802,94.083
[H]c1c([H])c(N=NN(C([H])([H])[H])C([H])([H])[H])c([H])c([H])c1Br,0,228.093,27.96,0,2,3.0094,52.345
P#[Ga],0,100.697,0,0,0,0.4804,12.674
[H]Oc1c(Br)c([H])c2c(c1Br)Oc1c(Br)c(O[H])c(Br)c([H])c1C21OC(=O)c2c(Cl)c(Cl)c(Cl)c(Cl)c21,0,785.675,75.99,2,5,9.3294,138.8671
[H]OC(=O)c1c(C2=NC(C([H])([H])[H])(C([H])(C([H])([H])[H])C([H])([H])[H])C(=O)N2[H])nc([H])c(C([H])([H])OC([H])([H])[H])c1[H],0,305.334,100.88,2,5,1.2173,79.832
[H]c1c([H])c([H])c2c(c1[H])c([N+](=O)[O-])c1c([H])c([H])c3c([H])c([H])c([N+](=O)[O-])c4c([H])c([H])c2c1c34,0,342.31,86.28,0,4,5.5536,100.9608
C1=CC(=CC=C1C(=O)O)NN.Cl,0,188.614,75.35,3,3,1.0922,48.4594
[H]Oc1c(S(=O)(=O)O)c([H])c2c([H])c(S(=O)(=O)[O-])c([H])c([H])c2c1C(=C1C([H])=C([H])C(=[N+](C([H])([H])[H])C([H])([H])[H])C([H])=C1[H])c1c([H])c([H])c(N(C([H])([H])[H])C([H])([H])[H])c([H])c1[H],0,554.646,138.05,2,7,3.4032,145.577
[H]OC(c1c([H])c([H])c(F)c([H])c1[H])(c1c([H])c([H])c([H])c([H])c1F)C([H])([H])n1nc([H])nc1[H],0,301.296,50.94,1,4,2.4924,75.8208
[H]C([H])([H])C([H])([H])OP(=O)(SC([H])(C([H])([H])[H])C([H])([H])C([H])([H])[H])N1C(=O)SC([H])([H])C1([H])[H],0,283.355,46.61,0,5,3.8315,71.1365
[H]OC(=O)c1c(C2=NC(C([H])([H])[H])(C([H])(C([H])([H])[H])C([H])([H])[H])C(=O)N2[H])nc([H])c(C([H])([H])[H])c1[H],0,275.308,91.65,2,4,1.37932,73.856
[H]c1c([H])c(-c2c(C#N)c(Br)c(C(F)(F)F)n2C([H])([H])OC([H])([H])C([H])([H])[H])c([H])c([H])c1Cl,0,407.617,37.95,0,3,5.45548,83.921
[H]OC(=O)[C@@]1([H])O[C@@]([H])(ON(C(=O)C([H])([H])[H])c2c([H])c([H])c3c(c2[H])C([H])([H])c2c([H])c([H])c([H])c([H])c2-3)[C@]([H])(O[H])[C@@]([H])(O[H])[C@]1([H])O[H],0,415.398,136.76,4,7,0.4345,103.2462
[H]Oc1c([H])c([H])c2c(c1I)Oc1c(I)c(O[H])c([H])c([H])c1C21OC(=O)c2c([H])c([H])c([H])c([H])c21,0,584.103,75.99,2,5,4.875,113.4611
[H]C#CC([H])([H])N1C(=O)C([H])([H])Oc2c([H])c(F)c(N3C(=O)C4=C(C3=O)C([H])([H])C([H])([H])C([H])([H])C4([H])[H])c([H])c21,0,354.337,66.92,0,4,1.9281,91.068
[H]c1c(OC([H])([H])[H])nc(N([H])C(=O)N([H])S(=O)(=O)c2c(Cl)nc3c([H])c([H])c([H])c([H])n23)nc1OC([H])([H])[H],0,412.815,136.81,2,9,1.3053,94.6782
[H]C([H])([H])C1([H])C([H])([H])C(OOC(C([H])([H])[H])(C([H])([H])[H])C([H])([H])[H])(OOC(C([H])([H])[H])(C([H])([H])[H])C([H])([H])[H])C([H])([H])C(C([H])([H])[H])(C([H])([H])[H])C1([H])[H],0,302.455,36.92,0,4,5.0223,83.373
C1=CC(=CC=C1N)N(CCO)CCO.OS(=O)(=O)O,0,294.329,144.32,5,6,-0.593,71.4164
[H]c1c([H])c([H])c(C(=O)C([H])(OC([H])(C([H])([H])[H])C([H])([H])C([H])([H])[H])OC([H])(C([H])([H])[H])C([H])([H])C([H])([H])[H])c([H])c1[H],0,264.365,35.53,0,3,3.8256,76.2365
[H]c1nc(Cl)c([H])c(N([H])C(=O)N([H])c2c([H])c([H])c([H])c([H])c2[H])c1[H],0,247.685,54.02,2,2,3.379,68.3304
[H]c1c([H])c(OC([H])([H])C(=O)OC([H])([H])[H])c([H])c([H])c1Cl,0,200.621,35.53,0,3,1.8918,48.963
[H]c1c(Br)c([H])c(Br)c(N=NN(C([H])([H])[H])C([H])([H])[H])c1Br,0,385.885,27.96,0,2,4.5344,67.745
CCO[Si](CCCOCC1CO1)(OCC)OCC,0,278.421,49.45,0,5,1.8403,70.615
[H]C(=C(Cl)Cl)C1([H])C([H])(C(=O)OC([H])(C#N)c2c([H])c([H])c(F)c(Oc3c([H])c([H])c([H])c([H])c3[H])c2[H])C1(C([H])([H])[H])C([H])([H])[H],0,434.294,59.32,0,4,6.31708,107.912
[H]Oc1c([H])c([N+](=O)[O-])c2c([H])c([H])c3c([H])c([H])c([H])c4c([H])c([H])c1c2c43,0,263.252,63.37,1,3,4.1978,78.4652
[H]C1=C([H])C2([H])OC2([H])C([H])=C1[H],0,94.113,12.53,0,1,0.8798,26.941
[H]ON([H])c1nc2nc([H])c(-c3c([H])c([H])c([H])c([H])c3[H])c([H])c2n1C([H])([H])[H],0,240.266,62.97,2,5,2.4364,69.3542
[H]OC([H])([H])c1c([H])c([H])c2c([H])c([H])c3c([H])c([H])c([H])c4c([H])c([H])c1c2c34,0,232.282,20.23,1,1,4.0763,76.0688
[H]Oc1c([H])c([H])c2c([H])c([H])c3c([N+](=O)[O-])c([H])c([H])c4c([H])c([H])c1c2c43,0,263.252,63.37,1,3,4.1978,78.4652
[H]OC([H])([H])C([H])([H])C([H])([H])C([H])(c1c([H])nc([H])c([H])c1[H])N(N=O)C([H])([H])[H],0,209.249,65.79,1,4,1.5084,56.8558
[H]c1c([H])c2c(c([H])c1Cl)C([H])([H])[C@]1(C(=O)OC([H])([H])[H])OC([H])([H])N(C(=O)N(C(=O)OC([H])([H])[H])c3c([H])c([H])c(OC(F)(F)F)c([H])c3[H])N=C21,0,527.839,106.97,0,8,4.0933,117.636
[H]c1c([H])c2c3c(c1[H])c([H])c([H])c1c([H])c([H])c([N+](=O)[O-])c(c13)C1([H])OC21[H],0,263.252,55.67,0,3,4.0272,74.6754
CN1C=C(C2=CC=CC=C21)C(=O)[C@@H]3CCC4=C(C3)NC=N4.Cl,0,315.804,50.68,1,3,3.311,88.6002
[H]O[C@@]1([H])C([H])([H])C([H])([H])[C@]2(C([H])([H])[H])[C@@]3([H])C([H])([H])C([H])([H])[C@@]4(C([H])([H])[H])[C@@]([H])(C([H])([H])C([H])([H])[C@]4([H])[C@]([H])(C([H])([H])[H])C([H])([H])C([H])([H])C([H])([H])C([H])(C([H])([H])[H])C([H])([H])[H])[C@]3([H])C([H])([H])[C@@]3([H])O[C@@]23C1([H])[H],0,402.663,32.76,1,2,6.5999,118.5738
[H]OC(=O)C([H])([H])[C@@]1([H])C(=O)N([H])[C@@]([H])(C([H])([H])c2c([H])c([H])c([H])c([H])c2[H])C(=O)N1[H],0,262.265,95.5,3,3,-0.313,66.2602
[H]C([H])([H])C([H])([H])C(=O)OC([H])([H])C([H])([H])C([H])([H])C([H])([H])C([H])([H])C([H])(C([H])([H])[H])C([H])([H])[H],0,186.295,26.3,0,2,3.156,54.556
[H]c1nc([H])n([H])c1C([H])([H])[C@@]([H])(C(=O)N1C([H])([H])C([H])([H])C([H])([H])[C@@]1([H])C(=O)N([H])[H])N([H])C(=O)[C@@]1([H])N([H])C(=O)N(C([H])([H])[H])C(=O)C1([H])[H],0,405.415,170.59,4,6,-2.1464,97.8585
[H]OC([H])([H])[C@@]([H])(O[H])[C@@]([H])(O[H])C([H])([H])C(=O)C([H])=O,0,162.141,94.83,3,5,-2.1414,34.7874
[H]C1=C([H])C2=C(C(=O)C1=O)C([H])([H])C([H])([H])[C@@]1([H])[C@]3([H])C([H])([H])C([H])([H])C(=O)[C@@]3(C([H])([H])[H])C([H])([H])C([H])([H])[C@]21[H],0,284.355,51.21,0,3,2.7964,77.466
[H]c1c([H])c([H])c2c(c1[H])c1c([H])c([H])c([H])c3c([H])c([H])c4c([H])c([H])c([N+](=O)[O-])c2c4c31,0,297.313,43.14,0,2,5.6454,94.3064
[H]OC(=O)C([H])([H])C([H])([H])C([H])(c1c([H])nc([H])c([H])c1[H])N(N=O)C([H])([H])[H],0,223.232,82.86,1,4,1.6007,57.4058
CC1=C(C(C(=C(N1)C)C(=O)OCC(C)(C)CN(C)CC2=CC=CC=C2)C3=C(C=CC(=C3)[N+](=O)[O-])F)C(=O)OC.Cl,0,576.065,111.01,1,8,5.2649,151.1111
CC1=C(C(C(=C(N1)C)P2(=O)OCC(CO2)(C)C)C3=CC(=CC=C3)[N+](=O)[O-])C(=O)OCCN(CC4=CC=CC=C4)C5=CC=CC=C5.Cl,0,668.127,120.24,1,9,7.725,179.8056
[H]C#CC([H])([H])N1C(=O)N(C([H])([H])OC(=O)C2([H])C([H])(C([H])=C(C([H])([H])[H])C([H])([H])[H])C2(C([H])([H])[H])C([H])([H])[H])C(=O)C1([H])[H],0,318.373,66.92,0,4,1.6229,83.799
[H]N(C([H])([H])C([H])([H])C(=O)[O-])[N+](C([H])([H])[H])(C([H])([H])[H])C([H])([H])[H],0,146.19,52.16,1,3,-1.6628,35.6591
[H]OC([H])([H])C([H])([H])C1([H])N(C(=O)OC([H])(C([H])([H])[H])C([H])([H])C([H])([H])[H])C([H])([H])C([H])([H])C([H])([H])C1([H])[H],0,229.32,49.77,1,3,2.1584,62.2818
[H]OC1([H])c2c([H])c([H])c([H])c3c4c([H])c([H])c([H])c([H])c4c4c5c([H])c([H])c([H])c([H])c5c([H])c(c4c23)C1([H])O[H],0,336.39,40.46,2,2,5.3798,106.3856
[H]OC(=O)[C@@]1([H])O[C@@]([H])(N([H])c2c([H])c([H])c3c(c2[H])C([H])([H])c2c([H])c([H])c([H])c([H])c2-3)[C@]([H])(O[H])[C@@]([H])(O[H])[C@]1([H])O[H],0,357.362,119.25,5,6,0.5619,92.6239
[H]OC(=O)c1c([H])c([H])c(N=Nc2c([H])c([H])c(O[H])c(C(=O)O[H])c2[H])c([H])c1[H],0,286.243,119.55,3,5,3.204,72.6434
[H]C([H])(C(=O)O)C([H])([H])C([H])([H])C([H])([H])C([H])([H])C([H])([H])C([H])([H])C([H])([H])C(=O)O,0,202.25,74.6,2,2,2.2764,52.2076
[H]OC1([H])c2c([H])c([H])c3c(c(C([H])([H])C([H])([H])C([H])([H])[H])c([H])c4c([H])c([H])c([H])c([H])c43)c2C2([H])OC2([H])C1([H])O[H],0,320.388,52.99,2,3,3.7933,94.0296
[H]O[C@@]1([H])[C@@]2([H])O[C@@]2([H])c2c(c([H])c([H])c3c2c(C([H])([H])C([H])([H])[H])c([H])c2c([H])c([H])c([H])c([H])c23)[C@]1([H])O[H],0,306.361,52.99,2,3,3.4032,89.4126
CCN(CC)CC#CC(C)(C)OC(=O)C(C1CCCCC1)(C2=CC=CC=C2)O.Cl,0,422.009,49.77,1,4,4.5433,119.8968
[H]c1c(Cl)c([H])c(Cl)c(N([H])N=NC([H])([H])[H])c1Cl,0,238.505,36.75,1,2,4.0557,55.8747
[H]O[C@]1([H])C([H])=C([H])C([H])=C([H])[C@@]1([H])O[H],0,112.128,40.46,2,2,-0.1658,30.2936
[H]ON(C(=O)C([H])([H])C([H])([H])[H])c1c([H])c([H])c(-c2c([H])c([H])c([H])c([H])c2[H])c([H])c1[H],0,241.29,40.54,1,2,3.4858,71.4415
[H]c1c([H])c([H])c2c(c1[H])c1c([H])c([H])c([H])c3c([H])c([H])c4c([N+](=O)[O-])c([H])c([H])c2c4c31,0,297.313,43.14,0,2,5.6454,94.3064
[H]c1nc2c(c([H])c1[H])c1c(c3c([H])c([H])c([H])c([H])c32)O1,0,193.205,25.42,0,2,3.4937,59.323
[H]O[C@@]1([H])C([H])=C([H])c2c(c([H])c([H])c3c([H])c([H])c([H])nc23)[C@]1([H])O[H],0,213.236,53.35,2,3,1.6559,61.7436
[H]c1c([H])c([H])c2c([N+](=O)[O-])c3c4c([H])c([H])c([H])c([H])c4c4c([H])c([H])c([H])c([H])c4c3c([H])c2c1[H],0,323.351,43.14,0,2,6.2076,103.1204
[H]O[C@]1([H])c2c([H])c([H])c([H])c([H])c2-c2nc3c([H])c([H])c([H])c([H])c3c([H])c2[C@@]1([H])O[H],0,263.296,53.35,2,3,2.9822,77.0986
CC(CN(C)C1=NN=C(C=C1)NN)O.Cl.Cl,0,270.164,87.3,3,6,0.4228,69.2889
[H]O[C@@]1([H])[C@@]2([H])O[C@@]2([H])c2c(c([H])c([H])c3c([H])c4c([H])c([H])c5c([H])c([H])c([H])c([H])c5c4nc23)[C@]1([H])O[H],0,329.355,65.88,2,4,3.389,95.3356
[H]c1c2c(c3nc4c(c([H])c([H])c5c([H])c([H])c([H])c([H])c54)c([H])c3c1[H])[C@]1([H])O[C@]1([H])C([H])([H])C2([H])[H],0,297.357,25.42,0,2,4.9273,92.69
[H]c1c([H])c([H])c2c(c1[H])c([H])c([H])c1c3c([H])c([N+](=O)[O-])c([H])c([H])c3c([H])c([H])c21,0,273.291,43.14,0,2,5.0544,85.6144
[H]O[C@@]1([H])[C@]2([H])O[C@]2([H])C([H])=C([H])[C@]1([H])O[H],0,128.127,52.99,2,3,-0.9546,29.8146
[H]O[C@@]1([H])C([H])=C([H])C([H])=C([H])[C@]1([H])O[H],0,112.128,40.46,2,2,-0.1658,30.2936
[H]OC(=O)c1c([H])n(C2([H])C([H])([H])C2([H])[H])c2c(OC([H])([H])[H])c(N3C([H])([H])[C@]4([H])C([H])([H])C([H])([H])C([H])([H])N([H])[C@]4([H])C3([H])[H])c(F)c([H])c2c1=O,0,401.438,83.8,2,6,2.3705,106.676
[H]c1c([H])c([H])c2c(c1[H])c([H])c([H])c1c3c(c([H])c(OC([H])([H])C([H])([H])C([H])([H])C([H])([H])C([H])([H])C([H])([H])[H])c12)C(=O)C([H])([H])C3([H])[H],0,332.443,26.3,0,2,6.081,103.7425
CCO[Si](CCC1CCC2C(C1)O2)(OCC)OCC,0,288.46,40.22,0,4,2.9924,76.058
[H]Oc1c([H])c([H])c(C2([H])C([H])(C([H])([H])[H])c3c([H])c(O[H])c([H])c([H])c3C2([H])C([H])([H])C([H])([H])[H])c([H])c1[H],0,268.356,40.46,2,2,4.4923,80.4016
C([C@@H]1[C@@H]([C@@H]([C@H]([C@@H](O1)O[C@H]([C@@H](CO)O)[C@@H]([C@H](CO)O)O)O)O)O)O.O.O,0,380.343,263.53,9,11,-7.4106,78.0598
[O-2].[O-2].[O-2].[Ga+3].[Ga+3],0,187.443,85.5,0,0,-1.118,13.5675
[H]OC1([H])c2c(nc3c(c2[H])c([H])c([H])c2c([H])c([H])c([H])c([H])c23)C2([H])OC2([H])C1([H])O[H],0,279.295,65.88,2,4,2.2358,77.8296
[H]OC1([H])c2nc3c(c([H])c2C2([H])OC2([H])C1([H])O[H])c([H])c([H])c1c([H])c([H])c([H])c([H])c13,0,279.295,65.88,2,4,2.2358,77.8296
[H]O[C@@]1([H])C([H])=C([H])c2c(c([H])c([H])c3nc([H])c([H])c([H])c23)[C@]1([H])O[H],0,213.236,53.35,2,3,1.6559,61.7436
[H]c1c([H])c(S(=O)(=O)O)c([H])c([H])c1N=NC1([H])C(=O)N(c2c([H])c([H])c(S(=O)(=O)O)c([H])c2[H])N=C1C(=O)O,0,468.425,203.43,3,9,1.1197,103.374
[H]C([H])=C([H])C(=O)OC([H])([H])C([H])([H])C([H])([H])C([H])([H])C([H])([H])C([H])(C([H])([H])[H])C([H])([H])[H],0,184.279,26.3,0,2,2.932,54.462
[H]OC(=O)C([H])([H])N(N=O)C([H])([H])C([H])([H])[H],0,132.119,69.97,1,3,0.0743,30.6778
[H]c1c([H])c([H])c(-c2c([H])c([H])c(OC([H])([H])[H])c(N([H])N([H])C(=O)OC([H])(C([H])([H])[H])C([H])([H])[H])c2[H])c([H])c1[H],0,300.358,59.59,2,4,3.8237,86.8054
[H]O[H],0,18.015,31.5,0,0,-0.8247,3.6138
[H]c1c([H])c(Oc2c([H])c([H])c(O[C@@]([H])(C(=O)OC([H])([H])C([H])([H])C([H])([H])C([H])([H])[H])C([H])([H])[H])c([H])c2[H])c(F)c([H])c1C#N,0,357.381,68.55,0,5,4.60028,93.588
[H]O[C@@]1([H])c2c([H])c([H])c3c([H])c4c([H])c([H])c5c([H])c([H])c([H])c([H])c5c4nc3c2C([H])([H])C([H])([H])[C@]1([H])O[H],0,315.372,53.35,2,3,3.8817,96.0426
[H]OC(=O)c1nc(Cl)c([H])c(N([H])[H])c1Cl,0,207.016,76.21,2,3,1.6688,45.6287
[H]c1nc(Cl)c([H])c([H])c1C([H])([H])N(C(=NC#N)C([H])([H])[H])C([H])([H])[H],0,222.679,52.28,0,3,2.06628,59.436
[H]c1nc(Cl)sc1C([H])([H])N([H])C(=NC([H])([H])[H])N([H])[N+](=O)[O-],0,249.683,92.45,2,5,0.6532,57.4528
[H]c1c([H])c([H])c(Oc2c([H])c([H])c(C3(C([H])([H])[H])OC(=O)N(N([H])c4c([H])c([H])c([H])c([H])c4[H])C3=O)c([H])c2[H])c([H])c1[H],0,374.396,67.87,1,5,4.7,103.7017
[H]OC([H])([H])[C@]([H])(O[H])[C@]([H])(O[H])C([H])([H])O[H],0,122.12,80.92,4,4,-2.3072,26.1852
[H]O[C@@]1([H])C([H])([H])C([H])([H])[C@]2(C([H])([H])[H])[C@@]3([H])C([H])([H])C([H])([H])[C@@]4(C([H])([H])[H])[C@@]([H])(C([H])([H])C([H])([H])[C@]4([H])[C@]([H])(C([H])([H])[H])C([H])([H])C([H])([H])C([H])([H])C([H])(C([H])([H])[H])C([H])([H])[H])[C@]3([H])C([H])([H])[C@]3([H])O[C@]23C1([H])[H],0,402.663,32.76,1,2,6.5999,118.5738
[H]OC([H])([H])c1oc(C([H])=O)c([H])c1[H],0,126.111,50.44,1,3,0.5844,30.0183
[H]c1c([H])c2c([H])c([H])c3c([H])c([H])c(N([H])C(=O)C([H])([H])[H])c4c([H])c([H])c(c1[H])c2c34,0,259.308,29.1,1,1,4.5424,84.4497
[H]OC([H])([H])[C@@]12[C@@]3(C([H])([H])[H])[C@]([H])(OC(=O)C([H])([H])[H])[C@@]([H])(O[H])[C@@]([H])(O[C@]1([H])C([H])=C(C([H])([H])[H])C(=O)[C@@]2([H])O[H])[C@]31OC1([H])[H],0,354.355,125.82,3,8,-1.2961,81.3014
[H]c1c(F)c(N2C(=O)C3=C(C2=O)C([H])([H])C([H])([H])C([H])([H])C3([H])[H])c([H])c(OC([H])([H])C(=O)OC([H])([H])C([H])([H])C([H])([H])C([H])([H])C([H])([H])[H])c1Cl,0,423.868,72.91,0,5,4.3351,105.376
[H]C1=C2C(=O)[C@]([H])(C([H])([H])[H])[C@@]([H])(O[C@]3([H])O[C@]([H])(C([H])([H])[H])[C@@]([H])(N(C([H])([H])[H])C([H])([H])[H])C([H])([H])C3([H])[H])C([H])([H])C([H])([H])C([H])([H])[C@]([H])(C([H])([H])C([H])([H])[H])OC(=O)C([H])([H])[C@@]2([H])[C@]2([H])C([H])=C([H])[C@]3([H])C([H])([H])[C@@]([H])(O[C@]4([H])O[C@@]([H])(C([H])([H])[H])[C@]([H])(OC([H])([H])[H])[C@@]([H])(OC([H])([H])[H])[C@@]4([H])OC([H])([H])[H])C([H])([H])[C@@]3([H])[C@]12[H],0,731.968,111.22,0,11,5.4874,194.233
[H]OC([H])([H])[C@@]1([H])O[C@]2([H])O[C@@]3([H])[C@]([H])(O[H])[C@@]([H])(O[H])[C@@]([H])(O[C@@]4([H])[C@]([H])(O[H])[C@@]([H])(O[H])[C@@]([H])(O[C@@]5([H])[C@]([H])(O[H])[C@@]([H])(O[H])[C@@]([H])(O[C@@]6([H])[C@]([H])(O[H])[C@@]([H])(O[H])[C@@]([H])(O[C@@]7([H])[C@]([H])(O[H])[C@@]([H])(O[H])[C@@]([H])(O[C@@]8([H])[C@]([H])(O[H])[C@@]([H])(O[H])[C@@]([H])(O[C@@]1([H])[C@]([H])(O[H])[C@@]2([H])O[H])O[C@]8([H])C([H])([H])O[H])O[C@]7([H])C([H])([H])O[H])O[C@]6([H])C([H])([H])O[H])O[C@]5([H])C([H])([H])O[H])O[C@]4([H])C([H])([H])O[H])O[C@]3([H])C([H])([H])O[H],0,1134.987,554.05,21,35,-15.2306,228.4338
[H]C(=C(C([H])([H])[H])C([H])([H])[H])C([H])([H])C([H])([H])/C(=C([H])/C([H])=C([H])/C(=C([H])/C([H])=C([H])/C(=C([H])/C([H])=C([H])/C([H])=C(C(/[H])=C([H])/C([H])=C(C(/[H])=C([H])/C([H])=C(\C([H])([H])[H])C([H])([H])C([H])([H])C([H])=C(C([H])([H])[H])C([H])([H])[H])\C([H])([H])[H])\C([H])([H])[H])C([H])([H])[H])C([H])([H])[H])C([H])([H])[H],0,536.888,0,0,0,12.938,185.572
[H]Oc1c([H])c([H])c(/C(=C(/c2c([H])c([H])c([H])c([H])c2[H])C([H])([H])C([H])([H])[H])c2c([H])c([H])c(OC([H])([H])C([H])([H])N(C([H])([H])[H])C([H])([H])[H])c([H])c2[H])c([H])c1[H],0,387.523,32.7,1,3,5.7017,121.2468
N#CS,0,59.093,23.79,1,2,0.39728,14.599
C1=C(NC=N1)CC(C(=O)O)N.O.Cl,0,209.633,123.5,3,3,-1.0388,48.7647
[H]OC([H])([H])[C@@]([H])(O[H])[C@]([H])(O[H])[C@@]([H])(O[H])C([H])=O,0,150.13,97.99,4,5,-2.7397,31.1702
[H]c1c([H])c([H])c2c(c1[H])C(=O)NS2(=O)=O,0,183.188,63.24,1,3,0.1187,41.094
O=S(=O)(O)[S+]([O-])O,0,146.145,97.66,2,4,-0.9891,22.3198
[H]C1=C([H])[C@]2([H])O[C@@]([H])(OC2([H])[H])C1=O,0,126.111,35.53,0,3,-0.1332,28.76
[H]Oc1c([H])c([H])c(/C([H])=C(\[H])C(=O)C([H])([H])C(=O)/C([H])=C(\[H])c2c([H])c([H])c(O[H])c(OC([H])([H])[H])c2[H])c([H])c1OC([H])([H])[H],0,368.385,93.06,2,6,3.3699,102.0166
[H]OC([H])([H])[C@@]([H])(O[H])[C@@]([H])(O[H])[C@]([H])(O[H])[C@]([H])(C([H])=O)N([H])C(=O)C([H])([H])[H],0,221.209,127.09,5,6,-3.235,48.7749
[H]N([H])C(=S)N([H])N([H])[H],0,91.139,64.07,3,2,-1.3067,24.1085
[H]c1c(S(=O)(=O)O)c([H])c2c(O)c([N+](=O)[O-])c([H])c([N+](=O)[O-])c2c1[H],0,314.231,160.88,2,7,1.6085,68.7362
[H]N([H])C(=S)N([H])N([H])C(=S)N([H])[H],0,150.232,76.1,4,2,-1.4322,39.8422
[H]O[C@]1([H])[C@@]([H])(O[H])[C@]2([H])OC([H])([H])[C@@]([H])(O2)[C@@]1([H])O[H],0,162.141,79.15,3,5,-2.1758,32.6334
CCN(CC)CCCC(C)NC1=C2C=C(C=CC2=NC3=C1C=CC(=C3)Cl)OC.O.O.Cl.Cl,0,508.918,100.39,1,4,5.1666,142.6413
COC1=CC=C(C=C1)N.Cl,0,159.616,35.25,1,2,1.6992,44.6544
CN(C)CCOC1=CC=C(C=C1)/C(=C(/CCCl)\C2=CC=CC=C2)/C3=CC=CC=C3.C(C(=O)O)C(CC(=O)O)(C(=O)O)O,0,598.092,144.6,4,6,4.9665,161.7192
[H]OC([H])(OC([H])([H])[H])C([H])([H])C([H])([H])[H],0,90.122,29.46,1,2,0.3612,23.3068
[H]C([H])([H])OP(=O)(O/C(=C(\Cl)C(=O)N(C([H])([H])C([H])([H])[H])C([H])([H])C([H])([H])[H])C([H])([H])[H])OC([H])([H])[H],0,299.691,65.07,0,5,2.7426,69.1905
[H]c1nc(Oc2c([H])c([H])c(O[C@@]([H])(C(=O)OC([H])([H])C([H])([H])C([H])([H])C([H])([H])[H])C([H])([H])[H])c([H])c2[H])c([H])c([H])c1C(F)(F)F,0,383.366,57.65,0,5,5.0033,91.712
CC1=NC=C(C(=N1)N)CN(C=O)/C(=C(/CCOC(=O)C2=CC=CC=C2)\SC(=O)C3=CC=CC=C3)/C.Cl,0,527.046,115.48,1,8,4.79962,142.4414
[H]OC([H])([H])C1([H])OC([H])(OC([H])([H])C2([H])OC([H])(OC([H])([H])C([H])(O[H])C([H])(O[H])C([H])(O[H])C([H])(O[H])C([H])=O)C([H])(O[H])C([H])(O[H])C2([H])O[H])C([H])(O[H])C([H])(O[H])C1([H])O[H],0,504.438,276.52,11,16,-7.7304,102.4438
[H]Oc1c([H])c([H])c(-c2c([H])oc3c([H])c(O[H])c([H])c(O[H])c3c2=O)c([H])c1[H],0,270.24,90.9,3,5,2.5768,72.9144
CN(C)CCC(C1=CC=C(C=C1)Cl)C2=CC=CC=N2.C(=C\C(=O)O)\C(=O)O,0,390.867,90.73,2,4,3.5304,105.1146
[H]OC([H])([H])[C@@]1([H])O[C@@]([H])(OC([H])([H])[C@@]2([H])O[C@@]([H])(OC(=O)/C(=C([H])/C([H])=C([H])/C(=C([H])/C([H])=C([H])/C([H])=C(C(/[H])=C([H])/C([H])=C(/C(=O)O[C@]3([H])O[C@]([H])(C([H])([H])O[C@]4([H])O[C@]([H])(C([H])([H])O[H])[C@@]([H])(O[H])[C@]([H])(O[H])[C@@]4([H])O[H])[C@@]([H])(O[H])[C@]([H])(O[H])[C@@]3([H])O[H])C([H])([H])[H])\C([H])([H])[H])C([H])([H])[H])C([H])([H])[H])[C@]([H])(O[H])[C@@]([H])(O[H])[C@]2([H])O[H])[C@]([H])(O[H])[C@@]([H])(O[H])[C@]1([H])O[H],0,976.972,391.2,14,24,-5.2252,227.4332
[H]/C(C(=NN([H])C1=NC([H])([H])C(C([H])([H])[H])(C([H])([H])[H])C([H])([H])N1[H])/C([H])=C(\[H])c1c([H])c([H])c(C(F)(F)F)c([H])c1[H])=C(/[H])c1c([H])c([H])c(C(F)(F)F)c([H])c1[H],0,494.483,48.78,2,4,6.3818,125.6124
[H]OC([H])([H])C([H])([H])OC1([H])C([H])([H])OC([H])(C([H])(OC([H])([H])C([H])([H])O[H])C([H])([H])OC([H])([H])C([H])([H])OC(=O)C([H])([H])C([H])([H])C([H])([H])C([H])([H])C([H])([H])C([H])([H])C([H])([H])/C([H])=C(\[H])C([H])([H])C([H])([H])C([H])([H])C([H])([H])C([H])([H])C([H])([H])C([H])([H])C([H])([H])[H])C1([H])OC([H])([H])C([H])([H])O[H],0,604.822,133.14,3,10,4.115,161.4474
[H]O[C@]1(C([H])([H])[H])C([H])([H])[C@]([H])(O[C@@]2([H])[C@]([H])(N(C([H])([H])[H])C([H])([H])[H])[C@@]([H])(O[H])[C@]([H])(O[C@@]3([H])[C@@]([H])(C([H])([H])C([H])=O)C([H])([H])[C@@]([H])(C([H])([H])[H])[C@@]([H])(O[H])/C([H])=C([H])/C([H])=C(\[H])C([H])([H])[C@@]([H])(C([H])([H])[H])OC(=O)C([H])([H])[C@@]([H])(OC(=O)C([H])([H])[H])[C@]3([H])OC([H])([H])[H])O[C@]2([H])C([H])([H])[H])O[C@@]([H])(C([H])([H])[H])[C@]1([H])OC(=O)C([H])([H])C([H])(C([H])([H])[H])C([H])([H])[H],0,828.006,206.05,3,16,3.0134,209.8514
[H]OC([H])(/C([H])=C(\[H])C([H])=O)C([H])([H])C([H])([H])C([H])([H])C([H])([H])C([H])([H])[H],0,156.225,37.3,1,2,1.6827,45.3528
CCN(CC)CCCNC(=O)CN1C(=C(C=N1)C2=CC=CC=C2)C3=CC=CC=C3.C(=C/C(=O)O)\C(=O)O,0,506.603,124.76,3,6,3.777,142.9253
[H]Oc1c([H])c(O[C@]2([H])O[C@]([H])(C([H])([H])O[C@]3([H])O[C@@]([H])(C([H])([H])[H])[C@]([H])(O[H])[C@@]([H])(O[H])[C@@]3([H])O[H])[C@@]([H])(O[H])[C@]([H])(O[H])[C@@]2([H])O[H])c([H])c2c1C(=O)C([H])([H])[C@@]([H])(c1c([H])c([H])c(OC([H])([H])[H])c(OC([H])([H])[H])c1[H])O2,0,624.592,223.29,7,15,-0.8536,145.5861
[H]OC([H])([H])[C@@]12[C@@]3(C([H])([H])[H])[C@]([H])(O[H])[C@@]([H])(O[H])[C@@]([H])(O[C@]1([H])C([H])=C(C([H])([H])[H])C(=O)[C@@]2([H])O[H])[C@]31OC1([H])[H],0,312.318,119.75,4,7,-1.8669,71.7542
CNC[C@@H](C1=CC(=CC=C1)O)O.Cl,0,203.669,52.49,3,3,1.0668,54.2413
CN(C)CCN(CC1=CC=C(C=C1)OC)C2=CC=CC=N2.C(=C\C(=O)O)\C(=O)O,0,401.463,103.2,2,6,2.3702,111.2466
CC1=CC=C(C=C1)/C(=C\CN2CCCC2)/C3=CC=CC=N3.O.Cl,0,332.875,47.63,0,2,3.51462,99.0308
C[C@@H]([C@@H](C1=CC=CC=C1)O)NC.C[C@@H]([C@@H](C1=CC=CC=C1)O)NC.OS(=O)(=O)O,0,428.551,139.12,6,6,2.003,114.0244
[H]C(=O)/C(Br)=C(\[H])c1c([H])c([H])c([H])c([H])c1[H],0,211.058,17.07,0,1,2.6213,49.41
[H]Oc1c([H])c([H])c(-c2oc3c([H])c(O[H])c([H])c(O[H])c3c(=O)c2O[C@]2([H])O[C@]([H])([C@]([H])(O[H])C([H])([H])O[H])[C@]([H])(O[H])[C@@]2([H])O[H])c([H])c1O[H],0,464.379,210.51,8,12,-0.5389,108.9744
[H]c1nc(Cl)sc1C([H])([H])N1/C(=N/[N+](=O)[O-])N(C([H])([H])[H])C([H])([H])OC1([H])[H],0,291.72,84.1,0,5,1.0232,65.6784
[H]/C(=C(/[H])c1c([H])c([H])c(N([H])[H])c([H])c1S(=O)(=O)O)c1c([H])c([H])c(N([H])[H])c(S(=O)(=O)O)c1[H],0,370.408,160.78,4,6,1.5148,90.266
[H]c1c(Br)c(O)c(Br)c2c1C1(OC(=O)c3c(Cl)c(Cl)c(Cl)c(Cl)c31)c1c([H])c(Br)c(O)c(Br)c1O2,0,785.675,75.99,2,5,9.3294,138.8671
CCC(C)[C@@H]1[C@H](CC[C@@]2(O1)CC3C[C@H](O2)C/C=C(/[C@H]([C@H](/C=C/C=C/4\CO[C@H]5[C@@]4([C@@H](C=C([C@H]5O)C)C(=O)O3)O)C)O[C@H]6C[C@@H]([C@H]([C@@H](O6)C)OC7C[C@@H]([C@H]([C@@H](O7)C)O)OC)OC)\C)C.C[C@H]1CC[C@]2(CC3C[C@H](O2)C/C=C(/[C@H]([C@H](/C=C/C=C/4\CO[C@H]5[C@@]4([C@@H](C=C([C@H]5O)C)C(=O)O3)O)C)O[C@H]6C[C@@H]([C@H]([C@@H](O6)C)OC7C[C@@H]([C@H]([C@@H](O7)C)O)OC)OC)\C)O[C@@H]1C(C)C,0,1736.185,340.12,6,28,10.8127,450.1818
[H]OC([H])([H])C1=C([H])[C@]2([H])[C@@](O[H])(C3([H])C([H])=C(C([H])([H])[H])C(=O)[C@@]3(O[H])C1([H])[H])[C@]([H])(C([H])([H])[H])C([H])([H])[C@@]13OC(=O)C([H])([H])/C([H])=C(\[H])C4([H])C([H])(C(=O)OC([H])([H])[C@]1(C([H])([H])[H])[C@@]23[H])C1([H])C([H])(/C([H])=C([H])/C([H])=C([H])/C([H])=C(\[H])C([H])([H])C([H])([H])C([H])([H])[H])C1([H])C4([H])/C([H])=C(/[H])C([H])=C([H])[H],0,710.908,130.36,3,8,5.9287,196.9514
CCCCCC[C@H](C/C=C\CCCCCCCC(=O)O)O.C(C(CO)O)O,0,390.561,118.22,5,5,3.4112,108.656
[H]OC(=O)[C@]([H])(N([H])C(=O)C([H])([H])C([H])([H])[C@]([H])(C(=O)O[H])N([H])[H])C([H])([H])c1c([H])n([H])c2c([H])c([H])c([H])c([H])c12,0,333.344,145.51,5,4,0.4719,86.4144
[H]N([H])/C(=N\[N+](=O)[O-])N([N+](=O)[O-])C([H])([H])[H],0,163.093,127.9,1,4,-1.3837,33.3742
[H]/C(=N\OC([H])([H])c1c([H])c([H])c(C(=O)OC(C([H])([H])[H])(C([H])([H])[H])C([H])([H])[H])c([H])c1[H])c1c(C([H])([H])[H])nn(C([H])([H])[H])c1Oc1c([H])c([H])c([H])c([H])c1[H],0,421.497,74.94,0,7,5.02682,118.4545
[H]O/N=C(\[H])C([H])=C([H])[H],0,71.079,32.59,1,2,0.6324,20.4755
[H]c1c([H])c(S(=O)(=O)O)c([H])c(S(=O)(=O)[O-])c1-c1c2c([H])c([H])c(=[N+](C([H])([H])C([H])([H])[H])C([H])([H])C([H])([H])[H])c([H])c-2oc2c([H])c(N(C([H])([H])C([H])([H])[H])C([H])([H])C([H])([H])[H])c([H])c([H])c12,0,558.678,130.96,1,7,4.0136,145.9618
[Fe].[Ni],0,114.538,0,0,0,-0.005,0
[H]c1c([H])c([H])c(Oc2c([H])c([H])c([H])c([C@@]([H])(C#N)OC(=O)[C@]([H])(c3c([H])c([H])c(Cl)c([H])c3[H])C([H])(C([H])([H])[H])C([H])([H])[H])c2[H])c([H])c1[H],0,419.908,59.32,0,4,6.67998,116.435
[H]c1c([H])c([H])c(N([H])N2C(=O)[C@@](c3c([H])c([H])c([H])c([H])c3[H])(C([H])([H])[H])N=C2SC([H])([H])[H])c([H])c1[H],0,311.41,44.7,1,4,3.4901,91.6547
[H]C#CC([H])([H])Oc1c([H])c([H])c(C([H])([H])C([H])([H])N([H])C(=O)C([H])(OC([H])([H])C#C[H])c2c([H])c([H])c(Cl)c([H])c2[H])c([H])c1OC([H])([H])[H],0,411.885,56.79,1,4,3.4104,113.0137
[H]c1c(OC([H])([H])[H])nc(N([H])C(=O)N([H])S(=O)(=O)c2c([H])c(C([H])([H])N([H])S(=O)(=O)C([H])([H])[H])c([H])c([H])c2C(=O)OC([H])([H])[H])nc1OC([H])([H])[H],0,503.515,191.98,3,11,-0.16,113.9412
[H]C(=O)N([H])c1c([H])c([H])c(C(=O)N(C([H])([H])[H])C([H])([H])[H])c(S(=O)(=O)N([H])C(=O)N([H])c2nc(OC([H])([H])[H])c([H])c(OC([H])([H])[H])n2)c1[H],0,452.449,168.92,3,9,0.2743,108.6224
[H]c1c([H])c(/C(=N/N([H])C(=O)N([H])c2c([H])c([H])c(OC(F)(F)F)c([H])c2[H])C([H])([H])c2c([H])c([H])c(C#N)c([H])c2[H])c([H])c(C(F)(F)F)c1[H],0,506.406,86.51,2,4,6.24418,118.1214
[O-]P(=O)=O.[O-]P(=O)=O.[O-]P(=O)=O.[Na+].[Ca+2],0,299.981,171.6,0,9,-5.073,30.633
CC(=O)O[Hg]C,0,274.669,26.3,0,2,0.5951,17.63
CC(C)(C[Sn](CC(C)(C)C1=CC=CC=C1)(CC(C)(C)C2=CC=CC=C2)O[Sn](CC(C)(C)C3=CC=CC=C3)(CC(C)(C)C4=CC=CC=C4)CC(C)(C)C5=CC=CC=C5)C6=CC=CC=C6,0,1052.705,9.23,0,1,16.7608,278.243
CN1[C@@H]2CC(C[C@H]1[C@H]3[C@@H]2O3)OC(=O)[C@H](CO)C4=CC=CC=C4.O.O.O.Br,0,438.315,156.8,1,5,-0.9781,100.5462
CCCCCCCC/C=C\CCCCCCCC(=O)O.C1COCCN1,0,369.59,58.56,2,3,5.7147,110.7765
CC1=CC(=C(C=C1)C(=O)OC)C2=NC(C(=O)N2)(C)C(C)C.CC1=CC(=C(C=C1)C2=NC(C(=O)N2)(C)C(C)C)C(=O)OC,0,576.694,135.52,2,8,4.14544,160.8824
C1=CC=NC(=C1)C(=O)[O-].C1=CC=NC(=C1)C(=O)[O-].C1=CC=NC(=C1)C(=O)[O-].O.[Cr+3],0,436.32,190.56,0,9,-2.4919,89.3163
CC[C@H](C)[C@@H]1[C@H](C=C[C@@]2(O1)C[C@@H]3C[C@H](O2)C/C=C(/[C@H]([C@H](/C=C/C=C/4\CO[C@H]5[C@@]4([C@@H](C=C([C@H]5O)C)C(=O)O3)O)C)O[C@H]6C[C@@H]([C@H]([C@@H](O6)C)O[C@H]7C[C@@H]([C@H]([C@@H](O7)C)[NH2+]C)OC)OC)\C)C.C1=CC=C(C=C1)C(=O)[O-],0,1008.256,206.57,3,15,4.6284,263.7085
[H]Oc1c([H])c([H])c2c(c1[H])C([H])([H])C([H])([H])[C@]1([H])[C@]2([H])[C@@]([H])(C([H])([H])[H])C([H])([H])[C@@]2(C([H])([H])[H])[C@@]1([H])C([H])([H])C([H])([H])[C@]2([H])O[H],0,286.415,40.46,2,2,3.8552,83.2776
[H]OC1C(=O)O[C@]([H])([C@@]([H])(O[H])C([H])([H])O[H])C1=O,0,176.124,104.06,3,6,-2.805,33.9864
[H]c1c([H])c(S(=O)(=O)O)c([H])c(C([H])([H])[H])c1C([H])([H])[H],0,186.232,54.37,1,2,1.55014,45.7306
O=NO,0,47.013,49.66,1,2,0.142,7.5815
[H]c1c(OC([H])([H])[H])nc(Oc2c([H])c([H])c([H])c(Oc3nc(OC([H])([H])[H])c([H])c(OC([H])([H])[H])n3)c2C(=O)O)nc1OC([H])([H])[H],0,430.373,144.24,1,11,2.5838,103.8213
[H]C1=C(C([H])([H])[H])OS(=O)(=O)NC1=O,0,163.154,72.47,1,4,-0.7186,31.9045
[H]OC1C(=O)O[C@]([H])([C@]([H])(O[H])C([H])([H])O[H])C1=O,0,176.124,104.06,3,6,-2.805,33.9864
[H]c1c([H])c(=O)n([H])[nH]c1=O,0,112.088,65.72,2,2,-0.9368,27.6834
[H]OC(=O)c1c(O[H])c([H])c2c(c1C([H])([H])[H])C(=O)c1c(O[H])c([C@]3([H])O[C@@]([H])(C([H])([H])O[H])[C@]([H])(O[H])[C@@]([H])(O[H])[C@@]3([H])O[H])c(O[H])c(O[H])c1C2=O,0,492.389,242.51,9,12,-1.19408,110.8247
[H]c1c([H])c2c(c([H])c1C([H])([H])[H])[C@]([H])(N([H])c1nc(N([H])[H])nc(C([H])(F)C([H])([H])[H])n1)[C@@]([H])(C([H])([H])[H])C2([H])[H],0,301.369,76.72,2,5,3.13812,84.1731
[H]c1c(N([H])[H])c([H])c2c(c1[H])c([H])c1c([H])c([H])c(N([H])[H])c([H])c1[n+]2[H],0,210.26,66.18,2,2,1.9715,66.8345
C[C@@]1([C@H]2[C@@H]([C@H]3[C@@H](C(=O)C(=C([C@]3(C(=O)C2=C(C4=C1C=CC=C4O)O)O)O)C(=O)N)N(C)C)O)O.Cl,0,496.9,201.85,7,10,-0.9784,118.7492
C[C@@]1([C@H]2C[C@H]3[C@@H](C(=O)C(=C([C@]3(C(=O)C2=C(C4=C1C=CC=C4O)O)O)O)C(=O)N)N(C)C)O.Cl,0,480.901,181.62,6,9,0.0508,117.3594
C(=O)(C(=O)[O-])[O-].C(=O)(C(=O)[O-])[O-].O=[Ti+2].[K+].[K+],0,318.098,177.59,0,9,-13.1409,20.7145
[H]O[C@@]1([H])C([H])=C([H])c2c([H])c([H])c3c([H])c4c([H])c([H])c([H])c([H])c4nc3c2[C@]1([H])O[H],0,263.296,53.35,2,3,2.8091,79.2496
[H]Oc1c([H])c([H])c(-c2oc3c([H])c(OS(=O)(=O)O)c([H])c(OS(=O)(=O)O)c3c(=O)c2O[C@]2([H])O[C@]([H])(C([H])([H])O[C@]3([H])O[C@@]([H])(C([H])([H])[H])[C@]([H])(O[H])[C@@]([H])(O[H])[C@@]3([H])O[H])[C@@]([H])(O[H])[C@]([H])(O[H])[C@@]2([H])O[H])c([H])c1O[H],0,770.649,356.17,10,20,-2.7351,161.2196
C[C@@H]1CCC[C@@H](N1CCC[C@@](C2=CC=CC=C2)(C3=CC=CC=N3)O)C.Cl,0,374.956,36.36,1,3,4.7824,109.6408
[H]O[C@]1([H])[C@@]([H])(O[H])[C@]([H])(O[C@@]2([H])[C@@]([H])(O[C@@]3([H])C([H])([H])C([H])([H])[C@@]4(C([H])([H])[H])[C@@]([H])(C([H])([H])C([H])([H])[C@@]5(C([H])([H])[H])[C@@]6(C([H])([H])[H])C(=C([H])C(=O)[C@]45[H])[C@]4([H])C([H])([H])[C@](C(=O)O)(C([H])([H])[H])C([H])([H])C([H])([H])[C@]4(C([H])([H])[H])C([H])([H])C6([H])[H])C3(C([H])([H])[H])C([H])([H])[H])O[C@]([H])(C(=O)O)[C@@]([H])(O[H])[C@]2([H])O[H])O[C@]([H])(C(=O)O)[C@@]1([H])O[H],0,822.942,267.04,8,13,2.2456,199.4384
[H]C1=C(Cl)[C@]2([H])O[C@]2([H])C(Cl)=C1c1c([H])c(Cl)c([H])c([H])c1Cl,0,307.991,12.53,0,1,4.847,71.832
[H]c1c([H])c2c3c(c1[H])c([H])c([H])c1c([N+](=O)[O-])c([H])c([H])c(c13)[C@@]1([H])O[C@@]21[H],0,263.252,55.67,0,3,4.0272,74.6754
[H]C12C3([H])[C@@]4(Cl)C(Cl)(Cl)C1(Cl)[C@@]([H])(Cl)[C@@]4(Cl)[C@@]1([H])C2([H])[C@]2([H])O[C@]2([H])[C@@]31[H],0,380.913,12.53,0,1,3.6169,75.941
[H]OC(=O)c1c(O)c(N=Nc2c([H])c([H])c(C([H])([H])[H])c([H])c2S(=O)(=O)O)c2c([H])c([H])c([H])c([H])c2c1[H],0,386.385,136.62,3,6,4.21412,97.7417
[H]Oc1c([H])c([H])c2c([H])c([H])c([H])c([H])c2c1N=Nc1c([H])c([H])c(S(=O)(=O)O)c([H])c1[H],0,328.349,99.32,2,5,4.2075,86.0454
[H]OC(=O)c1c(O)c(N=Nc2c([H])c([H])c3c([H])c([H])c([H])c([H])c3c2S(=O)(=O)O)c2c([H])c([H])c([H])c([H])c2c1[H],0,422.418,136.62,3,6,5.0589,110.5107
[H]OC1=C(/C(=N/OC([H])([H])/C([H])=C(\[H])Cl)C([H])([H])C([H])([H])[H])C(=O)C([H])([H])C([H])(C([H])([H])C([H])(SC([H])([H])C([H])([H])[H])C([H])([H])[H])C1([H])[H],0,359.919,58.89,1,5,4.8444,98.2678
C1=CC=C(C=C1)N=NC2=C(C(=CC3=CC=CC=C32)C(=O)O)[O-].C1=CC=C(C=C1)N=NC2=C(C(=CC3=CC=CC=C32)C(=O)O)[O-].[Ca+2],0,622.65,170.16,2,8,7.6732,167.6966
