Gene,Degree,Degree_Centrality,Betweenness_Centrality,Closeness_Centrality,Eigenvector_Centrality,PageRank,Zscore_Degree,Zscore_Betweenness,Zscore_Eigenvector,Zscore_PageRank,Composite_Score
TP53,308,0.45161290322580644,0.32913593094217813,0.6151506015841258,0.2769975007987059,0.0338326943108646,12.593666188136428,21.333114719749286,8.475308628710163,14.453318226161866,14.326787216759477
EGFR,201,0.29472140762463345,0.1252525639212368,0.554516549026971,0.18427254759355596,0.021349295165651018,8.011215536410718,8.019492734703427,5.369951096445615,8.87918981534363,7.658626803777458
AKT1,183,0.26832844574780057,0.09989586377549742,0.5466869964244309,0.19326937420337986,0.018830789926223165,7.240335987522282,6.363695474430318,5.671254707971656,7.754618579209434,6.810216121676596
STAT3,165,0.24193548387096775,0.06638737401406489,0.5342622919602391,0.18643628885928468,0.015468865941703188,6.469456438633845,4.175584828172106,5.442414764586125,6.253441233269221,5.6473771601359415
CTNNB1,140,0.20527859237536658,0.07234711516610641,0.52488926929427,0.16146634740307456,0.014570339255796776,5.398790398511015,4.564757039649527,4.606171735056721,5.852228144628243,5.122445875328229
ESR1,101,0.14809384164222875,0.058930008511696004,0.5028350983155192,0.14217159557830283,0.009896960875469499,3.7285513759194022,3.6886174666184623,3.959990735863699,3.765455872007756,3.7722366698006975
EP300,118,0.17302052785923755,0.03387342647440906,0.4971383260536364,0.11842049481108693,0.012987867996872056,4.456604283202926,2.05241797493818,3.1645666658847484,5.145617877579487,3.734952901548416
MYC,113,0.1656891495601173,0.032085715329025204,0.5094513496091445,0.15632372928985216,0.010788290313727317,4.24247107517836,1.9356801029093678,4.433945518256988,4.163455221976195,3.6882650500864043
SRC,114,0.16715542521994134,0.03797869374023397,0.4956409214570893,0.12565601227036263,0.011726530243862514,4.2852977167832735,2.3204926949282703,3.4068840558141025,4.582401198940808,3.6778344255571955
BRCA1,100,0.1466275659824047,0.04677333148530548,0.4850487425902835,0.16428742912041006,0.007011283417072532,3.6857247343144888,2.894784183950382,4.7006497267649445,2.476933690012502,3.449216386353156
FN1,76,0.11143695014662756,0.0631208366658039,0.44837271368870213,0.07785249118668913,0.008727119394367667,2.657885335796573,3.962279328610123,1.8059447278910141,3.2430944093877256,2.9306375271370793
IL6,88,0.12903225806451613,0.019315827907744734,0.47904741171398446,0.10458224628868627,0.008198399092761053,3.171805035055531,1.1018040668075224,2.70112389458121,3.0070084827679855,2.5272092544411553
CD44,80,0.11730205278592376,0.03341091869172482,0.47524270302889143,0.08662759997561285,0.008310341556505394,2.8291919022162255,2.0222161302572097,2.099823012346289,3.0569933995583436,2.5271344807209077
ATM,82,0.12023460410557185,0.012332778744562697,0.44323982740405027,0.13183378785346583,0.0054384918337644205,2.914845185426052,0.6458096508822283,3.6137776834354107,1.7746456235306265,2.2593328890128825
CREBBP,73,0.10703812316715543,0.022360263516807068,0.47353319690288825,0.08949431927722605,0.007530942227201505,2.529405410981833,1.3006062812750987,2.1958294061856796,2.7089734496786457,2.1914040353352813
PTEN,76,0.11143695014662756,0.009119349489000304,0.47592996651844877,0.12903789774299457,0.006273571485753297,2.657885335796573,0.43597211970269495,3.5201433583284802,2.14752813407922,2.1727871959360145
BRCA2,77,0.11290322580645161,0.012506079524108015,0.4238320307115355,0.12560892992598324,0.004881824992042936,2.700711977401486,0.6571262241873138,3.405307268685057,1.5260809159774023,2.0958083850698404
TNF,72,0.10557184750733138,0.014706726546997834,0.4684776823452062,0.08987386078912676,0.007239091949760742,2.48657876937692,0.8008288862208591,2.2085402467097004,2.5786555046811492,2.027948941115307
EGF,69,0.10117302052785923,0.014132006635331642,0.4721744215889632,0.09026779155652757,0.0066834874597291195,2.3580988445621807,0.7632995685378884,2.221732983221871,2.330565161895714,1.9266191167547524
SMAD3,61,0.08944281524926687,0.022012396017462837,0.4688113559081301,0.08051913344895602,0.006612706507819298,2.0154857117228753,1.2778904685296841,1.8952505441653493,2.2989598186397813,1.8637346887964537
ERBB2,63,0.09237536656891496,0.011695414599746826,0.47183594530108575,0.1004618098326808,0.005614331243580592,2.1011389949327017,0.6041896530624505,2.5631305287979487,1.8531620146670618,1.7697045701850604
CCND1,61,0.08944281524926687,0.008698522811947197,0.47524270302889143,0.10680118724965056,0.005640553615393698,2.0154857117228753,0.4084920590122485,2.775436199830214,1.8648709143042668,1.7356044366829644
JUN,62,0.09090909090909091,0.007493236108415592,0.48291353169113327,0.10161755137473584,0.00593185968330518,2.0583123533277887,0.32978661192801606,2.601836298700374,1.9949458570743,1.7222124078016647
BCL2,62,0.09090909090909091,0.009498190850683125,0.4786990135963743,0.0917627662156776,0.006150231516284343,2.0583123533277887,0.4607105314497751,2.2717996660064386,2.0924539655768086,1.7084376828438192
STAT1,54,0.07917888563049853,0.011374357727554272,0.4731927704493276,0.08360984101030869,0.005523402392615706,1.7156992204884831,0.5832245792826272,1.9987583020440607,1.812560165312532,1.5085645654629445
TGFB1,54,0.07917888563049853,0.011038801137004556,0.46157864214236655,0.07105194799702032,0.005365364682114482,1.7156992204884831,0.5613126711831751,1.5781946208534243,1.7419926474563634,1.4048603486287203
IL1B,52,0.07624633431085044,0.0066856667466631305,0.4609321734558926,0.0724671740022928,0.004990652559889151,1.6300459372786569,0.27705218162025735,1.625590522209193,1.5746749592147704,1.279832219737387
WRN,54,0.07917888563049853,0.0028181474648317096,0.40134825835061866,0.0931011272964234,0.0031807819032249212,1.7156992204884831,0.02450244943493958,2.3166213619935863,0.7665255657792108,1.2232497250842633
HIF1A,46,0.06744868035190615,0.0054858912724100786,0.4632027752955768,0.08753910969465374,0.0042709870400666605,1.3730860876491777,0.19870661883830862,2.1303494615265164,1.2533275462493745,1.2069921869419675
HDAC1,36,0.05278592375366569,0.028315839946839904,0.4456405847630431,0.04535666822045201,0.004318767172301241,0.9448196716000463,1.6895065356267054,0.7176600199755717,1.2746624879157673,1.1515280205449603
FANCD2,54,0.07917888563049853,0.0007154956574582723,0.3392840946881519,0.0805136291688062,0.0032174283751216877,1.7156992204884831,-0.11280110670393903,1.8950662058914316,0.7828890688427447,1.1078855054418195
MSH2,47,0.0689149560117302,0.004296967513838639,0.4108683793352152,0.09038250860191968,0.0028960224090490536,1.415912729254091,0.12106967511923487,2.225574855648588,0.6393738206277682,1.0988266092740118
PIK3R1,47,0.0689149560117302,0.003371898133430552,0.46287703494726773,0.07506556894737602,0.0041554361887736185,1.415912729254091,0.06066247162514676,1.712610736677893,1.2017314003924395,1.093603500559285
RAD51,49,0.0718475073313783,0.0008711697112775481,0.4038105176043035,0.09312810288559958,0.0028577303383782358,1.5015660124639174,-0.10263556188430377,2.31752477414037,0.6222755193916738,1.087849272597704
NFKB1,43,0.06304985337243402,0.0063223260134844545,0.4632027752955768,0.07398772871584403,0.004285948158728302,1.2446061628344385,0.2533259638125367,1.6765138806982476,1.2600080341212578,1.0862480309090887
KRAS,43,0.06304985337243402,0.0024408185992291294,0.46060961770119996,0.09043949626475287,0.003390848259537558,1.2446061628344385,-0.00013719603532057727,2.227483371769741,0.8603250855460924,1.05313954944639
ERCC4,51,0.0747800586510264,0.0008092048137111761,0.3417503342134033,0.0767554458895296,0.0030462985685508316,1.5872192956737436,-0.10668188128051047,1.7692046945018083,0.7064756252246909,1.0239923471109824
MMP9,39,0.05718475073313783,0.006904705037641398,0.4593238965073375,0.07408916753997188,0.003947213556380293,1.0732995964147858,0.29135542297312167,1.6799110656595877,1.1087551462890834,1.0062269568781896
FANCM,50,0.07331378299120235,0.0004995621751754945,0.3380642751386824,0.07680396373460174,0.0029599556790247928,1.5443926540688304,-0.12690160346850451,1.7708295565312417,0.6679215144427915,0.9965622422517711
PIK3R2,46,0.06744868035190615,0.005455966731030877,0.41215475497496223,0.05501424965393299,0.004180223525793835,1.3730860876491777,0.19675254069147463,1.0410923023469232,1.2127995235779336,0.9805466310350522
MAPK8,39,0.05718475073313783,0.00944990736943607,0.45709107201042687,0.06214492516903462,0.004081099523460671,1.0732995964147858,0.457557611097134,1.279898536866817,1.1685383483025156,0.979731638553325
MLH1,44,0.06451612903225806,0.003121582219857207,0.4023295499358281,0.08246496832959843,0.002763101361719301,1.2874328044393517,0.04431679566907612,1.9604165301732064,0.5800214777524244,0.9697682820561683
MSH6,44,0.06451612903225806,0.0026963221779705434,0.4023295499358281,0.08208652777326593,0.0027118422049012656,1.2874328044393517,0.016547235426124688,1.9477425606375038,0.5571330705958246,0.9557134166569698
PARP1,39,0.05718475073313783,0.006248556375502775,0.4577268036822077,0.07170452681010368,0.0035975408878599594,1.0732995964147858,0.24850879266016468,1.6000494772060736,0.9526181572036102,0.948315583792153
BLM,43,0.06304985337243402,0.0015615872061236437,0.40356293298284157,0.08438098179462611,0.002529584958547152,1.2446061628344385,-0.057551170388556415,2.0245837973421645,0.4757509659973754,0.9212913170628223
FANCI,48,0.07038123167155425,0.000586724291182312,0.3391092960819241,0.06876159367404497,0.0030038701189587513,1.4587393708590042,-0.12120990099719751,1.5014906829968004,0.687530334479192,0.9180605080465506
ERCC1,47,0.0689149560117302,0.000718552568506203,0.3410420433652926,0.0716356156151334,0.002827402771220407,1.415912729254091,-0.11260148984098091,1.5977416421416022,0.6087335544381404,0.9087141220946352
PALB2,42,0.06158357771260997,0.0006326592094777241,0.40037174190694325,0.08236772119894523,0.002451574557431745,1.2017795212295252,-0.1182103422443922,1.9571597249743198,0.44091750532385016,0.8706856929288698
CHEK2,42,0.06158357771260997,0.0005972245444927791,0.40012835482979614,0.08154038290323398,0.0025126273927679466,1.2017795212295252,-0.12052423249286863,1.9294521757169627,0.46817901799758477,0.8700180130500262
EXO1,42,0.06158357771260997,0.0005106416036695678,0.39795111468864247,0.08156448573645524,0.0024100820137120016,1.2017795212295252,-0.126178114716402,1.930259379302463,0.42239011834415724,0.8596082032805574
BARD1,41,0.060117302052785926,0.0012846264293900783,0.4040584061970624,0.08035433747983793,0.0024690649273315735,1.158952879624612,-0.07563676089058416,1.8897315292044525,0.4487273627705485,0.8544160960409684
XRCC3,44,0.06451612903225806,0.0002816365492525575,0.33719833181097064,0.07210308417777474,0.0025642132279194434,1.2874328044393517,-0.14113218758522889,1.6133971585038853,0.49121329463721275,0.8362405252856855
PIK3CA,37,0.054252199413489736,0.0015319681164262867,0.4555094420034704,0.07857345390058795,0.0029888129206320276,0.9876463132049594,-0.059485302483457875,1.8300897602334327,0.6808069447995071,0.8329842250074593
MRE11,41,0.060117302052785926,0.00046026975057154157,0.3977106608429092,0.0795965278585917,0.0023631628823548947,1.158952879624612,-0.12946740614135918,1.8643524943921832,0.4014396336191022,0.8264250819355315
RAD51C,42,0.06158357771260997,3.331075525866754e-05,0.3363368133341925,0.07514128053015641,0.0023859839647111195,1.2017795212295252,-0.15734790836068305,1.7151463166457424,0.4116297783102803,0.8066410743313676
GRB2,37,0.054252199413489736,0.007003864112943686,0.4471543095754176,0.0510165379859623,0.0036659096551513925,0.9876463132049594,0.2978305291294064,0.9072089881921185,0.9831464038565194,0.7982049203138151
XRCC6,37,0.054252199413489736,0.002734312475810325,0.4060525254133342,0.07623561395026505,0.0023991525061749287,0.9876463132049594,0.019028008977829906,1.7517955293061642,0.41750983872079767,0.7842942854715856
KDR,36,0.05278592375366569,0.006129797194771593,0.44929088306826936,0.05568263939410669,0.00344533790926359,0.9448196716000463,0.24075379595488514,1.0634766664516384,0.8846559830124182,0.7805018639415489
CHEK1,38,0.05571847507331378,0.000761005833624174,0.40430659932126206,0.07807724010776347,0.0023371556897953845,1.0304729548098726,-0.10982928369160166,1.8134715664690009,0.3898268165293618,0.7738678898602275
RPA1,38,0.05571847507331378,0.0011423416092020194,0.39699103962304866,0.0730706536906316,0.0022611709970399305,1.0304729548098726,-0.0849279862508141,1.6458010494833928,0.35589788180985726,0.7397733238794019
CDKN2A,34,0.04985337243401759,0.0015560848589220723,0.4468507424949183,0.07548657374976099,0.002655766051343097,0.85916638839022,-0.057910474689552544,1.726710182285735,0.5320937622246072,0.7379914061662574
PMS2,37,0.054252199413489736,0.002424181705519838,0.39939996583435355,0.06973245854302965,0.0023290420631549053,0.9876463132049594,-0.0012235883050153557,1.5340049354121381,0.38620389329784693,0.729412078287479
RAD51D,39,0.05718475073313783,2.406591094815804e-05,0.33547968587921234,0.0708761942804009,0.002224051422904032,1.0732995964147858,-0.15795159842260006,1.5723086310646768,0.3393231275797388,0.7184933108684081
POLD1,38,0.05571847507331378,0.0003929192525549513,0.33547968587921234,0.06847815472232659,0.0021975646583184596,1.0304729548098726,-0.1338654062538714,1.491998316020799,0.327496170412892,0.6910980799067258
PIK3R3,37,0.054252199413489736,0.002206167010308695,0.4023295499358281,0.04734214087034546,0.0033800961102538056,0.9876463132049594,-0.015459988662912207,0.7841534743838016,0.8555240005128624,0.6697467074353405
BRIP1,36,0.05278592375366569,1.4863708635330482e-05,0.3349675031526792,0.06743772024163132,0.002055413071373508,0.9448196716000463,-0.158552503954096,1.4571541781725272,0.26402217665402333,0.6352840300368023
RAD52,36,0.05278592375366569,0.00012777119578220088,0.3351380568711887,0.06594303872645021,0.00207995151320381,0.9448196716000463,-0.1511796239339203,1.407097312775841,0.27497916234136655,0.6293072740999777
SLX4,37,0.054252199413489736,0.00023380984286520552,0.3349675031526792,0.06082427695530286,0.0021588224280099707,0.9876463132049594,-0.14425528045413163,1.2356700445761801,0.31019686241601413,0.6187857709066417
ATR,34,0.04985337243401759,0.00033156851642382744,0.39603558585740956,0.06887554351193569,0.002007115974964421,0.85916638839022,-0.13787162079353113,1.505306861653816,0.24245639844551817,0.615792982758061
MDM2,29,0.04252199413489736,0.0015274996315227355,0.45021282058482537,0.06962704444330173,0.0023638851402524716,0.6450331803656542,-0.05977709538309963,1.5304746185202789,0.40176213858910187,0.5972646907040802
FGFR1,29,0.04252199413489736,0.011669751953243842,0.3908617242844505,0.032335071692617096,0.0030343031931373285,0.6450331803656542,0.6025138774478488,0.2815669138366284,0.7011194107743602,0.5729273474121388
MUS81,34,0.04985337243401759,2.065464784515133e-05,0.33445688195884893,0.06349935226725302,0.001949558679796738,0.85916638839022,-0.15817435454100526,1.3252582835797666,0.21675572585530883,0.5695674491883407
FANCC,32,0.0469208211143695,0.0034166346044672458,0.39939996583435355,0.05929013155893709,0.0019758934459739937,0.7735131051803936,0.06358377154789287,1.184291534288306,0.228514812193358,0.5691867989964438
NBN,32,0.0469208211143695,0.0002573215389770952,0.3955595815474848,0.06712704782349929,0.0019145726996903153,0.7735131051803936,-0.14271996230221579,1.4467497627442587,0.20113367104291371,0.5646262829950184
TOP3A,32,0.0469208211143695,0.00033193895991010045,0.3955595815474848,0.06549863887749915,0.0019044929113991914,0.7735131051803936,-0.1378474307646184,1.3922143673487974,0.19663281084970827,0.5540371647616843
FOXO1,25,0.036656891495601175,0.003276171356113855,0.44745828939158033,0.06227257503548059,0.002386645908995664,0.47372661394600146,0.054411495169032695,1.2841735293101513,0.41192535184757867,0.5186269649049047
NF1,28,0.04105571847507331,0.0017081481436460931,0.4359014196655726,0.05798854355924774,0.0022964070185018193,0.6022065387607409,-0.04798071376691646,1.1407013683294416,0.371631585910012,0.501243700972421
HRAS,28,0.04105571847507331,0.0006526445133747147,0.43910016257172424,0.05895871217719621,0.0024025593445982925,0.6022065387607409,-0.11690529816341297,1.1731923033062157,0.4190310714095738,0.499990638968564
MMP2,29,0.04252199413489736,0.00212555132638902,0.41422979464758636,0.045460308989424186,0.002953676645725822,0.6450331803656542,-0.020724207894990403,0.7211309480424254,0.6651177798591955,0.4978303067345555
FOXO3,25,0.036656891495601175,0.002628740476550369,0.4330336471677728,0.057556827840111506,0.002385378370789036,0.47372661394600146,0.012134137688132058,1.1262432142525058,0.4113593665220135,0.4763583654580374
NRAS,28,0.04105571847507331,0.0008974737833577587,0.43647953825929353,0.0538387168406857,0.0023956649026597326,0.6022065387607409,-0.1009179010595865,1.0017237230178495,0.41595254253779623,0.46907806641249183
RAD51B,31,0.045454545454545456,0.00014810329177886243,0.3331028055136714,0.05618699090466542,0.0018150463986772779,0.7306864635754805,-0.14985193426399535,1.0803673922820132,0.15669286003887464,0.46568932914959693
IRS1,27,0.039589442815249266,0.003429658841919408,0.44027501250502654,0.043166334875020855,0.002793760660350067,0.5593798971558278,0.06443425668856524,0.6443057834157946,0.593711568533431,0.4594949985665262
CDH1,24,0.03519061583577712,0.003994905256801962,0.43939328684580414,0.05550499266773736,0.0022387246119809604,0.4308999723410883,0.10134495326037418,1.0575272797898558,0.3458750481872261,0.45683169422989084
SNAI1,25,0.036656891495601175,0.0004328712520972727,0.44353850653302873,0.05779018401886329,0.002413024455599514,0.47372661394600146,-0.13125653321422534,1.134058309783307,0.42370398716558744,0.4445426409673231
CDK4,26,0.03812316715542522,0.000681826939772088,0.4139692727641602,0.06026881159330617,0.0019923425978235353,0.5165532555509146,-0.11499968026364017,1.217067516495393,0.2358597415344621,0.4426291709828811
IGF1,26,0.03812316715542522,0.0006661718728319488,0.4408647981882215,0.053220408903801204,0.002488807582797493,0.5165532555509146,-0.11602195906174435,0.9810165978838505,0.45754291816995846,0.43950005288814586
BRAF,25,0.036656891495601175,0.0005143773819466949,0.432748943915197,0.061885766391136035,0.002002659581893238,0.47372661394600146,-0.12593416769645455,1.2712193126107603,0.2404665151662208,0.4366579385123831
STAT5B,28,0.04105571847507331,0.0013171772750721967,0.4359014196655726,0.042572182159405725,0.0027323966373847116,0.6022065387607409,-0.07351118458174885,0.6244076163423773,0.5663111033368631,0.43053823635667016
MTOR,24,0.03519061583577712,0.0015324349956064751,0.4411602839778919,0.05634308751180567,0.002146756112630116,0.4308999723410883,-0.05945481518570259,1.0855950657182183,0.30480897161877635,0.4140320939903542
SHC1,28,0.04105571847507331,0.0008997232688468266,0.4075610796873156,0.03916224033447725,0.002757804980696364,0.6022065387607409,-0.10077100923658057,0.5102087069377249,0.5776565202924372,0.4031525817031466
FANCG,30,0.04398826979472141,0.00013987512894675914,0.3331028055136714,0.04838124778486017,0.0018038320344506893,0.6878598219705673,-0.15038923483529096,0.8189531520571597,0.15168538527038108,0.3972813364463839
IFNG,25,0.036656891495601175,0.0009130593712631492,0.43998071102607933,0.04777164612308284,0.0024088445429218818,0.47372661394600146,-0.0999001592554414,0.7985375999684681,0.4218375588202226,0.38490430682497834
MAPK3,24,0.03519061583577712,0.0022499630143564603,0.43910016257172424,0.04638997260896463,0.0024336263819241233,0.4308999723410883,-0.012600101410375347,0.7522653711251205,0.43290322701266226,0.3846986845943436
E2F1,23,0.03372434017595308,0.0008412423966627886,0.43822313162118154,0.05230967787122923,0.0023492490688067466,0.3880733307361751,-0.10458982112393818,0.950516226903805,0.3952267918682801,0.37882681423109377
SMAD4,23,0.03372434017595308,0.00045096757546562414,0.44027501250502654,0.05712137356567759,0.00203550623497216,0.3880733307361751,-0.1300748399149351,1.1116598560050404,0.255133310643774,0.37666558910869036
PDGFRA,22,0.03225806451612903,0.005262673228794666,0.43474976465985116,0.04533500509903342,0.0020246550358290452,0.34524668913126194,0.18413043885678107,0.7169345223080696,0.25028799754183134,0.3603134548801171
HSP90AA1,23,0.03372434017595308,0.001827736532852506,0.4411602839778919,0.04522488607327548,0.002483054109665628,0.3880733307361751,-0.04017156959317332,0.7132466375018464,0.45497385843933974,0.3594268725476052
INS,25,0.036656891495601175,0.002864972099852725,0.43161386471804236,0.03455124754065326,0.0026111943466141574,0.47372661394600146,0.027560106856270607,0.35578661548798113,0.5121914581519665,0.34628995632315773
IL10,24,0.03519061583577712,0.0004964030712731471,0.43647953825929353,0.046747889349234635,0.002275762851844522,0.4308999723410883,-0.1271078935439623,0.7642519983155595,0.36241348477076996,0.3443711135506562
SOX2,21,0.030791788856304986,0.0019318320958391989,0.4396868027354807,0.048941926040976844,0.00229510793627078,0.30242004752634877,-0.033374109868158024,0.8377302598973408,0.37105151544300286,0.33925984423525135
RAD50,25,0.036656891495601175,0.00022383872686348652,0.392727412705856,0.054111243066737424,0.0015303844390336045,0.47372661394600146,-0.14490639619327034,1.0108506229466847,0.02958466632727749,0.3376647736875754
POLE,26,0.03812316715542522,0.00026913696568558,0.3327659978235666,0.04982047631500424,0.0015747590932352034,0.5165532555509146,-0.14194841272910805,0.867152897673043,0.04939898275087812,0.3286169123453273
RAD51D-2,26,0.03812316715542522,2.28051439505184e-06,0.3327659978235666,0.050125779950439396,0.0015565755804682966,0.5165532555509146,-0.1593741888905738,0.8773775126354116,0.04127962087327974,0.3246815189219149
MSH3,26,0.03812316715542522,0.0002897033329597977,0.3332714651620327,0.048637957678501285,0.0015846117613057486,0.5165532555509146,-0.1406054251009587,0.8275503632098204,0.05379842847680005,0.32191204150490454
RAD9A,24,0.03519061583577712,0.00014377199640031434,0.3929618768328446,0.05291183574950088,0.0014897840244302908,0.4308999723410883,-0.1501347686620051,0.9706824867752573,0.011455635772478339,0.3097089226634267
CCL2,24,0.03519061583577712,0.00029358178472719805,0.40555215261553584,0.04177588476059061,0.0022722640201013333,0.4308999723410883,-0.14035216147542176,0.5977396263369011,0.3608511749225056,0.30744511020240683
STK11,22,0.03225806451612903,0.0005319395121468652,0.4155373381912971,0.050816157290319165,0.0017835647247952083,0.34524668913126194,-0.12478735731092068,0.9004982411814503,0.14263555955806428,0.2982662620161144
TLR4,23,0.03372434017595308,0.0001911389187002124,0.407813595845734,0.04355720250503968,0.0021683501969887806,0.3880733307361751,-0.14704169977997555,0.657395935495051,0.3144512331317707,0.29343467453803174
RELA,21,0.030791788856304986,0.00028837584185800735,0.4414561661267704,0.047835262292515286,0.00207845985478496,0.30242004752634877,-0.14069211051809688,0.8006681046933807,0.2743131021221084,0.28567023036779565
ACTB,19,0.02785923753665689,0.0034440364455991276,0.4426436743073401,0.03804199832909444,0.002433265190411458,0.21676676431652245,0.0653731168969261,0.47269181607795746,0.43274194659143445,0.27329839926889277
XRCC2,24,0.03519061583577712,3.5453474548570603e-06,0.3322620614311028,0.04744257224537061,0.0014361270384472262,0.4308999723410883,-0.15929159505529195,0.7875169198871929,-0.012503457942934431,0.26599478394440956
PIK3CD,25,0.036656891495601175,0.002004929776091012,0.3887839005877228,0.022506810403194695,0.0027300317952536966,0.47372661394600146,-0.028600817681177244,-0.04758143479232314,0.5652551462568842,0.2621888527537184
SMARCA4,21,0.030791788856304986,0.00045468972798068396,0.41422979464758636,0.04672506692147978,0.0018227668621981765,0.30242004752634877,-0.1298317826597981,0.7634876754932409,0.16014022678217288,0.2581146514243553
GSK3B,20,0.02932551319648094,0.0003490014838477093,0.42936147664384516,0.047624540036394936,0.0019338155725138007,0.2595934059214356,-0.13673324476143756,0.7936110189506534,0.20972606185437623,0.25734179704314897
RET,19,0.02785923753665689,0.0052036070123701135,0.43764038809508954,0.03863249434193443,0.0018808500508629845,0.21676676431652245,0.18027340388108032,0.4924675202208095,0.186075723064975,0.25664536713820985
FLT4,20,0.02932551319648094,0.011352667257536612,0.35198456882086343,0.01603835449513074,0.0022325060255018437,0.2595934059214356,0.5818081875351658,-0.26420994288966543,0.3430983045162793,0.2520874112816167
XPA,23,0.03372434017595308,0.0007106846443441967,0.3991577584566493,0.03917665038044676,0.0019115784965826317,0.3880733307361751,-0.11311526675976802,0.5106912991984369,0.19979668963134853,0.24964444683367637
CDC42,15,0.021994134897360705,0.011913973462670894,0.4341762161576614,0.0301939214900052,0.0018406777356635758,0.04546019789686977,0.6184615876737405,0.20985982011958013,0.168137848862881,0.24612599997883178
SOCS3,23,0.03372434017595308,0.00045353463276554077,0.39366695197070256,0.034600883677615095,0.0022116430508085593,0.3880733307361751,-0.12990721059330665,0.3574489290989239,0.3337825004937341,0.24159514902786622
CDK2,20,0.02932551319648094,0.0008104312852865067,0.4118968358542019,0.04169217827842087,0.002111118515529505,0.2595934059214356,-0.106601792457337,0.594936297287707,0.28889595464471163,0.24097369434465193
AR,17,0.024926686217008796,0.0014832466324538733,0.44594250927846524,0.0508448315524768,0.001751918666182346,0.1311134811066961,-0.06266682449595513,0.9014585418653054,0.1285048574670388,0.23621569212982368
SMAD2,19,0.02785923753665689,0.00024396634684079846,0.43764038809508954,0.047591203477499115,0.0018834306935805185,0.21676676431652245,-0.14359205884563833,0.7924945780068886,0.18722804013203703,0.23591487642715842
MAPK1,20,0.02932551319648094,0.0010344892100006635,0.4304847244571711,0.04147559052885347,0.002015542746257869,0.2595934059214356,-0.091970768083035,0.5876827762422199,0.24621914805657136,0.23464538491150194
KIT,19,0.02785923753665689,0.004290960843127624,0.4200454012093265,0.03803993948799551,0.0018030662827415952,0.21676676431652245,0.12067743839878242,0.4726228655151013,0.15134345930072796,0.23083099207364433
TERT,19,0.02785923753665689,0.0020883788639959313,0.4197775151116165,0.0451217158983994,0.0015491515402679817,0.21676676431652245,-0.02315157663912185,0.7097914696254317,0.037964614045231715,0.21963169008513506
RB1,20,0.02932551319648094,0.0025352419567906876,0.4040584061970624,0.03285695877592859,0.002023730902988561,0.2595934059214356,0.006028666867092087,0.29904490578090387,0.24987535070889824,0.2021489100872359
PTK2,18,0.026392961876832845,0.00013785621313543368,0.43910016257172424,0.04715778255143892,0.0017228656713936643,0.17394012271160927,-0.1505210704152324,0.7779793165712283,0.11553201875643504,0.20195104241078782
MET,19,0.02785923753665689,0.00015851105914352747,0.43076645529778446,0.04296999106344268,0.0017098679251645633,0.21676676431652245,-0.14917230510921878,0.6377302316023703,0.10972822239540814,0.18806698203303385
CDK1,15,0.021994134897360705,0.009497512172481837,0.4260266302233105,0.023508741770801436,0.002124516506886581,0.04546019789686977,0.4606662136363436,-0.014026765723620856,0.2948784697756172,0.1872479634833896
STAT5A,18,0.026392961876832845,0.0002192871608519492,0.43764038809508954,0.043262765064000244,0.0018186122252099861,0.17394012271160927,-0.14520361430479664,0.6475352292481621,0.15828508462072177,0.18574220214664086
KDM1A,18,0.026392961876832845,0.005955039907856518,0.39939996583435355,0.022376643970294163,0.0023115431920028816,0.17394012271160927,0.22934211244624197,-0.05194070701499412,0.37839023984408054,0.183504477626441
PGR,17,0.024926686217008796,0.003357329864245712,0.4268554758074025,0.03701175701753493,0.001765913970699395,0.1311134811066961,0.059711160923654215,0.4381890473375604,0.13475408683310033,0.17540613545238937
PPARG,18,0.026392961876832845,0.0004160383993916742,0.4321806590249604,0.04008894854323217,0.001851344351851846,0.17394012271160927,-0.13235572164301598,0.5412441533498847,0.17290074137722697,0.17061909148373158
CDKN1A,18,0.026392961876832845,0.00022350750165331122,0.4219302203173171,0.04108457301040163,0.0017962483479007508,0.17394012271160927,-0.14492802526142154,0.5745876044012017,0.14829909262964946,0.16922437603987808
CXCL8,17,0.024926686217008796,0.000366656002325545,0.43998071102607933,0.043943837859370824,0.0017164399751898962,0.1311134811066961,-0.13558040140409897,0.6703443487140432,0.11266279577060721,0.16859604693324898
FANCA,21,0.030791788856304986,0.0018470344533789709,0.36245107031663804,0.035138839525244624,0.0013913061843860203,0.30242004752634877,-0.03891141177480444,0.3754650637608213,-0.03251701299420422,0.16470877384384436
BCL2L1,17,0.024926686217008796,0.00030064871343657456,0.43474976465985116,0.043008914799823286,0.0017022511749237284,0.1311134811066961,-0.13989068970944762,0.6390337870507723,0.1063271660467594,0.15998923657948805
NFKBIA,18,0.026392961876832845,9.139951957274759e-05,0.42520099721900173,0.040140729085958005,0.0017603773759040718,0.17394012271160927,-0.15355470119054324,0.5429782830832551,0.13228186833004682,0.15754239793408784
CSF2,20,0.02932551319648094,0.0005349743903081129,0.42492649689800815,0.03142862446907778,0.0019342749430291066,0.2595934059214356,-0.12458917919958229,0.2512100075679309,0.20993118148651108,0.15193863508349528
CSF3,22,0.03225806451612903,7.899246757680669e-05,0.385144027908142,0.025046346830853477,0.0021127958677983716,0.34524668913126194,-0.15436488400553372,0.03746760865817707,0.28964493149212944,0.14766762822461954
NFE2L2,16,0.02346041055718475,0.0022052144525546422,0.4211203734453069,0.038823860660393596,0.0016843650381268762,0.08828683950178293,-0.015522190862344597,0.49887637585144146,0.09834058946458367,0.1464632391732429
SIRT1,17,0.024926686217008796,0.0003840639293793082,0.4238320307115355,0.03905643491814738,0.001781923777378131,0.1311134811066961,-0.13444366051285572,0.5066652848577221,0.14190283832470563,0.14199242789561525
FGFR4,23,0.03372434017595308,0.0005468031248538523,0.34899848552227714,0.01725373307293806,0.002376702951265965,0.3880733307361751,-0.12381676062221372,-0.2235069293999017,0.4074855896863302,0.14166720765939356
KITLG,20,0.02932551319648094,0.0006456158427597951,0.3967517442405152,0.02846475637354491,0.0019566575325969298,0.2595934059214356,-0.11736427166866623,0.15195010182563945,0.2199255289367826,0.1358917503078203
PRKDC,18,0.026392961876832845,0.0020207819124035435,0.3977106608429092,0.037280401847988684,0.0013783060352954,0.17394012271160927,-0.027565670216211237,0.44718595937598205,-0.038321882288853325,0.13576044081243618
FGF2,16,0.02346041055718475,0.002296871456870992,0.43331872527650733,0.03507082053533514,0.0018207733128824451,0.08828683950178293,-0.009536971344048843,0.3731871086327651,0.15925006059026303,0.13500358483421743
NPM1,17,0.024926686217008796,0.0010944693345433694,0.4230148738399837,0.03513428101931153,0.0018603280951127704,0.1311134811066961,-0.08805405473635217,0.37531239945368605,0.17691219194158833,0.13432112298231047
HDAC2,13,0.01906158357771261,0.01217046885755111,0.4011036829341954,0.0181358513474667,0.001754908304715468,-0.040193085312956574,0.6352107849144821,-0.19396479933168637,0.12983980068977014,0.13191011664070248
ERBB3,17,0.024926686217008796,6.978820417213835e-05,0.40857302526071676,0.040934949586095885,0.0015442514084390948,0.1311134811066961,-0.1549659241267122,0.5695767177778019,0.035776591077575005,0.12821889912674098
PTPN11,17,0.024926686217008796,0.00021277726302871926,0.40984504588730675,0.03642484535017693,0.0016719248767828234,0.1311134811066961,-0.14562871184976142,0.418533382880424,0.0927857677388332,0.11174637054875473
RAD54L,19,0.02785923753665689,2.351757124150663e-06,0.3314255507024243,0.03891385180325817,0.0011877904562392048,0.21676676431652245,-0.1593695367270439,0.5018901781093225,-0.12339152474499511,0.11172571400188736
ITGB1,17,0.024926686217008796,0.0010274195046500758,0.40356293298284157,0.033873629510811375,0.0017134142372455666,0.1311134811066961,-0.09243242116419938,0.3330931960767876,0.11131173332014915,0.11166259897568115
FYN,18,0.026392961876832845,0.0006647035524526235,0.39939996583435355,0.026386907441577873,0.0021342975500396964,0.17394012271160927,-0.11611784065703538,0.08236296687701469,0.29924593330802574,0.10817136282181247
CASP3,17,0.024926686217008796,0.0005174253003190939,0.42165992549328296,0.034920383518549036,0.0016869943527381428,0.1311134811066961,-0.1257351380568899,0.3681489748072935,0.09951463966558682,0.10798865676769721
PDGFRB,18,0.026392961876832845,0.0003895046658561115,0.39603558585740956,0.031090806565644252,0.0018083107838075734,0.17394012271160927,-0.13408837940370588,0.2398964901737495,0.15368525115183962,0.10607329636325459
FOS,16,0.02346041055718475,0.0006816247835384906,0.4361902874055763,0.03421437319392159,0.0018089282247359664,0.08828683950178293,-0.11501288110348974,0.34450469779603693,0.1539609529042968,0.10184030368981833
ICAM1,17,0.024926686217008796,0.0006339184027118083,0.4285228800097752,0.03177298143848017,0.0017333935304959887,0.1311134811066961,-0.11812811669078438,0.26274251820026956,0.12023295300076373,0.0929527834548542
MUTYH,18,0.026392961876832845,0.0013852272268686707,0.3901666530498012,0.03427207825439701,0.0012319066097887753,0.17394012271160927,-0.06906751000663851,0.34643723955532635,-0.1036926348820552,0.09216108638205783
PIK3CB,19,0.02785923753665689,0.001587927163135848,0.38718302570294977,0.01982123457423836,0.002101669707964539,0.21676676431652245,-0.05583116627107081,-0.13752133598015118,0.2846768420389575,0.09134167715477642
JAK1,17,0.024926686217008796,0.0002873100714482972,0.4230148738399837,0.03254432790502204,0.001668054307325,0.1311134811066961,-0.14076170552511025,0.2885749017935181,0.09105746834457959,0.0866257660336856
RUNX2,16,0.02346041055718475,0.0011275965897742607,0.4200454012093265,0.030689258516879907,0.0017661147381002125,0.08828683950178293,-0.08589083877621492,0.2264486510032334,0.13484373415270015,0.081686161162757
CREB1,15,0.021994134897360705,0.00026861509741034974,0.4200454012093265,0.036669614503759614,0.0015724307274624406,0.04546019789686977,-0.14198249082505046,0.42673069879669434,0.04835931321425915,0.0754334489598325
JAK2,17,0.024926686217008796,0.00024076091476389223,0.41475182337430033,0.030235987624796536,0.001707938822833329,0.1311134811066961,-0.14380137415955643,0.21126861445176506,0.10886683328280959,0.07396646439436946
ERCC5,18,0.026392961876832845,0.0006378786018468728,0.35928555878548835,0.031534924709074534,0.0013363370498406496,0.17394012271160927,-0.11786951494685526,0.2547700012863976,-0.057062011597803594,0.07095326215006822
ALK,16,0.02346041055718475,9.541132106549778e-05,0.4075610796873156,0.03536154123026205,0.001435692876005569,0.08828683950178293,-0.15329272980300954,0.3829233410984647,-0.012697321583181787,0.06662241527792823
EZH2,15,0.021994134897360705,0.00023873991251188554,0.4219302203173171,0.034388324610538555,0.0015909159806628153,0.04546019789686977,-0.14393334598446444,0.35033032858006596,0.05661340922182651,0.0613164803281668
YAP1,15,0.021994134897360705,0.00027741517262559046,0.43020336189216646,0.03276411151636935,0.0016258763937454202,0.04546019789686977,-0.14140784426820968,0.2959354522103584,0.07222404776272494,0.05419100819146867
ERCC2,16,0.02346041055718475,0.00016440902251357346,0.3913264825772977,0.03791203043366837,0.001083851956811888,0.08828683950178293,-0.1487871669984558,0.46833919287284276,-0.16980248508489293,0.05341094363360006
NR3C1,14,0.020527859237536656,0.001966887075515697,0.4282440752732692,0.03090240368608602,0.0015592424967120486,0.0026335562919565956,-0.031085013141310142,0.23358688007513806,0.04247046107879144,0.04836195964764318
CSF1,18,0.026392961876832845,0.0004054984923487098,0.3842446840017599,0.02260890718939142,0.0017803065092972226,0.17394012271160927,-0.13304397954349073,-0.044162214689460966,0.1411806904663511,0.047021743218568585
FANCE,19,0.02785923753665689,5.225652287896975e-05,0.3297651020516106,0.028194661175408677,0.0012470562820079542,0.21676676431652245,-0.15611074619292603,0.1429046169915284,-0.09692795345601209,0.04603601366965461
ABL1,15,0.021994134897360705,0.0018035676361505574,0.4230148738399837,0.025792300363997774,0.0017717225243951617,0.04546019789686977,-0.04174980306649199,0.062449583227028475,0.13734774131812502,0.04543308340631212
CRK,16,0.02346041055718475,0.0019895844596344676,0.38650096517616833,0.0192689825932211,0.0018355932575842247,0.08828683950178293,-0.029602869714790918,-0.15601624797181027,0.16586751100164546,0.025469929002893334
TWIST1,13,0.01906158357771261,8.36380807273678e-05,0.4144906446442158,0.03674681593279559,0.001332698656424258,-0.040193085312956574,-0.15406152459824582,0.4293161736971567,-0.05868663898303129,0.02154294593372883
IGF1R,14,0.020527859237536656,0.0002164120626404395,0.4230148738399837,0.03309902951025165,0.0014133648659216235,0.0026335562919565956,-0.1453913587555443,0.3071518516696527,-0.02266729802294635,0.021470815742640002
HSPA4,13,0.01906158357771261,0.0018009509709534023,0.4313310247018445,0.030030155704921006,0.0015094629822433783,-0.040193085312956574,-0.041920671793084924,0.20437530600919526,0.020242748686614655,0.020375863131355955
GATA3,13,0.01906158357771261,0.0014511896768338703,0.41870937894084903,0.03224608403117467,0.0013988254807121598,-0.040193085312956574,-0.0647601496913953,0.27858671815912334,-0.02915947208781046,0.019627831931878954
FOXP3,15,0.021994134897360705,0.0002764355770880884,0.38924372779125643,0.02858309629722912,0.0015443398251470896,0.04546019789686977,-0.14147181203995635,0.15591330440140475,0.035816071196594815,0.018888991373515247
ZEB1,13,0.01906158357771261,0.0007282031001314248,0.4330336471677728,0.03278380614463884,0.0014626488363617591,-0.040193085312956574,-0.11197130832156477,0.29659502506672325,-0.0006608575789092759,0.017126426557636805
FLT1,16,0.02346041055718475,0.00011963497274514223,0.37655099753719373,0.02569018807200447,0.0015909627102392407,0.08828683950178293,-0.15171092081941018,0.05902984383523133,0.056634275065860516,0.016105487400989847
FANCL,18,0.026392961876832845,4.993967463424693e-05,0.32959997180521516,0.026487686756897014,0.0011969078111550957,0.17394012271160927,-0.15626203681647055,0.08573806489653439,-0.11932041346536688,0.015097064031179101
CD274,13,0.01906158357771261,8.274599049853589e-05,0.4260266302233105,0.036802237995183625,0.0012388732677345912,-0.040193085312956574,-0.15411977825697612,0.43117225787882824,-0.10058185988139248,0.01352055517570832
CDKN1B,13,0.01906158357771261,0.00011992340073870886,0.43076645529778446,0.03640822697203045,0.0012484265906385927,-0.040193085312956574,-0.151692086417505,0.4179768336025072,-0.09631607874298088,0.01234154950799421
IL13,17,0.024926686217008796,0.00041702581939680254,0.3826808974971016,0.01933209565628033,0.0018032006267835385,0.1311134811066961,-0.13229124293207042,-0.15390259227309402,0.15140344704383457,0.012317078608474134
CXCL12,14,0.020527859237536656,5.072678689314123e-05,0.40331565177390605,0.031961530539056975,0.0013995076097079438,0.0026335562919565956,-0.15621063823880416,0.2690570252389787,-0.02885488560691592,0.009909513068896321
CAV1,14,0.020527859237536656,9.998974324242291e-05,0.4065541344626403,0.030295095698572354,0.0014847831031627537,0.0026335562919565956,-0.15299375797886228,0.2132481431090757,0.009222607973448788,0.007167455423974137
IRS2,16,0.02346041055718475,0.0008019148179327334,0.3878674977578166,0.02142249715156568,0.0016860976594593859,0.08828683950178293,-0.10715791936779985,-0.08389507213469728,0.09911424523593142,0.007154748603920888
LEP,15,0.021994134897360705,0.0001178044052468324,0.3908617242844505,0.027276849205532465,0.0015188647886303498,0.04546019789686977,-0.15183045721929758,0.1121671055090275,0.024440874171909616,0.00527505089526745
FLT3,16,0.02346041055718475,0.0009173503963668864,0.4038105176043035,0.020186824519987212,0.0016994889940405045,0.08828683950178293,-0.09961995451390586,-0.12527773323343835,0.10509378796136022,0.0019586161427319303
RHOA,14,0.020527859237536656,2.7673438809759604e-05,0.40555215261553584,0.029988570818402137,0.0014625136820020596,0.0026335562919565956,-0.15771602617876446,0.20298262867568365,-0.0007212071477633779,0.0019450224630777463
IL1A,16,0.02346041055718475,1.9497173638054137e-05,0.3853695220696807,0.023575720393755432,0.0015774211120547182,0.08828683950178293,-0.15824993782313318,-0.011783652471994569,0.0505876361424249,-0.0009012938960732061
FGFR2,15,0.021994134897360705,0.0002522837783422747,0.3813506046900432,0.02829656319322551,0.0013466864928895984,0.04546019789686977,-0.14304892901354274,0.14631731430376474,-0.05244074427596117,-0.0010758489839205517
ARID1A,14,0.020527859237536656,4.06237711337027e-05,0.395322008225234,0.03251822591841282,0.001190118095641064,0.0026335562919565956,-0.15687036705678228,0.28770074658586137,-0.12235217954989909,-0.0052261336548183115
FANCF,17,0.024926686217008796,2.5446027242884343e-05,0.32943500685436167,0.0261287232537266,0.001135329953187397,0.1311134811066961,-0.15786147657052424,0.0737163816295494,-0.1468163609699122,-0.00819564662335999
INSR,17,0.024926686217008796,0.00035569640058022065,0.3744090692235579,0.01599990509733696,0.0018344374777825405,0.1311134811066961,-0.136296065447105,-0.2654976127446805,0.16535142840633021,-0.00821353484210268
BTRC,14,0.020527859237536656,0.0002697070399611524,0.4060525254133342,0.026528126238141568,0.0015401130498169907,0.0026335562919565956,-0.14191118677233053,0.08709238262162194,0.03392871758564473,-0.01035183194944449
PTPRC,14,0.020527859237536656,0.00152144581532894,0.38112978789520247,0.020902930882186442,0.001698496762902982,0.0026335562919565956,-0.06017241071239211,-0.10129534004917916,0.1046507336530404,-0.01345027925514097
STAT6,13,0.01906158357771261,0.0004938082566779744,0.41870937894084903,0.02894959330932598,0.001416711582809412,-0.040193085312956574,-0.12727733542216052,0.16818728478885703,-0.02117291099981413,-0.01648403895726635
NT5E,3,0.00439882697947214,0.022437591776798826,0.3085846899648451,0.0018903106782489475,0.0011116998178381807,-0.46845950136208825,1.3056558311100583,-0.7380277547612878,-0.1573677666623314,-0.016625971983940134
TSC2,13,0.01906158357771261,0.00043492670164765873,0.4129304540119289,0.030493218235559953,0.0012881490479814599,-0.040193085312956574,-0.1311223119742928,0.21988326441439043,-0.07857907654936856,-0.01858732028010363
FAAP24,17,0.024926686217008796,4.544386211314414e-05,0.3292702069509828,0.024283577375721885,0.0011461640260607673,0.1311134811066961,-0.1565556142146477,0.011922469070631206,-0.14197869514621841,-0.019260430381435732
THBS1,11,0.016129032258064516,0.004199125541480205,0.4230148738399837,0.021175462002145814,0.0015736494732455273,-0.12584636852278291,0.11468057603143289,-0.09216827622343733,0.04890351158651684,-0.024029037902499897
SHC4,16,0.02346041055718475,0.0003337359524471907,0.37526290974630255,0.018996897876613534,0.001585891849059805,0.08828683950178293,-0.1377300868159759,-0.16512836175483936,0.054370017467524755,-0.025683796735832876
IL3,16,0.02346041055718475,5.0319521048097555e-05,0.3817930067836512,0.01906542500338228,0.0015857704476450734,0.08828683950178293,-0.15623723277462903,-0.16283338912967163,0.05431580890885439,-0.02986243041219669
IL2,12,0.01759530791788856,0.0015301318007295602,0.4129304540119289,0.026017614181669015,0.0014335468383817676,-0.08301972691786974,-0.059605214241776595,0.06999534018503585,-0.013655577355537091,-0.0326902554157988
FGF4,15,0.021994134897360705,0.0009840560797761547,0.37763117825302045,0.01681953206986239,0.0017167511213456532,0.04546019789686977,-0.09526406091580805,-0.2380483156051305,0.11280172977460298,-0.0329542631311531
FGFR3,14,0.020527859237536656,0.00019735410255022348,0.39651273716567154,0.02574052777483777,0.0012853864816689772,0.0026335562919565956,-0.14663584711256247,0.060715719858479185,-0.07981262673790702,-0.03955659845184138
FANCB,16,0.02346041055718475,2.2730607912321798e-05,0.3291055718475074,0.023924613872551473,0.0010845248174616079,0.08828683950178293,-0.158038793960492,-9.92141963536734e-05,-0.16950203713634174,-0.04252955493103806
FGF7,15,0.021994134897360705,0.0005448007674505987,0.37719836314900557,0.01762859128211774,0.0016030368975265337,0.04546019789686977,-0.12394751493501227,-0.2109529326258955,0.06202568085307721,-0.04486125982441231
YBX1,10,0.01466275659824047,0.0014893113471432544,0.4296417387043177,0.029653567989970566,0.0013644690909446336,-0.1686730101276961,-0.06227079749286331,0.19176338810838695,-0.044500400153043435,-0.04515065532684075
MUC1,10,0.01466275659824047,0.0017014313274385069,0.42247185089538813,0.02877975100021751,0.0013628488117058341,-0.1686730101276961,-0.04841932312106573,0.1624992679642996,-0.045223892563515174,-0.04768530924480318
BECN1,12,0.01759530791788856,0.0004307556070644184,0.42274318798652194,0.02688389204493743,0.0014006911548132878,-0.08301972691786974,-0.1313946852304174,0.09900697507670164,-0.028326405156964732,-0.047769461744911375
CASP9,12,0.01759530791788856,0.00034194234925528233,0.42247185089538813,0.02720994338874449,0.0013467664518592205,-0.08301972691786974,-0.13719420757011766,0.1099264305349978,-0.05240504073407442,-0.05185117835359915
SERPINE1,15,0.021994134897360705,0.00024129320913050952,0.3588937533778706,0.017780403989074302,0.0015664078472699206,0.04546019789686977,-0.14376661523789716,-0.20586872695368555,0.0456699569575578,-0.052070338544795425
PMS1,13,0.01906158357771261,0.0007848028196702575,0.3901666530498012,0.02754117992378224,0.0010211608440549435,-0.040193085312956574,-0.1082753360536444,0.1210195379832695,-0.1977955267764486,-0.05649161163158172
SYK,14,0.020527859237536656,0.0003006863084033627,0.37590585019703865,0.019175315759650455,0.0015588389352221485,0.0026335562919565956,-0.1398882347510875,-0.15915314906582795,0.04229026147608733,-0.05742289150353519
CCL5,14,0.020527859237536656,0.00027907663497648004,0.38002952869227175,0.02090161756866375,0.0014305634347362925,0.0026335562919565956,-0.14129935046606515,-0.10133932290275792,-0.014987736555746431,-0.05766850480603236
IGF2,12,0.01759530791788856,0.0016209026870376093,0.416062669845142,0.02101604704373174,0.001499087118380878,-0.08301972691786974,-0.05367785839509385,-0.097507081202627,0.015609683856277944,-0.05885584848929768
CCNA2,11,0.016129032258064516,0.001542676514303662,0.41267156344515027,0.023401974142356556,0.0014964444777272562,-0.12584636852278291,-0.05878604209999463,-0.01760241227541568,0.014429683267048594,-0.05937728530964609
MAPK14,10,0.01466275659824047,0.0005527467442029905,0.432748943915197,0.031891156650853944,0.0012012370332671355,-0.1686730101276961,-0.12342864116748006,0.26670020459629235,-0.11738731498067118,-0.0600301359134394
CCNB1,11,0.016129032258064516,0.0004419780937448435,0.4246523507709772,0.02792907403833185,0.001337579281737659,-0.12584636852278291,-0.13066185475199957,0.1340101070663587,-0.05650732612877411,-0.06121113648345699
FBXW7,11,0.016129032258064516,0.00019661350418560608,0.4181773466931478,0.029816694555257674,0.0011741109107476432,-0.12584636852278291,-0.14668420832423623,0.19722649475569912,-0.12949976035330943,-0.06717193418355513
FGF10,14,0.020527859237536656,0.0005532236713213734,0.3774146466141139,0.016796815350592912,0.0015498936961396226,0.0026335562919565956,-0.1233974977374821,-0.23880909825158525,0.03829600392400165,-0.07003024859770245
NCOA3,12,0.01759530791788856,0.00011558955550839583,0.3835729275611974,0.02508540321846818,0.0013350379976062464,-0.08301972691786974,-0.1519750873213117,0.03877560659476299,-0.05764206867061618,-0.07082396866675297
CBL,11,0.016129032258064516,0.00011487633837640693,0.40680540401422416,0.02968635631151532,0.0011497608849015022,-0.12584636852278291,-0.15202166053337557,0.19286146859006748,-0.140372613916209,-0.07155387318154621
PTGS2,11,0.016129032258064516,4.2966582063498366e-06,0.4197775151116165,0.02990996202689331,0.0011492701386530664,-0.12584636852278291,-0.15924253432275243,0.20035002122346876,-0.14059174354381185,-0.07190520702773073
SP1,11,0.016129032258064516,0.0001198256440066314,0.40831956804901653,0.027831428906836073,0.0012760095061529148,-0.12584636852278291,-0.15169846995038652,0.13073997282419303,-0.08399966466112135,-0.07262278483795631
BSG,5,0.007331378299120235,0.01301811431286001,0.4116392393339679,0.013589214991820383,0.000990166040838895,-0.3828062181522619,0.6905621916242096,-0.3462315944654255,-0.21163542816745232,-0.07291503297381483
CEBPA,11,0.016129032258064516,0.00017499301503332113,0.41791183726667597,0.028545257857152475,0.0011970904403684791,-0.12584636852278291,-0.14809603030810478,0.15464609551275554,-0.11923886526882807,-0.07398879051121471
IL7,15,0.021994134897360705,4.1106758225206554e-05,0.371450984026532,0.015732381925363494,0.001503382222598339,0.04546019789686977,-0.15683882790940654,-0.27445696045451534,0.017527547906563783,-0.07468452022303754
HGF,12,0.01759530791788856,0.0001381312032525039,0.3962740178777933,0.024307679342502855,0.0012983768448207782,-0.08301972691786974,-0.15050311350917484,0.012729643639057061,-0.07401212709281926,-0.07893917948930056
RUNX3,10,0.01466275659824047,0.001655015281098072,0.4137090783752449,0.02318588958411146,0.0014293142484135691,-0.1686730101276961,-0.051450299625164016,-0.024839081449762625,-0.01554552733780018,-0.07997505020849718
ERBB4,12,0.01759530791788856,0.00026771248134628816,0.4095900085221,0.022841640214904462,0.0012727161858960235,-0.08301972691786974,-0.14204143182278917,-0.03636798855289278,-0.08547020884514668,-0.08893490185655961
CASP8,9,0.013196480938416423,9.674096433684581e-05,0.4344628011188216,0.03413070356091748,0.0009354176947662127,-0.21149965173260923,-0.15320590384879684,0.34170260282494225,-0.23608183957664436,-0.09120220141895287
NCOR1,12,0.01759530791788856,0.00016030277733211477,0.3977106608429092,0.021328680379603792,0.0013770467455072016,-0.08301972691786974,-0.1490553055765196,-0.08703699466357713,-0.03888418450351426,-0.09150496664880259
CEBPB,11,0.016129032258064516,0.000937800592379426,0.40680540401422416,0.023684255528237774,0.0012220325356813205,-0.12584636852278291,-0.0982845528908638,-0.008148812164937218,-0.10810163890192519,-0.09186745741906245
NOTCH1,10,0.01466275659824047,0.000165449205175864,0.4276875527582941,0.02913225551451012,0.0010735598706139828,-0.1686730101276961,-0.1487192428761329,0.1743046397739132,-0.1743981412371141,-0.09623406455636702
CDH2,11,0.016129032258064516,0.0004454776844480645,0.4023295499358281,0.02384122763858911,0.0012428195178018678,-0.12584636852278291,-0.1304333308247864,-0.0028918181370565545,-0.09881976733269476,-0.09699687878312088
DNMT1,10,0.01466275659824047,0.00011600877891111354,0.41475182337430033,0.027385464125470663,0.0011470560900506265,-0.1686730101276961,-0.15194771195473514,0.11580461783001147,-0.14158036780185496,-0.10217763152774612
ESR2,10,0.01466275659824047,4.915025289904257e-05,0.4232869091286268,0.02781935726522263,0.0010951322212510118,-0.1686730101276961,-0.15631358620337182,0.13033569369634962,-0.16476558433692864,-0.1049999282236524
MCL1,10,0.01466275659824047,0.00010541215845742543,0.4171173280703515,0.026580185946575737,0.0011483062292587957,-0.1686730101276961,-0.15263967325153338,0.0888358616111003,-0.14102215153426043,-0.107632729842209
FASLG,11,0.016129032258064516,0.0003110134614611009,0.40208377745572066,0.022112305832544546,0.0012495568119254342,-0.12584636852278291,-0.1392138697256251,-0.06079338796819372,-0.09581140861970677,-0.11017065573196039
RAF1,10,0.01466275659824047,3.642785242142379e-06,0.4011036829341954,0.027211452351693022,0.0010567149025327955,-0.1686730101276961,-0.159285232349565,0.10997696568542027,-0.18191981174275315,-0.11324543084355146
SMAD7,11,0.016129032258064516,0.00033699420024209647,0.39225932282182047,0.02001666932630654,0.0013252543452907284,-0.12584636852278291,-0.13751732262579783,-0.13097622855843633,-0.06201069725479523,-0.11702294480206979
IGHV3-16,6,0.00879765395894428,0.011359069547434097,0.35636770097185416,0.00502898388186859,0.0012423720415592123,-0.3399795765473487,0.5822262582624608,-0.6329136281182363,-0.09901957589511735,-0.11982292802862757
HSPA5,9,0.013196480938416423,4.309810673489624e-06,0.4271324748183093,0.028441463412624678,0.0009918387628981367,-0.21149965173260923,-0.15924167546418913,0.15117002085345113,-0.21088851881645262,-0.1257789965650608
SNAI2,10,0.01466275659824047,0.00033680242182788814,0.4163258340891933,0.022522806734695856,0.001151671493686127,-0.1686730101276961,-0.13752984579210104,-0.04704571784883947,-0.1395194826028183,-0.13073105508305044
MTA1,4,0.005865102639296188,0.011248164464023493,0.3867280515246855,0.012636905575975407,0.0008108449644701455,-0.4256328597571751,0.574984135580638,-0.37812442498535936,-0.2917064644948301,-0.13919164491588967
IRF1,11,0.016129032258064516,0.00010497887983357278,0.373347217070343,0.019314030381759245,0.001156841934799566,-0.12584636852278291,-0.1526679664266779,-0.1545075980926425,-0.1372107602450995,-0.1405568922571919
POU5F1,9,0.013196480938416423,0.0017523932208837365,0.4139692727641602,0.01921340819886642,0.001182500678902356,-0.21149965173260923,-0.04509150195112063,-0.1578774337491546,-0.12575353350536847,-0.14202394704509802
MMP1,11,0.016129032258064516,0.00012339630580005721,0.36526700538014134,0.018582974800757275,0.0011643564560441823,-0.12584636852278291,-0.15146530506769537,-0.17899064042910837,-0.13385535152379993,-0.1444817536404795
CRKL,12,0.01759530791788856,3.665741549658324e-05,0.373347217070343,0.014378745340180401,0.0013179492986993512,-0.08301972691786974,-0.15712937082144662,-0.3197902328957217,-0.06527257066552883,-0.1453518078388662
MEN1,9,0.013196480938416423,0.000815615270399109,0.40555215261553584,0.02322974868347917,0.0009944190910310374,-0.21149965173260923,-0.10626327726027238,-0.023370240756162793,-0.20973634221875487,-0.14721201401646486
CCN2,10,0.01466275659824047,0.0008796092232262398,0.38312639330326814,0.016880758159005117,0.001284360943265698,-0.1686730101276961,-0.10208446017618052,-0.23599785463946335,-0.080270553515991,-0.14781035021982963
LEPR,12,0.01759530791788856,1.871558901200555e-05,0.36086137263981066,0.01515798438119217,0.0012277349988897076,-0.08301972691786974,-0.1583009754453413,-0.29369352708141133,-0.10555535628997302,-0.1484819249568666
VIM,9,0.013196480938416423,0.0002024814465756754,0.4184431937031244,0.023929947525883875,0.0010367863540844883,-0.21149965173260923,-0.14630103058907853,7.940978756592061e-05,-0.19081837268756352,-0.1487479283336824
AKT2,9,0.013196480938416423,0.00013875108401444023,0.41685316256809035,0.024155820568464596,0.0010121024947178808,-0.21149965173260923,-0.15046263517952585,0.007643895180852674,-0.201840290691107,-0.15047981600334556
GAB2,11,0.016129032258064516,6.995920258288023e-05,0.3840205039060762,0.017027128542971594,0.001218130544049099,-0.12584636852278291,-0.15495475789852045,-0.23109591229666035,-0.10984396902875454,-0.1509728947226871
PIK3CG,9,0.013196480938416423,1.7681081243069915e-06,0.3957974405862986,0.0246508262169147,0.0009587179595854345,-0.21149965173260923,-0.15940764911585428,0.02422162820517786,-0.22567772875733985,-0.1541680104958092
IKBKB,8,0.011730205278592375,5.593178550284857e-06,0.4181773466931478,0.027616546021182728,0.0009017481758647752,-0.25432629333752244,-0.15915787130189255,0.12354354765003295,-0.2511160638054711,-0.15431817372469359
DNMT3A,10,0.01466275659824047,0.0002567365331575344,0.3878674977578166,0.01658476048852766,0.001272840613344321,-0.1686730101276961,-0.14275816329160737,-0.24591081295087158,-0.08541464909202397,-0.16099018677617458
SOCS1,9,0.013196480938416423,3.422910911897696e-06,0.4163258340891933,0.02249291578597579,0.0010093897056927606,-0.21149965173260923,-0.15929959018443823,-0.04804676535057316,-0.20305161416170805,-0.16406945155497904
GLI1,8,0.011730205278592375,0.0014661125284752895,0.38446912599007865,0.01916168050981547,0.001143062382645468,-0.25432629333752244,-0.06378568468919446,-0.1596097934136088,-0.14336365115702385,-0.16555531275455798
NTRK1,10,0.01466275659824047,0.00023492519780844736,0.37419621585845064,0.018118973083212083,0.001092381477916207,-0.1686730101276961,-0.14418244756780818,-0.1945300521921398,-0.16599385529062027,-0.1671859469331977
NF2,8,0.011730205278592375,8.627816813420757e-05,0.42492649689800815,0.02523292675771123,0.0009119093754245721,-0.25432629333752244,-0.15388912639698143,0.043716168093469523,-0.2465788515850339,-0.16805902096569106
APEX1,8,0.011730205278592375,0.0016280895637399537,0.40037174190694325,0.017730415574208815,0.001186928257596527,-0.25432629333752244,-0.053208554002753115,-0.20754283834725035,-0.1237765165163879,-0.16858021214154878
AGO2,8,0.011730205278592375,6.012138761531942e-06,0.41685316256809035,0.02533143483717987,0.0008985432133960451,-0.25432629333752244,-0.15913051312176818,0.047015202452538554,-0.2525471541795543,-0.16990322129397803
CXCR4,9,0.013196480938416423,2.5261375755763487e-05,0.385144027908142,0.021992654108231646,0.0009700946751416864,-0.21149965173260923,-0.15787353434715615,-0.06480052273073644,-0.22059776033958595,-0.17057291830726673
AURKA,9,0.013196480938416423,0.00027160036753274007,0.40430659932126206,0.020718655080735785,0.001019404483311496,-0.21149965173260923,-0.14178755212792427,-0.10746673435317866,-0.19857978274758364,-0.17068106955854676
MMP3,9,0.013196480938416423,0.00017510806818314735,0.3833495303989602,0.019817684294727016,0.0010372836832209238,-0.21149965173260923,-0.1480885173159105,-0.13764023479693244,-0.19059630364717753,-0.17669431512421285
GSTP1,9,0.013196480938416423,0.0017977677114332964,0.36812703786074646,0.010089646287948905,0.001462727142930384,-0.21149965173260923,-0.04212853923489853,-0.46343210693374554,-0.0006258918725461554,-0.1773686126763962
PRKCD,9,0.013196480938416423,0.00017969503892096498,0.4095900085221,0.019487758283197924,0.0010340353598569452,-0.21149965173260923,-0.1477889872691387,-0.1486894528291607,-0.19204675567070514,-0.1791193666236711
TIMP1,10,0.01466275659824047,0.00012489253540689225,0.3687457387647141,0.015654990724190954,0.0011615128234535464,-0.1686730101276961,-0.15136760099462995,-0.2770487908214763,-0.13512509969326944,-0.17931223189630027
CYP19A1,4,0.005865102639296188,0.011248164464023491,0.33998509488378853,0.006785615575747303,0.0007977998143960769,-0.4256328597571751,0.5749841355806379,-0.5740840544873712,-0.2975314277764964,-0.17954856347262532
FAN1,12,0.01759530791788856,2.0977554017201592e-06,0.2948974658131786,0.015162925167730764,0.000867662896349093,-0.08301972691786974,-0.15938612308700745,-0.29352806020154143,-0.2663359348300945,-0.18087623419933346
TGFA,9,0.013196480938416423,7.440523631686277e-05,0.3878674977578166,0.01914476632838024,0.0010434531252758988,-0.21149965173260923,-0.15466443106444905,-0.1601762491399954,-0.187841504106003,-0.18229453652172517
BMI1,9,0.013196480938416423,0.00022590778281166232,0.3991577584566493,0.01842013455682757,0.0010597041326569259,-0.21149965173260923,-0.14477128645301823,-0.1844441581777139,-0.18058505088414697,-0.18322354153203996
H2AX,9,0.013196480938416423,7.473682269911173e-06,0.39202569606611953,0.01789221272299888,0.0011100573392145074,-0.21149965173260923,-0.15903507405741696,-0.2021242538419281,-0.15810117161509135,-0.18582873171217137
CTCF,8,0.011730205278592375,0.00034004280754624703,0.3955595815474848,0.02002741492972289,0.0010267885277500791,-0.25432629333752244,-0.13731824799886105,-0.13061635843335948,-0.19528263495850315,-0.1885235633462206
CDK6,8,0.011730205278592375,5.64747100906023e-05,0.4048039014114482,0.021401181195417084,0.0009684526192055064,-0.25432629333752244,-0.1558352977793629,-0.08460894324161508,-0.2213309765525373,-0.18916101107180405
CTTN,8,0.011730205278592375,0.0014853602272475981,0.3813506046900432,0.014280453237660919,0.0012291851062745246,-0.25432629333752244,-0.06252880636076158,-0.32308203418944337,-0.10490784957498145,-0.19024438101120822
RUNX1,8,0.011730205278592375,2.030154982114305e-05,0.4008594054171831,0.022760622529774188,0.0008607489165539555,-0.25432629333752244,-0.15819741190798917,-0.03908126982259918,-0.2694231878097988,-0.19026444717160976
FAAP20,12,0.01759530791788856,0.0,0.2966251210883347,0.013548259018001683,0.0008658195814056336,-0.08301972691786974,-0.15952310690694174,-0.3476032095204123,-0.2671590178763786,-0.191890126627348
PRKCA,8,0.011730205278592375,5.9446574769424295e-05,0.4211203734453069,0.02140614254558539,0.000927189185712412,-0.25432629333752244,-0.15564123446020806,-0.08444278768604135,-0.2397560604808964,-0.1927642809165724
TRAF2,10,0.01466275659824047,0.0010172560407631381,0.36265076787604117,0.007753420490438694,0.001434414745486711,-0.1686730101276961,-0.09309609725620473,-0.5416722799033464,-0.013268036622813615,-0.1932976411639768
KEAP1,7,0.010263929618768328,0.0009960216435502235,0.41579983808908066,0.019616935277898467,0.0010411229016908455,-0.29715293494243555,-0.09448270736424763,-0.14436331687952997,-0.1888820031990713,-0.19427326808663462
SOS1,9,0.013196480938416423,0.0003055489925833549,0.3784997951092666,0.015834519659680968,0.0011008064503775442,-0.21149965173260923,-0.1395707005649936,-0.2710363689995974,-0.16223190889999256,-0.1955712088275796
IDH1,8,0.011730205278592375,4.5204454598280904e-05,0.4116392393339679,0.020168825023562133,0.0009757516385621189,-0.25432629333752244,-0.15657124757012852,-0.12588053614536784,-0.21807179444247826,-0.1969474806782342
FOXM1,7,0.010263929618768328,1.1651812863266607e-05,0.4050530115046244,0.024196873817842607,0.0008418657103796438,-0.29715293494243555,-0.15876224134851638,0.009018767993113736,-0.27785497908709106,-0.19746132978577702
EGR1,7,0.010263929618768328,5.5119022221203595e-05,0.4155373381912971,0.02391343782176561,0.0008499261239023198,-0.29715293494243555,-0.15592382445069763,-0.00047349999849440733,-0.2742558167518132,-0.19793034669258835
MMP7,8,0.011730205278592375,0.0016892103877258358,0.3991577584566493,0.013076046702617083,0.001181992035898642,-0.25432629333752244,-0.04921735276916265,-0.36341759410320446,-0.12598065445095272,-0.19919819057125496
CDC25C,5,0.007331378299120235,0.005490586536578376,0.40680540401422416,0.011483405736168057,0.001104173176173859,-0.3828062181522619,0.19901322046633754,-0.41675512030732537,-0.1607285874332694,-0.19972561278482623
FOXA1,8,0.011730205278592375,0.0007919119903447316,0.39225932282182047,0.017557763030751024,0.001001005089340768,-0.25432629333752244,-0.1078111058794517,-0.21332496988529578,-0.20679554060976793,-0.1999910812370085
LEF1,9,0.013196480938416423,9.245893222464118e-05,0.3677157227346451,0.01398087434904363,0.0012095894161382645,-0.21149965173260923,-0.15348552134630394,-0.3331149274519171,-0.1136577815324162,-0.2017508002398559
ATRX,9,0.013196480938416423,0.0003197915983213146,0.38970464398757526,0.01383309316326491,0.0011507650445172382,-0.21149965173260923,-0.13864065574746925,-0.3380641175299062,-0.13992423326459646,-0.20428271220218108
GAB1,10,0.01466275659824047,0.0,0.3704058208750786,0.012731003694515292,0.001122730617827232,-0.1686730101276961,-0.15952310690694174,-0.37497308016307346,-0.1524422576004346,-0.20439939782413066
TOP2A,8,0.011730205278592375,0.0009432767850884595,0.3950847201050508,0.012803215341254665,0.001265437483237697,-0.25432629333752244,-0.09792695648312032,-0.3725547130098088,-0.0887203190763198,-0.20575094820613868
EPHA2,10,0.01466275659824047,0.00014979630965895684,0.3616544745577004,0.010264072376854103,0.001216675578218333,-0.1686730101276961,-0.14974137987989405,-0.4575905793806735,-0.11049364515299767,-0.21008774342140138
CD36,9,0.013196480938416423,4.0841704375315e-05,0.3583076449074658,0.014852416284768744,0.0010504248295352325,-0.21149965173260923,-0.15685613597535963,-0.3039269988389956,-0.18472847580884447,-0.21097000702982116
RECQL4,9,0.013196480938416423,3.1069467252596857e-06,0.3331028055136714,0.01896112374812098,0.0007382939475736178,-0.21149965173260923,-0.15932022270489923,-0.1663264368741523,-0.32410218298563465,-0.21194065775459542
BUB1B,8,0.011730205278592375,0.0002093985705182984,0.3901666530498012,0.019016945815189767,0.0008598643189492634,-0.25432629333752244,-0.1458493411023813,-0.1644569565406858,-0.2698181812393205,-0.21233156549972942
IL4,8,0.011730205278592375,0.000234743391317166,0.4144906446442158,0.016505870069425967,0.0010278698149281517,-0.25432629333752244,-0.1441943195656799,-0.2485528521076769,-0.1947998150542899,-0.21373331599194617
MGMT,8,0.011730205278592375,0.00023460157226216536,0.40933528836754646,0.015804012920634002,0.001079176914003985,-0.25432629333752244,-0.1442035803764863,-0.27205803931173794,-0.17189000056318438,-0.21385470573723886
ANXA2,7,0.010263929618768328,0.00014343986122826815,0.42058220044409883,0.021305706414212602,0.0008413486726217326,-0.29715293494243555,-0.1501564571508366,-0.08780639247945604,-0.2780858484859073,-0.21472108971063425
RCOR1,8,0.011730205278592375,0.0020146009316639795,0.38312639330326814,0.008950671498987919,0.0012564100127545246,-0.25432629333752244,-0.02796928941411742,-0.5015763584831007,-0.0927512948636612,-0.21487205569101456
PRKACA,8,0.011730205278592375,0.0012576720814480359,0.3822364365243988,0.011129069987186848,0.0012236339740385996,-0.25432629333752244,-0.07739688485065635,-0.42862182014393724,-0.10738655938378723,-0.2155650997863418
ADIPOQ,9,0.013196480938416423,1.7333492221568732e-05,0.3638535896600413,0.01509202996763746,0.0009820684706074007,-0.21149965173260923,-0.15839122662415733,-0.2959023395729644,-0.21525118183846065,-0.21585338904473755
HSPB1,6,0.00879765395894428,0.0,0.4213899767573718,0.024939029800047533,0.000745653815886566,-0.3399795765473487,-0.15952310690694174,0.03387356262812747,-0.3208158303996232,-0.2162620820726066
XPC,10,0.01466275659824047,9.250444179894776e-05,0.32746823069403713,0.01377513644834184,0.0008891424775532271,-0.1686730101276961,-0.15348254956259313,-0.340005087193525,-0.2567448016419557,-0.21675616870243808
IL2RA,10,0.01466275659824047,1.1103343248663363e-05,0.34371339096345416,0.011311490491852087,0.0010628576007865676,-0.1686730101276961,-0.15879805651689335,-0.42251255970625995,-0.17917695393158053,-0.21907297040148507
KLF4,6,0.00879765395894428,0.0,0.41685316256809035,0.02381315169581634,0.0007642795240869948,-0.3399795765473487,-0.15952310690694174,-0.003832081112136854,-0.312499017963851,-0.22213984833350503
TNFSF11,8,0.011730205278592375,0.0006280562003805215,0.3817930067836512,0.013905404949742696,0.0010497177140990238,-0.25432629333752244,-0.11851091959903039,-0.3356423966980447,-0.185044219317231,-0.2227792557709456
FAS,8,0.011730205278592375,0.0002525313527750651,0.40282199736537005,0.015382180850193404,0.001007414636082049,-0.25432629333752244,-0.14303276235679435,-0.28618519011649785,-0.20393352873500212,-0.22279613702763146
TGFBR2,9,0.013196480938416423,0.00011422622977588857,0.36086137263981066,0.015329426198816477,0.000855724889112943,-0.21149965173260923,-0.15206411274653545,-0.287951942736506,-0.271666533053343,-0.22396460145101688
SOX9,8,0.011730205278592375,4.153794076701566e-06,0.3656728576083415,0.016822465012785077,0.0009143879519276506,-0.25432629333752244,-0.15925186337712868,-0.23795009138304304,-0.24547210945947318,-0.22551160868091827
AXIN1,7,0.010263929618768328,0.00011893313796332803,0.40882679732609606,0.018695160940862796,0.0009042465208006405,-0.29715293494243555,-0.15175675076187953,-0.1752335279890342,-0.2500004946143369,-0.22698951944099655
CSF1R,10,0.01466275659824047,2.0911660793585598e-05,0.33685319534033503,0.00744741114843207,0.0012249037038372665,-0.1686730101276961,-0.1581575715474207,-0.5519205289700368,-0.10681959546134262,-0.2303229713178247
HDAC6,7,0.010263929618768328,0.0007941964456003991,0.39062975886944495,0.014734814356670843,0.0010330430579058418,-0.29715293494243555,-0.10766193052414877,-0.30786548595173285,-0.1924898415989378,-0.23099007537102378
PLCG1,8,0.011730205278592375,2.276965664864499e-05,0.38290351582025284,0.015474626874386117,0.0009486436454728042,-0.25432629333752244,-0.15803624407070946,-0.2830891739133987,-0.23017614460237443,-0.23117632738896488
PLK1,7,0.010263929618768328,0.0004403048673962056,0.39390253961401234,0.015663059896288006,0.0010176049698785348,-0.29715293494243555,-0.1307711167453965,-0.27677855434807225,-0.19938330739945417,-0.23192867876570683
CXCL1,8,0.011730205278592375,9.464456136396482e-06,0.3577234476603341,0.015646446473333908,0.0009153956883992808,-0.25432629333752244,-0.15890507615173508,-0.2773349376766576,-0.24502213165841208,-0.23321188557308056
KMT2A,8,0.011730205278592375,7.428939845159649e-05,0.3874109144761711,0.013324623247869299,0.0010772807918886464,-0.25432629333752244,-0.15467199529870831,-0.3550927686871654,-0.1727366632413975,-0.2332480878785225
FGF3,9,0.013196480938416423,0.0005979807419809885,0.3656728576083415,0.00918595178848731,0.0011228009503719946,-0.21149965173260923,-0.12047485265550786,-0.49369682450723734,-0.15241085248141165,-0.23336512666801998
RPS6KB1,7,0.010263929618768328,0.0009322806744500571,0.40061542525563887,0.014845408537571249,0.0009634358053741722,-0.29715293494243555,-0.09864500456367017,-0.3041616882056842,-0.22357110075138165,-0.23421133616218315
XIAP,7,0.010263929618768328,0.00025352520810811613,0.40430659932126206,0.0171836367565424,0.0009105773606547028,-0.29715293494243555,-0.1429678634177323,-0.2258544541662034,-0.24717362719750838,-0.23435110935702788
EPCAM,8,0.011730205278592375,0.00018768132909033791,0.3720809178603814,0.017165967019514408,0.0007527600118457736,-0.25432629333752244,-0.14726748102794054,-0.22644621344001623,-0.31764274842665363,-0.23464886529845194
PLAU,9,0.013196480938416423,0.00011018652445002414,0.3415729858303138,0.009926752332355111,0.001107365144225847,-0.21149965173260923,-0.1523279062595885,-0.468887423485315,-0.15930329936885365,-0.2377449992421441
NGFR,10,0.01466275659824047,2.7051523747323965e-05,0.3202973935255546,0.006191093132137875,0.0012293982539167455,-0.1686730101276961,-0.15775663734861642,-0.5939946037467297,-0.10481267418930469,-0.2382361684690546
SWSAP1,9,0.013196480938416423,3.1558753088418473e-07,0.3110638675307253,0.014954458596688659,0.000733958478249338,-0.21149965173260923,-0.15950249898217192,-0.30050960307898783,-0.3260380709960701,-0.2392100376669678
ITCH,7,0.010263929618768328,8.471479449555324e-05,0.4101004010560839,0.016707290631739462,0.0009066586535935901,-0.29715293494243555,-0.15399121498787804,-0.24180727997512141,-0.2489234211525785,-0.24064747120236193
CCR7,8,0.011730205278592375,2.8891949035893073e-05,0.3536868047796962,0.014304526424553404,0.0009282966077418934,-0.25432629333752244,-0.15763645723318204,-0.32227582345912575,-0.23926157075694446,-0.2407307958196424
RARA,8,0.011730205278592375,3.64143414501785e-05,0.3725020620798046,0.013360757569401976,0.0009636198229396882,-0.25432629333752244,-0.15714524360212262,-0.3538826307074081,-0.22348893262328606,-0.24377482623480234
AKT3,7,0.010263929618768328,2.194221105067966e-05,0.40331565177390605,0.017357634000079062,0.000830840386438342,-0.29715293494243555,-0.15809027642295803,-0.2200272886392023,-0.28277804296615067,-0.24408716265666253
NANOG,7,0.010263929618768328,0.00012664110175199258,0.40356293298284157,0.01582424202928861,0.0009184269313955576,-0.29715293494243555,-0.15125341928537828,-0.2713805667139077,-0.24366861107406712,-0.244826717608792
ENO1,7,0.010263929618768328,5.889806644148927e-05,0.38627414536092414,0.015737739734957255,0.0009309727088272746,-0.29715293494243555,-0.1556770521565728,-0.27427752747770257,-0.2380666293057641,-0.24539162162568898
NTRK2,9,0.013196480938416423,1.7171430142199388e-05,0.3462446836901708,0.010031530139550108,0.0010154603661663218,-0.21149965173260923,-0.1584018093082397,-0.4653784160224881,-0.2003409228968947,-0.24676919821734972
ETS1,7,0.010263929618768328,6.5586388221169e-07,0.39343164596235186,0.016600504823513076,0.0008373966270477256,-0.29715293494243555,-0.15948027887281124,-0.24538353536757332,-0.27985052886331613,-0.24892040979423313
MLH3,8,0.011730205278592375,0.0,0.32959997180521516,0.016207334817232293,0.0006911686526653109,-0.25432629333752244,-0.15952310690694174,-0.2585507939992737,-0.3451447245370918,-0.24963408310214136
PROM1,7,0.010263929618768328,0.000526098614845823,0.3849187974824647,0.014031626240371143,0.000924233606405481,-0.29715293494243555,-0.12516876899670848,-0.3314152472411126,-0.2410757954660192,-0.24979392802045594
KMT2D,6,0.00879765395894428,5.812530592266274e-06,0.4008594054171831,0.019640259275808678,0.0007636447410219909,-0.3399795765473487,-0.1591435475725405,-0.1435821964789324,-0.3127824633841395,-0.25005167065732153
BIRC5,7,0.010263929618768328,0.00012843354006974477,0.39699103962304866,0.015739406245644273,0.0008411318253672743,-0.29715293494243555,-0.15113637272811,-0.2742217160554732,-0.2781826758345984,-0.25226849878989427
MAP3K1,7,0.010263929618768328,0.00011689395258304298,0.38970464398757526,0.015624585790501069,0.0008297451226924374,-0.29715293494243555,-0.15188990994846369,-0.2780670516734715,-0.28326710373336383,-0.25424283579833545
MED1,7,0.010263929618768328,0.00019173653800031243,0.3874109144761711,0.012651327670799049,0.0010094808627175713,-0.29715293494243555,-0.1470026751279465,-0.37764142920867194,-0.20301091042741803,-0.25688466393905707
KDM6A,7,0.010263929618768328,4.048127407768861e-05,0.3876390716696199,0.014243177569958836,0.0009166914071020256,-0.29715293494243555,-0.15687967214118162,-0.3243303958382517,-0.24444356308511067,-0.25697823704982037
PML,5,0.007331378299120235,0.0,0.4106120671834153,0.021982871509724337,0.0006637101328292529,-0.3828062181522619,-0.15952310690694174,-0.06512814183335905,-0.3574055930518883,-0.25836970005707655
CDK12,6,0.00879765395894428,3.764772108938975e-05,0.38832515852213256,0.02056359314512043,0.0005862288142673556,-0.3399795765473487,-0.1570647036810862,-0.11265975665285362,-0.3920028060448836,-0.259191540251391
SHH,7,0.010263929618768328,0.0003053089512638809,0.3842446840017599,0.0129570149767989,0.0009311187955956435,-0.29715293494243555,-0.13958637530803403,-0.36740396512385237,-0.23800139816186355,-0.25998119371400413
TLR2,7,0.010263929618768328,0.00019755278895244093,0.37937241711528225,0.012176483828316669,0.0010066255518106691,-0.29715293494243555,-0.1466228728533507,-0.3935439436013155,-0.2042858732370455,-0.2602252088108623
SMARCB1,7,0.010263929618768328,0.00020233050508519228,0.38809619321640015,0.012683985782347647,0.000945699463855269,-0.29715293494243555,-0.1463108870966275,-0.376547709458147,-0.23149079025377173,-0.2621889489463931
IRS4,9,0.013196480938416423,7.927083727804784e-06,0.3305932414339602,0.0075266687029723976,0.001023960527242932,-0.21149965173260923,-0.15900546685744735,-0.5492661944519471,-0.19654540303868115,-0.2629385643189007
NQO1,5,0.007331378299120235,0.0014402924535083124,0.40282199736537005,0.014067915045042921,0.0009342005865261628,-0.3828062181522619,-0.06547174041192819,-0.33019993562294375,-0.2366253067478038,-0.2637151599304232
CYCS,6,0.00879765395894428,0.00010455040177766271,0.4073088760488952,0.01512665519091925,0.0009297020225544736,-0.3399795765473487,-0.15269594612383822,-0.2947427412749037,-0.23863402031618236,-0.2638421906407488
BCL2L11,6,0.00879765395894428,0.00015354993098875026,0.407813595845734,0.016671183283792343,0.000803027927037946,-0.3399795765473487,-0.14949626770527147,-0.24301651460983306,-0.29519695373837557,-0.2640096123875316
EPAS1,6,0.00879765395894428,0.00011574742614306818,0.4134492108637027,0.016590519329923694,0.0007856572402253888,-0.3399795765473487,-0.1519647783393517,-0.24571794942397687,-0.3029533698996281,-0.26671831024113096
CTLA4,7,0.010263929618768328,2.8775142550709126e-05,0.3695739156064092,0.013430584390433932,0.0008420007731985066,-0.29715293494243555,-0.157644084718503,-0.35154413133749274,-0.2777946703933522,-0.26928230875564724
SPP1,7,0.010263929618768328,0.0001309251561500272,0.3699894006155226,0.01244604325901016,0.000889316510970458,-0.29715293494243555,-0.15097366973222837,-0.3845164016122139,-0.2566670916685635,-0.26998364331906505
TGFBR1,7,0.010263929618768328,9.591695060669134e-06,0.36526700538014134,0.013459084207373144,0.0008292326768363897,-0.29715293494243555,-0.15889676742619113,-0.350589672821838,-0.28349592274106944,-0.27054483819898173
LCN2,6,0.00879765395894428,0.0,0.3809092266753557,0.016968601422512775,0.0007342269115568421,-0.3399795765473487,-0.15952310690694174,-0.23305598483459347,-0.32591820927344445,-0.27066846733991506
COL1A1,8,0.011730205278592375,0.00010410601220531331,0.3444328329120956,0.008087837300041475,0.0010067228095609196,-0.25432629333752244,-0.1527249648459969,-0.5304726650993543,-0.20424244538678313,-0.27413846597685954
HMOX1,6,0.00879765395894428,1.2360511626297235e-06,0.37082317954648714,0.016409815035561482,0.0007319123993576517,-0.3399795765473487,-0.1594423925349266,-0.2517697339999013,-0.32695169286686454,-0.2745977352986569
BCL6,6,0.00879765395894428,0.0005684748565995851,0.39390253961401234,0.012269518190896445,0.0009341111969151013,-0.3399795765473487,-0.12240159248741257,-0.39042822395293403,-0.23666522129069822,-0.27501193896215165
CDC25A,6,0.00879765395894428,1.3349352556401015e-06,0.3901666530498012,0.01461463257028042,0.0008576535391405886,-0.3399795765473487,-0.15943593538516537,-0.31189037248667456,-0.2708053459048293,-0.27539097931616413
NTHL1,8,0.011730205278592375,0.0,0.29253828608667315,0.012751705666583499,0.0006410341244111803,-0.25432629333752244,-0.15952310690694174,-0.37427977137538926,-0.36753095885144266,-0.2772571254402347
BMPR1A,7,0.010263929618768328,6.904880277844271e-05,0.3559822302298619,0.013824343432840978,0.000697909922580937,-0.29715293494243555,-0.15501420717596098,-0.33835714589323285,-0.3421345905403675,-0.27885542631056276
CDC6,6,0.00879765395894428,1.4684287812041115e-06,0.38650096517616833,0.015239227221682503,0.0007658198269028776,-0.3399795765473487,-0.15942721823298772,-0.2909727053614904,-0.3118112368885685,-0.27940644479983073
SHC2,8,0.011730205278592375,1.6355636374863767e-05,0.34497439397013346,0.008376755573213044,0.0009396080927660088,-0.25432629333752244,-0.1584550807937697,-0.5207967957158757,-0.23421072929076878,-0.27962947786790415
AURKB,6,0.00879765395894428,0.0003109836566822037,0.3849187974824647,0.011840041089896667,0.0009220568045089257,-0.3399795765473487,-0.13921581598325947,-0.40481140673625765,-0.24204778820254594,-0.28316864477514764
WEE1,6,0.00879765395894428,0.00017013521491104713,0.39819185946461866,0.01353921928031841,0.0008193327118688099,-0.3399795765473487,-0.14841324556431656,-0.34790595022325566,-0.2879164876328883,-0.28326065075387996
PKM,5,0.007331378299120235,4.9418655615548254e-05,0.3977106608429092,0.017677532834281494,0.0006893023840161228,-0.3828062181522619,-0.1562960594558027,-0.2093138806512218,-0.3459780569474912,-0.2841145787369849
TRADD,8,0.011730205278592375,0.00023395860358866642,0.3198304877040888,0.0037506727787367648,0.001176541646697628,-0.25432629333752244,-0.14424556635107694,-0.6757242511002206,-0.12841438014873566,-0.28590332050569334
RIPK1,8,0.011730205278592375,0.00023395860358866642,0.3198304877040888,0.0037506727787367648,0.001176541646697628,-0.25432629333752244,-0.14424556635107694,-0.6757242511002206,-0.12841438014873566,-0.28590332050569334
CSK,6,0.00879765395894428,0.00010375383851434819,0.3802490720364036,0.013329588639083673,0.000813863802644293,-0.3399795765473487,-0.15274796185386028,-0.354926477797009,-0.2903584829524286,-0.28623683440492464
PDGFC,7,0.010263929618768328,5.107144075338841e-05,0.36066364038082993,0.010443230803494578,0.000867351892950099,-0.29715293494243555,-0.1561881322772926,-0.4515905658955681,-0.2664748050898713,-0.2866636344962635
KL,8,0.011730205278592375,0.0007795470692585167,0.31659987671717876,0.0038066051932407895,0.0010599493694801979,-0.25432629333752244,-0.10861853753816018,-0.6738510752325172,-0.18047554693189183,-0.2870341614855547
PTK6,5,0.007331378299120235,0.0,0.38718302570294977,0.017989166953462303,0.0006384675153069139,-0.3828062181522619,-0.15952310690694174,-0.1988772578667629,-0.3686770095833895,-0.28737380657005757
MAP2K1,7,0.010263929618768328,8.310963752834499e-06,0.3493689722372689,0.010827192268297176,0.0008321372129882455,-0.29715293494243555,-0.15898039942004166,-0.4387317012037081,-0.2821989797132952,-0.2879347632682635
NCOA1,6,0.00879765395894428,4.8631181846658204e-05,0.38718302570294977,0.012946615890468726,0.0008288499084264432,-0.3399795765473487,-0.1563474816401394,-0.367752230396013,-0.2836668377493799,-0.28836353583068547
BCAR1,6,0.00879765395894428,3.367186435332446e-05,0.36936652283670857,0.014175757276050903,0.0007391623297461486,-0.3399795765473487,-0.15732432786928802,-0.32658830064464484,-0.3237144301241708,-0.28838447991265714
SDHB,8,0.011730205278592375,0.0004344793039384407,0.3138822812088768,0.004623820440080255,0.0010398300786076408,-0.25432629333752244,-0.13115152712835143,-0.6464825467562643,-0.1894592788108197,-0.2889904495636375
SDHD,8,0.011730205278592375,0.0004344793039384407,0.3138822812088768,0.004623820440080255,0.0010398300786076408,-0.25432629333752244,-0.13115152712835143,-0.6464825467562643,-0.1894592788108197,-0.2889904495636375
PCNA,6,0.00879765395894428,0.0001351364587323259,0.38604759160997926,0.010735083574884993,0.0009700165926311468,-0.3399795765473487,-0.15069867088624792,-0.44181642020315304,-0.22063262599879652,-0.2891573287535239
ERCC3,6,0.00879765395894428,4.658206307265767e-05,0.3908617242844505,0.013592462811206997,0.0007715127728952186,-0.3399795765473487,-0.15648128947919038,-0.3461228250344683,-0.30926920393520185,-0.28919157995530365
KMT2C,6,0.00879765395894428,9.039521260638212e-06,0.38718302570294977,0.012763497055684449,0.0008288197569499647,-0.3399795765473487,-0.15893282447856905,-0.3738848779007117,-0.2836803010857446,-0.2902390937085056
PLAUR,6,0.00879765395894428,0.00027547339856699824,0.37590585019703865,0.012825182403063707,0.0007584051824259552,-0.3399795765473487,-0.141534642477275,-0.3718190363824019,-0.3151220483073299,-0.2917647293488372
HBEGF,6,0.00879765395894428,0.00011845453698924882,0.37292416073371937,0.011961025133450171,0.0008485465175718406,-0.3399795765473487,-0.15178800349496743,-0.40075965261887914,-0.2748718431043326,-0.29206615180995626
MMP14,6,0.00879765395894428,0.00027046868636368637,0.37612065354000834,0.012480454867229457,0.0007782234769443945,-0.3399795765473487,-0.14186145111984563,-0.38336395727994543,-0.3062727183096143,-0.2923855496894454
LGALS3,6,0.00879765395894428,4.119060560519544e-05,0.3687457387647141,0.012131478312984112,0.0008154950763127225,-0.3399795765473487,-0.15683335265981693,-0.3950511777513527,-0.28963008127310724,-0.29513744176141826
BMP2,7,0.010263929618768328,9.028401048268021e-05,0.3554055851484961,0.00700655722747025,0.001008123604381626,-0.29715293494243555,-0.15362754414268318,-0.5666847213127202,-0.20361695787997533,-0.29647074910406235
NCOR2,7,0.010263929618768328,2.75489928573629e-05,0.34263984575482287,0.007350235767343622,0.0009818420991848118,-0.29715293494243555,-0.1577241525227227,-0.55517493127689,-0.21535226195000498,-0.29754000400591213
NOTCH3,5,0.007331378299120235,3.770660793319149e-05,0.4106120671834153,0.015430874832127411,0.0006890890070666456,-0.3828062181522619,-0.1570608583591763,-0.28455442926574637,-0.3460733347241976,-0.2993729437410745
TNFRSF10B,6,0.00879765395894428,0.0003500179252479086,0.3849187974824647,0.009527721431921144,0.0009002774647179717,-0.3399795765473487,-0.13666687094796792,-0.48225096338948076,-0.2517727705799755,-0.2999643163224553
ITGA5,6,0.00879765395894428,0.0004177795366674765,0.36465991340444026,0.008041511650610844,0.0009425294218605334,-0.3399795765473487,-0.13224202505337843,-0.5320241105239552,-0.232906287823047,-0.3050394377243171
BIRC3,7,0.010263929618768328,0.0003265407116271601,0.3292702069509828,0.005053491672195498,0.0010120634948093672,-0.29715293494243555,-0.1381999373867653,-0.6320928625242926,-0.20185770505842282,-0.3053436250930868
IL7R,6,0.00879765395894428,1.4820381370687958e-05,0.3585028015768054,0.01140913643349026,0.0007517245690536348,-0.3399795765473487,-0.15855533323257776,-0.4192423983324355,-0.31810509774500023,-0.30610118431520367
PDGFB,6,0.00879765395894428,0.00022767984146557758,0.37462216488048644,0.010263561836062538,0.0007928091744704672,-0.3399795765473487,-0.14465557069160875,-0.457607677385448,-0.2997598647169407,-0.306630252884952
IDO1,5,0.007331378299120235,0.0014390602055800294,0.3410420433652926,0.008505877471732705,0.000864615891814272,-0.3828062181522619,-0.06555220643202943,-0.5164725049366591,-0.2676964933084277,-0.3072040276103164
VEGFC,6,0.00879765395894428,0.00011165979452721377,0.36526700538014134,0.011255839474755976,0.000732515663517489,-0.3399795765473487,-0.15223170144810153,-0.42437631157826405,-0.32668232137169234,-0.3072625037435887
SLC2A1,4,0.005865102639296188,0.0,0.41738182859544365,0.018052741122689685,0.0005763190493197569,-0.4256328597571751,-0.15952310690694174,-0.19674815972819681,-0.39642774685598636,-0.3074874589585833
RASSF1,6,0.00879765395894428,0.00016246210364908437,0.3616544745577004,0.008911689296680644,0.0008896390458206344,-0.3399795765473487,-0.14891430116430807,-0.5028818719546614,-0.25652307234730864,-0.30810241594304305
RAC1,5,0.007331378299120235,4.754490372526133e-06,0.3767665390354978,0.014079706010757986,0.0006809601783138677,-0.3828062181522619,-0.15921263779670358,-0.3298050563274542,-0.3497030460528551,-0.30968695627852943
IGFBP3,5,0.007331378299120235,1.0474746783186837e-05,0.4073088760488952,0.014088970663122539,0.0006775493928548416,-0.3828062181522619,-0.158839103983613,-0.32949478323472564,-0.3512260411849665,-0.30983611723313337
HMMR,6,0.00879765395894428,0.0002316377785783822,0.34918363060743485,0.010475873898908989,0.0007110119430699569,-0.3399795765473487,-0.14439711665815613,-0.4504973490351908,-0.33628423329412255,-0.31244844742197375
PPM1D,5,0.007331378299120235,1.2236906510034261e-06,0.38559528043058855,0.015473176956376039,0.0005414786015489399,-0.3828062181522619,-0.15944319967864676,-0.28313773164956496,-0.41198481809162035,-0.3128674862211904
TGFB2,5,0.007331378299120235,0.0013418998141780207,0.3699894006155226,0.008530263101597114,0.0008161475211937573,-0.3828062181522619,-0.07189679815594666,-0.5156558304950887,-0.2893387494406821,-0.31295529187943244
POT1,6,0.00879765395894428,4.402964065670424e-06,0.32681784691907384,0.01300221257112608,0.0005537440969722587,-0.3399795765473487,-0.15923559253026354,-0.36589029825066866,-0.40650798876680483,-0.31328140732763265
ELAVL1,5,0.007331378299120235,8.157937673356175e-07,0.392727412705856,0.012749468452545577,0.0007293238745143462,-0.3828062181522619,-0.15946983542141174,-0.3743546956457588,-0.3281075294866293,-0.3143420802351222
HMGA2,4,0.005865102639296188,0.0,0.3948477166736741,0.016376730870566337,0.0005748488397408861,-0.4256328597571751,-0.15952310690694174,-0.2528777222750645,-0.39708422966872914,-0.31884466803050543
MMP13,6,0.00879765395894428,1.3001833688660168e-05,0.34192786685455306,0.00930166696717684,0.0007644904580896145,-0.3399795765473487,-0.1586740847362147,-0.4898215246087747,-0.3124048310198037,-0.31910664410134143
CCNE1,5,0.007331378299120235,5.808802064308672e-06,0.38695540487655183,0.012939628371231538,0.0006510355256093819,-0.3828062181522619,-0.15914379104611326,-0.3679862423285619,-0.3630651003205743,-0.3199783926446472
TP63,5,0.007331378299120235,0.0,0.38582130345545995,0.011975796548008469,0.0007017819901330186,-0.3828062181522619,-0.15952310690694174,-0.40026495812861257,-0.3404056222121425,-0.32199706914817816
SDHC,7,0.010263929618768328,0.0002845424991277562,0.3110638675307253,0.003250883072939597,0.0009636106875488377,-0.29715293494243555,-0.14094242851507427,-0.6924622021457361,-0.22349301178803047,-0.3224301771453743
NTRK3,7,0.010263929618768328,3.782316557646954e-06,0.32504254009630357,0.004972868312712553,0.0008770729432720115,-0.29715293494243555,-0.1592761209285754,-0.634792937832963,-0.2621341297536074,-0.3232079709793103
CDKN1C,5,0.007331378299120235,0.0,0.38245853788205386,0.01209667218841541,0.0006744354978655282,-0.3828062181522619,-0.15952310690694174,-0.3962168344312674,-0.3526164678088633,-0.32362961352805325
GNAS,4,0.005865102639296188,8.218435086653527e-05,0.411125011677086,0.014424259059146967,0.0006421079057882444,-0.4256328597571751,-0.1541564534299514,-0.3182659790122876,-0.36705149046216223,-0.3245741081673891
CBLB,6,0.00879765395894428,0.0,0.36026882522989306,0.008454745746629133,0.0007501416959710522,-0.3399795765473487,-0.15952310690694174,-0.5181849057759106,-0.3188118874356692,-0.3262729871606235
TP53BP1,5,0.007331378299120235,0.0005542622895420899,0.3809092266753557,0.008104332280195789,0.000834597004313916,-0.3828062181522619,-0.12332967577348648,-0.529920248418664,-0.28110062560688487,-0.32701877010177305
WNT5A,5,0.007331378299120235,7.205934084201855e-05,0.36895243480662254,0.010570574887695803,0.0007316601985891138,-0.3828062181522619,-0.15481761847755127,-0.4473258140958159,-0.32706430638284556,-0.3275646050684118
KRT8,4,0.005865102639296188,0.000411041049297256,0.40555215261553584,0.011483895315131817,0.0007687818132117723,-0.4256328597571751,-0.1326820495384994,-0.41673872431390396,-0.3104886410278734,-0.3275874863679916
TYMS,5,0.007331378299120235,0.0002351209460627146,0.3802490720364036,0.007884809463369953,0.000877083553694329,-0.3828062181522619,-0.14416966517020696,-0.5372720648302163,-0.2621293919529649,-0.32990488400247964
NOTCH2,5,0.007331378299120235,1.4198089919468017e-05,0.37871757404776446,0.010774473681038583,0.0006975437035233224,-0.3828062181522619,-0.15859596898068767,-0.4404972460368407,-0.34229811587748815,-0.3301902409813294
CEACAM5,3,0.00439882697947214,0.002158590308370044,0.3554055851484961,0.00447672862841345,0.001111932573204881,-0.46845950136208825,-0.018566756194573278,-0.6514086497037995,-0.15726383597108273,-0.3303370116603506
CASP10,5,0.007331378299120235,0.00025555931207734637,0.38201459297447166,0.008869182107571223,0.0007691387018930083,-0.3828062181522619,-0.14283503604824002,-0.5043054371904861,-0.31032928192107595,-0.3326178791876641
AXL,5,0.007331378299120235,0.0,0.3699894006155226,0.011080871694157422,0.000648498195289296,-0.3828062181522619,-0.15952310690694174,-0.43023598037942506,-0.3641980773935892,-0.33274976463462996
VEGFD,6,0.00879765395894428,0.00011589874026667513,0.35948178246587364,0.006798851527512947,0.000775473272608002,-0.3399795765473487,-0.1519548974987901,-0.5736407826269778,-0.3075007485879635,-0.33320988240925786
PPP2R2A,5,0.007331378299120235,9.571500564417553e-05,0.3596782205983687,0.00943756756211298,0.0007359376693832854,-0.3828062181522619,-0.15327289914324418,-0.4852702153706835,-0.325154316066676,-0.3343853074265746
PELP1,4,0.005865102639296188,2.548367660767246e-05,0.39843289569916146,0.013535591975226394,0.0005982833556320776,-0.4256328597571751,-0.15785901805996452,-0.34802742862577796,-0.3866201726195762,-0.3353657756790732
MYB,4,0.005865102639296188,0.0003750320679652923,0.3867280515246855,0.011788465730487667,0.000653926047250939,-0.4256328597571751,-0.1350334427518119,-0.40653866488289314,-0.3617744150979948,-0.3363924775991418
TSC1,5,0.007331378299120235,1.8355359765051394e-06,0.3573350400081513,0.010534010247031584,0.0006344310795166181,-0.3828062181522619,-0.15940324606449924,-0.44855036345794885,-0.3704793721575092,-0.3376389349925081
SMARCA2,6,0.00879765395894428,6.512967329104588e-06,0.3320944216422879,0.005830686057746232,0.0007993490948722843,-0.3399795765473487,-0.15909780892266945,-0.6060646321960012,-0.2968396379668222,-0.33934815805480406
TET2,3,0.00439882697947214,0.00155261071120102,0.3795912016695586,0.006820530398147301,0.0009269742082118736,-0.46845950136208825,-0.05813733718527318,-0.5729147575184351,-0.23985205294092254,-0.34104852186492074
YY1,4,0.005865102639296188,8.76711732499343e-06,0.38718302570294977,0.01222544257718921,0.0006059969117996541,-0.4256328597571751,-0.15895061250649603,-0.39190431570907786,-0.38317589017038317,-0.3437251952175275
ERCC6,4,0.005865102639296188,0.00036845479479631854,0.385144027908142,0.009692228831256424,0.00072526643066801,-0.4256328597571751,-0.13546293991945044,-0.47674161262702935,-0.3299192726469715,-0.34416941294967407
VHL,4,0.005865102639296188,5.932699676702964e-06,0.38718302570294977,0.013170210947437038,0.000522001026863561,-0.4256328597571751,-0.15913570050885967,-0.36026403471261953,-0.42068200874976197,-0.3449446347347025
GATA2,5,0.007331378299120235,1.4357525362643268e-05,0.3497402463841736,0.007411855510358061,0.000698626676036542,-0.3828062181522619,-0.15858555781643988,-0.553111286847944,-0.3418145434318865,-0.35261373186336775
CTNNA1,4,0.005865102639296188,0.0003734420676715928,0.3737712343526489,0.009870158693113112,0.0006152008323497094,-0.4256328597571751,-0.13513727006826115,-0.47078274376128837,-0.37906612531930506,-0.3527255922481952
AXIN2,4,0.005865102639296188,0.0001286463725778598,0.35559759248785233,0.010436273020457444,0.0006053590522069727,-0.4256328597571751,-0.15112247472553836,-0.4518235819631462,-0.3834607093319208,-0.3538089778554093
DDB2,4,0.005865102639296188,1.631587534671235e-06,0.38695540487655183,0.010868781053192047,0.000586394500265048,-0.4256328597571751,-0.15941656393588174,-0.43733889331363257,-0.3919288233886961,-0.35467918523944747
SKP2,3,0.00439882697947214,0.0,0.4023295499358281,0.014276164147732962,0.000494053008516416,-0.46845950136208825,-0.15952310690694174,-0.32322567575790956,-0.43316144974837983,-0.3551190273047242
BMP4,6,0.00879765395894428,1.1405220656321977e-05,0.30248673883042954,0.002164112731898249,0.0008949226106852869,-0.3399795765473487,-0.15877834386573342,-0.7288581273820405,-0.2541638376004366,-0.3552918307545008
TOP1,4,0.005865102639296188,0.0002477404396029341,0.38068892058705306,0.008921720452749502,0.0006688490704499905,-0.4256328597571751,-0.1433456098826564,-0.5025459286623867,-0.35511093773726116,-0.35633927666560494
PRMT5,3,0.00439882697947214,0.0,0.3974704974003712,0.014110466484980853,0.000486276410943599,-0.46845950136208825,-0.15952310690694174,-0.3287748884274212,-0.4366338816530154,-0.3569233562195537
BAK1,4,0.005865102639296188,7.189585680258911e-05,0.38446912599007865,0.009782686097847382,0.000618597107796747,-0.4256328597571751,-0.1548282940158914,-0.47371219989133556,-0.37754960924543146,-0.3579309362463375
NRG1,4,0.005865102639296188,0.0,0.3695739156064092,0.010654997205089492,0.0005635326142869506,-0.4256328597571751,-0.15952310690694174,-0.4444985117338541,-0.4021371878472067,-0.3581794175579589
BAX,4,0.005865102639296188,0.0001546329710995262,0.3846938303302248,0.009910135413706314,0.0005882355333665542,-0.4256328597571751,-0.14942554498354974,-0.46944392388467243,-0.39110675923797983,-0.35843802378542916
CDKN2B,4,0.005865102639296188,2.0977554017201592e-06,0.3846938303302248,0.0101853530077668,0.0005929554634158197,-0.4256328597571751,-0.15938612308700745,-0.46022689007461937,-0.38899920056116116,-0.3586632498139192
PRLR,5,0.007331378299120235,1.631587534671235e-06,0.3363368133341925,0.007173158337146438,0.0006373019136623163,-0.3828062181522619,-0.15941656393588174,-0.5611052522169315,-0.3691974778602801,-0.35989686335270443
SQSTM1,4,0.005865102639296188,2.3565035878662805e-05,0.3798102387161077,0.0075291738857129285,0.0007727177747395518,-0.4256328597571751,-0.15798430565828303,-0.5491822959130523,-0.30873114255164336,-0.3600502650225212
POSTN,5,0.007331378299120235,0.0006674548618959899,0.3162956000456582,0.002670870456486226,0.0008507187992163579,-0.3828062181522619,-0.1159381796359914,-0.7118868174736833,-0.27390186876560085,-0.36012445851014635
MITF,4,0.005865102639296188,0.0,0.3596782205983687,0.010257713286894178,0.0005687094876559975,-0.4256328597571751,-0.15952310690694174,-0.4578035452245247,-0.3998255933375753,-0.3603781053541667
HNF1A,4,0.005865102639296188,8.710716421094195e-06,0.36425630530991404,0.009989243570599167,0.0005870028489179047,-0.4256328597571751,-0.1589542954960655,-0.46679459269194296,-0.3916571815489916,-0.3604004296372145
DKK1,5,0.007331378299120235,1.79066731930168e-05,0.34425269021705784,0.00501827754032898,0.0007808560395014051,-0.3828062181522619,-0.15835379779955833,-0.6332721833635483,-0.3050972178252037,-0.3612445060409316
BRD4,3,0.00439882697947214,0.0,0.38901367830674627,0.013380139089313835,0.0004877258921669239,-0.46845950136208825,-0.15952310690694174,-0.3532335438460552,-0.43598665453371105,-0.36168564187941954
ENG,5,0.007331378299120235,1.5556586775382665e-05,0.3319269509304159,0.006336086258428133,0.0006718079790864492,-0.3828062181522619,-0.15850725888200828,-0.5891387857464137,-0.35378971612897636,-0.36219469144887173
S100A4,3,0.00439882697947214,1.3877107729971195e-05,0.40857302526071676,0.013138854929254543,0.0004955148706165073,-0.46845950136208825,-0.15861692917767353,-0.3613141473724707,-0.4325086942792942,-0.3623796261015023
FGF8,4,0.005865102639296188,8.541834718509887e-05,0.3673053257226644,0.008591935100080418,0.0006507540008935181,-0.4256328597571751,-0.15394527286571263,-0.5135904360311386,-0.3631908076618833,-0.36281406787004383
SETD2,3,0.00439882697947214,0.0004607870070910259,0.3846938303302248,0.009606349977987151,0.0006294935923601964,-0.46845950136208825,-0.1294336291939292,-0.47961769435739104,-0.37268407514877844,-0.36677958667644706
EFNA1,3,0.00439882697947214,0.0014390602055800294,0.3559822302298619,0.005111757552108246,0.0007871336059171331,-0.46845950136208825,-0.06555220643202943,-0.6301415389290058,-0.3022941382391341,-0.3668360125183663
GNRH1,3,0.00439882697947214,0.002228072367164805,0.35502219185275874,0.0054934121017654255,0.0005994307458939709,-0.46845950136208825,-0.014029564764724263,-0.6173599327967405,-0.3861078361491392,-0.36816177045708787
NKX2-1,3,0.00439882697947214,0.0014407602513329383,0.31813008395119124,0.002118067534761168,0.0009899204321456702,-0.46845950136208825,-0.06544119312651939,-0.7304001804628104,-0.21174509816830087,-0.368750179484583
TCF7L2,4,0.005865102639296188,6.730298580518843e-06,0.3598748735347264,0.008340877876803236,0.0006135203029923446,-0.4256328597571751,-0.15908361715131927,-0.5219983393234524,-0.37981652081072,-0.3691053772296756
XRCC1,4,0.005865102639296188,0.0,0.38201459297447166,0.008380225595292641,0.0006075168300003844,-0.4256328597571751,-0.15952310690694174,-0.5206805847194877,-0.38249721130044906,-0.36948783684573405
FH,5,0.007331378299120235,0.0004879933938423133,0.31675223469442476,0.002434803393528279,0.0007833378832308891,-0.3828062181522619,-0.12765704705249148,-0.719792700482911,-0.30398901680697127,-0.37065278157439097
MAX,2,0.002932551319648094,0.0028781204111600588,0.33092566299397425,0.0028735071589978023,0.0008148895648361742,-0.5112861429670014,0.028418694042882876,-0.7051005168209845,-0.28990045624752264,-0.3708456711414312
KLF5,3,0.00439882697947214,0.0,0.38604759160997926,0.01175949601756215,0.0004942782090978121,-0.46845950136208825,-0.15952310690694174,-0.40750886020929855,-0.43306089244469276,-0.37195555273426456
DHFR,3,0.00439882697947214,0.0007931573090998887,0.3798102387161077,0.007996550628776841,0.000627552411038195,-0.46845950136208825,-0.10772978633191184,-0.5335298545872779,-0.3735508578120298,-0.3723094145395704
ABCG2,3,0.00439882697947214,0.0014390602055800294,0.3375441762538537,0.004539779366008122,0.0007514189608558157,-0.46845950136208825,-0.06555220643202943,-0.6492970812841178,-0.31824155892181805,-0.37385660512592545
ZNF217,5,0.007331378299120235,1.1013215859030836e-05,0.31062347508023347,0.002345959988343864,0.0008292002772011934,-0.3828062181522619,-0.15880394185228677,-0.7227680650201254,-0.28351038993265304,-0.374938852806919
CLU,3,0.00439882697947214,0.0014390602055800294,0.3252031342366673,0.0036869547311547163,0.0007773592303761214,-0.46845950136208825,-0.06555220643202943,-0.6778581677230991,-0.30665862452747406,-0.37725223553485293
HDAC4,4,0.005865102639296188,3.566110834833302e-05,0.3375441762538537,0.005485946090946982,0.0007306816729282309,-0.4256328597571751,-0.1571944298644996,-0.6176099694064083,-0.32750124087669563,-0.37729235043775694
AREG,4,0.005865102639296188,5.9978500319575135e-06,0.3590895492062273,0.007540656918921353,0.0005787678428520347,-0.4256328597571751,-0.15913144617848088,-0.5487977292733892,-0.3953343035204241,-0.37758076901839416
WT1,3,0.00439882697947214,0.0,0.3849187974824647,0.010999083780644995,0.0004864828016799897,-0.46845950136208825,-0.15952310690694174,-0.4329750565880924,-0.43654172338313535,-0.37774495819771187
ITGA6,4,0.005865102639296188,4.5220931784808436e-06,0.3460626412697238,0.007232327113374092,0.00060009060243519,-0.4256328597571751,-0.15922781337692432,-0.5591236906352621,-0.3858131948378514,-0.37776583135386504
TP73,3,0.00439882697947214,0.0,0.38582130345545995,0.01068911617110498,0.0005085771996831225,-0.46845950136208825,-0.15952310690694174,-0.44335586798536,-0.42667606017742027,-0.37784798783602236
TMEM127,2,0.002932551319648094,0.0014390602055800294,0.24782046072854466,6.972684096071106e-05,0.0011910692655042706,-0.5112861429670014,-0.06555220643202943,-0.7989990848813888,-0.12192746005672751,-0.3795235106340811
APC,4,0.005865102639296188,7.416306975778341e-06,0.3431757787773799,0.005754234573880158,0.0006468233032658464,-0.4256328597571751,-0.15903882067485087,-0.6086249914420291,-0.36494595568413823,-0.3834453955089575
GJA1,4,0.005865102639296188,1.8241099738897097e-05,0.3391092960819241,0.005990854115227168,0.0006244356132337296,-0.4256328597571751,-0.15833195968358704,-0.600700605938407,-0.3749425806104879,-0.38368312814568706
FSCN1,3,0.00439882697947214,1.3814464114369695e-05,0.3650644169134857,0.009554624834322758,0.0005174721123086805,-0.46845950136208825,-0.1586210198174843,-0.4813499687768811,-0.422704274560289,-0.384426929098536
ADAM17,4,0.005865102639296188,6.866908970202459e-05,0.3182839186146106,0.0027494337141777295,0.0008409463840885532,-0.4256328597571751,-0.15503900251084327,-0.7092557349484456,-0.27826547968379306,-0.3852354944691698
KRT7,2,0.002932551319648094,0.0015872350870830428,0.37937241711528225,0.006768712854629811,0.0005933182738700616,-0.5112861429670014,-0.05587635896671138,-0.5746501264078588,-0.38883719724482024,-0.3856167045106641
E2F3,3,0.00439882697947214,1.5457145065306437e-07,0.3826808974971016,0.009684477551451725,0.00048673999589273295,-0.46845950136208825,-0.15951301336231502,-0.4770012028915071,-0.4364268801780376,-0.38652469543121865
TFF1,4,0.005865102639296188,0.0,0.33377847043357745,0.005553135186736166,0.0005891121850170656,-0.4256328597571751,-0.15952310690694174,-0.6153598074221432,-0.39071531386203184,-0.39006730189858174
SMARCE1,4,0.005865102639296188,1.3557763262421384e-05,0.3349675031526792,0.005244824001473452,0.0006027788488136203,-0.4256328597571751,-0.15863778243111,-0.6256851451909177,-0.38461283023050546,-0.39069054160707345
SUFU,2,0.002932551319648094,0.0014390602055800294,0.34263984575482287,0.00391803595173639,0.0007752516691262288,-0.5112861429670014,-0.06555220643202943,-0.6701192605131862,-0.3075996997029058,-0.39088199368967624
ABRAXAS1,3,0.00439882697947214,0.0,0.3277943942704256,0.01022659423252149,0.00038923816780451657,-0.46845950136208825,-0.15952310690694174,-0.4588457219693258,-0.47996371687861106,-0.3916034899730537
TNFRSF10A,3,0.00439882697947214,4.137239820059203e-06,0.38312639330326814,0.007731602503676413,0.0005739391746176546,-0.46845950136208825,-0.15925294437318246,-0.5424029640092871,-0.39749041632900906,-0.39175273763768576
FADD,3,0.00439882697947214,0.00010344537875144326,0.3835729275611974,0.008374581072915978,0.000506521111224515,-0.46845950136208825,-0.15276810433404842,-0.5208696197038423,-0.4275941515529311,-0.39184560581159766
CFLAR,3,0.00439882697947214,0.0,0.378935603739214,0.00727168098359087,0.0006073879548356959,-0.46845950136208825,-0.15952310690694174,-0.557805730010024,-0.3825547570625113,-0.39191369961797334
CYLD,3,0.00439882697947214,2.3329385519876178e-05,0.37937241711528225,0.007257272657487698,0.0006027344192704678,-0.46845950136208825,-0.15799969367076963,-0.5582882646724338,-0.3846326690561238,-0.3920449356401348
CBFB,4,0.005865102639296188,1.421811994499219e-06,0.33945907359206534,0.005562642371649448,0.000564442496574495,-0.4256328597571751,-0.15943026231787516,-0.6150414119173672,-0.4017309042180041,-0.39218352972155435
SOD2,4,0.005865102639296188,0.0,0.315537461023497,0.005354608929614648,0.0005604354942454024,-0.4256328597571751,-0.15952310690694174,-0.6220084493097333,-0.4035201240662995,-0.3939579923169533
MSR1,1,0.001466275659824047,0.0,0.001466275659824047,1.255954629549588e-49,0.0014641288433382138,-0.5541127845719146,-0.15952310690694174,-0.8013342359199587,9.68243034196261e-17,-0.3940870985108973
ELAC2,1,0.001466275659824047,0.0,0.001466275659824047,1.255954629549588e-49,0.0014641288433382138,-0.5541127845719146,-0.15952310690694174,-0.8013342359199587,9.68243034196261e-17,-0.3940870985108973
CYP24A1,1,0.001466275659824047,0.0,0.001466275659824047,1.255954629549588e-49,0.0014641288433382138,-0.5541127845719146,-0.15952310690694174,-0.8013342359199587,9.68243034196261e-17,-0.3940870985108973
MTR,1,0.001466275659824047,0.0,0.001466275659824047,1.255954629549588e-49,0.0014641288433382138,-0.5541127845719146,-0.15952310690694174,-0.8013342359199587,9.68243034196261e-17,-0.3940870985108973
CA9,1,0.001466275659824047,0.0,0.001466275659824047,1.255954629549588e-49,0.0014641288433382138,-0.5541127845719146,-0.15952310690694174,-0.8013342359199587,9.68243034196261e-17,-0.3940870985108973
GSTM3,1,0.001466275659824047,0.0,0.001466275659824047,1.255954629549588e-49,0.0014641288433382138,-0.5541127845719146,-0.15952310690694174,-0.8013342359199587,9.68243034196261e-17,-0.3940870985108973
CYP3A4,1,0.001466275659824047,0.0,0.001466275659824047,1.255954629549588e-49,0.0014641288433382138,-0.5541127845719146,-0.15952310690694174,-0.8013342359199587,9.68243034196261e-17,-0.3940870985108973
SLC19A1,1,0.001466275659824047,0.0,0.001466275659824047,1.255954629549588e-49,0.0014641288433382138,-0.5541127845719146,-0.15952310690694174,-0.8013342359199587,9.68243034196261e-17,-0.3940870985108973
TPM1,1,0.001466275659824047,0.0,0.001466275659824047,1.255954629549588e-49,0.0014641288433382138,-0.5541127845719146,-0.15952310690694174,-0.8013342359199587,9.68243034196261e-17,-0.3940870985108973
ACTC1,1,0.001466275659824047,0.0,0.001466275659824047,1.255954629549588e-49,0.0014641288433382138,-0.5541127845719146,-0.15952310690694174,-0.8013342359199587,9.68243034196261e-17,-0.3940870985108973
GATD3A,1,0.001466275659824047,0.0,0.001466275659824047,1.255954629549588e-49,0.0014641288433382138,-0.5541127845719146,-0.15952310690694174,-0.8013342359199587,9.68243034196261e-17,-0.3940870985108973
NAT2,1,0.001466275659824047,0.0,0.001466275659824047,1.255954629549588e-49,0.0014641288433382138,-0.5541127845719146,-0.15952310690694174,-0.8013342359199587,9.68243034196261e-17,-0.3940870985108973
MAP2K4,3,0.00439882697947214,0.0,0.3590895492062273,0.008658427151217224,0.00047744920565487807,-0.46845950136208825,-0.15952310690694174,-0.5113636180636325,-0.44057543436759394,-0.39422941268971157
GPER1,3,0.00439882697947214,0.0,0.3650644169134857,0.007865954810702958,0.0005339012164598949,-0.46845950136208825,-0.15952310690694174,-0.5379035069140764,-0.41536829698332517,-0.39449596298294665
CDC25B,4,0.005865102639296188,0.0,0.32408229625554635,0.004572769631085857,0.0005976292230041036,-0.4256328597571751,-0.15952310690694174,-0.6481922377160235,-0.3869122580703111,-0.3958731767990136
SOX4,3,0.00439882697947214,0.0,0.3531175663599864,0.008045759364689464,0.0005035601272991607,-0.46845950136208825,-0.15952310690694174,-0.53188185463217,-0.4289162998260336,-0.39600123309510704
CDC73,3,0.00439882697947214,0.0,0.35330710880032995,0.008270043426665265,0.0004831929582517841,-0.46845950136208825,-0.15952310690694174,-0.524370584179625,-0.43801071508218997,-0.3963178620558293
PALLD,2,0.002932551319648094,0.0014387635533009981,0.3299303978421126,0.0030491132631403034,0.0007736804717681555,-0.5112861429670014,-0.06557157788131307,-0.6992194705722573,-0.30830127591069667,-0.3968471938053696
ITGA2,4,0.005865102639296188,1.0298257844436065e-05,0.3248821044891484,0.0030792754616529062,0.0006932407127998659,-0.4256328597571751,-0.15885062874431027,-0.6982093389183374,-0.3442195014363488,-0.3971699261720261
PPP2R1A,2,0.002932551319648094,0.0,0.3967517442405152,0.01140434795566527,0.00040049578313663953,-0.5112861429670014,-0.15952310690694174,-0.41940276439537666,-0.4749369294843372,-0.3976988655411287
MYCN,2,0.002932551319648094,0.0,0.3967517442405152,0.01140434795566527,0.00040049578313663953,-0.5112861429670014,-0.15952310690694174,-0.41940276439537666,-0.4749369294843372,-0.3976988655411287
PCSK9,3,0.00439882697947214,2.4756721364001598e-05,0.3588937533778706,0.0067799016137181775,0.0005683302424619985,-0.46845950136208825,-0.15790648837328974,-0.5742754150048249,-0.3999949351479224,-0.3982915176006028
BAP1,3,0.00439882697947214,1.0488777008600796e-06,0.33685319534033503,0.009061585102259087,0.0004003836329844806,-0.46845950136208825,-0.1594546149969746,-0.4978618632858187,-0.47498700713884096,-0.39839425331090644
OGG1,4,0.005865102639296188,8.884323950738615e-06,0.31736313582209,0.0029465406250773407,0.0006875724337164997,-0.4256328597571751,-0.1589429588919216,-0.7026546269482152,-0.34675052004045653,-0.398588270035726
KRT5,2,0.002932551319648094,0.0,0.4050530115046244,0.011186178609291888,0.0004033242570107373,-0.5112861429670014,-0.15952310690694174,-0.4267092530982708,-0.4736739500347928,-0.3989075673917986
IDH2,2,0.002932551319648094,0.0,0.4050530115046244,0.011186178609291888,0.0004033242570107373,-0.5112861429670014,-0.15952310690694174,-0.4267092530982708,-0.4736739500347928,-0.3989075673917986
TSG101,2,0.002932551319648094,0.0,0.4050530115046244,0.011186178609291888,0.0004033242570107373,-0.5112861429670014,-0.15952310690694174,-0.4267092530982708,-0.4736739500347928,-0.3989075673917986
CD24,3,0.00439882697947214,0.0,0.36465991340444026,0.007666421401854579,0.0004900833696970628,-0.46845950136208825,-0.15952310690694174,-0.5445858783005018,-0.4349339859195178,-0.3997455750474702
BUB1,4,0.005865102639296188,0.0,0.2976983915400338,0.001093812620441714,0.0008069905420183825,-0.4256328597571751,-0.15952310690694174,-0.76470246483392,-0.29342755387487335,-0.40047828138350544
SPARC,4,0.005865102639296188,1.5092184695708923e-05,0.315537461023497,0.00271079032320901,0.0006796356245226606,-0.4256328597571751,-0.15853758442463683,-0.7105499016324822,-0.35029449016461817,-0.4007747753805906
IL1RN,3,0.00439882697947214,0.0,0.35160851693109757,0.007766558262290106,0.0004706949725791896,-0.46845950136208825,-0.15952310690694174,-0.5412322960870625,-0.44359135671715044,-0.4008063327643089
DNMT3B,3,0.00439882697947214,2.5942888359522063e-05,0.3366808919156085,0.004089418485670161,0.0007188227188232059,-0.46845950136208825,-0.1578290314467133,-0.6643796615783412,-0.33279654003604,-0.40285332366128546
CYP1A1,3,0.00439882697947214,0.0004266044081075435,0.3342870206678592,0.003700588556146783,0.0006744777926523519,-0.46845950136208825,-0.13166575929842053,-0.6774015710932899,-0.35259758220165643,-0.4028770959603253
TMPRSS2,2,0.002932551319648094,0.0014387635533009981,0.2904727024249844,0.0003297464249258965,0.0009022777984823329,-0.5112861429670014,-0.06557157788131307,-0.7902910322408431,-0.2508795749737675,-0.40357716595170084
KDM5B,4,0.005865102639296188,0.0,0.3103305722277297,0.0019165605457030681,0.0007054570511256504,-0.4256328597571751,-0.15952310690694174,-0.7371486470259703,-0.33876462190027046,-0.40403493142699487
XBP1,3,0.00439882697947214,0.00019787242364538378,0.35273909094052236,0.005013518074223841,0.0005991335703795816,-0.46845950136208825,-0.14660200064814177,-0.6334315778243518,-0.38624053193643937,-0.40454574759092454
XRCC5,4,0.005865102639296188,3.671071953010279e-06,0.28469340125216896,0.000980017030142706,0.0007675267207751936,-0.4256328597571751,-0.15928338522205676,-0.7685134777410032,-0.31104906902729523,-0.40470485657418515
LIG4,4,0.005865102639296188,3.671071953010279e-06,0.28469340125216896,0.000980017030142706,0.0007675267207751936,-0.4256328597571751,-0.15928338522205676,-0.7685134777410032,-0.31104906902729523,-0.40470485657418515
PAX5,4,0.005865102639296188,0.0,0.2948974658131786,0.001194567212421899,0.0007511261718856214,-0.4256328597571751,-0.15952310690694174,-0.7613281947987152,-0.3183722960149887,-0.40479237580448746
ALDH1A1,3,0.00439882697947214,0.0,0.354830805226423,0.006356851928311563,0.0005087126106951576,-0.46845950136208825,-0.15952310690694174,-0.588443343719688,-0.4266155960073219,-0.40685339014886834
NRP1,3,0.00439882697947214,2.064893158701623e-05,0.353496854830835,0.005535287521278938,0.0005462751823315707,-0.46845950136208825,-0.15817472781373024,-0.6159575255168434,-0.40984303307744024,-0.40866461914902014
GADD45A,2,0.002932551319648094,0.0,0.3842446840017599,0.009589163380679992,0.0004065583272020557,-0.5112861429670014,-0.15952310690694174,-0.48019327328794825,-0.47222986238476194,-0.40931555389972796
RRAS,3,0.00439882697947214,0.0,0.35617486130682613,0.006380925975498238,0.00047764406214770316,-0.46845950136208825,-0.15952310690694174,-0.5876371041781288,-0.44048842640605607,-0.4094667083203033
FOLH1,2,0.002932551319648094,0.0007195301027900147,0.35502219185275874,0.0044740957096439295,0.000656550176695937,-0.5112861429670014,-0.11253765666948558,-0.6514968261207202,-0.36060268019447406,-0.40950446546886077
DICER1,2,0.002932551319648094,0.0,0.38112978789520247,0.009846584985840144,0.00038316049186594284,-0.5112861429670014,-0.15952310690694174,-0.4715722269253461,-0.482677540711917,-0.4096808802926385
MED12,3,0.00439882697947214,0.0,0.3342870206678592,0.005348954741994536,0.0005235224895985947,-0.46845950136208825,-0.15952310690694174,-0.6221978079829711,-0.4200026402092948,-0.41228169184191954
TRAF5,4,0.005865102639296188,0.0,0.26865760967143454,0.0004925021009148077,0.0007146993921991857,-0.4256328597571751,-0.15952310690694174,-0.7848403466715254,-0.33463770139078575,-0.41274788725420897
PAK1,2,0.002932551319648094,0.0,0.37229137086822095,0.009155832187732556,0.0003974371630035506,-0.5112861429670014,-0.15952310690694174,-0.4947055295627755,-0.47630267459778164,-0.41303256759729734
KLK3,2,0.002932551319648094,0.00012989654183051443,0.3908617242844505,0.008605379039764894,0.0004106603168697718,-0.5112861429670014,-0.15104083843960503,-0.5131401986579245,-0.4703982284778652,-0.41341804507550967
PRKN,2,0.002932551319648094,0.0,0.38290351582025284,0.008942690034775262,0.000397352453934381,-0.5112861429670014,-0.15952310690694174,-0.5018436576205447,-0.47634049916972876,-0.4144677581232406
WWOX,2,0.002932551319648094,0.0,0.3842446840017599,0.008670023508574957,0.0004051917154280492,-0.5112861429670014,-0.15952310690694174,-0.5109752561996151,-0.4728400863652208,-0.41559399527815305
DROSHA,2,0.002932551319648094,0.0,0.3842446840017599,0.008670023508574957,0.0004051917154280492,-0.5112861429670014,-0.15952310690694174,-0.5109752561996151,-0.4728400863652208,-0.41559399527815305
SDHA,4,0.005865102639296188,0.0,0.24606024063365034,0.00036214650920114965,0.0006907752421958645,-0.4256328597571751,-0.15952310690694174,-0.7892059538205006,-0.3453203914727833,-0.4157575467004035
JAG1,3,0.00439882697947214,7.004380305021567e-05,0.3276312313066275,0.00403417607457386,0.0005624995718917722,-0.46845950136208825,-0.1549492334721863,-0.666229729240482,-0.40259846533241406,-0.4164637727593567
PLK2,2,0.002932551319648094,0.00021101798600805553,0.37937241711528225,0.0067840250912055014,0.000491727631695952,-0.5112861429670014,-0.14574359296812991,-0.5741373197949406,-0.4341997846481957,-0.4170534691691102
CD82,2,0.002932551319648094,0.0,0.373347217070343,0.008384563074037123,0.0003984320410371589,-0.5112861429670014,-0.15952310690694174,-0.5205353226101566,-0.475858438388723,-0.4181096789649618
SERPINB5,2,0.002932551319648094,0.0,0.3809092266753557,0.007817299979037287,0.00041501997430334604,-0.5112861429670014,-0.15952310690694174,-0.5395329566228272,-0.46845153991337757,-0.42042782607242685
ACTA2,3,0.00439882697947214,4.050416054821341e-06,0.3339478151674351,0.004429779574632181,0.0004817333832699259,-0.46845950136208825,-0.1592586139812853,-0.6529809729323677,-0.438662449299726,-0.4221041634184709
PLAT,3,0.00439882697947214,0.0,0.32281076198872716,0.004239127992539821,0.0004934121466166912,-0.46845950136208825,-0.15952310690694174,-0.6593658920509441,-0.433447609509925,-0.4224043025156401
CASP7,2,0.002932551319648094,0.0,0.37871757404776446,0.007084184085045449,0.000444740546857851,-0.5112861429670014,-0.15952310690694174,-0.5640849988157582,-0.4551806121849014,-0.4226840489653178
CDKN3,2,0.002932551319648094,0.0,0.378935603739214,0.0073946551724119415,0.00041639377000855327,-0.5112861429670014,-0.15952310690694174,-0.5536873259523293,-0.46783810814035026,-0.42313601358372177
HMGB1,2,0.002932551319648094,4.671161547943096e-05,0.3813506046900432,0.007012643732746221,0.00043527892604784815,-0.5112861429670014,-0.1564728296828066,-0.5664808843265522,-0.45940544620293794,-0.42324562356505013
KLF6,2,0.002932551319648094,0.0,0.378935603739214,0.007392288235816409,0.00041164057724023186,-0.5112861429670014,-0.15952310690694174,-0.5537665946295437,-0.46996051939579386,-0.4235763495702534
ZEB2,3,0.00439882697947214,0.0,0.32844867449851034,0.0038476757356940565,0.0005095099204531149,-0.46845950136208825,-0.15952310690694174,-0.6724756232753804,-0.4262595786339804,-0.42358864258533846
WRAP53,2,0.002932551319648094,0.0,0.37871757404776446,0.007203028656197204,0.00042212837783750095,-0.5112861429670014,-0.15952310690694174,-0.5601048956025667,-0.4652774722067877,-0.42390740032705676
CCND2,3,0.00439882697947214,1.068971143405292e-06,0.32408229625554635,0.0030557894419380957,0.0005619334879009956,-0.46845950136208825,-0.15945330289141968,-0.6989958854271605,-0.40285123501631115,-0.42419357528828017
RB1CC1,2,0.002932551319648094,0.0,0.37915388461694394,0.007024935988236752,0.0004278245823564115,-0.5112861429670014,-0.15952310690694174,-0.5660692168427025,-0.4627339842454288,-0.4245915669828122
MUC5AC,3,0.00439882697947214,6.248243429917165e-05,0.32233650523751944,0.0025923823795236433,0.0005650067353056722,-0.46845950136208825,-0.15544299226532315,-0.7145153821972423,-0.4014789584854874,-0.4260204416796077
TYMP,2,0.002932551319648094,0.0,0.23499148293288635,4.69824954237072e-05,0.0009325052667838584,-0.5112861429670014,-0.15952310690694174,-0.7997607927312002,-0.23738230649050793,-0.4262595466095275
DPYD,2,0.002932551319648094,0.0,0.23499148293288635,4.69824954237072e-05,0.0009325052667838584,-0.5112861429670014,-0.15952310690694174,-0.7997607927312002,-0.23738230649050793,-0.4262595466095275
TGFBR3,3,0.00439882697947214,7.062064370422826e-05,0.315537461023497,0.0018975490595076526,0.0006069434778888509,-0.46845950136208825,-0.1549115656696316,-0.737785341462751,-0.3827532263695119,-0.42679643046059135
CTSD,3,0.00439882697947214,5.1571815935507376e-05,0.32312770922681133,0.002882803400860091,0.0005192068827905765,-0.46845950136208825,-0.15615545768434877,-0.7047891857963687,-0.42192965914369446,-0.4283434588858307
CCND3,2,0.002932551319648094,0.0,0.3586981709509617,0.006857333403935126,0.00039483388971084886,-0.5112861429670014,-0.15952310690694174,-0.5716822253112703,-0.47746509674363896,-0.4286603911761677
TNFSF10,3,0.00439882697947214,0.0,0.31782286030662227,0.003088844955944628,0.0005087841375841101,-0.46845950136208825,-0.15952310690694174,-0.6978888566732505,-0.42658365758580624,-0.42873610505527765
IRAK4,3,0.00439882697947214,0.0,0.31599190767883567,0.0022111953307759,0.0005515179471727064,-0.46845950136208825,-0.15952310690694174,-0.7272813317298515,-0.40750201649115103,-0.43079827184766684
KIF4A,3,0.00439882697947214,0.0,0.29756380818038636,0.0009071277906583587,0.0006462011756533915,-0.46845950136208825,-0.15952310690694174,-0.7709545374668892,-0.36522375015016467,-0.43107725972687716
DDX21,3,0.00439882697947214,0.0,0.2966251210883347,0.0013034445216603572,0.0006090100397884834,-0.46845950136208825,-0.15952310690694174,-0.7576818950633214,-0.3818304583586955,-0.43174407288786976
FLCN,3,0.00439882697947214,0.0,0.31062347508023347,0.0033381395059783924,0.00044874627742296197,-0.46845950136208825,-0.15952310690694174,-0.6895399852859868,-0.4533919602088386,-0.43242799130243137
NOTCH4,2,0.002932551319648094,6.971634165619255e-05,0.3521728965730415,0.004753678669646171,0.00048584053768876533,-0.5112861429670014,-0.15497061676243906,-0.6421335962594452,-0.4368285092111846,-0.43348522532318623
PRC1,3,0.00439882697947214,0.0,0.290986358839529,0.0012344934809665842,0.0005895469734743968,-0.46845950136208825,-0.15952310690694174,-0.7599910645605781,-0.39052117069120845,-0.4339440492538236
NEK2,2,0.002932551319648094,5.429669856982633e-05,0.34263984575482287,0.003980883312105935,0.0005307554578065627,-0.5112861429670014,-0.1559775223388764,-0.6680145031942504,-0.41677295147519405,-0.4349020215570585
DSP,2,0.002932551319648094,0.0,0.342461573202401,0.004013053097081441,0.0005359032815554344,-0.5112861429670014,-0.15952310690694174,-0.6669371374945989,-0.4144743282974298,-0.43511321992359164
DSG2,2,0.002932551319648094,0.0,0.342461573202401,0.004013053097081441,0.0005359032815554344,-0.5112861429670014,-0.15952310690694174,-0.6669371374945989,-0.4144743282974298,-0.43511321992359164
PSCA,2,0.002932551319648094,0.0,0.26129858820762786,0.00021706985060340048,0.0008138644590554404,-0.5112861429670014,-0.15952310690694174,-0.7940645693167582,-0.2903581898495659,-0.4357154785984507
KRT18,2,0.002932551319648094,0.0,0.35502219185275874,0.0047473265379047724,0.00047335252388589703,-0.5112861429670014,-0.15952310690694174,-0.6423463290726444,-0.4424046981741041,-0.4357811322145356
RRAS2,3,0.00439882697947214,0.0,0.2917602587300597,0.0023606780451339154,0.0004838034564896419,-0.46845950136208825,-0.15952310690694174,-0.7222751574808552,-0.4377381134027265,-0.43584425638018265
CDX2,3,0.00439882697947214,1.8355359765051394e-06,0.300690335173602,0.0009367142719901979,0.0005887893882655084,-0.46845950136208825,-0.15940324606449924,-0.7699636865742092,-0.39085945012835194,-0.43597626433336795
METTL3,2,0.002932551319648094,0.0,0.34299694825170124,0.0057436520285965,0.00039297750507137034,-0.5112861429670014,-0.15952310690694174,-0.6089794007522655,-0.47829401571354074,-0.43628561005834715
BAD,2,0.002932551319648094,1.4737494248891701e-05,0.35273909094052236,0.004956894947813462,0.00043718225962077707,-0.5112861429670014,-0.15856074577712784,-0.6353278856252282,-0.4585555634409824,-0.43736702629597457
PRL,2,0.002932551319648094,0.0,0.35636770097185416,0.005515668557596709,0.00039793259092701493,-0.5112861429670014,-0.15952310690694174,-0.6166145643671196,-0.4760814544932595,-0.4373701305372617
PPP2R1B,2,0.002932551319648094,0.0,0.35160851693109757,0.005047016984066985,0.00042413931917468264,-0.5112861429670014,-0.15952310690694174,-0.6323096997493755,-0.46437954007230414,-0.4381687747295218
EPHB2,2,0.002932551319648094,0.00014190082211393455,0.3299303978421126,0.003060452735748638,0.0005393724810687068,-0.5112861429670014,-0.1502569566927454,-0.6988397117753099,-0.41292524992984886,-0.4388673815526686
PTK2B,2,0.002932551319648094,0.0,0.35502219185275874,0.00466384954827266,0.00044351259498515724,-0.5112861429670014,-0.15952310690694174,-0.645141972419601,-0.4557289212905446,-0.43900510550721505
MUC16,2,0.002932551319648094,0.0,0.34263984575482287,0.00461367229037685,0.00042398253095767355,-0.5112861429670014,-0.15952310690694174,-0.6468224081639081,-0.46444954966221996,-0.44108531833041154
RECQL,2,0.002932551319648094,0.0,0.325363887145336,0.005846222632015419,0.0003293431652369436,-0.5112861429670014,-0.15952310690694174,-0.6055443125165113,-0.5067082302594839,-0.44128143532038494
PTCH1,2,0.002932551319648094,0.0,0.3444328329120956,0.004852600612601084,0.0003922567564107435,-0.5112861429670014,-0.15952310690694174,-0.6388207016173564,-0.47861584677409774,-0.44231823644347673
AHR,2,0.002932551319648094,0.0,0.33445688195884893,0.0045445473194018135,0.000394736120320657,-0.5112861429670014,-0.15952310690694174,-0.6491374025841262,-0.47750875305304935,-0.44416015789262103
MKI67,2,0.002932551319648094,4.982169079085379e-06,0.32076566456872063,0.0026865598729543857,0.0005238313698113495,-0.5112861429670014,-0.1591977703345978,-0.7113613791108465,-0.419864718001615,-0.44499481204459224
PHB2,2,0.002932551319648094,1.4946507237256135e-05,0.33411733182488057,0.003849985349137784,0.0004111442784850459,-0.5112861429670014,-0.15854709718991003,-0.6723982743498087,-0.4701821283469581,-0.4471030048752813
HEATR6,2,0.002932551319648094,0.0,0.3329343164871091,0.004056141037216002,0.00039752964698625915,-0.5112861429670014,-0.15952310690694174,-0.6654941229141483,-0.4762613783458902,-0.4471820270171936
TIMP3,2,0.002932551319648094,0.0,0.3081512845014113,0.001934957706385944,0.0005519014128351315,-0.5112861429670014,-0.15952310690694174,-0.7365325263429816,-0.4073307901433725,-0.44760359006245676
TIMP2,2,0.002932551319648094,0.0,0.3081512845014113,0.001934957706385944,0.0005519014128351315,-0.5112861429670014,-0.15952310690694174,-0.7365325263429816,-0.4073307901433725,-0.44760359006245676
CKS1B,2,0.002932551319648094,0.0,0.32186363994866246,0.0036010961323441376,0.0003879829729495064,-0.5112861429670014,-0.15952310690694174,-0.6807335711318906,-0.4805241906102476,-0.45108247911361354
HDAC9,2,0.002932551319648094,0.0,0.32844867449851034,0.003270285427307143,0.0004093580808775554,-0.5112861429670014,-0.15952310690694174,-0.6918124175387208,-0.4709797071726794,-0.45138935170746597
TRIM24,1,0.001466275659824047,0.0,0.3784997951092666,0.0067173471886123,0.00031300110182227916,-0.5541127845719146,-0.15952310690694174,-0.5763703619254152,-0.5140053421207192,-0.4518953921361324
MDM4,1,0.001466275659824047,0.0,0.3784997951092666,0.0067173471886123,0.00031300110182227916,-0.5541127845719146,-0.15952310690694174,-0.5763703619254152,-0.5140053421207192,-0.4518953921361324
BID,1,0.001466275659824047,0.0,0.3784997951092666,0.0067173471886123,0.00031300110182227916,-0.5541127845719146,-0.15952310690694174,-0.5763703619254152,-0.5140053421207192,-0.4518953921361324
MAGEA3,1,0.001466275659824047,0.0,0.3784997951092666,0.0067173471886123,0.00031300110182227916,-0.5541127845719146,-0.15952310690694174,-0.5763703619254152,-0.5140053421207192,-0.4518953921361324
VRK1,1,0.001466275659824047,0.0,0.3784997951092666,0.0067173471886123,0.00031300110182227916,-0.5541127845719146,-0.15952310690694174,-0.5763703619254152,-0.5140053421207192,-0.4518953921361324
ING1,1,0.001466275659824047,0.0,0.3784997951092666,0.0067173471886123,0.00031300110182227916,-0.5541127845719146,-0.15952310690694174,-0.5763703619254152,-0.5140053421207192,-0.4518953921361324
PHB,1,0.001466275659824047,0.0,0.3784997951092666,0.0067173471886123,0.00031300110182227916,-0.5541127845719146,-0.15952310690694174,-0.5763703619254152,-0.5140053421207192,-0.4518953921361324
POLK,1,0.001466275659824047,0.0,0.3784997951092666,0.0067173471886123,0.00031300110182227916,-0.5541127845719146,-0.15952310690694174,-0.5763703619254152,-0.5140053421207192,-0.4518953921361324
GDF15,1,0.001466275659824047,0.0,0.3784997951092666,0.0067173471886123,0.00031300110182227916,-0.5541127845719146,-0.15952310690694174,-0.5763703619254152,-0.5140053421207192,-0.4518953921361324
ATRIP,1,0.001466275659824047,0.0,0.3784997951092666,0.0067173471886123,0.00031300110182227916,-0.5541127845719146,-0.15952310690694174,-0.5763703619254152,-0.5140053421207192,-0.4518953921361324
COL3A1,2,0.002932551319648094,0.0,0.3125409039387534,0.0029905034022356717,0.0004038880798527935,-0.5112861429670014,-0.15952310690694174,-0.7011823140866941,-0.47342219000645314,-0.4537518275838153
PBRM1,2,0.002932551319648094,5.438625115570783e-07,0.32186363994866246,0.002925475778482737,0.00040691782616466437,-0.5112861429670014,-0.15948759258325507,-0.7033600883992858,-0.47206933772654774,-0.4539079334094309
FBN1,2,0.002932551319648094,0.0,0.3081512845014113,0.0020949027221900977,0.0004560723716576275,-0.5112861429670014,-0.15952310690694174,-0.7311759697483753,-0.45012068853525444,-0.45509025842191186
BMP7,2,0.002932551319648094,7.2992073919502614e-06,0.322969157848388,0.0026322829632792833,0.00041114293833479276,-0.5112861429670014,-0.1590464672995681,-0.7131791121423716,-0.4701827267552534,-0.45538413464286753
SEPTIN9,2,0.002932551319648094,0.0,0.31736313582209,0.002339038121128217,0.00042460442572649825,-0.5112861429670014,-0.15952310690694174,-0.7229998782672874,-0.4641718591662965,-0.4562652742519027
ACVR1B,2,0.002932551319648094,0.0,0.31766947089527736,0.0024381063157116823,0.00041426284393308627,-0.5112861429670014,-0.15952310690694174,-0.7196820856599732,-0.4687896162544819,-0.45652526714807695
CALR,2,0.002932551319648094,0.0,0.3150843196242291,0.0025250232256024143,0.00040442371183923713,-0.5112861429670014,-0.15952310690694174,-0.7167712394262394,-0.4731830178516059,-0.4568217782207549
SPDYE2B,2,0.002932551319648094,0.0,0.29823794458315117,0.0008485954709791503,0.0005278517570659015,-0.5112861429670014,-0.15952310690694174,-0.7729147841266487,-0.4180695214724163,-0.45702778788499887
EPHB4,2,0.002932551319648094,1.4684287812041115e-06,0.27772622096836064,0.0005415208611686986,0.0005464573960942149,-0.5112861429670014,-0.15942721823298772,-0.7831987089988709,-0.4097616703893308,-0.4573990304743378
DUSP16,2,0.002932551319648094,0.0,0.3126893794275604,0.0022804870388182163,0.0004107502745297845,-0.5112861429670014,-0.15952310690694174,-0.7249607532873192,-0.4703580602878862,-0.457894689480227
SPOP,2,0.002932551319648094,0.0,0.29516194784529803,0.000708693256040061,0.0005245104021796389,-0.5112861429670014,-0.15952310690694174,-0.7776001075689847,-0.41956151423700583,-0.458263251126384
GSTM1,2,0.002932551319648094,0.0,0.2731166571348609,0.0003344303483737973,0.000548957321946031,-0.5112861429670014,-0.15952310690694174,-0.7901341677026932,-0.40864539528241095,-0.45858683936220673
RBBP8,2,0.002932551319648094,1.3041966148852307e-06,0.3023477922347334,0.002416138949835911,0.0003903055658284743,-0.5112861429670014,-0.15943794262415364,-0.720417772470571,-0.4794870988051375,-0.4587906099496306
MTHFR,2,0.002932551319648094,0.0,0.2903445715461026,0.00043860925143014674,0.0005356550146233027,-0.5112861429670014,-0.15952310690694174,-0.7866452175320381,-0.41458518526385085,-0.45907700732436374
SDHAF2,1,0.001466275659824047,0.0,0.19795823870526758,1.6909669301107018e-06,0.0007213323394563978,-0.5541127845719146,-0.15952310690694174,-0.8012776054584516,-0.33167593598347994,-0.4604109596152919
GNRHR,2,0.002932551319648094,0.0,0.28568192000651677,0.0009173858553290152,0.00047844240377464516,-0.5112861429670014,-0.15952310690694174,-0.770610995008356,-0.44013194827918445,-0.460979515422694
MAP2K2,2,0.002932551319648094,0.0,0.30700146627565983,0.0015090194422583481,0.0004098501402496739,-0.5112861429670014,-0.15952310690694174,-0.7507971935233674,-0.4707599912047744,-0.4631423637108143
FBXO32,1,0.001466275659824047,0.0,0.3514207921489667,0.004687000767052968,0.0003071140078150925,-0.5541127845719146,-0.15952310690694174,-0.64436663838992,-0.5166340666837081,-0.4660203923416312
MTDH,1,0.001466275659824047,0.0,0.3514207921489667,0.004687000767052968,0.0003071140078150925,-0.5541127845719146,-0.15952310690694174,-0.64436663838992,-0.5166340666837081,-0.4660203923416312
BCL10,1,0.001466275659824047,0.0,0.3514207921489667,0.004687000767052968,0.0003071140078150925,-0.5541127845719146,-0.15952310690694174,-0.64436663838992,-0.5166340666837081,-0.4660203923416312
EIF4EBP1,1,0.001466275659824047,0.0,0.3514207921489667,0.004687000767052968,0.0003071140078150925,-0.5541127845719146,-0.15952310690694174,-0.64436663838992,-0.5166340666837081,-0.4660203923416312
WNT1,2,0.002932551319648094,1.310848104778599e-06,0.2465210276011291,0.00015708903266010367,0.00047693651833167995,-0.5112861429670014,-0.15943750828062003,-0.7960733261654083,-0.4408043611960052,-0.4661850645808882
P3R3URF,2,0.002932551319648094,0.0,0.278903026989413,0.0010265161620085636,0.00040653705611810496,-0.5112861429670014,-0.15952310690694174,-0.7669562223917993,-0.4722393604190713,-0.46667004332736
MUC4,1,0.001466275659824047,0.0,0.354639624835676,0.004468831420679589,0.0003099424816891902,-0.5541127845719146,-0.15952310690694174,-0.6516731270928141,-0.5153710872341637,-0.46722909419230113
SPINK1,1,0.001466275659824047,0.0,0.354639624835676,0.004468831420679589,0.0003099424816891902,-0.5541127845719146,-0.15952310690694174,-0.6516731270928141,-0.5153710872341637,-0.46722909419230113
ABCA1,1,0.001466275659824047,0.0,0.3462446836901708,0.00452130310430086,0.00029933741024227537,-0.5541127845719146,-0.15952310690694174,-0.6499158510594316,-0.5201064985883437,-0.4678247212564606
ABCB1,1,0.001466275659824047,0.0,0.3462446836901708,0.00452130310430086,0.00029933741024227537,-0.5541127845719146,-0.15952310690694174,-0.6499158510594316,-0.5201064985883437,-0.4678247212564606
ETV4,1,0.001466275659824047,0.0,0.22426274061158935,7.996737842450874e-06,0.0006025919877443507,-0.5541127845719146,-0.15952310690694174,-0.8010664252688424,-0.3846962680492418,-0.47097278999052244
FHIT,1,0.001466275659824047,0.0,0.34228348606085,0.003915731653357533,0.0003081088858487008,-0.5541127845719146,-0.15952310690694174,-0.6701964314373011,-0.5161898304746496,-0.47109750370929565
FAT4,1,0.001466275659824047,0.0,0.34228348606085,0.003915731653357533,0.0003081088858487008,-0.5541127845719146,-0.15952310690694174,-0.6701964314373011,-0.5161898304746496,-0.47109750370929565
ODC1,1,0.001466275659824047,0.0,0.33565076170067043,0.0037909757086338424,0.0003007868914656003,-0.5541127845719146,-0.15952310690694174,-0.6743745064780657,-0.5194592714690394,-0.4725870069163266
FASN,1,0.001466275659824047,0.0,0.3327659978235666,0.00344779100354612,0.00030292851088987825,-0.5541127845719146,-0.15952310690694174,-0.6858677579930522,-0.5185029885256549,-0.47469440063064694
UIMC1,1,0.001466275659824047,0.0,0.3327659978235666,0.00344779100354612,0.00030292851088987825,-0.5541127845719146,-0.15952310690694174,-0.6858677579930522,-0.5185029885256549,-0.47469440063064694
SMO,1,0.001466275659824047,0.0,0.2541355767162219,9.501714534505168e-05,0.0005492049355455237,-0.5541127845719146,-0.15952310690694174,-0.7981521129013714,-0.40853483004422686,-0.47515763991602517
ROS1,1,0.001466275659824047,0.0,0.2470762551407713,7.394550114611256e-05,0.0005485180626161559,-0.5541127845719146,-0.15952310690694174,-0.7988578020041268,-0.40884153480193536,-0.475360118688118
KRT19,1,0.001466275659824047,0.0,0.2610912906366579,0.0001085668518632033,0.0005347560303106772,-0.5541127845719146,-0.15952310690694174,-0.7976983333982098,-0.41498660269347837,-0.4763572385452432
AIP,1,0.001466275659824047,0.0,0.32959997180521516,0.003047319958669544,0.00030709217132367494,-0.5541127845719146,-0.15952310690694174,-0.699279528316731,-0.5166438171856177,-0.4770049204273753
CYP27B1,1,0.001466275659824047,0.0,0.32959997180521516,0.003047319958669544,0.00030709217132367494,-0.5541127845719146,-0.15952310690694174,-0.699279528316731,-0.5166438171856177,-0.4770049204273753
STAG2,1,0.001466275659824047,0.0,0.33026148705219005,0.0028718161920676917,0.0003131765518805086,-0.5541127845719146,-0.15952310690694174,-0.7051571472824917,-0.5139269995841329,-0.4776370807002305
GREB1,1,0.001466275659824047,0.0,0.33026148705219005,0.0028718161920676917,0.0003131765518805086,-0.5541127845719146,-0.15952310690694174,-0.7051571472824917,-0.5139269995841329,-0.4776370807002305
KRT20,1,0.001466275659824047,0.0,0.24039851851534502,5.1365666017510606e-05,0.0004999364985485145,-0.5541127845719146,-0.15952310690694174,-0.7996140004024023,-0.4305343344441912,-0.4798499182962242
ETV6,1,0.001466275659824047,0.0,0.2739122528901434,0.00016540213667711574,0.0004823275207244538,-0.5541127845719146,-0.15952310690694174,-0.7957949204150315,-0.4383971530910018,-0.48065866602811225
TNFRSF11A,1,0.001466275659824047,0.0,0.31736313582209,0.002179561746344828,0.0003051194374953914,-0.5541127845719146,-0.15952310690694174,-0.7283407400799234,-0.5175246887776659,-0.4829933370984234
APOB,1,0.001466275659824047,0.0,0.3080070864272413,0.0018880318511525936,0.00031727854154822477,-0.5541127845719146,-0.15952310690694174,-0.7381040726524678,-0.5120953656772361,-0.48386013899284636
RNASEL,1,0.001466275659824047,0.0,0.3195199726674829,0.0020276324688022042,0.0003065928689132252,-0.5541127845719146,-0.15952310690694174,-0.7334288496996142,-0.5168667673388014,-0.4838793747345887
IFI27,1,0.001466275659824047,0.0,0.3195199726674829,0.0020276324688022042,0.0003065928689132252,-0.5541127845719146,-0.15952310690694174,-0.7334288496996142,-0.5168667673388014,-0.4838793747345887
ADAR,1,0.001466275659824047,0.0,0.3195199726674829,0.0020276324688022042,0.0003065928689132252,-0.5541127845719146,-0.15952310690694174,-0.7334288496996142,-0.5168667673388014,-0.4838793747345887
EPHA3,1,0.001466275659824047,0.0,0.2614023604825317,0.00012396733425147486,0.0004426879264064779,-0.5541127845719146,-0.15952310690694174,-0.7971825714341232,-0.4560971550144249,-0.4844761966166152
APOD,1,0.001466275659824047,0.0,0.24441557508169873,8.94142606630522e-05,0.00043992408432690707,-0.5541127845719146,-0.15952310690694174,-0.7983397534398483,-0.4573312748626761,-0.48495445698741046
ABCC1,1,0.001466275659824047,0.0,0.25132155162085323,0.00011009492238381736,0.00043255309121367996,-0.5541127845719146,-0.15952310690694174,-0.7976471583354355,-0.4606225949310678,-0.4854742019802062
MELK,1,0.001466275659824047,0.0,0.28780548478137935,0.00027848335930331176,0.0004073895504971304,-0.5541127845719146,-0.15952310690694174,-0.7920078316724466,-0.4718587018273758,-0.48659355802687004
BRMS1,1,0.001466275659824047,0.0,0.27760908633277714,0.0003064557301359513,0.00039195653298444797,-0.5541127845719146,-0.15952310690694174,-0.7910710373203561,-0.4787499035250387,-0.4877844394959845
TSHR,1,0.001466275659824047,0.0,0.2616101525019931,0.00012195998527113531,0.00039563821179250847,-0.5541127845719146,-0.15952310690694174,-0.7972497975265667,-0.47710594820447316,-0.48869140047311355
SPEN,1,0.001466275659824047,0.0,0.30671535120923327,0.001099952790424986,0.000321638198981799,-0.5541127845719146,-0.15952310690694174,-0.7644968306173704,-0.5101486771127485,-0.4887493528729293
CYP1B1,1,0.001466275659824047,0.0,0.28580596773556866,0.00034116111618075835,0.00037846853132458646,-0.5541127845719146,-0.15952310690694174,-0.7899087543723566,-0.4847726103521472,-0.48875652427180627
TBX3,1,0.001466275659824047,0.0,0.30388326117036685,0.00118689572145701,0.00031254842188382665,-0.5541127845719146,-0.15952310690694174,-0.7615851129359378,-0.5142074742544902,-0.4889787687649912
CYP17A1,1,0.001466275659824047,0.0,0.2526722240671841,0.00016455743162141059,0.0003891633375304029,-0.5541127845719146,-0.15952310690694174,-0.7958232095768656,-0.4799971303385249,-0.4889843193099837
HOXB13,1,0.001466275659824047,0.0,0.3068583420489579,0.0012330303493286818,0.00030722421340886126,-0.5541127845719146,-0.15952310690694174,-0.7600400648209761,-0.5165848573198072,-0.4891452357550622
MYH11,1,0.001466275659824047,0.0,0.3052927382629938,0.0009225627861811543,0.00032851895642793325,-0.5541127845719146,-0.15952310690694174,-0.7704376196583557,-0.5070762586855005,-0.48932302699567676
CFTR,1,0.001466275659824047,0.0,0.3052927382629938,0.0009225627861811543,0.00032851895642793325,-0.5541127845719146,-0.15952310690694174,-0.7704376196583557,-0.5070762586855005,-0.48932302699567676
RPS20,1,0.001466275659824047,0.0,0.2990509512471671,0.0007191308465459901,0.0003356411235307964,-0.5541127845719146,-0.15952310690694174,-0.7772505527924557,-0.5038960452249797,-0.4900495709303926
GALNT12,1,0.001466275659824047,0.0,0.2955595616053052,0.0006979406370193166,0.00033549297160970486,-0.5541127845719146,-0.15952310690694174,-0.7779602126465657,-0.5039621985076606,-0.4902047335577508
ZFHX3,1,0.001466275659824047,0.0,0.2912438688915994,0.0005622814851538514,0.0003411586161768599,-0.5541127845719146,-0.15952310690694174,-0.7825034359592159,-0.5014323562763893,-0.49060740977402656
CYP1A2,1,0.001466275659824047,0.0,0.2532555381666082,0.0002062799684908032,0.00036664090935449806,-0.5541127845719146,-0.15952310690694174,-0.794425922334823,-0.49005391898363204,-0.4907162195905966
PTHLH,1,0.001466275659824047,0.0,0.30082776220064655,0.0008505101022177867,0.0003163871127187575,-0.5541127845719146,-0.15952310690694174,-0.7728506631502244,-0.5124934094076941,-0.4908890658384893
ID1,1,0.001466275659824047,0.0,0.2958252331213549,0.0005135294879800435,0.0003412690691211206,-0.5541127845719146,-0.15952310690694174,-0.7841361397396285,-0.5013830364647338,-0.490924086567778
RHOC,1,0.001466275659824047,0.0,0.301240798029755,0.0007322407552544648,0.00032396488184660853,-0.5541127845719146,-0.15952310690694174,-0.776811502112483,-0.5091097590337195,-0.49100450355614605
NME1,1,0.001466275659824047,0.0,0.28457031720493503,0.0004299791591786165,0.000345772958183439,-0.5541127845719146,-0.15952310690694174,-0.7869342392144556,-0.4993719451193876,-0.4910814881936742
MYLK,1,0.001466275659824047,0.0,0.27482719987265747,0.0003463209629689289,0.0003502593472527769,-0.5541127845719146,-0.15952310690694174,-0.7897359511674468,-0.4973686679284175,-0.4912411751460784
PTCH2,1,0.001466275659824047,0.0,0.2764431514888764,0.0004646939248273677,0.0003411032147460785,-0.5541127845719146,-0.15952310690694174,-0.7857716421436365,-0.5014570943053289,-0.4912659986166987
CNOT2,1,0.001466275659824047,0.0,0.2839564899460806,0.0003171082092851315,0.0003452508483231254,-0.5541127845719146,-0.15952310690694174,-0.7907142859258312,-0.4996050793300371,-0.4918841243780792
PDCD1,1,0.001466275659824047,0.0,0.29085777450066935,0.0006309574595940187,0.0003211965081978485,-0.5541127845719146,-0.15952310690694174,-0.7802034784273794,-0.5103459023331373,-0.4919301274790088
TRPS1,1,0.001466275659824047,0.0,0.2849398890454609,0.00043981287444856215,0.0003344145496481251,-0.5541127845719146,-0.15952310690694174,-0.7866049082120865,-0.5044437390259895,-0.49202998077452076
LDHA,1,0.001466275659824047,0.0,0.2797327427518124,0.0007841634753770422,0.00030857791467694593,-0.5541127845719146,-0.15952310690694174,-0.77507261085986,-0.5159803981808807,-0.4920308531350537
PSTPIP1,1,0.001466275659824047,0.0,0.2958252331213549,0.0006254905396910471,0.0003200528379772494,-0.5541127845719146,-0.15952310690694174,-0.7803865655070936,-0.5108565777185103,-0.4920688799720263
GPC3,1,0.001466275659824047,0.0,0.29240832683030415,0.0005096622251571973,0.0003258379628187609,-0.5541127845719146,-0.15952310690694174,-0.7842656543235788,-0.5082733847624825,-0.4923280591441178
MME,1,0.001466275659824047,0.0,0.274712497368537,0.0005069270837136282,0.0003227844080688449,-0.5541127845719146,-0.15952310690694174,-0.784357254176585,-0.509636868064386,-0.4926190757750998
PDPN,1,0.001466275659824047,0.0,0.2592403086628652,0.00038895445198925744,0.00031453700798657195,-0.5541127845719146,-0.15952310690694174,-0.7883081561491728,-0.5133195242527536,-0.4941457874072908
