Gene,Degree,Degree_Centrality,Betweenness_Centrality,Closeness_Centrality,Eigenvector_Centrality,PageRank,Zscore_Degree,Zscore_Betweenness,Zscore_Eigenvector,Zscore_PageRank,Composite_Score
TP53,224,0.3916083916083916,0.27373161693449793,0.5317517128540751,0.2711673871176386,0.027576747843225145,10.873017642700859,18.793942068508198,7.334095163219855,12.441937235693219,12.459248171854965
EGFR,154,0.2692307692307692,0.13516007957933374,0.4914004914004914,0.1899696825718216,0.01900362911339912,7.271128497931025,9.181819127093796,4.916505518412709,8.312637331537472,7.486178326039345
AKT1,117,0.20454545454545456,0.06512339120040368,0.4652827487473156,0.1821671986559028,0.012900474016323346,5.367272807124113,4.323669524680397,4.6841934792434765,5.373011910309451,4.970903941574124
STAT3,122,0.21328671328671328,0.05021851772384906,0.46391292711214205,0.18093213034549913,0.013680354940867237,5.6245506031791015,3.289781332217975,4.647420415588992,5.748646767175283,4.870251480720034
CTNNB1,102,0.17832167832167833,0.05601626677859487,0.45454545454545453,0.15197756050503253,0.012604971844661856,4.595439418959149,3.691946724630784,3.785323776186351,5.230681315391355,4.334591496108939
BRCA1,99,0.17307692307692307,0.06614678042740121,0.42664916311125695,0.18052882632751657,0.009270065872018098,4.441072741326156,4.394657717887829,4.635412396113102,3.6244015766893405,4.305002683496601
IL6,87,0.1520979020979021,0.05110469092847391,0.4340929960764671,0.11010020050503472,0.0110398685780331,3.823606030794185,3.3512514288396877,2.538462520019581,4.476838872220722,3.5791352464359476
SRC,85,0.1486013986013986,0.04066634794785924,0.43369474562135113,0.1244541238812765,0.010466290035331192,3.7206949123721897,2.627187613503955,2.9658378591484884,4.200570935657006,3.392321881667354
MYC,88,0.15384615384615385,0.03168643182900823,0.44345898004434586,0.1500456061238315,0.009753975305719177,3.8750615900051826,2.0042887167647687,3.7278015477889226,3.8574797879183684,3.374400002834464
FN1,71,0.12412587412587413,0.038583589887140064,0.40507906831814283,0.08302493617257564,0.009601782705738467,3.000317083418223,2.4827154735612247,1.7323205355052982,3.7841752054999334,2.7740889957877304
CCND1,72,0.1258741258741259,0.014804569263204413,0.431320504313205,0.12543558708535596,0.00798533257756892,3.0517726426292207,0.833265131692878,2.995060055665175,3.005601203474126,2.476568959671307
PTEN,73,0.12762237762237763,0.005923469256476485,0.42435123225069366,0.14800573494075087,0.007148379652304866,3.103228201840218,0.21722069176674685,3.667066192318701,2.6024772362237782,2.3943437292942593
BRCA2,67,0.11713286713286714,0.0068526424237683545,0.37637521713954836,0.1384669021697895,0.00540181199101137,2.7944948465742323,0.28167351439064203,3.383055905825802,1.7612312551912586,2.077349007102054
CD44,54,0.0944055944055944,0.028097119739237862,0.4135846655531695,0.08648476091214177,0.006878945775278496,2.125572576831263,1.75531327966941,1.8353337488714827,2.4727026095513818,2.0443859934928676
EP300,54,0.0944055944055944,0.02693564007921735,0.4057744830277019,0.08124769391256519,0.006894632289500567,2.125572576831263,1.6747463356984065,1.6794047233139513,2.480258123911446,1.9945695552606233
TNF,57,0.09965034965034965,0.018993226803268478,0.4143096167636045,0.08284041688686658,0.006935174135931466,2.279939254464256,1.1238146341595021,1.7268266374093768,2.4997853750620673,1.9242548000966542
JUN,52,0.09090909090909091,0.01974597784022088,0.4135846655531695,0.09450593950799133,0.006109761134810528,2.022661458409268,1.1760297978905554,2.0741572281920395,2.102219689361274,1.8372143434265453
ESR1,56,0.0979020979020979,0.010104336442669944,0.4239706481858948,0.11054726846835451,0.006058416255672454,2.2284836952532583,0.5072298102512734,2.5517735721569856,2.077489085343611,1.832629277401578
ATM,58,0.10139860139860139,0.007943911360537473,0.38339600383396005,0.13051497493707734,0.004629419241503521,2.331394813675254,0.357370236694347,3.146294324428915,1.3892031278521102,1.8124302344161307
TGFB1,56,0.0979020979020979,0.00791692330140794,0.4176035978156119,0.09871465343826764,0.006116715228941187,2.2284836952532583,0.35549818888962104,2.1994679530789756,2.105569175252251,1.729851266227291
IGF1,52,0.09090909090909091,0.008546644713247271,0.4128622469233823,0.08880761383676339,0.005899356424616737,2.022661458409268,0.39917930656335177,1.9044946347411869,2.0008768552051945,1.5888006350733581
SMAD3,45,0.07867132867132867,0.02092954911658653,0.4054264774676438,0.06672491456314672,0.005993202793134121,1.6624725439322847,1.25812914408742,1.2470018473291782,2.046078585489882,1.5550137629619667
RAD51,50,0.08741258741258741,0.0040776140829362545,0.3693181818181818,0.11016276090532823,0.003983844278501925,1.9197503399872728,0.08918150566289662,2.5403252004582777,1.0782576345191446,1.4179245624067542
SHC1,48,0.08391608391608392,0.013024148234327713,0.3739930955120829,0.06338782212666916,0.005623886389751894,1.8168392215652776,0.7097648361510924,1.147642879445547,1.8681948727887137,1.4165024870324725
IRS1,45,0.07867132867132867,0.013805540431714378,0.40999763462903094,0.07833371476188022,0.005022981675678948,1.6624725439322847,0.7639667163502851,1.5926435782879271,1.5787651032469001,1.4071388057708365
ERCC4,48,0.08391608391608392,0.005880010387971498,0.312031203120312,0.087515992898441,0.004016163925277689,1.8168392215652776,0.2142061334026145,1.8660377667426302,1.0938246082820542,1.2814177359034378
MSH2,46,0.08041958041958042,0.0021381583027786115,0.3658879819870532,0.10784509562143244,0.0036067848524506266,1.7139281031432823,-0.04535035964022934,2.4713187719906626,0.8966444432264766,1.2621298892335193
FANCD2,49,0.08566433566433566,0.0016938301758911832,0.30897207367795604,0.09070657565278156,0.0040099450827906,1.868294780776275,-0.07617152727311603,1.961034538768883,1.090829261256641,1.2452330514585221
ERCC1,47,0.08216783216783216,0.0057608339456820985,0.3118253777884385,0.08403872171277346,0.003986971868332837,1.7653836623542798,0.20593936638198146,1.7625051009156971,1.0797640590533215,1.2378229554132971
KRAS,40,0.06993006993006994,0.004155591537631219,0.4064722895333385,0.09811407596398662,0.004006044913388142,1.4051947478772966,0.09459047272418787,2.181586291388565,1.0889507186110423,1.1695731819380222
MLH1,44,0.07692307692307693,0.001426854098403911,0.36141228801779257,0.10217474522127086,0.003491182774036772,1.611016984721287,-0.0946905314510588,2.302489117426679,0.8409639299432758,1.1688739212636767
WRN,43,0.07517482517482517,0.002741352127311092,0.3583982355779171,0.09682871938488104,0.003437231366546425,1.5595614255102894,-0.0035093487835213127,2.1433159391303067,0.8149778741332826,1.136627924385439
MMP9,40,0.06993006993006994,0.005066049116525159,0.40507906831814283,0.07320542653286741,0.004653731979463819,1.4051947478772966,0.15774507393814996,1.4399533441563457,1.4009135204983645,1.0994278031725333
FANCM,44,0.07692307692307693,0.0007258286731511483,0.3069657615112161,0.08297858432611936,0.003664235915873875,1.611016984721287,-0.14331770771826172,1.730940450382976,0.9243161316940501,1.0590778341382903
MSH6,41,0.07167832167832168,0.0012702001304368863,0.3605852576104292,0.09752894669007077,0.0032095060737415138,1.4566503070882941,-0.10555695631794954,2.1641645861641976,0.7052924656620713,1.0573297787666696
PALB2,40,0.06993006993006994,0.0015867141455055197,0.35948842032492223,0.09610417863522688,0.003060884029908057,1.4051947478772966,-0.0836017144003927,2.121743380849225,0.6337076654630687,1.0220079424194144
CHEK2,39,0.06818181818181818,0.0012690549164512761,0.35894250017256846,0.09545946654029866,0.0030006254151958987,1.3537391886662988,-0.10563639498070823,2.102547649968669,0.604683701162912,0.9888458875143437
EXO1,39,0.06818181818181818,0.0009453579865173314,0.35704476792090084,0.09419273870174742,0.0029364950144919327,1.3537391886662988,-0.12808988539922617,2.064831951940009,0.5737948652764959,0.969511608126699
PARP1,32,0.055944055944055944,0.014815411451373455,0.39328392073816365,0.05930881878056911,0.0037840938869491093,0.9935502741893155,0.8340172085451948,1.0261941721720458,0.9820465241067202,0.9578950373583124
BARD1,38,0.06643356643356643,0.0014170913751465973,0.35867016140157265,0.09101299872324584,0.0029784037233277537,1.3022836294553013,-0.09536773037649028,1.9701580139487314,0.5939804748350094,0.9447850354719811
PMS2,38,0.06643356643356643,0.0015163553791017273,0.35894250017256846,0.08834003343198288,0.0030184960299202723,1.3022836294553013,-0.08848220519660963,1.8905728428502075,0.6132912021195747,0.9344515280041594
KDR,25,0.043706293706293704,0.02758650224830016,0.3881176294969398,0.04756666392791399,0.003268630847887246,0.633361359712332,1.7198938985135956,0.6765819246548415,0.7337703080794195,0.9337203970745673
BLM,37,0.06468531468531469,0.0014149957759281209,0.3608605135322692,0.09284881153898973,0.002846141524718144,1.2508280702443035,-0.09551309325337241,2.0248177124952877,0.5302755033708881,0.9249301944453984
FGF2,32,0.055944055944055944,0.011675497484189425,0.3939393939393939,0.05793332689365563,0.004031780699373975,0.9935502741893155,0.6162146232950837,0.9852401210579299,1.1013465318446738,0.9191135823705521
NFKB1,34,0.05944055944055944,0.008731165253533032,0.39993847100446084,0.05040789272242826,0.00453999929913171,1.0964613926113107,0.4119787179886364,0.7611769923426194,1.3461334152887074,0.9082182484373831
ERBB2,35,0.06118881118881119,0.0016883665104896215,0.4036953652666718,0.08378980877844394,0.0035209888906653055,1.1479169518223085,-0.07655051869193792,1.755093939037912,0.8553202451205364,0.9047161402965131
PTK2,33,0.057692307692307696,0.009322746695692432,0.39658328248932273,0.05791441450970675,0.004084378062727909,1.0450058334003132,0.4530142268703849,0.9846770215978012,1.126680403251428,0.9012770833775516
MRE11,37,0.06468531468531469,0.0010922971181096812,0.35650623885918004,0.08988357578876205,0.0028078854174975122,1.2508280702443035,-0.1178973377467432,1.9365304476734435,0.5118491937794972,0.8979914184394086
XRCC3,39,0.06818181818181818,0.00024709113823729646,0.30597234480729624,0.07873668585942348,0.003104202194344266,1.3537391886662988,-0.17652571081970178,1.6046416853529788,0.6545721487265903,0.881520055144193
HDAC1,34,0.05944055944055944,0.004805504064992052,0.3821562431101639,0.053131100658837645,0.004730789878297018,1.0964613926113107,0.13967216289946732,0.8422580936440124,1.4380289722136623,0.8747369413103605
PIK3R1,35,0.06118881118881119,0.0024954772727015604,0.404040404040404,0.07126759896528946,0.003747238709333076,1.1479169518223085,-0.020564650152169454,1.382256246843025,0.9642949816175124,0.865940016291873
RAD51C,37,0.06468531468531469,0.00017713311649688362,0.30498533724340177,0.08360172894315364,0.0027918152307258625,1.2508280702443035,-0.18137840364927968,1.749494028735789,0.5041088809730181,0.8431658056149477
XRCC6,34,0.05944055944055944,0.000939109274974983,0.3622431208638105,0.08809665682643784,0.00268709929730777,1.0964613926113107,-0.12852333215688566,1.8833265202522333,0.4536717521458423,0.8190303088543525
POLD1,36,0.06293706293706294,0.0005217620786742844,0.3040046769950307,0.08018540913298063,0.0028276847426644183,1.199372511033306,-0.15747294646198684,1.6477761360610843,0.5213856710044793,0.8142445036592731
IL10,34,0.05944055944055944,0.003141283530736012,0.39068369646882045,0.05927744771641074,0.004020258956608942,1.0964613926113107,0.024232205443447546,1.0252601265573318,1.0957970074773233,0.8140309655817516
FANCI,37,0.06468531468531469,0.0005045710714317547,0.3055767761650115,0.07347969252200981,0.0030255612054966895,1.2508280702443035,-0.15866541410906518,1.4481193707574957,0.6166941911309185,0.8110861834359229
CDKN1A,33,0.057692307692307696,0.0023420103276945168,0.3919794964571084,0.06882062337174459,0.0037288986986553675,1.0450058334003132,-0.03121000468172293,1.309399718581049,0.9554613929643884,0.8109217628287664
INS,33,0.057692307692307696,0.0017915135419598683,0.3952569169960474,0.07069155685468533,0.003664479267453238,1.0450058334003132,-0.06939564427503081,1.365105103847553,0.9244333436078247,0.8063108201124274
PIK3CA,32,0.055944055944055944,0.0010357077844047595,0.3972498090145149,0.08333006195860945,0.0031485313304998705,0.9935502741893155,-0.12182270108705373,1.7414053851916922,0.6759235732719914,0.8007527123872337
FANCC,27,0.0472027972027972,0.016127242855755043,0.35516699678983676,0.061714756204447746,0.0024543584508466723,0.7362724781343273,0.9250134187193342,1.097828825325829,0.3415705687525218,0.7768286008425183
PIK3R3,35,0.06118881118881119,0.002011523344374974,0.3616888085135981,0.05910293175199902,0.0036606589957073276,1.1479169518223085,-0.0541344924577563,1.020064068481857,0.9225932842022136,0.7767687805601831
TLR4,32,0.055944055944055944,0.005824630638455194,0.36816765788728406,0.05172615946552257,0.0038389431164452654,0.9935502741893155,0.21036467381448057,0.8004272155481305,1.00846502188321,0.7621122119061488
CDKN2A,31,0.05419580419580419,0.0007657265357526541,0.3926306251887647,0.0822069808596073,0.002967887124642397,0.9420947149783179,-0.1405501613104998,1.7079666414437804,0.588915084827939,0.7539719551691302
PTPN11,33,0.057692307692307696,0.0014607980190135114,0.37518037518037517,0.06195681666616448,0.003557164376190094,1.0450058334003132,-0.09233598488081445,1.1050359609085032,0.8727444093736925,0.7382241195263451
RAD51D,34,0.05944055944055944,0.00012904148485028084,0.30361417644654637,0.078696674849754,0.002567230677815065,1.0964613926113107,-0.18471431724786785,1.6034503930227795,0.39593623085176677,0.737460232876901
MSH3,35,0.06118881118881119,0.00017843275116059584,0.3043961833401628,0.06784224568454834,0.002828884960756797,1.1479169518223085,-0.18128825347555022,1.2802693905932505,0.5219637640660606,0.7168955007007826
RPA1,32,0.055944055944055944,0.00040689309787692344,0.35543403964456594,0.0794829425933644,0.0025012583246293734,0.9935502741893155,-0.16544092305121427,1.6268608178079507,0.3641602062483919,0.7045865700147254
BRIP1,32,0.055944055944055944,6.851073156913956e-05,0.30380930123860717,0.07532168945518736,0.002436874024096311,0.9935502741893155,-0.18891308023613942,1.5029631959164174,0.3331490778132554,0.6677367806531601
NBN,30,0.05244755244755245,0.0008600137093799591,0.3543682704102494,0.07693418749898835,0.0023386194781726028,0.8906391557673202,-0.1340098578542333,1.5509738951691945,0.2858241194344428,0.6455808429757313
BCL2,28,0.04895104895104895,0.001199786124713127,0.39993847100446084,0.06865572175649103,0.0030226324001744066,0.7877280373453249,-0.11044127883274919,1.3044899192255262,0.6152835124831915,0.6320491797044199
NF1,27,0.0472027972027972,0.004477729510386284,0.38370720188902,0.06671958444347342,0.0027100471640051187,0.7362724781343273,0.11693582486012771,1.246843147742782,0.4647247454310366,0.6292429021968102
MDM2,27,0.0472027972027972,0.0009570263774127392,0.39426795056486463,0.07736483723504776,0.0026332266129820833,0.7362724781343273,-0.12728049834936125,1.5637961091499935,0.42772361387397384,0.6241791873644676
PIK3R2,30,0.05244755244755245,0.0013512101133271242,0.36279913486360144,0.05699860771048047,0.0031570937183469407,0.8906391557673202,-0.09993763556936708,0.9574096863099655,0.6800477045747861,0.6142307738031706
MAPK8,28,0.04895104895104895,0.0010662672860443057,0.39825381021674194,0.06323679846040042,0.003171019905558669,0.7877280373453249,-0.1197029173825921,1.1431462837137543,0.6867553456714366,0.6117594096022538
KIT,25,0.043706293706293704,0.009842375132216875,0.3821562431101639,0.04776454929984178,0.0030661078675283063,0.633361359712332,0.48905865930621906,0.682473786114564,0.6362237617477935,0.6076806502983424
ATR,29,0.050699300699300696,0.00048372645215313863,0.35410282601293835,0.0754453171102226,0.0022577079209680196,0.8391835965563226,-0.16011131740924653,1.506644099709164,0.2468525274223539,0.6043857548687047
RAD52,30,0.05244755244755245,4.0357283442257e-05,0.30322467782377976,0.07160416903807897,0.002298975350884696,0.8906391557673202,-0.19086596615907417,1.3922773222820328,0.26672926070575537,0.5958085295763512
MUS81,30,0.05244755244755245,4.964893045209019e-05,0.30322467782377976,0.07036912026699438,0.0022987024878000023,0.8906391557673202,-0.19022144380555628,1.355504840393446,0.26659783437830314,0.5885888785215229
IL1B,27,0.0472027972027972,0.0013803601364422112,0.3890759446315002,0.06269359107636094,0.0029983824826070515,0.7362724781343273,-0.09791562144384618,1.1269727655831325,0.6036033776988344,0.5793316906424464
EGF,26,0.045454545454545456,0.0006760582931724943,0.3989259685462217,0.06725600466656977,0.002903387956074037,0.6848169189233296,-0.14677006900634917,1.2628145841753364,0.5578486294362897,0.5671260470939032
STAT1,25,0.043706293706293704,0.0035518363581889196,0.4002771149257178,0.06347203641148612,0.0027807587796267463,0.633361359712332,0.052710523045627,1.150150285092753,0.49878346744467783,0.5646408571682091
PDGFRB,29,0.050699300699300696,0.0011075295355329768,0.36113619001319536,0.048006302366704084,0.003388691796726272,0.8391835965563226,-0.11684072921253613,0.6896717692880524,0.7915984660878994,0.5607581235667691
PLCG1,15,0.026223776223776224,0.02818073837610162,0.3428044037181093,0.021202733120339476,0.002611569164875159,0.1188057676023558,1.761113551738759,-0.1083807349833951,0.4172921593227786,0.543642691463391
PPARG,25,0.043706293706293704,0.0020042570829065364,0.3897174548452372,0.060306692055548346,0.0029240186189910225,0.633361359712332,-0.05463852236095404,1.0559049639969345,0.5677855260418854,0.5327549433168417
HIF1A,24,0.04195804195804196,0.002123120409698718,0.39003900390039,0.061844422617577166,0.0027024976367594974,0.5819058005013344,-0.04639347484139293,1.101689527785516,0.46108846520277974,0.504624260062778
HRAS,25,0.043706293706293704,0.001102055986912763,0.38184755470700543,0.06074155145086693,0.002690625639246853,0.633361359712332,-0.11722040618854063,1.0688525168489502,0.4553702382965608,0.49721592538128323
ALB,14,0.024475524475524476,0.022267419870152277,0.37547837388981153,0.020985878927536217,0.0030746520326673976,0.06735020839135816,1.3509315940597877,-0.11483737626268577,0.6403391159615635,0.4664058193916978
CDK4,24,0.04195804195804196,0.0002764430916951841,0.3670242800677583,0.06645701162440074,0.002279709436053803,0.5819058005013344,-0.17448968963820358,1.239025274910678,0.257449704132264,0.4593396035745046
SMAD4,23,0.04020979020979021,0.0005328314269702568,0.38939643552493636,0.06457782117769478,0.0024197268375474807,0.5304502412903368,-0.15670511247000685,1.1830740458705356,0.3248900208698013,0.4480741196821836
BRAF,23,0.04020979020979021,0.00018955851092743623,0.37607579373689154,0.06852866315929756,0.0022298333593021953,0.5304502412903368,-0.18051650645782455,1.3007068621726596,0.2334265585955571,0.4473551419908051
CDH1,23,0.04020979020979021,0.0006589310385219138,0.37909163811329005,0.06139967863797851,0.002538158457422373,0.5304502412903368,-0.1479581144050831,1.0884476702024444,0.3819334016988834,0.4427442702306127
MTOR,21,0.03671328671328671,0.005590224710673429,0.3821562431101639,0.056431915681433506,0.0023191308256393177,0.42753912286834156,0.1941049235148231,0.9405369337009846,0.27643727975871935,0.44155976657456614
IGF1R,24,0.04195804195804196,0.0009643050468813118,0.38339600383396005,0.054027762805668296,0.0026882630872280384,0.5819058005013344,-0.12677560775554098,0.868955413884699,0.4542322993349886,0.43661067088051936
STK11,22,0.038461538461538464,0.003353014846649633,0.3667395443966429,0.059866731305534104,0.002162919703807282,0.47899468207933915,0.038919113577351776,1.0428055228328579,0.20119714944710096,0.4261784515780984
CXCL8,23,0.04020979020979021,0.0008453713014354116,0.3952569169960474,0.05520983355164576,0.00264755038745528,0.5304502412903368,-0.1350255399200287,0.9041505220578867,0.4346227555309703,0.4196558549893821
JAK2,23,0.04020979020979021,0.0008256803934781737,0.3877992393168767,0.05495697556640689,0.0025943064865768086,0.5304502412903368,-0.13639141513311762,0.8966218997878405,0.40897747500669,0.4126796056272446
RAD51D-2,25,0.043706293706293704,4.6858780083675544e-05,0.3003349890262215,0.06052576044070278,0.0019609806235104505,0.633361359712332,-0.1904149847655407,1.0624275308898834,0.10393184248080768,0.40734460438206926
MAPK1,23,0.04020979020979021,0.0005009157875327541,0.3830853101517607,0.05277115920651527,0.0025976467199404956,0.5304502412903368,-0.1589189657322453,0.8315411561057054,0.4105863207188747,0.39435333838347264
POLE,24,0.04195804195804196,3.501910021910104e-05,0.2999538532533456,0.05855890959830635,0.0019024474781678925,0.5819058005013344,-0.19123625340856362,1.0038662913073686,0.07573896202855432,0.37177901749051073
RAD50,23,0.04020979020979021,0.0002232381510570328,0.3504279264101354,0.061846006975766685,0.0018352143102965978,0.5304502412903368,-0.17818029190953286,1.1017367006455627,0.043355657609689915,0.3701309831252852
ERBB3,23,0.04020979020979021,0.0005950199329993321,0.36419666619974783,0.04873047557123366,0.002571430092445767,0.5304502412903368,-0.15239135816733013,0.7112333842389975,0.3979589069604902,0.3693982031496829
CASP3,22,0.038461538461538464,0.00025132772496774705,0.38153936459021204,0.054732695281528965,0.002424722587499067,0.47899468207933915,-0.1762318366715015,0.8899441532026605,0.32729625720530225,0.3670382616414859
IFNG,22,0.038461538461538464,0.0005408061234518592,0.3827751196172248,0.051854924708859745,0.0024859551952008964,0.47899468207933915,-0.156151941418688,0.8042610864764319,0.3567893517351504,0.3608202410154132
NRAS,22,0.038461538461538464,0.00036541983833841195,0.37727635492998624,0.048648073956824314,0.0024482830394067534,0.47899468207933915,-0.16831774809821953,0.7087799492456596,0.33864430624908937,0.3350535528021636
SOX2,14,0.024475524475524476,0.012648918087543946,0.3787878787878788,0.04182854480828758,0.002059340783850592,0.06735020839135816,0.6837367038877815,0.5057345165676954,0.15130767074879342,0.3259151863722185
RB1,22,0.038461538461538464,0.0005728267263915941,0.3630777824326211,0.04508985418476109,0.0024803026738701686,0.47899468207933915,-0.15393080728111913,0.6028371110459156,0.3540667770776913,0.3205462145322103
SMARCA4,21,0.03671328671328671,0.00013261764659459974,0.3670242800677583,0.052496827944967066,0.0022031079882438706,0.42753912286834156,-0.18446625399475786,0.8233731860765579,0.220554105101389,0.31230758774081946
RAD9A,21,0.03671328671328671,0.00015057346776710146,0.35173160173160173,0.058002122247566436,0.0017131655032813617,0.42753912286834156,-0.18322073443195058,0.9872884417112773,-0.015429965568138764,0.2982052046245596
E2F1,20,0.03496503496503497,0.00048303369152680886,0.37577684636508163,0.047262031140897214,0.002420548685807086,0.3760835636573439,-0.16015937129127994,0.6675117535769765,0.32528586957393874,0.29014892908743345
PDGFRA,18,0.03146853146853147,0.003202928428209436,0.38339600383396005,0.04885522005354442,0.00201611057584308,0.27317244523534867,0.028508251913991783,0.7149475405734435,0.1304855522866974,0.2718240373828982
AR,17,0.02972027972027972,0.0016890850909994399,0.38621509209744503,0.05544548045408391,0.002057119049077522,0.22171688602435105,-0.0765006737935157,0.911166699600737,0.15023755735428512,0.2707565930511484
MUTYH,21,0.03671328671328671,0.0016644301042821623,0.34836202853888926,0.045833984911726716,0.0018649449287192232,0.42753912286834156,-0.07821088620775778,0.6249929435285914,0.05767560857175122,0.26661968187204865
XRCC2,21,0.03671328671328671,1.5227685980750781e-06,0.29919447640966623,0.05343441856249362,0.0016698190184721402,0.42753912286834156,-0.19355975261895678,0.8512891152358792,-0.03630808952850053,0.2642449599906561
FGFR3,20,0.03496503496503497,0.0044592489760385354,0.354634113073723,0.028326733049534362,0.0025881515549181495,0.3760835636573439,0.11565390815801088,0.10373004517677703,0.406012911058711,0.2624913155666707
PMS1,20,0.03496503496503497,0.0003846900245154121,0.3519935016584309,0.05466710932826528,0.0016736793914666822,0.3760835636573439,-0.16698105658008675,0.8879913896074088,-0.034448715088612046,0.260592518038808
ERBB4,20,0.03496503496503497,0.00040971899759563565,0.37607579373689154,0.042882480810301396,0.0022499339837013374,0.3760835636573439,-0.16524490230961889,0.5371145263722867,0.2431081586084071,0.2463625586988044
MAPK3,18,0.03146853146853147,0.0019986490506815383,0.37369744879626304,0.04359671740693148,0.0022206208494986914,0.27317244523534867,-0.05502752789726367,0.5583802876350434,0.22898929170966922,0.23932738972699863
PRKDC,19,0.033216783216783216,0.0028549034073398123,0.3716409376786735,0.03990061874765841,0.0019572444804975228,0.32462800444634626,0.004367224462494967,0.4483322278428842,0.10213230424141277,0.22480451408870433
ITGB1,19,0.033216783216783216,0.0007341958616665905,0.3608605135322692,0.04052791060902025,0.0022941534861482585,0.32462800444634626,-0.14273731115039884,0.46700928671767605,0.264406777345674,0.22421868658129152
CCL2,19,0.033216783216783216,0.00029572365729930083,0.35758492642002476,0.04277348969641958,0.0021863747752082744,0.32462800444634626,-0.17315227814300035,0.5338694126123529,0.21249444126590317,0.21960450279612231
HGF,18,0.03146853146853147,6.753879994700865e-05,0.360310421286031,0.04335788894580435,0.002074701328543205,0.27317244523534867,-0.18898049903238634,0.5512693820037101,0.15870617970753678,0.1903603434165248
SMAD2,17,0.02972027972027972,0.00041827074504258377,0.3855850511641702,0.045037142233951,0.0020900226128130438,0.22171688602435105,-0.16465170366729376,0.6012676594567498,0.16608577862139334,0.18990867180732804
MLH3,19,0.033216783216783216,8.578546437823248e-06,0.3003349890262215,0.048498491622429245,0.001564623407876918,0.32462800444634626,-0.19307032307709393,0.7043262678921978,-0.08697625807225651,0.188822222750936
MMP2,18,0.03146853146853147,0.00016992584052913362,0.36141228801779257,0.041929982963916076,0.002117579466081907,0.27317244523534867,-0.18187834197714245,0.5087547476937787,0.1793587210765202,0.1877634640921462
FOXO1,16,0.027972027972027972,0.0011330517266768063,0.3871640235276599,0.046300356618412995,0.0020119430884905855,0.1702613268133534,-0.11507036248578188,0.638878747505717,0.12847825416479502,0.18429527409733065
CREBBP,17,0.02972027972027972,0.0005700260967550226,0.3739930955120829,0.04108770695153573,0.0022414492189153134,0.22171688602435105,-0.15412507514372575,0.48367672637543974,0.2390214149714828,0.18360926959197593
PTGS2,17,0.02972027972027972,3.347835405687232e-05,0.3827751196172248,0.04733604371315758,0.00194847515445721,0.22171688602435105,-0.1913431284697452,0.6697154122799296,0.09790849977550761,0.18328991040217404
RET,16,0.027972027972027972,0.0033914875442931053,0.38000584624378836,0.03956594051732866,0.0019474868345229393,0.1702613268133534,0.04158780230445378,0.4383674803353849,0.09743246887724641,0.1771484048033134
SIRT1,17,0.02972027972027972,0.00066558333322917,0.365040365040365,0.04218175883212326,0.0020853906987493348,0.22171688602435105,-0.1474966727859086,0.5162511508888536,0.16385478627169103,0.17674792934415468
IL2,17,0.02972027972027972,0.000535847975752006,0.38339600383396005,0.044109937279907675,0.001983727932610312,0.22171688602435105,-0.1564958672072179,0.5736609542173896,0.11488823585945927,0.17618678132208818
MET,17,0.02972027972027972,9.266668374423862e-05,0.38184755470700543,0.046792659569369933,0.0018815839071232917,0.22171688602435105,-0.1872374837427638,0.653536631284561,0.06568988366747988,0.1746368421632401
NTRK1,19,0.033216783216783216,0.0020968828364670666,0.34058160859313596,0.026546316893976605,0.0023591943006384124,0.32462800444634626,-0.048213464605529,0.050719733060194845,0.29573412011371875,0.17085720603962168
TERT,17,0.02972027972027972,0.0002242819296864278,0.3678811460912628,0.04898034209105371,0.0016830213846427816,0.22171688602435105,-0.17810788938949984,0.7186729382791008,-0.029949081671372065,0.17081870908269364
FGFR2,18,0.03146853146853147,0.0026019311042229367,0.33598242553466434,0.02899988492041545,0.002114917726541897,0.27317244523534867,-0.013180396966427116,0.12377254516526358,0.17807667644680886,0.15268510091317974
SERPINE1,18,0.03146853146853147,0.003074774865278973,0.32942667089008554,0.019268222461486156,0.002469152508912947,0.27317244523534867,0.019618779907120174,-0.1659790742809531,0.3486962256435914,0.13705848108167973
CASP8,16,0.027972027972027972,7.916457406515509e-05,0.38031156293424995,0.04381652994198523,0.0018582990441129025,0.1702613268133534,-0.1881740681285686,0.5649250109313146,0.05447457385699379,0.13642786431019321
IGHV3-16,15,0.026223776223776224,0.007487791299045035,0.3324383071218514,0.013497828194704313,0.002549469713182355,0.1188057676023558,0.3257311123056658,-0.33778744625228835,0.3873815435942101,0.13293361620562533
IL4,16,0.027972027972027972,0.0006808238619152921,0.3812316715542522,0.03453677738348736,0.002059706136652862,0.1702613268133534,-0.14643950160761904,0.28862860800605694,0.15148364536654227,0.11100403965728876
FGF10,18,0.03146853146853147,0.0033099945957579093,0.3164171838870634,0.00999617383074887,0.002716277471750921,0.27317244523534867,0.035934980266613646,-0.4420460995891646,0.46772561477489605,0.10973000393617173
FGF20,18,0.03146853146853147,0.0032768946498003297,0.3164171838870634,0.00999617383074887,0.002716277471750921,0.27317244523534867,0.0336389766574239,-0.4420460995891646,0.46772561477489605,0.1091560030338743
NOTCH1,15,0.026223776223776224,0.0006208210290544916,0.38401890554611917,0.041130168593348976,0.0018301789431444456,0.1188057676023558,-0.15060164498351958,0.48494098410444114,0.04093033938489576,0.109105872112812
NPM1,15,0.026223776223776224,0.0022616864167728326,0.36759507988123846,0.03558477646893589,0.0018727495165052816,0.1188057676023558,-0.036781735512243834,0.3198318513849149,0.061434740413099265,0.10863990314236638
ERCC5,18,0.03146853146853147,0.0010058075438925068,0.30110017371163866,0.030478894392947757,0.0018129735833259065,0.27317244523534867,-0.12389675462840258,0.16780874058933717,0.032643262897492406,0.1047265678726373
GSK3B,15,0.026223776223776224,0.00030410264313358973,0.3713489966435764,0.03929098853184896,0.0019007205034767426,0.1188057676023558,-0.17257106324489954,0.43018102880164966,0.07490715313247136,0.09945688923642386
XPA,17,0.02972027972027972,0.0007275751025284246,0.3501683501683502,0.03590523370401943,0.001628350330689067,0.22171688602435105,-0.14319656528018762,0.329373181370473,-0.05628176000764289,0.09642005306104198
HSP90AA1,15,0.026223776223776224,0.0012604498711917093,0.3793958850138625,0.03147129156252575,0.0021118550152438814,0.1188057676023558,-0.10623329066744219,0.19735648623224364,0.17660150109138611,0.08981529345868994
TSC2,14,0.024475524475524476,0.002842236760522275,0.36113619001319536,0.03420927780397781,0.001738207122722773,0.06735020839135816,0.0034885926107490763,0.278877598460532,-0.003368502287619979,0.07954654032424503
ICAM1,15,0.026223776223776224,0.00027692302338747196,0.38031156293424995,0.03534318367783611,0.0018873890557061835,0.1188057676023558,-0.17445639880144298,0.31263864028011923,0.06848597226048501,0.07419284146858462
CD274,14,0.024475524475524476,3.482521028783443e-05,0.3766751177109743,0.04363058291832661,0.0015716810370663668,0.06735020839135816,-0.1912497027351137,0.559388603204097,-0.08357690382860554,0.07092248712829523
CLCN5,3,0.005244755244755245,0.022977232924693523,0.19672379222941022,1.5136715265179634e-05,0.0021839132772126864,-0.4986609429296157,1.400168331097526,-0.7392226282829458,0.21130884431366462,0.06992799595515972
FGFR1,17,0.02972027972027972,0.000213572347311745,0.33408287825248956,0.02715640682380383,0.001966202124561487,0.22171688602435105,-0.17885076793729868,0.06888461967862333,0.10644681334136298,0.06795450472819546
NFE2L2,14,0.024475524475524476,9.671454684657164e-05,0.37281330656724976,0.04196459064645133,0.0016137080453484725,0.06735020839135816,-0.18695670055645972,0.5097851607503547,-0.06333431455155564,0.06612356703762025
CDK2,15,0.026223776223776224,0.0009746478673156502,0.354634113073723,0.030929537151287805,0.0019346873828566349,0.1188057676023558,-0.12605816993625038,0.18122622907825722,0.09126752748257738,0.06456622748892885
FLT1,16,0.027972027972027972,0.00012352501258563805,0.3371806510180262,0.031033404999279878,0.0018806382071370135,0.1702613268133534,-0.18509697165600034,0.18431880213975732,0.06523438095186804,0.06322785808899868
EZH2,13,0.022727272727272728,0.00010341302609173188,0.385899814471243,0.04482035696314832,0.0015537644285589364,0.015894649180360543,-0.18649205531073393,0.5948130702689046,-0.09220655799811332,0.05946141583960097
IGF2,15,0.026223776223776224,0.0006250652106610363,0.3704759190652608,0.029936605705651077,0.0018732534171719208,0.1188057676023558,-0.15030724401080586,0.15166257583951048,0.06167744753521319,0.0466732123330678
FGF3,17,0.02972027972027972,0.0020797751544088315,0.30897207367795604,0.007057581857805486,0.002608388999586801,0.22171688602435105,-0.049400152336104695,-0.5295400695707003,0.41576041146832166,0.042494940404020964
ALK,14,0.024475524475524476,3.7021315385443385e-05,0.3549003549003549,0.038618180880117654,0.0015242960429018592,0.06735020839135816,-0.19109736818940987,0.41014877763308616,-0.10640020279694871,0.03654794585685038
CDKN1B,13,0.022727272727272728,0.00020926103809968029,0.37222619899785253,0.04093716299615623,0.0014647678688143326,0.015894649180360543,-0.17914982526880974,0.479194413609955,-0.1350723454909504,0.029600084519724686
PGR,13,0.022727272727272728,0.0002978565378794,0.37518037518037517,0.037413570337557045,0.001625408595590111,0.015894649180360543,-0.1730043292153449,0.37428256700545975,-0.057698666368674656,0.025628825036646985
MUC1,12,0.02097902097902098,0.0024873328849529548,0.38246543100912034,0.03357596948506184,0.0016358020825188867,-0.035560910030637084,-0.021129591970787658,0.2600214048976027,-0.05269257396154096,0.023737049683792463
XRCC1,15,0.026223776223776224,0.0005787299107450133,0.34965034965034963,0.029855597860721915,0.0015658149620036046,0.1188057676023558,-0.15352132828684728,0.14925063909641723,-0.08640233806762557,0.015771346794871036
FASLG,14,0.024475524475524476,0.00012608324502427662,0.35758492642002476,0.03061441329823809,0.001660085189821752,0.06735020839135816,-0.18491951786439031,0.1718436958129869,-0.04099645311936986,0.0035121420096011855
HNF4A,13,0.022727272727272728,0.0007037066074085745,0.3664552501761804,0.029883647202692536,0.00177687830599983,0.015894649180360543,-0.14485222209036303,0.1500857833787727,0.01525773145903216,0.0024187746580964092
SPP1,13,0.022727272727272728,0.0017278232147992522,0.343801652892562,0.02605763991491328,0.0018041626815828837,0.015894649180360543,-0.07381357357372695,0.03616980937888564,0.028399433216653693,2.3582338802319823e-05
ERCC3,14,0.024475524475524476,0.0004240491839627765,0.34939192367130284,0.031452322248742476,0.0013843276113724194,0.06735020839135816,-0.1642508777374494,0.1967916917367828,-0.1738169328240943,-0.012895194714849293
TIMP1,14,0.024475524475524476,0.0002853559068569882,0.33598242553466434,0.02301152506019605,0.0018078773821570216,0.06735020839135816,-0.17387144525176954,-0.05452555905363217,0.03018864356217124,-0.024762671474259215
CASP9,12,0.02097902097902098,0.0003439061486435888,0.36874202240816906,0.0330140600654645,0.0015460893523764892,-0.035560910030637084,-0.1698100619905022,0.2432910502436532,-0.09590330971045204,-0.025421285901708293
OCRL,2,0.0034965034965034965,0.0245183887915937,0.2501202501202501,0.0005663111580003747,0.0010331463077046983,-0.5501165021406134,1.5070718117636765,-0.7228118980450354,-0.34296575360635806,-0.028928353138574225
CHEK1,13,0.022727272727272728,0.0002701726138788664,0.34913387941452934,0.031391899875999836,0.0014284811303914026,0.015894649180360543,-0.17492464623046083,0.19499266917235972,-0.15255009544565915,-0.029679519599148902
PECAM1,13,0.022727272727272728,0.002586129442673933,0.30917414828467804,0.008102659873807707,0.002344073963445535,0.015894649180360543,-0.014276491564110264,-0.4984237984441328,0.28845130870179536,-0.04000049362636887
CDK1,10,0.017482517482517484,0.003716287588034637,0.3605852576104292,0.017285035313614572,0.0020482431802209848,-0.13847202845263232,0.06411781107399298,-0.22502671287156834,0.14596243582924565,-0.048248612598387614
XRCC4,14,0.024475524475524476,4.370125842718091e-05,0.2961950330371383,0.02611398171379914,0.0013582774253167184,0.06735020839135816,-0.19063400872191505,0.03784733647547245,-0.18636417895155205,-0.05378929773871933
CXCR4,12,0.02097902097902098,3.501641583651367e-06,0.3418129231578256,0.030114786000058485,0.0014437386665457363,-0.035560910030637084,-0.19342248654840688,0.15696773609099238,-0.14520120123746924,-0.05844863317712007
CRK,13,0.022727272727272728,0.00036158959798277516,0.3418129231578256,0.01968031291353769,0.001832509379814499,0.015894649180360543,-0.16858343571269108,-0.15370944652267673,0.04205280977420857,-0.058914059064740204
FLT4,13,0.022727272727272728,0.0026008823842979113,0.3085687158794208,0.010427830550246838,0.0019871508071395544,0.015894649180360543,-0.01325314224329172,-0.4291939035694992,0.11653688624107184,-0.06028156181338222
ANXA2,11,0.019230769230769232,0.0023404391035650404,0.3707664884135472,0.01997968867797036,0.001794613185366521,-0.08701646924163471,-0.03131899387091216,-0.14479579863020148,0.02379985457396268,-0.062484701513547944
CBL,12,0.02097902097902098,0.00020587113634526748,0.3470831664664264,0.026060214180843866,0.0015808880234800566,-0.035560910030637084,-0.17938496845221266,0.036246455864048906,-0.07914229732031752,-0.06587172891502988
TNFSF11,10,0.017482517482517484,0.005210868626041511,0.33984706881903143,0.01621661910240847,0.001646411822657488,-0.13847202845263232,0.16779059234947205,-0.2568378580634681,-0.04758232175133585,-0.06740159783401409
FANCF,13,0.022727272727272728,0.0013234688744697012,0.29582432586187274,0.02271634029393783,0.0013766351486749183,0.015894649180360543,-0.10186192827430583,-0.06331442369213944,-0.1775220588675496,-0.06806965136738807
SHC3,13,0.022727272727272728,0.0014032817367701782,0.3357438016528926,0.017087000218648687,0.0016910077058530032,0.015894649180360543,-0.0963256467306287,-0.23092303220197222,-0.026102416712307133,-0.06992337425238686
ABRAXAS1,12,0.02097902097902098,0.0,0.2965666704688035,0.032876447937075184,0.0010676378854833823,-0.035560910030637084,-0.19366538065235667,0.23919377115855103,-0.3263526547675192,-0.07829444039560576
RELA,11,0.019230769230769232,0.0006951925680192526,0.3797006206644761,0.025252545339028116,0.0015868647007522335,-0.08701646924163471,-0.14544280508381321,0.01219883235881363,-0.07626359078831656,-0.07962941719142604
RAF1,11,0.019230769230769232,8.015530251995063e-05,0.3488762160348876,0.031017828213870648,0.0013291692364429627,-0.08701646924163471,-0.18810534547533972,0.18385501716805913,-0.2003843325636071,-0.08078796368251667
PRKCA,11,0.019230769230769232,0.0011217614945876722,0.36759507988123846,0.022403985461980684,0.0016154536719693367,-0.08701646924163471,-0.11585351825463007,-0.07261451181001191,-0.062493521828931996,-0.08644075052601845
CREB1,11,0.019230769230769232,0.0005010112810993972,0.36363636363636365,0.025219479870455072,0.0015030360331584293,-0.08701646924163471,-0.15891234174639504,0.011214337355290717,-0.1166402285055017,-0.09126902790121309
PIK3CG,11,0.019230769230769232,3.570310027366599e-06,0.34430245646560287,0.029202080476747057,0.001332059039242743,-0.08701646924163471,-0.19341772330816442,0.12979273854323634,-0.19899243974137812,-0.09265013530124161
SHC2,12,0.02097902097902098,0.0012442562471183835,0.3343191462003343,0.016863023636689334,0.0015704810150042403,-0.035560910030637084,-0.10735657405182802,-0.23759173630208247,-0.08415490247090641,-0.10363478977827777
SHC4,12,0.02097902097902098,0.0012442562471183835,0.3343191462003343,0.016863023636689334,0.0015704810150042403,-0.035560910030637084,-0.10735657405182802,-0.23759173630208247,-0.08415490247090641,-0.10363478977827777
CRP,11,0.019230769230769232,0.0012735131330243836,0.31100478468899523,0.00921956073228156,0.0021909431545257796,-0.08701646924163471,-0.1053271473053337,-0.46516906587716766,0.21469483168068804,-0.10688239790020149
YAP1,10,0.017482517482517484,0.0022600576012718077,0.3605852576104292,0.01648492596293007,0.0016882850479107505,-0.13847202845263232,-0.03689471957191118,-0.24884925923230622,-0.027413803097390013,-0.11294150231733835
PIK3CD,11,0.019230769230769232,0.0002612925301392832,0.34430245646560287,0.020411081641386,0.001499837775967684,-0.08701646924163471,-0.17554062017622257,-0.13195145571398229,-0.1181806904455964,-0.12436734851054353
AGT,10,0.017482517482517484,8.73392603408078e-05,0.34480472117233607,0.025806911154805663,0.001310088352406724,-0.13847202845263232,-0.1876070246289524,0.028704582898875022,-0.20957476781885825,-0.13154100309965605
ATRX,10,0.017482517482517484,0.0005957823597546911,0.3468285199759888,0.02625560551309258,0.0011881133864126846,-0.13847202845263232,-0.1523384718398331,0.04206405950410032,-0.2683248249755738,-0.1318019810126743
RUNX1,10,0.017482517482517484,0.00020599960461486263,0.35516699678983676,0.024402905442436066,0.0013317253411332186,-0.13847202845263232,-0.17937605715033214,-0.013098442081462065,-0.19915316766491448,-0.13575954619527966
CTLA4,11,0.019230769230769232,0.00018882438968451047,0.3266947289062009,0.019109056239375855,0.0014270885325806133,-0.08701646924163471,-0.18056742935133924,-0.1707181073919176,-0.15322084948369832,-0.14038541294753015
INSR,11,0.019230769230769232,0.00022907731560634304,0.3371806510180262,0.017120034707493525,0.0015314087279294393,-0.08701646924163471,-0.1777752536989856,-0.2299394595923831,-0.102974330541092,-0.14148233568601357
MCL1,9,0.015734265734265736,2.214114649469691e-05,0.35704476792090084,0.02902483228122608,0.0011753183274476361,-0.18992758766362997,-0.19212954272897836,0.12451533070949063,-0.27448765059633995,-0.14450150534188494
FBXW7,9,0.015734265734265736,2.5714942173596538e-05,0.36003600360036003,0.028813520256236024,0.001148410691136961,-0.18992758766362997,-0.19188164359984455,0.11822370256191256,-0.28744789336682397,-0.1482899047432139
NFKBIA,9,0.015734265734265736,5.3216014795823787e-05,0.3616888085135981,0.02718014705462116,0.0012433126736884916,-0.18992758766362997,-0.1899740102134292,0.06959146399781119,-0.24173771953114928,-0.1483974093422954
NF2,9,0.015734265734265736,0.00014611187438564913,0.3693181818181818,0.027877095031394555,0.001176784713799495,-0.18992758766362997,-0.18353021634227393,0.09034247193629179,-0.2737813558145915,-0.14904498654349893
FOXA1,6,0.01048951048951049,0.005463146746003796,0.34009156311314587,0.007891186072601265,0.0020080448346755544,-0.3442942652966228,0.18529006122157665,-0.5047202433350869,0.1266006341746763,-0.14980439938050596
TMEM216,8,0.013986013986013986,5.253940455341506e-05,0.014160839160839163,1.614287092984644e-31,0.003019121258386026,-0.24138314687462759,-0.19002094381146517,-0.7396733105563694,0.6135923475865949,-0.15720552995294085
CAV1,9,0.015734265734265736,1.4266524309160651e-05,0.3473381871618462,0.026577726037980753,0.0011765830029656405,-0.18992758766362997,-0.19267577204857206,0.0516549124685467,-0.2738785111851342,-0.159088318437731
ERCC6,10,0.017482517482517484,0.0003979199157271227,0.348105502744678,0.022511965044249696,0.0011024662186171898,-0.13847202845263232,-0.16606335484092968,-0.06939951550679914,-0.30957735546237897,-0.16577642286248936
ACTN4,6,0.01048951048951049,0.007660151289566474,0.3333760738556225,0.01032883320161727,0.001293575439646309,-0.3442942652966228,0.3376869976966664,-0.4321414618317548,-0.21752832255521,-0.16601520030704436
MEN1,9,0.015734265734265736,0.0002053085544489566,0.35894250017256846,0.02477436293966843,0.0011779506363265313,-0.18992758766362997,-0.17942399238494203,-0.0020386245186611715,-0.2732197814411497,-0.16638233497046817
MAP2K1,10,0.017482517482517484,9.891993298040884e-06,0.3271469015413652,0.02149562615108748,0.0012227372327338816,-0.13847202845263232,-0.19297921480956376,-0.09966010473733929,-0.2516480181096874,-0.1669716382302176
SMARCB1,9,0.015734265734265736,9.846570438143667e-05,0.3512089693367554,0.025181339626103486,0.0011245133393371406,-0.18992758766362997,-0.18683523014604084,0.010078745403392857,-0.29895821249412907,-0.17095935663692796
CCN2,9,0.015734265734265736,0.0016443388713271005,0.34156594850236466,0.015491254735997238,0.0014368550216612274,-0.18992758766362997,-0.07960453027705665,-0.2784349388030889,-0.14851675477844087,-0.17176612696784063
SLX4,10,0.017482517482517484,0.00014761918034109916,0.29490160494527307,0.022312830841261885,0.0010314468772737468,-0.13847202845263232,-0.18342566088715923,-0.07532855980384087,-0.34378429562552243,-0.17814419626608377
VIM,9,0.015734265734265736,5.4713332410606815e-05,0.3630777824326211,0.021805738314830167,0.0012567670524175748,-0.18992758766362997,-0.1898701476073678,-0.09042679007670111,-0.2352573281418181,-0.17907901622781627
HMGB1,8,0.013986013986013986,0.003003903288119714,0.3567753001715266,0.017625709807704303,0.0011549088522164372,-0.24138314687462759,0.01470271759223997,-0.21488343192824427,-0.28431801067555573,-0.18064871052881967
GLI1,7,0.012237762237762238,0.0024768713543332917,0.3312734917500159,0.019009029635610485,0.0013387609007284188,-0.2928387060856252,-0.02185526421482028,-0.17369631081307385,-0.195764443388757,-0.18184951402404004
BCAR1,9,0.015734265734265736,0.00011053445912133174,0.342060255229575,0.020826631153123415,0.001253903674722658,-0.18992758766362997,-0.18599807154533685,-0.11957883752113473,-0.23663649313577145,-0.18421723969998594
FGFR4,11,0.019230769230769232,0.0005732281719459071,0.30498533724340177,0.008391668092451218,0.0015594947016870277,-0.08701646924163471,-0.15390296069663298,-0.48981883503334506,-0.08944653366807655,-0.1847845781490147
JAK1,8,0.013986013986013986,0.0001339691211609469,0.3719333381017094,0.024980190048130433,0.0011555725832520856,-0.24138314687462759,-0.18437250790568452,0.004089695103447752,-0.2839983201885509,-0.1865589533995614
PLAU,10,0.017482517482517484,0.0006756292466202324,0.3103921685668239,0.011444654528821676,0.0014762551535018615,-0.13847202845263232,-0.1467998301556201,-0.39891887135098353,-0.12953941808680777,-0.19085682538488463
KRT7,3,0.005244755244755245,0.01087748814407653,0.33670033670033667,0.007300842621096124,0.0011431266714021571,-0.4986609429296157,0.5608600820092915,-0.5222971960731191,-0.28999297676903707,-0.19677434409147387
ZEB1,8,0.013986013986013986,0.0002462638494887249,0.36419666619974783,0.022713053529338147,0.001129474930986642,-0.24138314687462759,-0.17658309635002853,-0.06341228419331445,-0.29656842873300276,-0.20062601807889024
EPCAM,9,0.015734265734265736,8.943283686404365e-05,0.3350299594098318,0.021655770619327226,0.001023898305912723,-0.18992758766362997,-0.18746180205790577,-0.09489194521540237,-0.34742011544557766,-0.20180251832894291
LGALS3,9,0.015734265734265736,0.00012916145469057532,0.3381454025230849,0.01759704312803539,0.001265967029469608,-0.18992758766362997,-0.1847059954461748,-0.21573695689309666,-0.23082609773939414,-0.20196376547031236
BSND,2,0.0034965034965034965,0.010808611509136905,0.161892901618929,4.0429904333050983e-07,0.0017381036328417063,-0.5501165021406134,0.5560824004199351,-0.7396612729108962,-0.0034183488801421465,-0.2021361000024386
BCL2L1,8,0.013986013986013986,0.00025805818259529834,0.3678811460912628,0.019341936482231366,0.0012842762223581996,-0.24138314687462759,-0.17576497322029944,-0.16378430468460126,-0.2220073526802592,-0.2055836761841666
TFAP2A,8,0.013986013986013986,0.0001437838220261327,0.34939192367130284,0.021945942349854104,0.001129306657293568,-0.24138314687462759,-0.18369170351287784,-0.08625233927011722,-0.29664947888133036,-0.20698739091462864
DNMT1,7,0.012237762237762238,3.90537696699475e-05,0.36279913486360144,0.026992824384104632,0.0009956622666342366,-0.2928387060856252,-0.19095638541020185,0.06401409760535559,-0.36102019237916255,-0.20963386243728066
AKT2,8,0.013986013986013986,0.0009470287240039348,0.3519935016584309,0.016976313679398496,0.0012507414219298887,-0.24138314687462759,-0.1279739933882795,-0.23421862574870617,-0.23815961331707372,-0.21095324756634554
BRD4,8,0.013986013986013986,0.00010726565284912999,0.3549003549003549,0.01875693379428948,0.0012705457386953975,-0.24138314687462759,-0.18622481484601583,-0.18120224092385306,-0.22862073185528098,-0.21300489967345043
FOXO3,8,0.013986013986013986,0.00016464214911650812,0.35867016140157265,0.020817144471514185,0.001110923023372934,-0.24138314687462759,-0.1822448493596252,-0.11986129505303597,-0.3055040789608103,-0.21511838854879523
KLF4,7,0.012237762237762238,1.5768888281348185e-05,0.35948842032492223,0.02606588170803806,0.0009836099832658293,-0.2928387060856252,-0.1925715593979871,0.03641520146015893,-0.3668252551721087,-0.21671844772185556
MAX,2,0.0034965034965034965,0.013940455341506132,0.2817206631270993,0.0021700404347733716,0.0008690294639746457,-0.5501165021406134,0.7733251944641879,-0.675062281054167,-0.42201372767991935,-0.21862467887998496
TWIST1,7,0.012237762237762238,0.0,0.35251847332384245,0.02595589990501851,0.0009690233447732617,-0.2928387060856252,-0.19366538065235667,0.033140590809715535,-0.37385100703995156,-0.21905197553910516
MGMT,7,0.012237762237762238,0.0022730489188237976,0.36003600360036003,0.01442882606202717,0.0012722026986081345,-0.2928387060856252,-0.03599356668103559,-0.31006781038367526,-0.22782264604491526,-0.2190700300859458
CDK6,7,0.012237762237762238,1.981333460478209e-05,0.35623758306501335,0.02453182339027554,0.0010081914621478576,-0.2928387060856252,-0.1922910132192205,-0.009260024512026559,-0.35498542166572894,-0.22341538967032504
GATA3,7,0.012237762237762238,1.287624272536802e-05,0.35867016140157265,0.025484632416629252,0.0009364494814006034,-0.2928387060856252,-0.1927722100167267,0.019109019274078647,-0.3895404259249073,-0.22477288096431622
TGFBR2,8,0.013986013986013986,0.00010014532457207844,0.33290653008962867,0.019119880231118325,0.0010611297959825779,-0.24138314687462759,-0.18671872197938935,-0.1703958326367574,-0.32948731954924143,-0.23114041233816673
PCNA,8,0.013986013986013986,7.215821020956611e-05,0.34455340577789556,0.017599679458094805,0.0011599589807741637,-0.24138314687462759,-0.1886600700308178,-0.21565846250353746,-0.2818855825211614,-0.23115792791876388
MYCN,7,0.012237762237762238,0.0,0.3512089693367554,0.02396811685925667,0.0009658571471695405,-0.2928387060856252,-0.19366538065235667,-0.02604388656483112,-0.3753760272657999,-0.23119387505918418
FOXP3,8,0.013986013986013986,4.429420926591932e-05,0.3324383071218514,0.01894507679050384,0.0010736694094109493,-0.24138314687462759,-0.19059287822376983,-0.17560045006122874,-0.3234475309775771,-0.23194191716982326
ARID1A,7,0.012237762237762238,0.00043432728229808224,0.34965034965034963,0.021037780067182626,0.001046295300429467,-0.2928387060856252,-0.16353792941711945,-0.11329206585687193,-0.33663245342596576,-0.2333629333408162
PDGFB,10,0.017482517482517484,0.0003223852050534718,0.28948393920837273,0.004375171319847598,0.0015284331855386296,-0.13847202845263232,-0.17130287905489872,-0.6094064645132978,-0.10440752041007578,-0.23405372670682073
LEP,7,0.012237762237762238,0.0005018586995977754,0.34156594850236466,0.020319189858150802,0.001069763883518407,-0.2928387060856252,-0.1588535599002475,-0.13468745206800392,-0.32532865361240626,-0.23421015824111271
PLAUR,8,0.013986013986013986,0.000990339203424926,0.3350299594098318,0.013795707290560595,0.001175122468374483,-0.24138314687462759,-0.12496972814888074,-0.328918360339394,-0.2745819874272513,-0.2364266029966689
EPAS1,6,0.01048951048951049,0.0017179012334589694,0.3625209146681539,0.01763690946975672,0.0011714589632932052,-0.3442942652966228,-0.07450181956049678,-0.21454997192275874,-0.27634653912164997,-0.23730774995282394
AGO2,7,0.012237762237762238,8.658009585273368e-05,0.35948842032492223,0.022232714031296133,0.0009854407894317467,-0.2928387060856252,-0.18765968466673077,-0.07771396677108947,-0.36594343515261574,-0.23813994868139254
HLA-A,6,0.01048951048951049,0.0034374975006623678,0.348105502744678,0.011468127617113542,0.001233564002190082,-0.3442942652966228,0.044779318871214176,-0.39821998096358296,-0.2464332322789175,-0.23823880578451456
MMP7,8,0.013986013986013986,0.00026005821022234563,0.35650623885918004,0.015358158370263074,0.0011824726330410492,-0.24138314687462759,-0.1756262397415178,-0.28239776505981906,-0.27104173151692684,-0.23907856065684827
NPHS1,6,0.01048951048951049,0.004028756389774583,0.2767724079199489,0.0015901657010953202,0.0017273262846820485,-0.3442942652966228,0.08579245360886464,-0.6923275370028042,-0.0086093306133009,-0.23924225297482285
BBS2,4,0.006993006993006993,7.076014081268022e-05,0.006993006993006993,1.8009357738064548e-39,0.002834365635625301,-0.44720538371861807,-0.18875704820671155,-0.7396733105563694,0.5246035677270653,-0.2467250949190551
NPHP1,6,0.01048951048951049,0.0,0.01048951048951049,2.1222898116889713e-32,0.0024717910366345457,-0.3442942652966228,-0.19366538065235667,-0.7396733105563694,0.3499670901459113,-0.24686058209899878
IL18,8,0.013986013986013986,9.290017413862775e-06,0.3278275122935317,0.015482672353180132,0.001123782205201975,-0.24138314687462759,-0.1930209713370363,-0.2786904716404082,-0.29931036813426515,-0.24833951219531342
APOB,7,0.012237762237762238,0.001690491716426712,0.30186926738650877,0.005676603035242036,0.0015866526413054127,-0.2928387060856252,-0.0764031021218902,-0.5706574893278498,-0.0763657306374226,-0.25099896665349586
SHH,6,0.01048951048951049,0.002064581256142121,0.3371806510180262,0.009724661301587613,0.0014163413023214762,-0.3442942652966228,-0.050454088958923865,-0.4501301443612094,-0.1583973247288854,-0.25482200891156787
AKT3,7,0.012237762237762238,0.0007333208772434687,0.34556087187666135,0.014667639920043543,0.0011478023619731273,-0.2928387060856252,-0.14279800512845084,-0.30295733954701454,-0.28774089917218787,-0.256332696155922
ITGAM,8,0.013986013986013986,0.0003316593101098089,0.3040046769950307,0.007032567066269039,0.001462842134737557,-0.24138314687462759,-0.17065957351268896,-0.5302848628049894,-0.1359998881728211,-0.260405944979854
CCND2,8,0.013986013986013986,2.8350110270102895e-05,0.30478869937283865,0.013542769770195221,0.0010975853144093173,-0.24138314687462759,-0.19169885310622398,-0.3364493506972985,-0.3119282755782573,-0.2620843399377868
KEAP1,6,0.01048951048951049,1.3922794789694965e-05,0.3667395443966429,0.022840374546817577,0.0008555153337323805,-0.3442942652966228,-0.192699615115213,-0.05962141380915358,-0.4285228987847112,-0.2663067591513942
RPGRIP1L,6,0.01048951048951049,8.756567425569177e-06,0.011800699300699302,1.4381596137985103e-31,0.0022633648759729772,-0.3442942652966228,-0.19305797451220807,-0.7396733105563694,0.24957723758862252,-0.26678670107541946
NTHL1,8,0.013986013986013986,0.0,0.2648332060096766,0.017301848249993455,0.0008078101550841343,-0.24138314687462759,-0.19366538065235667,-0.2245261226009967,-0.45150041674846086,-0.26810575443910034
NOD2,8,0.013986013986013986,9.390928105244416e-05,0.3151515151515151,0.010268422394420698,0.0012219275023164283,-0.24138314687462759,-0.18715129000975697,-0.43394014004230025,-0.25203803017420595,-0.2684675579518601
FANCA,7,0.012237762237762238,7.002082146236887e-05,0.32356418393379377,0.019871419708190487,0.0008155397183553367,-0.2928387060856252,-0.18880833167100586,-0.14801941118991443,-0.44777742096585266,-0.2688549964788737
TGFB2,7,0.012237762237762238,0.00012664852756001524,0.33838745363441136,0.015046818478862418,0.0010933413860938967,-0.2928387060856252,-0.18488030659969726,-0.2916676342226953,-0.3139723920005742,-0.269841629024547
BMPR1A,7,0.012237762237762238,5.2411402249615056e-05,0.32356418393379377,0.019192917354766047,0.000841761446607252,-0.2928387060856252,-0.19002982279126426,-0.1682212170511949,-0.43514755039369635,-0.2706747563167631
CCNE1,6,0.01048951048951049,4.908670931529057e-05,0.35948842032492223,0.02136351250988702,0.0008899688539254422,-0.3442942652966228,-0.19026044271392034,-0.10359367124258176,-0.41192813063620987,-0.2711724639080564
SNAI1,6,0.01048951048951049,0.0001655392711455146,0.3707664884135472,0.01968300236880495,0.0009509625376606752,-0.3442942652966228,-0.182182619789247,-0.15362937037716654,-0.3825501154308711,-0.27328454496273724
TLR2,7,0.012237762237762238,0.00013890435962608694,0.3381454025230849,0.012954829535723307,0.0011702932530638435,-0.2928387060856252,-0.1840301712341173,-0.35395474977939617,-0.27690801124049863,-0.27467364214247714
IGFBP3,6,0.01048951048951049,6.315742200809782e-05,0.3731075554279974,0.020897309283612508,0.0008781752351038252,-0.3442942652966228,-0.18928441673587312,-0.1174744588648595,-0.41760860592233023,-0.2748407099952242
TGFBR1,7,0.012237762237762238,8.64817836180742e-05,0.3253456797847713,0.01557618638420231,0.0009763483006826276,-0.2928387060856252,-0.1876665041716899,-0.275906174297177,-0.37032289309592553,-0.2786559866515118
AURKA,6,0.01048951048951049,0.00020179896005606868,0.36113619001319536,0.01909474542023769,0.000921126367420477,-0.3442942652966228,-0.1796674381417173,-0.17114419934058356,-0.3969209061309463,-0.2790328734835533
ERCC2,6,0.01048951048951049,2.4739820603976522e-05,0.3453084534165615,0.020837957508837043,0.0007444073664076115,-0.3442942652966228,-0.19194928366929107,-0.11924160532424155,-0.482038793441453,-0.28874639352427967
CDKN2B,6,0.01048951048951049,9.963145088434488e-06,0.345056403450564,0.018227464765193793,0.0008950925835552262,-0.3442942652966228,-0.19297427931003897,-0.1969667117195213,-0.40946025203380815,-0.2900319554319936
GSTP1,4,0.006993006993006993,0.00558439590856997,0.3276003276003276,0.0069545657637174055,0.0009545330634811334,-0.44720538371861807,0.1937006041034275,-0.5326072824150646,-0.38083034781854236,-0.29078425932238083
NTRK2,7,0.012237762237762238,0.0007705843657502066,0.32556974705735037,0.010577542772534804,0.0010353138350185371,-0.2928387060856252,-0.14021319413775862,-0.4247363549192142,-0.3419217495966911,-0.29087846656758953
NQO1,5,0.008741258741258742,0.0015414501640462432,0.34836202853888926,0.012573172580546542,0.0011099013728862804,-0.3957498245076205,-0.08674148583476261,-0.3653182471573711,-0.3059961637422729,-0.2944606922162866
WT1,5,0.008741258741258742,0.0016451732738948152,0.34009156311314587,0.013467251490999442,0.0010277078012626614,-0.3957498245076205,-0.07954665129110768,-0.33869784048895696,-0.34558524656307227,-0.29525571881084994
PDCD1,7,0.012237762237762238,3.775620428550918e-05,0.3282828282828283,0.012006377672531576,0.0010134334420859794,-0.2928387060856252,-0.19104639204675797,-0.3821940628963887,-0.3524605870124111,-0.29718607512341827
OGG1,8,0.013986013986013986,2.7377798795320744e-05,0.2726224179511377,0.009592419443378516,0.0009706149846435031,-0.24138314687462759,-0.1917662982512468,-0.45406752841417813,-0.3730843830643879,-0.29785605826464456
PKD1,5,0.008741258741258742,0.0030499091494909244,0.3067665624446935,0.0053012348292754636,0.001233209335335967,-0.3957498245076205,0.017893950106261453,-0.5818337447751029,-0.246604059938356,-0.2997265119937936
XIAP,6,0.01048951048951049,0.0,0.3506878877798759,0.016599486192302896,0.0008840852415380543,-0.3442942652966228,-0.19366538065235667,-0.24543832999745085,-0.4147620118447842,-0.3009594063853542
SDHD,7,0.012237762237762238,0.000751919970064196,0.28632784538296346,0.005627375031646751,0.0011808569498715491,-0.2928387060856252,-0.14150786452523736,-0.5721232094783417,-0.2718199361081862,-0.30665914237858377
SDHB,7,0.012237762237762238,0.000744400770363554,0.28632784538296346,0.005627375031646751,0.0011808569498715491,-0.2928387060856252,-0.1420294396865086,-0.5721232094783417,-0.2718199361081862,-0.3067895361689016
BMP2,6,0.01048951048951049,0.0011523223384166791,0.3024486709707439,0.005349966379734836,0.001304005810238153,-0.3442942652966228,-0.11373364144814797,-0.5803828060764663,-0.21250446488537877,-0.307513857408224
BIRC5,5,0.008741258741258742,6.903082647390878e-06,0.34913387941452934,0.01992851259463984,0.0007807462075858859,-0.3957498245076205,-0.1931865429317979,-0.1463195211272068,-0.4645359478465892,-0.3089801681053759
SOCS1,5,0.008741258741258742,4.037502909328403e-05,0.3616888085135981,0.019684344869032554,0.0007798987652942193,-0.3957498245076205,-0.1908647352181277,-0.15358939862345058,-0.4649441240872357,-0.30993532692433634
TMEM127,3,0.005244755244755245,0.0032903465477896305,0.2155619118683414,5.8003382507012704e-05,0.0017580131339443425,-0.4986609429296157,0.034572078070141295,-0.7379463112809944,0.0061711953202532605,-0.3122433336999784
CYP3A4,3,0.005244755244755245,0.0032924693520140105,0.2664753510300297,0.0005609130831551003,0.0017248402139943663,-0.4986609429296157,0.034719328043510626,-0.722972620936413,-0.009806763166830774,-0.3124073748351366
NPHP4,5,0.008741258741258742,0.0,0.00899100899100899,2.044330186137329e-32,0.0019673537040367857,-0.3957498245076205,-0.19366538065235667,-0.7396733105563694,0.1070014792881247,-0.3134631499944053
NPHP3,5,0.008741258741258742,0.0,0.00899100899100899,2.044330186137329e-32,0.0019673537040367857,-0.3957498245076205,-0.19366538065235667,-0.7396733105563694,0.1070014792881247,-0.3134631499944053
INVS,5,0.008741258741258742,0.0,0.00899100899100899,2.0443301861373294e-32,0.0019673537040367853,-0.3957498245076205,-0.19366538065235667,-0.7396733105563694,0.10700147928812449,-0.3134631499944053
KMT2A,6,0.01048951048951049,5.837711617046118e-06,0.3393591333289826,0.012257341706617363,0.00101993886759994,-0.3442942652966228,-0.19326044322559094,-0.3747218313423246,-0.34932720535774753,-0.31362791100023013
EPO,6,0.01048951048951049,8.821250121707601e-05,0.3343191462003343,0.011788227129356227,0.0010294925308254625,-0.3442942652966228,-0.18754645159338998,-0.3886893018583742,-0.3447256196472593,-0.3140725900532922
LCN2,6,0.01048951048951049,2.0224105453528232e-05,0.332204689196959,0.014608367081276896,0.0008606198957138884,-0.3442942652966228,-0.192262519778401,-0.30472213575673635,-0.4260642524081405,-0.3147259004313936
GSTM3,2,0.0034965034965034965,0.0,0.0034965034965034965,2.7684312750966607e-46,0.002504033349054551,-0.5501165021406134,-0.19366538065235667,-0.7396733105563694,0.3654968152997806,-0.3157924199636216
ABCG2,3,0.005244755244755245,0.0032924693520140105,0.2851189823445553,0.0023115894186801884,0.0015729759054730478,-0.4986609429296157,0.034719328043510626,-0.6708477855873278,-0.08295322181088192,-0.3166116994941298
OFD1,5,0.008741258741258742,8.756567425569177e-06,0.01089295320064551,1.2487643163757874e-31,0.001928548504000868,-0.3957498245076205,-0.19305797451220807,-0.7396733105563694,0.08831069547434313,-0.3170494552221244
RAD54L,6,0.01048951048951049,1.0507880910683011e-05,0.2923483442963962,0.014932907852202085,0.0008111883129596415,-0.3442942652966228,-0.19293649328417836,-0.2950592221128692,-0.4498733044418245,-0.3177236214858013
TSC1,6,0.01048951048951049,0.0001495361535326541,0.3157830813141434,0.01211693393491704,0.0009589989879111918,-0.3442942652966228,-0.18329268854417805,-0.37890234822776947,-0.3786793054846889,-0.3178424957323542
SETD2,5,0.008741258741258742,0.0012228080671622733,0.3388725969371131,0.008755929137402339,0.001155435714639097,-0.3957498245076205,-0.10884434380990834,-0.47897328545523415,-0.28406424387027124,-0.31833103039524535
TEK,7,0.012237762237762238,0.00012676435353033952,0.3108003108003108,0.006084329694137163,0.001134835786555271,-0.2928387060856252,-0.18487227224078187,-0.5585177896408905,-0.2939863368381688,-0.3192124404859762
HSPG2,7,0.012237762237762238,0.00030619103042364053,0.28409090909090906,0.0032277851782304373,0.001256778498938241,-0.2928387060856252,-0.17242620062906663,-0.643568869350785,-0.23525181484867713,-0.3213642341271279
FAS,4,0.006993006993006993,0.0016451732738948152,0.35516699678983676,0.012876462832529165,0.0009787207276061361,-0.44720538371861807,-0.07954665129110768,-0.3562880488695562,-0.3691801978205436,-0.3215021964623132
TMEM67,5,0.008741258741258742,0.0,0.01089295320064551,1.3496848215355842e-31,0.0018779023463944898,-0.3957498245076205,-0.19366538065235667,-0.7396733105563694,0.06391663534984067,-0.32208011878206205
CC2D2A,5,0.008741258741258742,0.0,0.01089295320064551,1.3496848215355842e-31,0.0018779023463944898,-0.3957498245076205,-0.19366538065235667,-0.7396733105563694,0.06391663534984067,-0.32208011878206205
ITGA8,5,0.008741258741258742,0.0016848291192183755,0.2956393200295639,0.0050840295419534425,0.001243390510859402,-0.3957498245076205,-0.07679589260089553,-0.5883008395823307,-0.24170022873783256,-0.3237116253919237
BUB1B,5,0.008741258741258742,8.347169468010098e-06,0.347849354471871,0.018355471217595756,0.0007068816969899818,-0.3957498245076205,-0.19308637272135787,-0.19315543311840194,-0.5001132827857458,-0.3254377749388362
PTH,5,0.008741258741258742,0.0016797728432020437,0.25131699772848093,0.0008324051514944066,0.001471518251422586,-0.3957498245076205,-0.07714662513675634,-0.7148891853671966,-0.13182097861552147,-0.3271411276583998
COL4A4,5,0.008741258741258742,0.0014199273086396276,0.2868490732568403,0.0024850730313158917,0.001409349927928991,-0.3957498245076205,-0.09517101363430089,-0.66568246487047,-0.16176476690700065,-0.32779463834173656
DNMT3A,5,0.008741258741258742,3.041062848418365e-05,0.3413193304890056,0.015756817649777165,0.0008258411638072665,-0.3957498245076205,-0.1915559236506172,-0.27052803855276353,-0.44281566095087355,-0.3290701593910489
BAX,5,0.008741258741258742,0.0,0.348105502744678,0.016562026830237355,0.000744353852278837,-0.3957498245076205,-0.19366538065235667,-0.24655364928310422,-0.4820645688790484,-0.3326524273731869
MAP3K1,5,0.008741258741258742,0.00011282648433225558,0.34939192367130284,0.013893987235505743,0.0008858506368375767,-0.3957498245076205,-0.18583908342603964,-0.32599216213563154,-0.4139116974060312,-0.33295298134250956
KLK3,3,0.005244755244755245,0.0047264329114601105,0.3519935016584309,0.009481763744105809,0.0006923854608193455,-0.4986609429296157,0.13418733056394622,-0.4573622037279321,-0.5070954917713484,-0.33387603648423503
GDNF,3,0.005244755244755245,0.0049355198216844455,0.29325513196480935,0.004071510950044413,0.000980417174919055,-0.4986609429296157,0.14869080743139027,-0.6184476827309906,-0.36836309264010675,-0.33472078324173743
TOP2A,5,0.008741258741258742,0.0005137209940441721,0.3381454025230849,0.009636485743647836,0.0010553464029212463,-0.3957498245076205,-0.15803072257908984,-0.45275549340269633,-0.33227292944996145,-0.3350258037929712
KL,7,0.012237762237762238,2.5151514691728216e-05,0.28912983041423407,0.004566702802702524,0.0010741200586570367,-0.2928387060856252,-0.19192072618727668,-0.6037037844659406,-0.32323047275788835,-0.3358605801215538
BBS9,3,0.005244755244755245,0.0,0.005594405594405594,1.6189806158793557e-39,0.0021057047327593635,-0.4986609429296157,-0.19366538065235667,-0.7396733105563694,0.1736391764491884,-0.33615450200989083
COL4A1,6,0.01048951048951049,1.531098853683183e-05,0.3051822290040495,0.010224699407306588,0.0008918585829558933,-0.3442942652966228,-0.192603321971479,-0.43524195320904396,-0.4110179300254129,-0.3379057999935791
HMOX1,5,0.008741258741258742,0.0001028192564846738,0.32180209171359614,0.013674885317797113,0.0008436682974843699,-0.3957498245076205,-0.18653324260338325,-0.33251572743064406,-0.4342291029310794,-0.3384947153008577
ITGA3,6,0.01048951048951049,5.562572836811477e-05,0.2961950330371383,0.006133537146489975,0.0011306538909059156,-0.3442942652966228,-0.18980685854900703,-0.557052681385418,-0.29600057481250086,-0.33856535873065347
TRIM28,5,0.008741258741258742,1.9459038723487056e-06,0.34405187243615193,0.014735594564520225,0.0007893171751154106,-0.3957498245076205,-0.19353040151010142,-0.30093405027150705,-0.4604076840824285,-0.3391633858259796
AXL,6,0.01048951048951049,9.464086401369712e-05,0.3246753246753247,0.008558339803081075,0.0009429293106990506,-0.3442942652966228,-0.1871005431861334,-0.4848563326577555,-0.386419372858427,-0.34153326975358783
NLRP3,6,0.01048951048951049,5.972630246449396e-05,0.3061705134243994,0.00563881460606151,0.0011149035164770324,-0.3442942652966228,-0.18952241902342282,-0.5717826062950274,-0.30358684786775864,-0.3429574884422309
CXCL12,5,0.008741258741258742,0.0,0.3355055164849345,0.013876450586681322,0.0007853583228272633,-0.3957498245076205,-0.19366538065235667,-0.3265143003024638,-0.4623144917319179,-0.3446945421476327
TNFRSF10B,5,0.008741258741258742,0.00015783603522127786,0.3460668175163051,0.010274329302539697,0.000973405482375607,-0.3957498245076205,-0.18271696076693783,-0.4337642670914429,-0.37174032119135736,-0.34529259642596166
KDM1A,5,0.008741258741258742,1.4594279042615293e-05,0.3388725969371131,0.011563710453719728,0.0009093980652421006,-0.3957498245076205,-0.19265303708544237,-0.39537408676875363,-0.4025699212195385,-0.3462644994466862
SWSAP1,5,0.008741258741258742,0.0016462346760070053,0.23321523074853118,0.005585852980197426,0.0009838236629161725,-0.3957498245076205,-0.07947302630442302,-0.5733594917375082,-0.36672233494115325,-0.3463970604895052
CYP19A1,5,0.008741258741258742,7.053211431495145e-05,0.3164171838870634,0.012255339704630289,0.000842292059699229,-0.3957498245076205,-0.18877286544286193,-0.37478143917606704,-0.434891977053481,-0.34764033818429224
DHFR,2,0.0034965034965034965,0.005726133870118879,0.3364606923325784,0.007247404870112122,0.0006881883824025863,-0.5501165021406134,0.20353236853266732,-0.5238882577188065,-0.5091170426270203,-0.3482587436852132
TCF7L2,5,0.008741258741258742,0.0,0.3151515151515151,0.013302994241654893,0.0007835987020060448,-0.3957498245076205,-0.19366538065235667,-0.34358845442097785,-0.46316202485462266,-0.34827887959587644
HSPA5,4,0.006993006993006993,1.0245429169916652e-05,0.3592152528322741,0.017895061506589673,0.0006825032573368663,-0.44720538371861807,-0.19295469845420524,-0.20686372396138855,-0.5118553210912296,-0.34850436792559125
BMP6,4,0.006993006993006993,0.002222439174760631,0.2950856883441153,0.0030898240736579514,0.0011966739465564603,-0.44720538371861807,-0.03950415111456064,-0.6476765388922606,-0.26420157399827987,-0.3487735446582646
BID,5,0.008741258741258742,5.908329052689138e-05,0.3388725969371131,0.009680747085685006,0.0009547661734499425,-0.3957498245076205,-0.18956702204879874,-0.4514376511955444,-0.3807180688449044,-0.3523353380979566
IDH1,4,0.006993006993006993,2.4149225688538067e-05,0.35758492642002476,0.01673279168108381,0.0007059427313984047,-0.44720538371861807,-0.19199025074697612,-0.24146927728745896,-0.5005655418351646,-0.3529264108127851
REN,5,0.008741258741258742,0.000860259844774859,0.29787477802600676,0.00688923449256995,0.000974576886049201,-0.3957498245076205,-0.13399278448028387,-0.5345524630761639,-0.3711761067870623,-0.35315634867038337
SPOP,4,0.006993006993006993,0.0026946632687782847,0.3005259203606311,0.004759308212064751,0.0009546694338218144,-0.44720538371861807,-0.0067479579292177416,-0.5979691292092121,-0.38076466413300736,-0.35395563245226463
GNAS,4,0.006993006993006993,0.0001413458592098749,0.3608605135322692,0.015826088443820344,0.0007160731353943611,-0.44720538371861807,-0.18386081470817622,-0.26846556209110617,-0.495686165080002,-0.355317433412782
CEBPA,4,0.006993006993006993,0.00015764317141422627,0.35410282601293835,0.012167375425688269,0.0008722614916485826,-0.44720538371861807,-0.18273033891558013,-0.37740049757276295,-0.42045699996101055,-0.36177596853716604
TRPC6,4,0.006993006993006993,0.0020980985854845372,0.2950856883441153,0.0036212885523583924,0.0010465056249203525,-0.44720538371861807,-0.048129133225182974,-0.6318526553542229,-0.33653114922997535,-0.3622309285246518
RECQL4,5,0.008741258741258742,0.0,0.2927103855896425,0.013231023917506543,0.00064259978689622,-0.3957498245076205,-0.19366538065235667,-0.3457313069975096,-0.5310750941818311,-0.36229006397662444
EPHA2,6,0.01048951048951049,5.134751479784045e-05,0.2868490732568403,0.003009674588181013,0.001052593983237304,-0.3442942652966228,-0.19010362017547078,-0.6500629187438774,-0.33359865077673584,-0.3647612118018083
FANCL,6,0.01048951048951049,0.0,0.2608870158539033,0.0072168067090480886,0.0007980113302562004,-0.3442942652966228,-0.19366538065235667,-0.5247992908293153,-0.45622008618241583,-0.3651232134192534
FANCG,6,0.01048951048951049,0.0,0.2608870158539033,0.0072168067090480886,0.0007980113302562004,-0.3442942652966228,-0.19366538065235667,-0.5247992908293153,-0.45622008618241583,-0.3651232134192534
FANCE,6,0.01048951048951049,0.0,0.2608870158539033,0.007216806709048087,0.0007980113302562004,-0.3442942652966228,-0.19366538065235667,-0.5247992908293153,-0.45622008618241583,-0.3651232134192534
SOX9,5,0.008741258741258742,4.5311761598977006e-05,0.3087702630485125,0.008096491085077193,0.0009224276226234417,-0.3957498245076205,-0.19052229491127032,-0.4986074686579562,-0.39629414787012923,-0.36512333561110183
NEK8,4,0.006993006993006993,0.0,0.007867132867132868,1.741082927948441e-32,0.0016153010422052176,-0.44720538371861807,-0.19366538065235667,-0.7396733105563694,-0.06256703697437792,-0.36538629897075503
CEP290,4,0.006993006993006993,0.0,0.007867132867132868,1.741082927948441e-32,0.0016153010422052176,-0.44720538371861807,-0.19366538065235667,-0.7396733105563694,-0.06256703697437792,-0.36538629897075503
JAG1,5,0.008741258741258742,7.960296402885741e-05,0.3153617563223967,0.00941857497174725,0.0008190767484848728,-0.3957498245076205,-0.18814365886626397,-0.4592435933876106,-0.4460737867768058,-0.36661182932711645
THBD,6,0.01048951048951049,8.416154150019349e-05,0.28256262565886,0.003399231970865643,0.0009980337077283433,-0.3442942652966228,-0.1878274495787814,-0.6384641931431417,-0.35987797193509735,-0.3671282882641611
IDH2,4,0.006993006993006993,2.5713729741750757e-05,0.35731464302892874,0.013393397898195856,0.0007267279033805043,-0.44720538371861807,-0.1918817277011267,-0.34089676571957117,-0.49055422490624506,-0.3707825143519612
FLT3,6,0.01048951048951049,2.8034938142468078e-05,0.23636363636363636,0.001146910130392475,0.0011071115301407913,-0.3442942652966228,-0.1917207152670714,-0.7055250785309592,-0.30733991013662515,-0.3710061694041027
MKS1,4,0.006993006993006993,0.0,0.010114885114885116,1.1427122540714707e-31,0.0015416863326929698,-0.44720538371861807,-0.19366538065235667,-0.7396733105563694,-0.09802405355293485,-0.3724777022864664
AXIN1,4,0.006993006993006993,0.0008476563511198255,0.3413193304890056,0.00947977972133556,0.0007898645119958458,-0.44720538371861807,-0.13486703566357713,-0.45742127624643797,-0.46014405561778826,-0.37375170959025583
CD36,5,0.008741258741258742,5.408468115792727e-06,0.30129207949475634,0.005710028500600577,0.0009861046987160002,-0.3957498245076205,-0.19329021803638252,-0.5696622757392924,-0.3656236588109796,-0.3738921799968172
IL7R,5,0.008741258741258742,0.00017458176492457205,0.2973127501429388,0.004513384047482469,0.0010168670943018602,-0.3957498245076205,-0.1815553801442216,-0.6052913031182848,-0.3508067454860348,-0.3751208933345865
TIMP2,5,0.008741258741258742,2.224634674867166e-05,0.3007170946102244,0.007823791655613838,0.0008347453634677743,-0.3957498245076205,-0.19212224543117845,-0.5067268523339248,-0.4385268937048535,-0.3755937491432174
KLB,6,0.01048951048951049,2.0031363391824913e-06,0.27500132212174094,0.0024759730778362746,0.0009792258722993675,-0.3442942652966228,-0.1935264315353292,-0.6659534079152716,-0.36893689150471154,-0.37586266062164686
APOL1,3,0.005244755244755245,0.0016462346760070053,0.21255722694571613,4.5410071372575616e-05,0.0013867752310330094,-0.4986609429296157,-0.07947302630442302,-0.7383212659519761,-0.172638020464614,-0.37659144388478927
NOS3,5,0.008741258741258742,2.189141856392294e-06,0.29900523259157036,0.008257875160464855,0.0007957830375755212,-0.3957498245076205,-0.1935135291173195,-0.493802400932503,-0.45729335823693057,-0.3771099726908838
PROM1,3,0.005244755244755245,0.0016462346760070053,0.32919726513041275,0.007291452842019823,0.0009276405474022273,-0.4986609429296157,-0.07947302630442302,-0.5225767684180379,-0.3937833078283925,-0.3776716018507573
TMPRSS2,2,0.0034965034965034965,0.0016462346760070053,0.17879246321001238,2.904572132696108e-06,0.001560487558482146,-0.5501165021406134,-0.07947302630442302,-0.7395868294969616,-0.08896831756048208,-0.3781200617368092
TGFA,4,0.006993006993006993,0.0,0.33526756931012247,0.01303220928691895,0.0006749034808942991,-0.44720538371861807,-0.19366538065235667,-0.35165083630973915,-0.5155158041808571,-0.3783715575627248
VHL,4,0.006993006993006993,1.806017326700856e-06,0.34230794549404253,0.013772184737384108,0.0006190968382131089,-0.44720538371861807,-0.19354010484962034,-0.3296187234998675,-0.5423954464133833,-0.3793097444965716
AGTR1,5,0.008741258741258742,1.094570928196147e-05,0.29545454545454547,0.007373272981509036,0.0008237785484608783,-0.3957498245076205,-0.19290612297717094,-0.5201406463247811,-0.44380913341061207,-0.3795289252690385
DDB2,4,0.006993006993006993,0.0,0.34058160859313596,0.012825521044031127,0.0006715326283202166,-0.44720538371861807,-0.19366538065235667,-0.35780479544570254,-0.5171393978402633,-0.37992706812179866
RASSF1,4,0.006993006993006993,0.00017110542537336,0.3153617563223967,0.00850981451292438,0.0008887873123435517,-0.44720538371861807,-0.18179651915292513,-0.48630113013879633,-0.41249722803175654,-0.3817306857238582
AXIN2,4,0.006993006993006993,2.802631462029236e-05,0.3145224702110929,0.011576808914553214,0.0007185725972188319,-0.44720538371861807,-0.19172131344442384,-0.39498409171346144,-0.49448228259598587,-0.3823454875245117
ETV4,2,0.0034965034965034965,0.0032924693520140105,0.22225071590374834,0.00010874699419633876,0.001207783082520481,-0.5501165021406134,0.034719328043510626,-0.7364354652435795,-0.25885078445282644,-0.3829181936776182
XPC,5,0.008741258741258742,0.0001860714735712384,0.28563581433672064,0.0071237610336575986,0.0007581406366527809,-0.3957498245076205,-0.1807583875281281,-0.5275696432989618,-0.47542407209041976,-0.38430077853757555
CTNNA1,4,0.006993006993006993,7.659156139551066e-05,0.3317384370015949,0.010933351072412516,0.0007287867502721341,-0.44720538371861807,-0.18835254716244876,-0.4141424783295698,-0.48956256754791394,-0.38435103026762524
PKHD1,4,0.006993006993006993,3.2580663084507396e-05,0.23104949791166798,0.0001737558409473111,0.0014011244298291787,-0.44720538371861807,-0.19140539750532393,-0.734499884482952,-0.16572663301262475,-0.38441853717696267
PAX8,4,0.006993006993006993,3.950520361535519e-06,0.3428044037181093,0.011926182316535453,0.000673686946553221,-0.44720538371861807,-0.1933913497213126,-0.3845818085020351,-0.5161017560726161,-0.38500643464677475
ETS1,4,0.006993006993006993,0.0,0.3425559947299078,0.011424272541267306,0.0007046435544160361,-0.44720538371861807,-0.19366538065235667,-0.3995257269551863,-0.5011912991071492,-0.3850816346770726
YWHAE,4,0.006993006993006993,0.00017181356179991634,0.34430245646560287,0.00998299666852062,0.0007480440244861414,-0.44720538371861807,-0.18174739871649737,-0.44243843790869164,-0.48028717278526434,-0.38650385611943183
ADIPOQ,4,0.006993006993006993,0.0,0.32737345756736336,0.011753051394958365,0.000660386486775813,-0.44720538371861807,-0.19366538065235667,-0.38973662815539745,-0.5225080113707032,-0.38738715736982565
CLCNKB,2,0.0034965034965034965,0.0,0.0034965034965034965,7.100257909371027e-43,0.0017452006980802793,-0.5501165021406134,-0.19366538065235667,-0.7396733105563694,0.0,-0.38889178302357774
KCNJ1,2,0.0034965034965034965,0.0,0.0034965034965034965,7.100257909371027e-43,0.0017452006980802793,-0.5501165021406134,-0.19366538065235667,-0.7396733105563694,0.0,-0.38889178302357774
SLC12A3,2,0.0034965034965034965,0.0,0.0034965034965034965,7.100257909371027e-43,0.0017452006980802793,-0.5501165021406134,-0.19366538065235667,-0.7396733105563694,0.0,-0.38889178302357774
SMAD7,5,0.008741258741258742,2.7924984142147013e-05,0.2905514890763815,0.0034016179183599853,0.0009387564972288477,-0.3957498245076205,-0.1917283423122003,-0.6383931536724125,-0.3884292363405017,-0.39180900215830006
FAAP20,5,0.008741258741258742,0.0,0.23207033516311865,0.00779789237036987,0.0006490111289425408,-0.3957498245076205,-0.19366538065235667,-0.5074979805839652,-0.5279870284578283,-0.39402578554911505
COL4A3,4,0.006993006993006993,0.00036860797491785805,0.28667511990738187,0.0024822138507332977,0.001093490406713401,-0.44720538371861807,-0.1680966005137981,-0.6657675944367278,-0.3139006152237409,-0.39447967636205955
RHOA,4,0.006993006993006993,4.1929174153342285e-05,0.33290653008962867,0.009002460328812155,0.0007457828545549482,-0.44720538371861807,-0.1907569307319309,-0.4716330378606974,-0.4813762803871073,-0.39481298063406
ITCH,3,0.005244755244755245,0.0,0.35812672176308535,0.014829945749123104,0.0005711949465095072,-0.4986609429296157,-0.19366538065235667,-0.29812482742281804,-0.5654677125342766,-0.39566618317987357
MITF,4,0.006993006993006993,0.0,0.31662911770078545,0.010155593030822573,0.0006712548821351848,-0.44720538371861807,-0.19366538065235667,-0.4372995342836866,-0.5172731761456123,-0.3958527715504653
C3,3,0.005244755244755245,0.0016462346760070053,0.2670775552131484,0.0008067627650834585,0.0011070810305657212,-0.4986609429296157,-0.07947302630442302,-0.7156526646823079,-0.3073546004606931,-0.39900103963007144
FLNA,3,0.005244755244755245,0.0016462346760070053,0.2918069584736251,0.0027511786841052754,0.0009721853611432271,-0.4986609429296157,-0.07947302630442302,-0.6577594050474518,-0.3723280007332721,-0.40041706775761604
NOTCH3,3,0.005244755244755245,0.0,0.3567753001715266,0.013652970437958399,0.0005848471091288499,-0.4986609429296157,-0.19366538065235667,-0.3331682235432081,-0.558892057213017,-0.4013597313396997
NRIP1,4,0.006993006993006993,0.0,0.3042003042003042,0.009059381436306664,0.0006804245813638746,-0.44720538371861807,-0.19366538065235667,-0.4699382623640325,-0.5128565292590557,-0.4014971877892231
BMP7,4,0.006993006993006993,3.710434866312126e-05,0.3114145406635525,0.0075383081898768205,0.0007676829104613413,-0.44720538371861807,-0.19109160852123772,-0.515226869352756,-0.47082797216869193,-0.40150575473611533
MAP2K4,4,0.006993006993006993,1.342977415656925e-05,0.3132718838484246,0.008507632879307196,0.0007000469295859271,-0.44720538371861807,-0.19273381387657992,-0.4863660863450237,-0.503405294161758,-0.40265961387201765
CST3,4,0.006993006993006993,3.606871820532065e-05,0.2670775552131484,0.0008438573555449314,0.001158166602039597,-0.44720538371861807,-0.19116344583698275,-0.7145482061476776,-0.2827488937116513,-0.40377216573262775
NTRK3,5,0.008741258741258742,0.0,0.26617526617526616,0.003330379915141732,0.000820227485214347,-0.3957498245076205,-0.19366538065235667,-0.64051420204269,-0.4455195267442001,-0.40413552949813436
EXT2,1,0.0017482517482517483,0.0,0.0017482517482517483,2.1671927503477644e-49,0.0017452006980802793,-0.6015720613516109,-0.19366538065235667,-0.7396733105563694,0.0,-0.40690122874742685
ALG9,1,0.0017482517482517483,0.0,0.0017482517482517483,2.1671927503477644e-49,0.0017452006980802793,-0.6015720613516109,-0.19366538065235667,-0.7396733105563694,0.0,-0.40690122874742685
ALG5,1,0.0017482517482517483,0.0,0.0017482517482517483,2.1671927503477644e-49,0.0017452006980802793,-0.6015720613516109,-0.19366538065235667,-0.7396733105563694,0.0,-0.40690122874742685
SEC63,1,0.0017482517482517483,0.0,0.0017482517482517483,2.1671927503477644e-49,0.0017452006980802793,-0.6015720613516109,-0.19366538065235667,-0.7396733105563694,0.0,-0.40690122874742685
KIF4A,1,0.0017482517482517483,0.0,0.0017482517482517483,2.1671927503477644e-49,0.0017452006980802793,-0.6015720613516109,-0.19366538065235667,-0.7396733105563694,0.0,-0.40690122874742685
PRKCSH,1,0.0017482517482517483,0.0,0.0017482517482517483,2.1671927503477644e-49,0.0017452006980802793,-0.6015720613516109,-0.19366538065235667,-0.7396733105563694,0.0,-0.40690122874742685
HMMR,1,0.0017482517482517483,0.0,0.0017482517482517483,2.1671927503477644e-49,0.0017452006980802793,-0.6015720613516109,-0.19366538065235667,-0.7396733105563694,0.0,-0.40690122874742685
TRAP1,1,0.0017482517482517483,0.0,0.0017482517482517483,2.1671927503477644e-49,0.0017452006980802793,-0.6015720613516109,-0.19366538065235667,-0.7396733105563694,0.0,-0.40690122874742685
ROS1,1,0.0017482517482517483,0.0,0.0017482517482517483,2.1671927503477644e-49,0.0017452006980802793,-0.6015720613516109,-0.19366538065235667,-0.7396733105563694,0.0,-0.40690122874742685
RNASEL,1,0.0017482517482517483,0.0,0.0017482517482517483,2.1671927503477644e-49,0.0017452006980802793,-0.6015720613516109,-0.19366538065235667,-0.7396733105563694,0.0,-0.40690122874742685
ELAC2,1,0.0017482517482517483,0.0,0.0017482517482517483,2.1671927503477644e-49,0.0017452006980802793,-0.6015720613516109,-0.19366538065235667,-0.7396733105563694,0.0,-0.40690122874742685
ANKS6,1,0.0017482517482517483,0.0,0.0017482517482517483,2.1671927503477644e-49,0.0017452006980802793,-0.6015720613516109,-0.19366538065235667,-0.7396733105563694,0.0,-0.40690122874742685
AQP2,1,0.0017482517482517483,0.0,0.0017482517482517483,2.1671927503477644e-49,0.0017452006980802793,-0.6015720613516109,-0.19366538065235667,-0.7396733105563694,0.0,-0.40690122874742685
NEK9,1,0.0017482517482517483,0.0,0.0017482517482517483,2.1671927503477644e-49,0.0017452006980802793,-0.6015720613516109,-0.19366538065235667,-0.7396733105563694,0.0,-0.40690122874742685
PALLD,1,0.0017482517482517483,0.0,0.0017482517482517483,2.1671927503477644e-49,0.0017452006980802793,-0.6015720613516109,-0.19366538065235667,-0.7396733105563694,0.0,-0.40690122874742685
WDR19,1,0.0017482517482517483,0.0,0.0017482517482517483,2.1671927503477644e-49,0.0017452006980802793,-0.6015720613516109,-0.19366538065235667,-0.7396733105563694,0.0,-0.40690122874742685
TTC21B,1,0.0017482517482517483,0.0,0.0017482517482517483,2.1671927503477644e-49,0.0017452006980802793,-0.6015720613516109,-0.19366538065235667,-0.7396733105563694,0.0,-0.40690122874742685
AHI1,1,0.0017482517482517483,0.0,0.0017482517482517483,2.1671927503477644e-49,0.0017452006980802793,-0.6015720613516109,-0.19366538065235667,-0.7396733105563694,0.0,-0.40690122874742685
IQCB1,1,0.0017482517482517483,0.0,0.0017482517482517483,2.1671927503477644e-49,0.0017452006980802793,-0.6015720613516109,-0.19366538065235667,-0.7396733105563694,0.0,-0.40690122874742685
HOGA1,1,0.0017482517482517483,0.0,0.0017482517482517483,2.1671927503477644e-49,0.0017452006980802793,-0.6015720613516109,-0.19366538065235667,-0.7396733105563694,0.0,-0.40690122874742685
GRHPR,1,0.0017482517482517483,0.0,0.0017482517482517483,2.1671927503477644e-49,0.0017452006980802793,-0.6015720613516109,-0.19366538065235667,-0.7396733105563694,0.0,-0.40690122874742685
ESR2,1,0.0017482517482517483,0.0,0.0017482517482517483,2.1671927503477644e-49,0.0017452006980802793,-0.6015720613516109,-0.19366538065235667,-0.7396733105563694,0.0,-0.40690122874742685
SP1,1,0.0017482517482517483,0.0,0.0017482517482517483,2.1671927503477644e-49,0.0017452006980802793,-0.6015720613516109,-0.19366538065235667,-0.7396733105563694,0.0,-0.40690122874742685
SLC12A1,1,0.0017482517482517483,0.0,0.0017482517482517483,2.1671927503477644e-49,0.0017452006980802793,-0.6015720613516109,-0.19366538065235667,-0.7396733105563694,0.0,-0.40690122874742685
INF2,4,0.006993006993006993,6.315476582949915e-05,0.2514506769825919,0.0005096582384234667,0.0011274998500376795,-0.44720538371861807,-0.18928460098377659,-0.7244986884842889,-0.29751973966549655,-0.4082467201774176
KMT2D,3,0.005244755244755245,0.0,0.3463203463203463,0.012390190606136773,0.0005835586240761707,-0.4986609429296157,-0.19366538065235667,-0.3707663731726799,-0.5595126646456453,-0.4090034827521197
TCTN2,3,0.005244755244755245,0.0,0.008850524475524476,5.321572776362559e-32,0.0013444031567433235,-0.4986609429296157,-0.19366538065235667,-0.7396733105563694,-0.19304681308923577,-0.40949169991757567
TMEM231,3,0.005244755244755245,0.0,0.008850524475524476,5.321572776362559e-32,0.0013444031567433235,-0.4986609429296157,-0.19366538065235667,-0.7396733105563694,-0.19304681308923577,-0.40949169991757567
TMEM107,3,0.005244755244755245,0.0,0.008850524475524476,5.321572776362559e-32,0.0013444031567433235,-0.4986609429296157,-0.19366538065235667,-0.7396733105563694,-0.19304681308923577,-0.40949169991757567
APC,4,0.006993006993006993,0.0,0.3042003042003042,0.006295813375648781,0.0007682078785228043,-0.44720538371861807,-0.19366538065235667,-0.552221050572612,-0.4705751177951321,-0.40949746313815427
SOX17,2,0.0034965034965034965,0.0016462346760070053,0.24789054678934072,0.0002107618079467842,0.0012051045934136349,-0.5501165021406134,-0.07947302630442302,-0.7333980646333094,-0.2601408966232905,-0.41111682457664034
TET2,3,0.005244755244755245,0.0002742208113150506,0.33694032268515517,0.008699398137827276,0.0007347117251626644,-0.4986609429296157,-0.17464383985282797,-0.4806564458345543,-0.48670876381340195,-0.4116653319181638
DCC,4,0.006993006993006993,2.043199065966141e-05,0.2988162280197678,0.006314501418518362,0.0007294214473063992,-0.44720538371861807,-0.19224809965867662,-0.5516646306691686,-0.4892568614816208,-0.41276820764634337
MAP2K2,4,0.006993006993006993,8.552363091890111e-05,0.2969392416628598,0.004859621666060365,0.0007852732303933296,-0.44720538371861807,-0.18773296718218171,-0.594982385076836,-0.46235547707113456,-0.41492269852665586
LRP5,2,0.0034965034965034965,0.0016462346760070053,0.30361417644654637,0.004059164523378234,0.0009227879208640413,-0.5501165021406134,-0.07947302630442302,-0.618815286635873,-0.39612060781577313,-0.4153962112156496
BBIP1,2,0.0034965034965034965,0.0,0.004662004662004662,1.2734538981399864e-39,0.0014608674029558222,-0.5501165021406134,-0.19366538065235667,-0.7396733105563694,-0.13695103092658728,-0.4162819892088952
CCDC28B,2,0.0034965034965034965,0.0,0.004662004662004662,1.2734538981399864e-39,0.0014608674029558222,-0.5501165021406134,-0.19366538065235667,-0.7396733105563694,-0.13695103092658728,-0.4162819892088952
TP73,3,0.005244755244755245,0.0,0.33838745363441136,0.010823845330540935,0.000593245815335313,-0.4986609429296157,-0.19366538065235667,-0.41740291468151464,-0.5548467642658046,-0.4173976109779185
PTHLH,4,0.006993006993006993,3.5967271886694585e-05,0.2695138384990152,0.0010683709964398073,0.00099266637007273,-0.44720538371861807,-0.1911704827401246,-0.7078635115940387,-0.36246318597042726,-0.41837984449944066
CYP27B1,2,0.0034965034965034965,0.0016462346760070053,0.2941675623691803,0.0033240739663881256,0.0009222227139813256,-0.5501165021406134,-0.07947302630442302,-0.6407019560745641,-0.3963928434863823,-0.41982799223750966
WWOX,3,0.005244755244755245,0.0,0.33911569062214686,0.010345378644680887,0.0005862888541459455,-0.4986609429296157,-0.19366538065235667,-0.43164883593742576,-0.5581976310947601,-0.4209169685948918
KMT2C,3,0.005244755244755245,0.0,0.3381454025230849,0.009732925226541535,0.0006194692066991195,-0.4986609429296157,-0.19366538065235667,-0.4498840933243504,-0.5422160926446964,-0.42136771238226406
BIRC3,4,0.006993006993006993,0.0,0.2976871994504236,0.00521107023595665,0.0007105889325593002,-0.44720538371861807,-0.19366538065235667,-0.5845183155810768,-0.49832766800966544,-0.42150742618275394
FH,4,0.006993006993006993,0.00026885810522499177,0.27500132212174094,0.001960415801854008,0.0008509194637622629,-0.44720538371861807,-0.17501582815013755,-0.6813036685992594,-0.4307365302559628,-0.42268388111009514
PHB,3,0.005244755244755245,2.6866520299094732e-05,0.33984706881903143,0.009188611661751181,0.000623408504879252,-0.4986609429296157,-0.19180176348355082,-0.46609054700584207,-0.5403187033619525,-0.4237636209698121
MTA1,3,0.005244755244755245,0.0,0.33694032268515517,0.008963984414282233,0.0006393112331838575,-0.4986609429296157,-0.19366538065235667,-0.47277862409447496,-0.5326590480447382,-0.4240352096162973
WEE1,3,0.005244755244755245,0.0,0.33742132243202905,0.008538593834924184,0.0006602308448410179,-0.4986609429296157,-0.19366538065235667,-0.4854442513484354,-0.5225829773482763,-0.424553120927797
BAP1,3,0.005244755244755245,0.0,0.3057744325532165,0.011197139445566549,0.0004911307938895618,-0.4986609429296157,-0.19366538065235667,-0.40628841345267586,-0.6040311464675614,-0.4250115871725021
CDKN1C,3,0.005244755244755245,0.0,0.33838745363441136,0.009873107808187153,0.0005686416241013411,-0.4986609429296157,-0.19366538065235667,-0.4457102812730806,-0.5666975373282153,-0.42542923890871387
CASP10,3,0.005244755244755245,0.0,0.33742132243202905,0.007769882620010632,0.000694245390821423,-0.4986609429296157,-0.19366538065235667,-0.5083319460612026,-0.5061996440616233,-0.42585399321301987
LMNA,4,0.006993006993006993,2.8444221305922814e-05,0.2837498635817963,0.00404188790746029,0.0007292833044738388,-0.44720538371861807,-0.19169232502070432,-0.6193296825535182,-0.4893233988997096,-0.42617558184733795
NPHS2,3,0.005244755244755245,8.308908926477365e-05,0.22131426625808648,0.00010998193729275619,0.0011396613381733966,-0.4986609429296157,-0.1879018410658963,-0.7363986959080605,-0.2916620776668942,-0.42711894500683056
NKX2-1,3,0.005244755244755245,0.00019310504116928082,0.28256262565886,0.0021863504115492444,0.0009837733287260144,-0.4986609429296157,-0.18027049861703193,-0.6745766659597384,-0.3667465787400723,-0.4278636036195856
UMOD,3,0.005244755244755245,0.000553377351445641,0.2707487243569718,0.0009049885865023379,0.0009958074141870631,-0.4986609429296157,-0.15527992836819351,-0.712728077958542,-0.3609502810907665,-0.4280869839272756
TYMS,3,0.005244755244755245,2.189141856392294e-06,0.3364606923325784,0.00896843738391457,0.000592553697286908,-0.4986609429296157,-0.1935135291173195,-0.47264604087267087,-0.5551801275471272,-0.428474945988655
HNF1B,3,0.005244755244755245,2.1994128334705076e-05,0.23207033516311865,0.00015779371789319502,0.0011298857456883543,-0.4986609429296157,-0.1921397407584975,-0.7349751425413,-0.29637055708770466,-0.42883540514079077
SDHC,2,0.0034965034965034965,0.0,0.1743737634552832,1.5905765832660214e-06,0.001323772854108091,-0.5501165021406134,-0.19366538065235667,-0.7396259525491636,-0.2029835361627185,-0.4294790186546803
SDHAF2,2,0.0034965034965034965,0.0,0.1743737634552832,1.5905765832660214e-06,0.001323772854108091,-0.5501165021406134,-0.19366538065235667,-0.7396259525491636,-0.2029835361627185,-0.4294790186546803
SALL1,2,0.0034965034965034965,0.0016451732738948152,0.2678341488539789,0.0011171994642936325,0.0009541053203661453,-0.5501165021406134,-0.07954665129110768,-0.706409687265931,-0.38103637314717553,-0.42991665065461293
TNFSF12,4,0.006993006993006993,2.4770211645662352e-05,0.23553924899216377,0.0008009734499716751,0.0008859844870393793,-0.44720538371861807,-0.1919471755709429,-0.7158250364056598,-0.41384722756222136,-0.43044313098782827
MMP1,3,0.005244755244755245,0.0,0.3145224702110929,0.008897697142792467,0.0005640615230633481,-0.4986609429296157,-0.19366538065235667,-0.47475226881796284,-0.5689035735879734,-0.43167884366964193
CDC73,3,0.005244755244755245,0.0,0.3126503126503126,0.008722148274912897,0.0005722924173320529,-0.4986609429296157,-0.19366538065235667,-0.47997908067818956,-0.5649391083815563,-0.4319313130004038
HJV,3,0.005244755244755245,3.289739058807239e-05,0.23150209242275843,0.00022762521026089525,0.001046540919126867,-0.4986609429296157,-0.19138342745461004,-0.7328959717842707,-0.3365141495396444,-0.43625921115380106
SLC2A1,2,0.0034965034965034965,0.0,0.3549003549003549,0.012307586802112785,0.00047132983823498114,-0.5501165021406134,-0.19366538065235667,-0.37322582818248734,-0.6135684090278236,-0.43831596835436604
FGFBP1,4,0.006993006993006993,2.0031363391824913e-06,0.23577420086148265,0.0008081220583339227,0.0008014537836928274,-0.44720538371861807,-0.1935264315353292,-0.7156121929312287,-0.4545620054892755,-0.43893833186944947
VEGFC,3,0.005244755244755245,4.759586503104935e-05,0.32601880877742945,0.006894871485596738,0.0006037300627839319,-0.4986609429296157,-0.19036385629235167,-0.53438462660781,-0.5497969564480135,-0.4389586107096181
HNF1A,2,0.0034965034965034965,0.0013596708926564968,0.3085687158794208,0.0048333002768631604,0.0006773784584825161,-0.5501165021406134,-0.09935074700158229,-0.5957660810977523,-0.5143237146927858,-0.43939642165771786
PIK3CB,3,0.005244755244755245,9.217439395335974e-07,0.3213645633767999,0.007117609381016595,0.0005914784156483726,-0.4986609429296157,-0.19360144316391995,-0.5277528033009168,-0.5556980441311468,-0.43962186030275824
PCSK9,3,0.005244755244755245,3.823567958362602e-05,0.32290114257327374,0.005963818509664389,0.0006498872966036757,-0.4986609429296157,-0.19101313286813557,-0.5621059032863991,-0.5275650164510935,-0.440218797189898
BUB1,3,0.005244755244755245,8.756567425569177e-06,0.2909090909090909,0.005348944384024214,0.0006834978032391555,-0.4986609429296157,-0.19305797451220807,-0.5804132350924202,-0.5113762914138831,-0.4411537289546782
FGF23,3,0.005244755244755245,9.00049091687283e-06,0.32027593003202753,0.007179897989046013,0.0005659575766454771,-0.4986609429296157,-0.19304105456867954,-0.5258982152358515,-0.5679903267146132,-0.44156930205762834
HLA-B,3,0.005244755244755245,0.0001320088354036468,0.285291051736435,0.0025270817810127692,0.0008249161779906376,-0.4986609429296157,-0.18450848465862463,-0.6644316916025981,-0.4432611865483044,-0.4421970268202021
BMP4,3,0.005244755244755245,0.0,0.3069657615112161,0.005803721062858346,0.000637076331052262,-0.4986609429296157,-0.19366538065235667,-0.5668726627868472,-0.5337355035854375,-0.4430693084629116
COL4A5,3,0.005244755244755245,0.0,0.2854633289415898,0.002440874987531839,0.0008423483231634601,-0.4986609429296157,-0.19366538065235667,-0.6669984224282697,-0.4348648773800974,-0.44332033515012803
CYP1B1,1,0.0017482517482517483,0.0,0.002331002331002331,1.957576527869769e-46,0.0013657843725931433,-0.6015720613516109,-0.19366538065235667,-0.7396733105563694,-0.18274840764989037,-0.4434509102774049
CYP3A5,1,0.0017482517482517483,0.0,0.002331002331002331,1.957576527869769e-46,0.0013657843725931433,-0.6015720613516109,-0.19366538065235667,-0.7396733105563694,-0.18274840764989037,-0.4434509102774049
GATA2,3,0.005244755244755245,8.543726551530652e-05,0.2967528391257205,0.005960413852895527,0.0005813470006928089,-0.4986609429296157,-0.18773895798587112,-0.5622072739223618,-0.5605779078217572,-0.4460231058706571
DICER1,2,0.0034965034965034965,0.0,0.33790369744622784,0.01118747983956132,0.00044965503305777633,-0.5501165021406134,-0.19366538065235667,-0.40657601965511453,-0.6240082237278636,-0.44707396958889944
PLCE1,3,0.005244755244755245,0.0,0.24737167594310452,0.0003859355037906535,0.0009071681576154386,-0.4986609429296157,-0.19366538065235667,-0.7281824231877342,-0.40364397112357364,-0.4493129540507162
ACTA2,3,0.005244755244755245,6.453209472321632e-06,0.3022552894675657,0.0056969036075581935,0.0005672146316815473,-0.4986609429296157,-0.1932177487360298,-0.5700530577901638,-0.5673848577594354,-0.4503233503192928
B2M,3,0.005244755244755245,0.0,0.2669267491401879,0.0008287109088607245,0.000863981521951919,-0.4986609429296157,-0.19366538065235667,-0.7149991781654726,-0.4244451026751251,-0.4508365313565742
CYP1A1,3,0.005244755244755245,1.714164411187178e-05,0.2903730176457449,0.0036131344268680496,0.0006856210791078275,-0.4986609429296157,-0.19247633711739912,-0.6320954372094265,-0.5103536014083778,-0.45114022202827614
IL1RN,3,0.005244755244755245,0.0,0.2950856883441153,0.003335167438346417,0.0006970150091094138,-0.4986609429296157,-0.19366538065235667,-0.6403716577849593,-0.5048656389123233,-0.4519951345279111
ACE,3,0.005244755244755245,0.0,0.288953100689042,0.004281675706254387,0.0006253714052966502,-0.4986609429296157,-0.19366538065235667,-0.6121902134939144,-0.539373259263852,-0.45326036974000794
ABL1,3,0.005244755244755245,0.00021777915338488824,0.2837498635817963,0.0030048185894974455,0.0006314651203606124,-0.4986609429296157,-0.1785589595476573,-0.6502075017982661,-0.536438180697632,-0.4565002064114595
LAMA5,3,0.005244755244755245,0.0,0.2767724079199489,0.0018451488596684011,0.0007385947550253049,-0.4986609429296157,-0.19366538065235667,-0.6847356395813857,-0.4848384765416472,-0.4568624984130612
GLI3,2,0.0034965034965034965,0.00035203666816442897,0.3083674316551029,0.004874465704699648,0.000667553518059469,-0.5501165021406134,-0.16924608215233689,-0.5945404169903958,-0.5190559628775777,-0.4575715722608936
CDK12,2,0.0034965034965034965,0.0,0.33670033670033667,0.007470979975904444,0.0005628631151582955,-0.5501165021406134,-0.19366538065235667,-0.5172315072155311,-0.5694807947607372,-0.4582995813075575
GPC3,3,0.005244755244755245,1.791625048709806e-06,0.2805503102239007,0.0037872693083573863,0.0005702595426016915,-0.4986609429296157,-0.1935411031812265,-0.6269107255400123,-0.5659182560749199,-0.46148240214365854
TP63,2,0.0034965034965034965,0.0,0.33742132243202905,0.00767726842746232,0.0005099580838758566,-0.5501165021406134,-0.19366538065235667,-0.5110894515118725,-0.5949628564804592,-0.46216758251077017
PRKN,2,0.0034965034965034965,0.0,0.33598242553466434,0.007753522528235212,0.0005028857701415017,-0.5501165021406134,-0.19366538065235667,-0.5088190532852994,-0.598369283633256,-0.4623947882960149
FLCN,3,0.005244755244755245,0.0,0.2777481038350603,0.004016956999861623,0.0005447288144155043,-0.4986609429296157,-0.19366538065235667,-0.6200719782179501,-0.5782153018495779,-0.46260513120196023
SDHA,3,0.005244755244755245,0.0,0.2196688070294018,0.00035270822962985297,0.0007293718600967947,-0.4986609429296157,-0.19366538065235667,-0.7291717358091394,-0.4892807454923665,-0.46663817144875586
SDCCAG8,2,0.0034965034965034965,0.0,0.007453073242546927,5.338106631830819e-32,0.0009102718467310011,-0.5501165021406134,-0.19366538065235667,-0.7396733105563694,-0.4021490585286,-0.46932159472929774
FOLH1,2,0.0034965034965034965,0.0,0.3213645633767999,0.005630412352970488,0.0005532902978595971,-0.5501165021406134,-0.19366538065235667,-0.5720327759294959,-0.5740916061585186,-0.4701819973299067
NRG1,2,0.0034965034965034965,0.0,0.32268073223704624,0.006762140267861794,0.00046629016128995997,-0.5501165021406134,-0.19366538065235667,-0.5383365809066852,-0.6159958030931422,-0.47182359771226934
FGFRL1,3,0.005244755244755245,2.0031363391824913e-06,0.23530476492148963,0.000721970755217267,0.000648817558947079,-0.4986609429296157,-0.1935264315353292,-0.7181772715805143,-0.5280802627391787,-0.4721644447731364
POT1,2,0.0034965034965034965,0.0,0.2909090909090909,0.007402149341004978,0.00040922327083091445,-0.5501165021406134,-0.19366538065235667,-0.5192808783290279,-0.6434824520862543,-0.4735097869953603
RECQL,2,0.0034965034965034965,0.0,0.2909090909090909,0.007032504122718058,0.0004120605113861808,-0.5501165021406134,-0.19366538065235667,-0.5302867368934001,-0.6421158762202083,-0.4754376435350255
FHIT,2,0.0034965034965034965,0.00012167091200041114,0.3040046769950307,0.004283399876312579,0.0005557044516485985,-0.5501165021406134,-0.18522558279152718,-0.6121388778594666,-0.572928812859639,-0.4758607095909176
MKI67,2,0.0034965034965034965,0.0,0.290730180029073,0.004960780076208369,0.0005349412920222064,-0.5501165021406134,-0.19366538065235667,-0.5919704831243495,-0.582929527390391,-0.4759371230152519
WNT5A,2,0.0034965034965034965,3.5206328989166115e-06,0.3083674316551029,0.005460000154778143,0.0004803421425960728,-0.5501165021406134,-0.19342116920098737,-0.5771066480051056,-0.6092275724306343,-0.4781629121366095
HFE,2,0.0034965034965034965,0.0,0.22298456260720412,8.854407464413728e-05,0.0008128067233603765,-0.5501165021406134,-0.19366538065235667,-0.7370369892568196,-0.44909378626142304,-0.47818327601595234
CLCNKA,1,0.0017482517482517483,0.0,0.137460678315578,1.0791197434261577e-08,0.0009971094755971742,-0.6015720613516109,-0.19366538065235667,-0.7396729892580357,-0.3603231345148919,-0.4789657913907385
WNT4,2,0.0034965034965034965,0.0,0.3034193021356051,0.004272369169826092,0.0005236563981453001,-0.5501165021406134,-0.19366538065235667,-0.6124673073628104,-0.5883649719086382,-0.48112357676659356
PTCH1,2,0.0034965034965034965,0.0,0.30478869937283865,0.00511227245728132,0.00047028863454994896,-0.5501165021406134,-0.19366538065235667,-0.5874599318249283,-0.6140699117378995,-0.48126308962486936
MTHFR,2,0.0034965034965034965,5.896678401056685e-06,0.25874508633129323,0.00037904329123280927,0.0007570762731180676,-0.5501165021406134,-0.1932563529485529,-0.7283876327044669,-0.47593672989680097,-0.4817197365066065
PKD2,2,0.0034965034965034965,0.0,0.22992571630703926,0.00014612746766310013,0.0007693640455258698,-0.5501165021406134,-0.19366538065235667,-0.7353224947959947,-0.47001824223497723,-0.4820252683184982
PBRM1,2,0.0034965034965034965,3.502626970227671e-06,0.29361942405420666,0.0035815306217317562,0.0005524925244404782,-0.5501165021406134,-0.1934224181962972,-0.6330364124803578,-0.5744758590549174,-0.482398834605344
TNFRSF1A,2,0.0034965034965034965,0.00017972468500306694,0.2945341263098272,0.0029599703865361184,0.0005579658423691172,-0.5501165021406134,-0.1811986374753021,-0.6515428172689928,-0.5718395989131426,-0.4825169183544673
CUL3,2,0.0034965034965034965,2.189141856392294e-05,0.25225574852042304,0.00046567473114766977,0.0007341889257824498,-0.5501165021406134,-0.1921468653019852,-0.7258082584078115,-0.4869605736271518,-0.48313125848170363
GNA11,2,0.0034965034965034965,0.0,0.2952700017034808,0.003887613092631412,0.0005146722591770684,-0.5501165021406134,-0.19366538065235667,-0.6239230783504941,-0.5926922424562134,-0.4842801850736453
ERG,1,0.0017482517482517483,0.0,0.14945535021412354,7.752498986081445e-08,0.0009289437076994136,-0.6015720613516109,-0.19366538065235667,-0.7396710023185473,-0.3931556319662176,-0.485531893493106
HAVCR2,2,0.0034965034965034965,0.0,0.2943507302162346,0.003059055525294084,0.0005425644921915929,-0.5501165021406134,-0.19366538065235667,-0.6485926451335186,-0.5792577621062716,-0.48652720236026187
HAVCR1,2,0.0034965034965034965,0.0,0.2660254770553026,0.0005826367910038426,0.0006946178226519687,-0.5501165021406134,-0.19366538065235667,-0.7223258168003145,-0.506020259782618,-0.4866263362288903
STAT6,2,0.0034965034965034965,0.0,0.2943507302162346,0.003126293886457916,0.0005251258764922104,-0.5501165021406134,-0.19366538065235667,-0.6465906825584341,-0.587657187846819,-0.48780669499335444
CLU,2,0.0034965034965034965,0.0,0.28071690779529257,0.002367471282342365,0.0005694641141116607,-0.5501165021406134,-0.19366538065235667,-0.6691839526541448,-0.5663013795205594,-0.48805418734724465
RARA,2,0.0034965034965034965,0.0,0.2858085082994394,0.003586556957497354,0.0004886009952686553,-0.5501165021406134,-0.19366538065235667,-0.6328867577904106,-0.6052496408722288,-0.4885844006448317
LZTR1,2,0.0034965034965034965,0.0,0.28121788978421935,0.0042397736190712505,0.00043838026068630017,-0.5501165021406134,-0.19366538065235667,-0.6134378109800306,-0.6294387931554095,-0.4895324417393918
LRP2,1,0.0017482517482517483,0.0,0.16178209196689688,4.0401100984660915e-07,0.0008849355320049361,-0.6015720613516109,-0.19366538065235667,-0.7396612814868377,-0.41435246376151963,-0.4897693156858245
CD8B2,2,0.0034965034965034965,0.0,0.25198681915099824,0.0003735309319350792,0.0006703137288991304,-0.5501165021406134,-0.19366538065235667,-0.7285517583140663,-0.5177264888886068,-0.49021277035283845
DNMT3B,2,0.0034965034965034965,0.0,0.26936026936026936,0.0016502475278631751,0.0005882338276844126,-0.5501165021406134,-0.19366538065235667,-0.6905386538927762,-0.5572608215976471,-0.4905170160103885
APOA1,2,0.0034965034965034965,4.754378763734464e-05,0.2927103855896425,0.0030135517962271018,0.000492955753771503,-0.5501165021406134,-0.19036746868144913,-0.6499474783127049,-0.6031521423497984,-0.49075256705207765
CALCA,2,0.0034965034965034965,0.0,0.24392532132470213,0.0003824788064476549,0.0006564872316033126,-0.5501165021406134,-0.19366538065235667,-0.728285343285641,-0.5243861136713361,-0.4914914123036993
IFT172,1,0.0017482517482517483,0.0,0.003996003996003996,6.706037283163754e-40,0.0008641983161050864,-0.6015720613516109,-0.19366538065235667,-0.7396733105563694,-0.4243406823230797,-0.4917693652120428
FBN1,2,0.0034965034965034965,0.0,0.28105069722192194,0.0026294266431419145,0.0005124895019279427,-0.5501165021406134,-0.19366538065235667,-0.6613844640945468,-0.5937435820659465,-0.49198273014440247
ANLN,2,0.0034965034965034965,0.0,0.258603540879252,0.0007185285285660189,0.0006153131395517037,-0.5501165021406134,-0.19366538065235667,-0.7182797608264071,-0.5442178901485364,-0.49345665110729253
SOD2,2,0.0034965034965034965,0.0,0.2817206631270993,0.002818689121025555,0.0004691893892670603,-0.5501165021406134,-0.19366538065235667,-0.6557493416580025,-0.6145993705712974,-0.49502686335816376
IL2RA,2,0.0034965034965034965,1.5921031682853049e-06,0.26542800265428,0.002234163895375335,0.0004912995776391617,-0.5501165021406134,-0.19355494317232963,-0.6731530618809448,-0.6039498506471009,-0.4963500940479062
KDM6A,1,0.0017482517482517483,0.0,0.3357438016528926,0.007237288373043582,0.00036642492477869965,-0.6015720613516109,-0.19366538065235667,-0.5241894674474735,-0.6640965613527687,-0.4966237723962015
KLF6,1,0.0017482517482517483,0.0,0.3357438016528926,0.007237288373043582,0.00036642492477869965,-0.6015720613516109,-0.19366538065235667,-0.5241894674474735,-0.6640965613527687,-0.4966237723962015
DROSHA,1,0.0017482517482517483,0.0,0.3357438016528926,0.007237288373043582,0.00036642492477869965,-0.6015720613516109,-0.19366538065235667,-0.5241894674474735,-0.6640965613527687,-0.4966237723962015
PPM1D,1,0.0017482517482517483,0.0,0.3357438016528926,0.007237288373043582,0.00036642492477869965,-0.6015720613516109,-0.19366538065235667,-0.5241894674474735,-0.6640965613527687,-0.4966237723962015
SPDYE2B,2,0.0034965034965034965,6.5112937267052855e-06,0.26468492313957037,0.001286836820171001,0.0005455328434782166,-0.5501165021406134,-0.19321371967634873,-0.7013588854331012,-0.5778280358806551,-0.4966815899310531
SMARCE1,2,0.0034965034965034965,0.0,0.27823853603724114,0.0021710748456698187,0.00048825801042432827,-0.5501165021406134,-0.19366538065235667,-0.6750314823870653,-0.6054148418136177,-0.4970463857524404
GREM1,2,0.0034965034965034965,0.0,0.2566380416543283,0.0033631370682825268,0.0004039116387746351,-0.5501165021406134,-0.19366538065235667,-0.6395388868577409,-0.6460408351475548,-0.49807306531336293
ROBO2,1,0.0017482517482517483,0.0,0.1948587274226186,5.625138346701283e-06,0.0007740316911594722,-0.6015720613516109,-0.19366538065235667,-0.7395058270506022,-0.467770039535951,-0.5004217399534636
MTCP1,2,0.0034965034965034965,0.0,0.25401787895071076,0.0008445470397525715,0.0005340173132599787,-0.5501165021406134,-0.19366538065235667,-0.7145276714120233,-0.5833745679333422,-0.500537568781377
PDPN,2,0.0034965034965034965,0.0,0.24317246539468762,0.0004945868882085184,0.0005450312216684987,-0.5501165021406134,-0.19366538065235667,-0.7249474245713092,-0.5780696453761103,-0.5015605349017878
CYP17A1,1,0.0017482517482517483,0.0,0.2061610434920509,1.4970892960936472e-05,0.000752406674052297,-0.6015720613516109,-0.19366538065235667,-0.7392275654949995,-0.47818587347947983,-0.5024492544310488
GSTM1,1,0.0017482517482517483,0.0,0.2061610434920509,1.4970892960936472e-05,0.000752406674052297,-0.6015720613516109,-0.19366538065235667,-0.7392275654949995,-0.47818587347947983,-0.5024492544310488
ABCC1,1,0.0017482517482517483,0.0,0.21714619785359335,6.169728566252214e-05,0.0007089003666412834,-0.6015720613516109,-0.19366538065235667,-0.7378363285903798,-0.49914097706360055,-0.506362027766949
CFTR,1,0.0017482517482517483,0.0,0.21714619785359335,6.169728566252214e-05,0.0007089003666412834,-0.6015720613516109,-0.19366538065235667,-0.7378363285903798,-0.49914097706360055,-0.506362027766949
NOTCH2,1,0.0017482517482517483,0.0,0.3191946473512982,0.005070298429069203,0.00036668501816832335,-0.6015720613516109,-0.19366538065235667,-0.5887096712913834,-0.6639712856342478,-0.5095027580212792
SPINK1,1,0.0017482517482517483,0.0,0.3191946473512982,0.005070298429069203,0.00036668501816832335,-0.6015720613516109,-0.19366538065235667,-0.5887096712913834,-0.6639712856342478,-0.5095027580212792
CD82,1,0.0017482517482517483,0.0,0.3191946473512982,0.005070298429069203,0.00036668501816832335,-0.6015720613516109,-0.19366538065235667,-0.5887096712913834,-0.6639712856342478,-0.5095027580212792
SIX1,1,0.0017482517482517483,0.0,0.20697341187708962,2.9818237666209942e-05,0.0006674432784800008,-0.6015720613516109,-0.19366538065235667,-0.7387854989733763,-0.5191090605074227,-0.5105454785323128
RNF43,1,0.0017482517482517483,0.0,0.2277106323349098,0.0001083395376120802,0.0006540282674014722,-0.6015720613516109,-0.19366538065235667,-0.7364475969020338,-0.5255704902048904,-0.5113701840575378
CYP24A1,1,0.0017482517482517483,0.0,0.2223552552809373,8.87209178203865e-05,0.0006538090276093729,-0.6015720613516109,-0.19366538065235667,-0.7370317239080755,-0.5256760885152643,-0.511508129120821
ABCA1,1,0.0017482517482517483,0.0,0.30736493675375337,0.004829088695662835,0.0003571076743054996,-0.6015720613516109,-0.19366538065235667,-0.5958914771930622,-0.6685842772818774,-0.511861717531141
ABCB1,1,0.0017482517482517483,0.0,0.30736493675375337,0.004829088695662835,0.0003571076743054996,-0.6015720613516109,-0.19366538065235667,-0.5958914771930622,-0.6685842772818774,-0.511861717531141
MYH9,1,0.0017482517482517483,0.0,0.17233950883239982,1.2120275885223804e-06,0.0006550310310277363,-0.6015720613516109,-0.19366538065235667,-0.7396372235097759,-0.5250875024058976,-0.5119115118192876
MUC16,1,0.0017482517482517483,0.0,0.30322467782377976,0.004056272908570056,0.00036683161578904624,-0.6015720613516109,-0.19366538065235667,-0.6189013819024342,-0.663900675910963,-0.5155269781988324
SUFU,1,0.0017482517482517483,0.0,0.30322467782377976,0.004056272908570056,0.00036683161578904624,-0.6015720613516109,-0.19366538065235667,-0.6189013819024342,-0.663900675910963,-0.5155269781988324
FAT4,1,0.0017482517482517483,0.0,0.30322467782377976,0.004056272908570056,0.00036683161578904624,-0.6015720613516109,-0.19366538065235667,-0.6189013819024342,-0.663900675910963,-0.5155269781988324
GLIS2,1,0.0017482517482517483,0.0,0.00572155117609663,4.476023095076769e-33,0.0006119506534066192,-0.6015720613516109,-0.19366538065235667,-0.7396733105563694,-0.5458374540615284,-0.5160687195597325
METTL3,1,0.0017482517482517483,0.0,0.29825064525379985,0.004004661328144852,0.00035599735738699927,-0.6015720613516109,-0.19366538065235667,-0.6204380709392245,-0.6691190688425256,-0.516877994592503
MME,1,0.0017482517482517483,0.0,0.24582801493877934,0.0001948553318479371,0.0005858252340202512,-0.6015720613516109,-0.19366538065235667,-0.7338716658529133,-0.5584209368252563,-0.5174250871717869
CD46,1,0.0017482517482517483,0.0,0.20652130743873862,2.1532792354189517e-05,0.0005757127867222782,-0.6015720613516109,-0.19366538065235667,-0.7390321907598129,-0.5632916646168854,-0.5194313377114926
AIP,1,0.0017482517482517483,0.0,0.2938019097124131,0.0033217059456408836,0.00036646148347730626,-0.6015720613516109,-0.19366538065235667,-0.6407724617922965,-0.6640789526113748,-0.5199368495168872
AVPR2,1,0.0017482517482517483,0.0,0.2938019097124131,0.0033217059456408836,0.00036646148347730626,-0.6015720613516109,-0.19366538065235667,-0.6407724617922965,-0.6640789526113748,-0.5199368495168872
TFF1,1,0.0017482517482517483,0.0,0.24763083956378873,0.0002106116750524065,0.0005464993643401147,-0.6015720613516109,-0.19366538065235667,-0.733402534707098,-0.5773625046512187,-0.5211195745078163
SEPTIN9,1,0.0017482517482517483,0.0,0.22100386756768242,7.34302429391848e-05,0.0005372652639527638,-0.6015720613516109,-0.19366538065235667,-0.7374869901925312,-0.5818101707860404,-0.5228259988318673
ENG,1,0.0017482517482517483,0.0,0.24180423157405256,0.0001946111602909588,0.0005246366086790133,-0.6015720613516109,-0.19366538065235667,-0.7338789358444853,-0.5878928469573258,-0.5233209231965152
SLC34A1,1,0.0017482517482517483,0.0,0.19696969696969696,2.2217368456408455e-05,0.0005119893416870211,-0.6015720613516109,-0.19366538065235667,-0.7390118081134677,-0.5939844875870276,-0.525565825776252
TNFSF10,1,0.0017482517482517483,0.0,0.25552825552825553,0.00034367097245614216,0.0004697930237016534,-0.6015720613516109,-0.19366538065235667,-0.7294408121270334,-0.6143086260136327,-0.5277164542642861
ZEB2,1,0.0017482517482517483,0.0,0.2805503102239007,0.0017808834046489008,0.0003750089397897323,-0.6015720613516109,-0.19366538065235667,-0.686649086512466,-0.6599620131819833,-0.5282887865750429
FRAS1,1,0.0017482517482517483,0.0,0.2231951240449824,0.00013569491323657312,0.0004731792978627856,-0.6015720613516109,-0.19366538065235667,-0.7356331148522085,-0.6126776044438087,-0.5286287104953564
LMX1B,1,0.0017482517482517483,0.0,0.24608395248686762,0.00025955355220942135,0.0004624532920486336,-0.6015720613516109,-0.19366538065235667,-0.731945333717562,-0.6178438567932907,-0.5289244047383236
SPDYE6,1,0.0017482517482517483,0.0,0.25832091405861896,0.000461334776539366,0.0004358937714944003,-0.6015720613516109,-0.19366538065235667,-0.7259374767074993,-0.6306364272842914,-0.530281347434511
LDLR,1,0.0017482517482517483,0.0,0.22672770874209722,0.00015151114766121939,0.00045448188102493363,-0.6015720613516109,-0.19366538065235667,-0.7351622004984253,-0.6216833401614182,-0.5303356747681216
PAX2,1,0.0017482517482517483,0.0,0.24763083956378873,0.0003594341720920053,0.00043648649340793596,-0.6015720613516109,-0.19366538065235667,-0.7289714768370537,-0.630350938815289,-0.5308310497666215
IRF1,1,0.0017482517482517483,0.0,0.2779113890225001,0.0013453836358456144,0.0003752973756059107,-0.6015720613516109,-0.19366538065235667,-0.6996157059170902,-0.6598230861443866,-0.5308543250484483
CA9,1,0.0017482517482517483,0.0,0.25931282102428566,0.0004707273281555624,0.00042776304016426975,-0.6015720613516109,-0.19366538065235667,-0.7256578218126639,-0.6345526483422618,-0.5310086606671381
HOXB13,1,0.0017482517482517483,0.0,0.27121472904605437,0.0014798216093136498,0.00036463341198676697,-0.6015720613516109,-0.19366538065235667,-0.6956129344798535,-0.6649594554562045,-0.5310810446233646
SMO,1,0.0017482517482517483,0.0,0.24292254508081845,0.0005073523214096605,0.00042436257458662943,-0.6015720613516109,-0.19366538065235667,-0.7245673451184332,-0.6361905053026446,-0.5311181367203686
COL18A1,1,0.0017482517482517483,0.0,0.27215156748835506,0.001269562594491516,0.00037294019344316106,-0.6015720613516109,-0.19366538065235667,-0.701873210183516,-0.6609584386789148,-0.5315328964086391
DGKE,1,0.0017482517482517483,0.0,0.24906600249066,0.000565907146990528,0.00040999088041180395,-0.6015720613516109,-0.19366538065235667,-0.722823927114567,-0.6431127278040316,-0.5321538976198728
RARB,1,0.0017482517482517483,0.0,0.2580389043271139,0.00038509825483523744,0.00041623327340739987,-0.6015720613516109,-0.19366538065235667,-0.7282073515328895,-0.6401060375188802,-0.5326292444465068
RAD51B,1,0.0017482517482517483,0.0,0.1856744983217882,0.00014907024855592913,0.0004289663547290929,-0.6015720613516109,-0.19366538065235667,-0.7352348761046382,-0.6339730638440433,-0.5328081546258893
KRT19,1,0.0017482517482517483,0.0,0.23082386363636362,0.00021626333180029637,0.0004150749175362128,-0.6015720613516109,-0.19366538065235667,-0.7332342616394525,-0.6406639673619874,-0.5337462124364409
ALPL,1,0.0017482517482517483,0.0,0.2495920130555822,0.0006954882858937531,0.0003797704864026987,-0.6015720613516109,-0.19366538065235667,-0.7189657636193417,-0.6576685824489933,-0.5342934358498199
NSD2,1,0.0017482517482517483,0.0,0.2552523070881602,0.0007560304790155903,0.00037178506222878643,-0.6015720613516109,-0.19366538065235667,-0.7171631735093877,-0.6615148153445277,-0.5347021644069361
