Gene,Degree,Degree_Centrality,Betweenness_Centrality,Closeness_Centrality,Eigenvector_Centrality,PageRank,Zscore_Degree,Zscore_Betweenness,Zscore_Eigenvector,Zscore_PageRank,Composite_Score
TP53,274,0.44264943457189015,0.3181367513783028,0.5808244981784647,0.28809291516125873,0.032025622122055876,12.330066817236219,20.168315653010254,8.213247350097873,13.967880819699367,13.793827933244687
EGFR,173,0.27948303715670436,0.13453102824929697,0.516986129910201,0.20972113831632214,0.019484531218154758,7.555947406278734,8.429525880666546,5.77521156856854,8.20803857434493,7.548613090946888
STAT3,159,0.2568659127625202,0.0846922614612037,0.5024996534153442,0.21055950647057253,0.01697189627510567,6.894188280007399,5.243095763631335,5.801292023043897,7.054041605259409,6.2948065645710845
AKT1,143,0.23101777059773831,0.06858345222912536,0.4968438131604529,0.19983367803070323,0.015401707493720197,6.137892135697303,4.213182742209381,5.467626581533165,6.332889055971025,5.561661060547239
CTNNB1,121,0.19547657512116318,0.07648969498719374,0.4867299441902655,0.17180037963446107,0.013600823567839348,5.097984937270921,4.718666558532847,4.5955500851746045,5.505783392296933,4.984228063172342
BRCA1,101,0.1631663974151858,0.07572829634294746,0.4620407441226434,0.15163155246587232,0.008765066765990296,4.1526147568833,4.669986710947298,3.9681262307200753,3.2848285703455153,4.071502802859097
EP300,106,0.17124394184168015,0.0456953318335103,0.4730870603465153,0.11129298988379491,0.012783837558871164,4.388957301980205,2.749836017339388,2.713250267589236,5.130560011462121,3.7923561158381895
IL6,89,0.14378029079159937,0.04249994916598082,0.45185401905537254,0.11579248812533197,0.010424167126992389,3.5853926486507275,2.5455399598032944,2.853223331278992,4.046816217338016,3.2712803267019797
SRC,96,0.15508885298869146,0.016015493937823436,0.45725466470145265,0.1613660171041031,0.009435517705264126,3.9162722117863944,0.8522623927421297,4.270951738287625,3.5927516747275847,3.1565015549138127
TNF,87,0.14054927302100162,0.029771957499738624,0.45008204251005735,0.10794017048216653,0.009955363502316834,3.490855630611965,1.731778733584981,2.6089487702996044,3.831505209478118,2.9428349500659774
PTEN,82,0.1324717285945073,0.01406505601350637,0.4514985084188223,0.16121886468480467,0.007210486380286573,3.25451308551506,0.7275615916593806,4.266374033429688,2.5708446077071168,2.688413706072477
ESR1,77,0.12439418416801293,0.016383042050924054,0.46166902992785447,0.14739892773257102,0.007784515184078739,3.018170540418155,0.875761497004137,3.836455226628998,2.8344831842446574,2.60948774557212
JUN,60,0.09693053311793215,0.024763416710616784,0.4561642322737067,0.10874403917610746,0.006214878512057295,2.214605887088678,1.4115588276488273,2.633955995073351,2.113584206424925,2.0775098076928993
ERBB2,68,0.10985460420032311,0.006878202557763109,0.44867443643496724,0.13597185662680694,0.00602297890639892,2.592753959243726,0.2680717652865111,3.4809751117777714,2.0254490143584887,2.0757666522841838
CCND1,59,0.09531502423263329,0.01775888540000779,0.44762449625610223,0.10826233658816291,0.006298157853026682,2.1673373780692966,0.9637257257837779,2.6189709048694154,2.1518325430294816,1.9536602033499777
BCL2,55,0.0888529886914378,0.022848725221619112,0.44972931363661683,0.10304250523761377,0.0060592950629600375,1.9782633419917726,1.289143466704729,2.4565892909962628,2.042128211914146,1.9144215369553843
BRCA2,67,0.10823909531502424,0.009646989625389114,0.4032709797612952,0.10185697571554102,0.005289322118446193,2.545485450224345,0.4450935310427388,2.419709134500749,1.6884968789165333,1.823834493022662
PIK3CA,57,0.09208400646203554,0.005541120050721549,0.43639133399264113,0.1217387715631114,0.005101183851020755,2.0728003600305347,0.18258570204756217,3.0382038481442053,1.6020891852805883,1.6991851582075364
INS,56,0.09046849757673668,0.011243125698496448,0.4377228102214516,0.09700112262928343,0.005860545876843746,2.0255318510111535,0.547142124577573,2.2686503726511953,1.9508471609119302,1.689621185710922
RAD51,63,0.10177705977382877,0.009773132276764554,0.39658231112669184,0.08103778060809272,0.005261412059049068,2.356411414146821,0.4531584325097912,1.7720532479304199,1.6756784135678844,1.627579935378496
SHC1,51,0.08239095315024234,0.020141746463970444,0.3952166695594512,0.0680630571284541,0.005825719668039132,1.7891893059142485,1.1160734010624354,1.3684278438337991,1.9348522629995042,1.5658906287022565
NFKB1,54,0.08723747980613894,0.009935801429091208,0.44074854393265983,0.07929581616818174,0.006074260877861788,1.9309948329723916,0.46355864743264663,1.7178631835267817,2.0490016755998646,1.5451108252238281
HIF1A,49,0.0791599353796446,0.007770261824783242,0.438056949771239,0.10966998388003758,0.004715541639217897,1.6946522878754864,0.3251053698036355,2.6627608328705827,1.4249723522909576,1.491951280239637
IL1B,51,0.08239095315024234,0.0068359851581565,0.4387267616210421,0.09428593388091665,0.005328761379404158,1.7891893059142485,0.26537260553118697,2.184184668431912,1.7066104483924218,1.4707184318176505
ATM,56,0.09046849757673668,0.005383158674692132,0.4027049854037355,0.09494174897071814,0.0042215070814033495,2.0255318510111535,0.17248647772187703,2.2045861537544464,1.1980733417846174,1.4325896663921858
KRAS,47,0.07592891760904685,0.0030162394026170027,0.4357286288537002,0.1095624497703351,0.004044146825354123,1.6001152698367243,0.021158037249046597,2.6594155979181036,1.1166157474439657,1.3205361228275292
FN1,41,0.06623586429725364,0.02170566458786114,0.4052645509889287,0.05132885794105916,0.005508930458419538,1.316504215720438,1.2160621474078417,0.8478504365506839,1.7893580722292428,1.292233714110099
RELA,46,0.07431340872374799,0.006636938595206034,0.443130968494458,0.07450545890251126,0.005099791694549014,1.5528467608173433,0.25264660920839593,1.5688419045640576,1.6014497989848087,1.2407163592979424
IGF1,46,0.07431340872374799,0.0042790290270525375,0.4244486717458011,0.08703385575643188,0.004564410883230408,1.5528467608173433,0.10189420208814681,1.9585827149005715,1.3555613800255137,1.231798735793324
CASP3,45,0.07269789983844911,0.0045529792886470745,0.431469627218288,0.08099194585446254,0.004698671038361996,1.5055782517979623,0.11940914919400203,1.7706273931918057,1.417224063066445,1.1943749666794377
STAT1,42,0.06785137318255251,0.002982070268453146,0.4404102871836708,0.09372664522922902,0.00431090424976718,1.3637727247398193,0.018973441497798164,2.1667859848762796,1.239131459527539,1.1632473029141501
MYC,41,0.06623586429725364,0.004701041482954808,0.435067933434665,0.10024902551174487,0.0036434241787465355,1.316504215720438,0.128875471608087,2.369688064549396,0.9325728084136261,1.1534475179967796
TGFB1,40,0.06462035541195477,0.0099079307213765,0.42953188937149933,0.07360053982118238,0.004262824015223372,1.2692357067010571,0.46177674013099074,1.5406911443224771,1.2170492843631895,1.111224768115251
PIK3R1,42,0.06785137318255251,0.0012566825379975025,0.43342492764374857,0.09770311835513343,0.003758916418473247,1.3637727247398193,-0.09133882708747411,2.2904884726280432,0.9856158081403555,1.1097066030407479
MSH2,45,0.07269789983844911,0.004926500826271052,0.3895822160219437,0.07499997153237593,0.0033293629563930266,1.5055782517979623,0.14329016298206163,1.5842254971603271,0.7883315211124798,1.0372863325293635
IRS1,38,0.06138933764135703,0.0025129714294302844,0.4301758652176335,0.08536731784684044,0.0037334820533897373,1.174698688662295,-0.011018285121043483,1.906739063800277,0.9739343737568286,0.9845246572629635
WRN,43,0.06946688206785137,0.005036989626268089,0.38308051014707817,0.06216848034605237,0.0034722237864077267,1.4110412337592002,0.15035423905365794,1.185055848314267,0.8539443015500338,0.9392530215519946
MLH1,42,0.06785137318255251,0.004213667273166371,0.3864340769025745,0.07122995609994437,0.003164160626202019,1.3637727247398193,0.09771531335338622,1.4669456179587652,0.7124577898911261,0.9376299635672616
ERCC4,46,0.07431340872374799,0.0023122604813576035,0.3267964716402751,0.05310568072320144,0.003777857364726137,1.5528467608173433,-0.023850693524661383,0.9031248949679075,0.9943149606487267,0.9170216640282317
CD44,35,0.05654281098546042,0.0043506042816369,0.42602420504849525,0.07385764325521926,0.0038643227435472363,1.032893161604152,0.10647034956410244,1.5486892706502267,1.034026573100194,0.9046733627025629
MSH6,41,0.06623586429725364,0.003848875046464208,0.38539597327086844,0.06752916092319265,0.0030577097024213264,1.316504215720438,0.07439240605581222,1.3518190835829558,0.663567264134845,0.8824518465596666
CDKN2A,35,0.05654281098546042,0.0012354977529494627,0.4228847488580126,0.08677281625675778,0.002999208885660763,1.032893161604152,-0.09269327145779747,1.9504621431052278,0.6366991488849655,0.8557715470950424
JAK2,34,0.05492730210016156,0.0016534202976018497,0.41644020624116335,0.08216463360887631,0.003179813711291503,0.9856246525847709,-0.06597348947501967,1.8071080603518586,0.7196469013854453,0.8338262483833756
PARP1,34,0.05492730210016156,0.004441894619846116,0.4225733462447151,0.05953589469640724,0.0035966028943278483,0.9856246525847709,0.1123069763871737,1.1031598103505682,0.9110688408526685,0.7758911027421106
HDAC1,32,0.051696284329563816,0.005911630584176495,0.43309781449080986,0.05582400445404289,0.003936973593403345,0.8910876345460088,0.20627420797507384,0.9876881240839761,1.0673934817183233,0.7744655452453314
ERCC1,42,0.06785137318255251,0.0007663312479043556,0.3260537523865472,0.0513761519342699,0.0033141205365647152,1.3637727247398193,-0.12268932428824263,0.8493216861808578,0.7813310189774362,0.7727786636185349
PMS2,37,0.05977382875605816,0.0032415409591753574,0.38462104839163747,0.06102064232065921,0.002794595248199497,1.127430179642914,0.03556264056286625,1.1493482212836148,0.5427246866905775,0.7419058046105749
GRB2,31,0.050080775444264945,0.002415422106996479,0.4125482416968534,0.0710391386421102,0.0030416067047051663,0.8438191255266279,-0.017255078664131635,1.4610095551480338,0.6561715178450599,0.7144591388669055
HRAS,31,0.050080775444264945,0.0006514390614235244,0.4125482416968534,0.07634658842483229,0.0028189608459068126,0.8438191255266279,-0.13003492986414159,1.6261168552485359,0.5539152601489241,0.6988343845477762
CHEK2,36,0.05815831987075929,0.0012239329742354988,0.38282495276872786,0.06273728705737372,0.002637167135956395,1.080161670623533,-0.09343266293085908,1.2027506253220577,0.47042147970065334,0.689332839990064
GSTP1,19,0.030694668820678516,0.040574212631104375,0.35076687298308257,0.008639566225417297,0.002481994852056901,0.27659701729405545,2.422418436385678,-0.48015340463826117,0.3991543241588323,0.6862137490534532
MDM2,30,0.048465266558966075,0.0008975071098388624,0.42570816335335543,0.07876109045621854,0.0026398170624373687,0.7965506165072468,-0.11430262565917415,1.7012286184887906,0.471638531599021,0.6847904893803052
NRAS,31,0.050080775444264945,0.0006877056998440572,0.4119559254847976,0.07262515615053824,0.0028348412417651373,0.8438191255266279,-0.1277162306596015,1.5103483297853655,0.5612087703896702,0.6777190563044265
PALB2,36,0.05815831987075929,0.0012688716299156327,0.38308051014707817,0.06048942595638356,0.0026311445407052273,1.080161670623533,-0.09055952029297856,1.132822827117799,0.4676554365533577,0.6755123573792232
IGF1R,29,0.04684975767366721,0.0019760517497125606,0.41887197386884895,0.07328861274192124,0.002863153436021931,0.7492821074878657,-0.045346121625420774,1.5309875314776227,0.5742119272751877,0.6719520989649599
BARD1,35,0.05654281098546042,0.0023597337137008533,0.3841061607766554,0.0595323643487601,0.002622835877590477,1.032893161604152,-0.02081550330948775,1.1030499861991776,0.4638394536235257,0.6696866186986219
BLM,36,0.05815831987075929,0.001179582680090523,0.3810455539178772,0.05895146075733261,0.0026502530849423305,1.080161670623533,-0.0962681888090131,1.0849788922603316,0.4764315630632018,0.66627162858069
EXO1,36,0.05815831987075929,0.001085490005040686,0.38079270351713546,0.05798350589775503,0.0026025023688826827,1.080161670623533,-0.1022839823948776,1.0548671775900802,0.45450072836039856,0.654359170309613
TLR4,32,0.051696284329563816,0.002300717400441535,0.38333640895145166,0.046285861978616956,0.0035136928344165507,0.8910876345460088,-0.024588697753994016,0.6909699229588014,0.8729901067695427,0.6185255035982734
PIK3R3,31,0.050080775444264945,0.00013534232671630193,0.37070710865653944,0.06432500932366952,0.002776765245028664,0.8438191255266279,-0.16303145615795642,1.2521424325796482,0.5345357654647358,0.6119144695037074
FANCD2,36,0.05815831987075929,0.0002570889807109705,0.32329836856356226,0.04930289099702928,0.002725686056027798,1.080161670623533,-0.1552476117746007,0.7848254535709902,0.5110762376676672,0.5984250200223179
XRCC6,33,0.053311793214862686,0.0007083708230644407,0.3843634321502499,0.05928172733466957,0.0024975442377182006,0.9383561435653899,-0.1263950107489715,1.0952530211037272,0.406295808827714,0.5971356635469318
MRE11,34,0.05492730210016156,0.0009914466513642544,0.3802880080850385,0.05611393340651668,0.0024730357928175327,0.9856246525847709,-0.10829662263005224,0.9967074061353576,0.39503962885194355,0.596243879744617
PTPN11,28,0.04523424878836834,0.0008478599811969287,0.39278206995230874,0.06535272517149143,0.00266340206529536,0.7020135984684848,-0.11747680343531394,1.2841132275661147,0.48247059532132497,0.569652323182629
NF1,27,0.04361873990306947,0.0031224864439084836,0.4110706333813202,0.0653013722193218,0.002429601257703916,0.6547450894491037,0.02795091745124974,1.2825157094299053,0.3750911194143061,0.567669876438841
SMAD4,26,0.0420032310177706,0.0005108550441023018,0.42040630344346014,0.07424742705487254,0.0024398659222914635,0.6074765804297226,-0.1390231367487703,1.5608148965945687,0.3798054500238832,0.5659850882869008
MTOR,26,0.0420032310177706,0.001054592892418803,0.4149346378888815,0.07027346440129961,0.0025257394319680546,0.6074765804297226,-0.10425938219974029,1.4371905061071402,0.41924523022978405,0.5578391048678527
MAPK1,26,0.0420032310177706,0.0010929695191782484,0.42040630344346014,0.06886112905807562,0.002594624553908627,0.6074765804297226,-0.10180578137497569,1.3932547394202186,0.4508826243344931,0.5559928305576013
FOXO1,25,0.04038772213247173,0.0010431665656384028,0.4250774845928319,0.07027228727560378,0.0025451363425924474,0.5602080714103417,-0.10498992178020301,1.4371538873818626,0.42815379696451594,0.5428868814178446
BRAF,26,0.0420032310177706,0.0006798836919448149,0.4098961458573736,0.07087844042856924,0.002292164969477476,0.6074765804297226,-0.12821632893955706,1.4560104596775318,0.3119697095595132,0.5341587547629226
RPA1,32,0.051696284329563816,0.0010720282504834064,0.37978464870967776,0.0520532548733322,0.002396143516380335,0.8910876345460088,-0.1031446565831422,0.8703854065617135,0.3597247279746463,0.5321165348525895
CDH1,25,0.04038772213247173,0.000752875535097758,0.4161382191445418,0.06839033123102045,0.0024793441521146708,0.5602080714103417,-0.12354961219856393,1.3786088809947066,0.3979369170270279,0.5204945815483255
RAD51C,33,0.053311793214862686,2.5543099358211023e-05,0.3223902270788332,0.04867629688523647,0.0023841161186536567,0.9383561435653899,-0.1700514445611326,0.765332991787598,0.3542008135035174,0.5098185501658263
PTK2,24,0.038772213247172865,0.0008298019901240374,0.41674263195375677,0.07017916873779208,0.002297932620873655,0.5129395623909606,-0.11863133695040808,1.434257100601619,0.3146186627026449,0.4996461652600869
ERBB3,26,0.0420032310177706,0.0006099833217368422,0.39332049636759636,0.06168149643012029,0.002510200398909132,0.6074765804297226,-0.13268539306727958,1.1699064634225502,0.4121085002793696,0.49584844762396696
CDK4,26,0.0420032310177706,0.0014478068437258703,0.39386040096110025,0.0611765066663767,0.0022524739675144944,0.6074765804297226,-0.07911933846208923,1.1541969419228797,0.2937405210767383,0.48242446113480425
POLD1,32,0.051696284329563816,0.0003834391107344695,0.32184778698840333,0.04665964951889156,0.0023306213273192235,0.8910876345460088,-0.14716944520779918,0.7025979277657155,0.3296318536422471,0.48153426707074576
FANCM,32,0.051696284329563816,6.904154291976717e-05,0.3223902270788332,0.045119274797506256,0.002396489570147374,0.8910876345460088,-0.16727038155453727,0.654679036056381,0.35988366272137834,0.4729756164580206
KDR,24,0.038772213247172865,0.002358482521781135,0.4128450389930382,0.057486647542645486,0.002537347059826943,0.5129395623909606,-0.020895497977737324,1.0394106127796943,0.42457635379967873,0.46710236565827645
MMP9,23,0.037156704361873995,8.779857566044821e-05,0.420714519208448,0.06951183500578792,0.0022863126343972934,0.4656710533715796,-0.16607115497083696,1.413497286516164,0.3092818630964659,0.4660229098598696
PDGFRA,23,0.037156704361873995,0.0025464710860517935,0.41463482962451087,0.06290703343210584,0.0022000616327828796,0.4656710533715796,-0.008876492262825804,1.2080311963648784,0.26966870929592224,0.4563057267465065
IFNG,24,0.038772213247172865,0.00035077157327620433,0.41826137332385066,0.06155697692999235,0.0024240743106990975,0.5129395623909606,-0.14925803671827892,1.1660328368565644,0.3725527164085289,0.4499314483102852
RAD51D,31,0.050080775444264945,1.6271766281212488e-05,0.3216673790360556,0.04623866745067651,0.0022426884537485228,0.8438191255266279,-0.17064420511372058,0.6895017675533313,0.289246253710874,0.44842524690873065
STAT5B,24,0.038772213247172865,0.003267754751820399,0.42133230851712417,0.0479632820165341,0.0028110187878289568,0.5129395623909606,0.0372386133797906,0.7431521017702867,0.5502676507039067,0.44752245067662255
IL10,24,0.038772213247172865,0.00036902180993654934,0.41225187083356546,0.060358232413798396,0.0024162445208586493,0.5129395623909606,-0.14809121202566963,1.128741580475132,0.3689566692511614,0.4420456937756775
MAPK8,24,0.038772213247172865,0.002251259178004267,0.420714519208448,0.04535501920690589,0.0028687860698707744,0.5129395623909606,-0.02775079785529081,0.6620127131599255,0.5767988698819978,0.4203534639813982
NBN,28,0.04523424878836834,0.0005041901620049325,0.37828253408063484,0.05028145774402649,0.002090967650747057,0.7020135984684848,-0.1394492544561334,0.8152672891378214,0.21956428606361741,0.41780876089022406
BRIP1,30,0.048465266558966075,4.2369271428213876e-05,0.3214871732214695,0.04448913811064126,0.0021857001515271676,0.7965506165072468,-0.16897566711129647,0.6350763697435977,0.26307280252223125,0.416178633452878
ATR,28,0.04523424878836834,0.0007497100898300251,0.3787819169639096,0.04873011313556509,0.0020844760382308543,0.7020135984684848,-0.12375199421531438,0.7670071396659666,0.21658283378822848,0.4114847556009801
MAPK3,25,0.04038772213247173,0.0018231880299219823,0.4064126092070277,0.042507574832176445,0.002820128742004551,0.5602080714103417,-0.05511942846934329,0.5734327223650207,0.5544516486763246,0.40786984208455285
CREBBP,24,0.038772213247172865,0.0017457468409543364,0.4032709797612952,0.04058045206033198,0.0029460054735738904,0.5129395623909606,-0.06007061311391347,0.5134826426003006,0.6122640129878446,0.3896605246759869
EGF,23,0.037156704361873995,0.004907860164119093,0.40583776817561745,0.037760913971581,0.002697840814157365,0.4656710533715796,0.14209837652524526,0.4257707771240258,0.4982875415577027,0.3833211265477099
PKM,13,0.0210016155088853,0.022369991863717794,0.3864340769025745,0.015706511932625247,0.002830081444569872,-0.007014036822230736,1.2585357593324313,-0.2603106602994711,0.5590227021142158,0.371921435308276
RUNX1,23,0.037156704361873995,0.0028691414727129456,0.3996201979110885,0.04017099206372319,0.0027420408789976206,0.4656710533715796,0.011753364858320412,0.5007449178347608,0.5185876416578555,0.3697897217931563
ALB,19,0.030694668820678516,0.013204222547904305,0.3990643979139938,0.02559117704682811,0.002585512965641627,0.27659701729405545,0.6725244015898717,0.047187372883354554,0.44669787586048126,0.36371710619915454
RAD52,28,0.04523424878836834,3.2395386462360354e-05,0.3214871732214695,0.04292190331526293,0.0020587846111210805,0.7020135984684848,-0.16961334515766885,0.5863218988994544,0.20478333657189876,0.3615224702688231
PIK3R2,23,0.037156704361873995,0.00014083737960344077,0.37778446622799416,0.05461027213073534,0.002113733128904733,0.4656710533715796,-0.16268013121268385,0.949930618097129,0.2300199604409945,0.35830495158450654
SMARCA4,23,0.037156704361873995,0.000576973810960463,0.39386040096110025,0.051755233817423696,0.0021712658739374406,0.4656710533715796,-0.13479584856337307,0.8611143905505328,0.25644346202230545,0.3527974770537773
ERBB4,22,0.035541195476575124,0.0005603039732297309,0.4027049854037355,0.054371588086476574,0.0021385980541750132,0.41840254435219854,-0.1358616308131053,0.942505493086446,0.24143986386859756,0.3492645542110019
MET,21,0.033925686591276254,0.00026925967886518395,0.4128450389930382,0.05947504957902664,0.0020094343467877357,0.3711340353328175,-0.1544694809811799,1.1012670043012838,0.18211786516237513,0.3479565160139229
CDK1,21,0.033925686591276254,0.006907107656698739,0.40698908099313696,0.02848694444987898,0.0029366339302371513,0.3711340353328175,0.269919806153493,0.1372706251438324,0.60795987297094,0.3464229635278139
STK11,22,0.035541195476575124,0.0006491321815464803,0.3903772817689273,0.05342143269747903,0.0019791115187117385,0.41840254435219854,-0.13018241969967165,0.9129474949186579,0.16819126918367766,0.3301230384188187
NOTCH1,20,0.03231017770597738,0.00011178577529482744,0.41225187083356546,0.061829931208094165,0.0018603941436893794,0.32386552631343646,-0.16453753886706565,1.1745240606557952,0.1136670370294666,0.3298567690299887
PIK3CD,23,0.037156704361873995,0.00013537814534177046,0.3685642929995653,0.048859260594835446,0.0021854577589436033,0.4656710533715796,-0.16302916610235715,0.7710247355336436,0.2629614770359978,0.3290248196683918
AR,18,0.029079159935379646,0.0019364389560509398,0.42133230851712417,0.06078903915762216,0.0019609571871773935,0.2293285082746744,-0.04787875649738646,1.1421433725315329,0.15985339120249156,0.32869464151859434
HSP90AA1,21,0.033925686591276254,0.003393854400219032,0.4116604047348085,0.038646297843480816,0.00260107887991834,0.3711340353328175,0.04530076546138964,0.45331382446811813,0.4538469517523313,0.3226542589759234
KIT,20,0.03231017770597738,0.0020473948584766033,0.4001775482568501,0.05359317422297645,0.0019888433906427388,0.32386552631343646,-0.040784816339211834,0.9182901322964679,0.17266090005583073,0.32134693659535957
MUS81,27,0.04361873990306947,8.60579500215955e-06,0.32076836456138796,0.04015427177228351,0.0019898673300819867,0.6547450894491037,-0.1711343272281734,0.500224773077954,0.1731311725133113,0.321048388618396
CDKN1A,20,0.03231017770597738,0.0003759326308576948,0.4191779431704332,0.05674150325398981,0.002058918306651385,0.32386552631343646,-0.1476493702760492,1.0162302216838128,0.20484473993539914,0.32065558396453286
MSH3,26,0.0420032310177706,0.0003347154038752744,0.3204101642659537,0.03799033316012794,0.0019510626277122573,0.6074765804297226,-0.1502845842241768,0.43290768550053904,0.1553090415886366,0.2926890025121938
FOS,20,0.03231017770597738,0.0006944200954316833,0.415535556987924,0.045917722034051804,0.0023588105908109256,0.32386552631343646,-0.12728694731860174,0.6795176069134998,0.3425785511798933,0.28595042899873097
PTGS2,18,0.029079159935379646,4.086002510195905e-05,0.4161382191445418,0.05817873506169788,0.0018394926776076502,0.2293285082746744,-0.16907216042880674,1.06094048237469,0.10406746166159027,0.2709985265961904
RET,18,0.029079159935379646,0.002421304690870347,0.4140365109670441,0.05019396023643976,0.001884791245151352,0.2293285082746744,-0.01687897701415748,0.812545364704321,0.12487207945692842,0.2635287224748466
SHC4,22,0.035541195476575124,0.0006376985968743721,0.34991134402458723,0.03459520997083868,0.0022560043997993905,0.41840254435219854,-0.13091342331177508,0.32729017685881706,0.2953619695754955,0.23824296398218822
SMAD3,18,0.029079159935379646,0.0005901206694615597,0.41523488002917736,0.04978541539361078,0.0019306603175298664,0.2293285082746744,-0.1339553071821946,0.7998361090861019,0.14593871734875682,0.23593111638755915
EZH2,17,0.02746365105008078,0.0007655822726094012,0.4238217165438132,0.053023083371675134,0.001856525533956046,0.1820599992552934,-0.12273720985184226,0.9005554074994898,0.11189027120075291,0.23552583301644067
ALK,19,0.030694668820678516,0.00021973673946343826,0.38773959743265074,0.049545983433189576,0.0017764753692486625,0.27659701729405545,-0.15763571874674864,0.7923877174552271,0.07512502294904438,0.23090257444708656
RAD50,22,0.035541195476575124,0.0006706917584915152,0.37605150996089326,0.04044368786253977,0.0016872967311635846,0.41840254435219854,-0.12880401309542538,0.5092281007068676,0.03416727127005568,0.2229189616447978
TERT,19,0.030694668820678516,0.0008575663182939782,0.39359026351188137,0.045990211327290045,0.0017144344568751923,0.27659701729405545,-0.11685623100053363,0.681772646901202,0.046631021050223306,0.21327563189307105
CDK2,18,0.029079159935379646,0.003299376551662445,0.3866944772239374,0.02789769624186082,0.00251097816489068,0.2293285082746744,0.03926034589576504,0.11893994191595639,0.41246571077978367,0.19636119490922532
RAD9A,21,0.033925686591276254,0.00043820604458516944,0.37679225489187335,0.039792240318180364,0.0016360031837102003,0.3711340353328175,-0.1436679338605875,0.48896248358196687,0.010609293435432631,0.19389428430481914
RUNX2,17,0.02746365105008078,0.00402593022614106,0.406700640822341,0.0331122912910712,0.002146359262437499,0.1820599992552934,0.08571238833583499,0.2811586618170607,0.24500441304281276,0.19038171179528612
MMP2,17,0.02746365105008078,4.0580764801057054e-05,0.3812987403324406,0.04882853061912781,0.001733037778141317,0.1820599992552934,-0.16909001487205708,0.7700687691978417,0.05517510996191391,0.18649727185328957
FANCI,20,0.03231017770597738,0.005981867069438587,0.3204101642659537,0.01788936044459829,0.0022494936535700973,0.32386552631343646,0.210764761541646,-0.19240531232735641,0.2923717296141059,0.18603740805246416
MAPK14,16,0.025848142164781908,0.0010587990009521015,0.4222624019134092,0.04610214098708704,0.0018928436662069264,0.13479149023591236,-0.103990465615929,0.6852546212366748,0.1285703761464813,0.18394440465521833
POLE,22,0.035541195476575124,0.0002788715583585995,0.31951815378637144,0.03507573878633271,0.001676367159729561,0.41840254435219854,-0.1538549476716108,0.3422387526522219,0.02914756383378108,0.18225441690256738
E2F1,17,0.02746365105008078,0.00030331993198818614,0.4185664509119789,0.04470666475170041,0.0019094239373731916,0.1820599992552934,-0.15229184651429128,0.641843317689507,0.1361853234452988,0.18125376633774104
MUC1,16,0.025848142164781908,0.0004859516674672816,0.4104825494995158,0.047898173573315064,0.0018144831806296093,0.13479149023591236,-0.14061532841882293,0.7411266696486983,0.09258115968570917,0.1787647553447451
PPARG,15,0.024232633279483037,0.0005414689214809095,0.415836669710379,0.05380658956706059,0.001546724733910251,0.08752298121653132,-0.13706584552418638,0.9249291835742512,-0.03039429952931847,0.17527355885372595
CD4,16,0.025848142164781908,0.0037981844349978967,0.39332049636759636,0.02853149383986827,0.0024737421033493067,0.13479149023591236,0.07115151344476604,0.13865649402688818,0.395364021464231,0.17176900304198467
FGFR2,18,0.029079159935379646,8.27169727826593e-05,0.3586591276252019,0.04168144674135729,0.0016586435320051134,0.2293285082746744,-0.16639604608464495,0.5477330390526379,0.021007498468617904,0.15241407387922598
FANCC,19,0.030694668820678516,0.000501345031099015,0.376298101114966,0.0372490575409733,0.0015145982918487173,0.27659701729405545,-0.13963115724767053,0.4098476432732193,-0.04514925502696119,0.1348408443902534
HNF4A,13,0.0210016155088853,0.00850912002481339,0.3952166695594512,0.02947134832553546,0.0016674113749476703,-0.007014036822230736,0.37234409926106155,0.16789404557584864,0.02503437241189367,0.1292167955250331
PMS1,19,0.030694668820678516,0.0003506828852087155,0.37605150996089326,0.03641063851311778,0.0015118754484951564,0.27659701729405545,-0.14926370696952068,0.3837656061915391,-0.046399796012231015,0.12696619134640086
PRKDC,16,0.025848142164781908,0.0022810899977172656,0.4064126092070277,0.03726652151531188,0.001645999076943984,0.13479149023591236,-0.02584357124285273,0.4103909229593416,0.015200183380269093,0.1258343500397783
NTRK1,17,0.02746365105008078,0.00037068487604662503,0.36691470856798153,0.038147040702985656,0.0017147182902678426,0.1820599992552934,-0.1479848842755811,0.437782636817243,0.04676137937217125,0.12363358190834027
TNFRSF1A,16,0.025848142164781908,0.0009831841004152965,0.4061249852797757,0.03668663363718203,0.0018314792604245795,0.13479149023591236,-0.10882488692879061,0.3923514264330225,0.100387078577345,0.11851850085244518
MUTYH,19,0.030694668820678516,0.0019473183297847641,0.3731174279585976,0.030332612784249407,0.0015340773862172795,0.27659701729405545,-0.04718318623443561,0.194686771889285,-0.03620294313870355,0.11670992524442679
IGF2,16,0.025848142164781908,0.000625424501597747,0.39658231112669184,0.037298282500308554,0.0017734698859493713,0.13479149023591236,-0.1316981647764885,0.41137896254445544,0.0737446717652746,0.11127720725039322
SIRT1,15,0.024232633279483037,0.0004413361681126161,0.4061249852797757,0.0408117145374222,0.0016979251023384533,0.08752298121653132,-0.1434678101311962,0.5206768930916049,0.039048644171457245,0.10671119834559935
SNAI1,15,0.024232633279483037,0.0010266952223527877,0.41343991657083795,0.03568515407107787,0.0019301451686774397,0.08752298121653132,-0.10604301333313944,0.36119680528077575,0.14570212101550403,0.10550207535175707
CREB1,16,0.025848142164781908,0.0007101167898704612,0.4018589665268369,0.034559752023368175,0.0018757720814812327,0.13479149023591236,-0.1262833827619127,0.32618712996932614,0.1207297795307905,0.10498955779211448
PPARGC1A,10,0.01615508885298869,0.01403136895278685,0.3898468778534804,0.021328323019134655,0.001416230503607924,-0.14881956388037382,0.7254078171631642,-0.08542402205179225,-0.09032737761876508,0.09411482699854873
NFE2L2,14,0.02261712439418417,0.000514210595692839,0.4104825494995158,0.04342865625892553,0.0015497933140326031,0.040254472197150296,-0.13880860032789907,0.6020862704472529,-0.028984969387513874,0.09400717539897564
CD274,14,0.02261712439418417,4.104712585787215e-05,0.4061249852797757,0.04628961779500948,0.0014352261372665399,0.040254472197150296,-0.1690601981849154,0.6910867611258363,-0.08160310840944625,0.09372074626605176
MLH3,19,0.030694668820678516,5.357835534070232e-06,0.3189853275154659,0.031414769407548275,0.001483678289663026,0.27659701729405545,-0.17134198477138737,0.22835114285335936,-0.059350119702951794,0.08777366449015409
IL4,15,0.024232633279483037,0.0010639356298478046,0.40583776817561745,0.034715059051343485,0.0017786535009779321,0.08752298121653132,-0.10366205642629368,0.33101851323725884,0.07612539008188222,0.08614630998304076
XRCC2,19,0.030694668820678516,1.3777496365086062e-06,0.3189853275154659,0.031306882559222114,0.001462917954829572,0.27659701729405545,-0.17159645064985304,0.22499493469827272,-0.06888487664855655,0.08513185500039938
FGFR3,16,0.025848142164781908,0.00011162229892447862,0.37753592381600204,0.038217782660332655,0.0015091960544155526,0.13479149023591236,-0.16454799069128753,0.4399833196422433,-0.04763038171884238,0.08451061149442762
ARID1A,16,0.025848142164781908,0.00011715041253626196,0.37928262009274494,0.038297163790669934,0.0015013739934096743,0.13479149023591236,-0.16419455201617192,0.4424527549916989,-0.05122287919554775,0.08437435873775657
TSC2,14,0.02261712439418417,0.0030448334917523813,0.38695522872577415,0.033645376741309276,0.001650293247425102,0.040254472197150296,0.0229861937758234,0.2977422006191043,0.017172399731735316,0.08281853378312637
IL1A,16,0.025848142164781908,0.00018419533889824457,0.3728749864849403,0.03246630821932444,0.0018240622910341393,0.13479149023591236,-0.1599080500354434,0.2610630367517145,0.0969806306092285,0.07880874254589708
CDKN1B,14,0.02261712439418417,0.00023048555513339948,0.40412296070445286,0.043081083261543966,0.00142226868867356,0.040254472197150296,-0.15694849568364894,0.5912737632102884,-0.08755417441875475,0.07559585910639709
IL2,15,0.024232633279483037,0.00044466151419466726,0.4052645509889287,0.03407154126662493,0.0017486518513689445,0.08752298121653132,-0.14325520489257812,0.3109995797849966,0.062346304181594654,0.06948841899595969
CXCR4,14,0.02261712439418417,4.118839491127851e-06,0.3704677883798083,0.04175081736193446,0.0014586082295147736,0.040254472197150296,-0.17142119969905414,0.5498910615189226,-0.07086423698684476,0.06703913025065464
GATA3,13,0.0210016155088853,0.003260133265961234,0.3919771886614229,0.025883357248416727,0.0020497990533521015,-0.007014036822230736,0.03675133543044932,0.05627668812928705,0.20065647108368684,0.05811955281242635
SP1,15,0.024232633279483037,0.0005386044020499207,0.39658231112669184,0.029957903786284733,0.0018390361859767011,0.08752298121653132,-0.1372489879166245,0.1830301018292658,0.10385780527677183,0.05369837786783737
CEBPA,14,0.02261712439418417,0.00020793070071763723,0.4061249852797757,0.03693363677957781,0.0015685483392822491,0.040254472197150296,-0.15839053512457868,0.4000353468895229,-0.020371206232986643,0.05042425961916519
BCL2L1,14,0.02261712439418417,0.0002985034024756261,0.40843744071197374,0.03379132770101778,0.0017584636579059522,0.040254472197150296,-0.15259979022332537,0.30228252975853315,0.06685264722847602,0.04976615311057309
CXCL8,15,0.024232633279483037,0.0004580998458765663,0.4027049854037355,0.030661577869978043,0.0017404495133589088,0.08752298121653132,-0.14239602824047562,0.20492041315873258,0.05857915399163918,0.047733949795741415
FGFR1,16,0.025848142164781908,4.0896951842399885e-05,0.33716486733273976,0.03202489748068345,0.0015184099963015416,0.13479149023591236,-0.169069799526131,0.24733136932649696,-0.0433986245194227,0.04569612066245143
SOX2,13,0.0210016155088853,0.0022360216684326234,0.4035545739805366,0.027211704908020808,0.0017956502771558874,-0.007014036822230736,-0.028725004532878524,0.09759971607126143,0.08393162880663046,0.026670104954577993
FGF2,13,0.0210016155088853,0.00032001673014812,0.4113653076704825,0.03551512341194875,0.0015601776003559091,-0.007014036822230736,-0.15122434055570522,0.3559073905500876,-0.02421569919314596,0.026077340244681262
FOXO3,14,0.02261712439418417,0.00020097542324884905,0.39386040096110025,0.03161854878083525,0.0016275763750681765,0.040254472197150296,-0.15883521919337024,0.23469043262848152,0.006739048910313372,0.022666156778419027
CCL2,15,0.024232633279483037,0.00039009271374161104,0.3671494588613711,0.02693228251907545,0.0017306599539247678,0.08752298121653132,-0.14674404862648133,0.08890727843829739,0.05408302854097097,0.022545092665019303
FASLG,14,0.02261712439418417,0.0002939091653382235,0.39386040096110025,0.03190761855400783,0.0015856086637602155,0.040254472197150296,-0.15289352172036794,0.24368298681986786,-0.012535781196949456,0.0220951259634943
RAF1,13,0.0210016155088853,0.000170722025836326,0.37263285987033967,0.037666905655562966,0.0013445796958965522,-0.007014036822230736,-0.16076946321404953,0.42284631059487243,-0.12323498927169949,0.017274985573341454
SMAD2,14,0.02261712439418417,0.0002873379548173856,0.39989867888524255,0.029055894563171827,0.0016917116524004085,0.040254472197150296,-0.1533136505569823,0.15496986318532316,0.036194945739894714,0.013993614414800605
POU5F1,7,0.011308562197092085,0.013021041404575155,0.38513731825525044,0.018755787677914887,0.001413315594563037,-0.2906250909385169,0.6608127572295944,-0.16545197935524827,-0.0916661300755296,0.012060785592762111
CHEK1,15,0.024232633279483037,0.0007136409223017482,0.3765450158794771,0.026435679142733218,0.0015765921035753136,0.08752298121653132,-0.12605806816367596,0.07345864565884465,-0.016676885400621535,0.010474878436511594
AXIN1,8,0.012924071082390954,0.011195409186371873,0.38539597327086844,0.022960633764347926,0.0012485076603807289,-0.2433565819191359,0.5440913803254109,-0.034645129909551896,-0.16735872404098492,0.010447270619547817
HGF,15,0.024232633279483037,0.0002919193819158717,0.3636594449938676,0.023572937684711918,0.001753888524266261,0.08752298121653132,-0.15302073806683808,-0.015597215888516832,0.06475139078930622,0.0022086938892343193
ICAM1,11,0.017770597738287562,0.0031005343307578762,0.39144243124169376,0.028820959003799607,0.001629336405760854,-0.10155105486099279,0.026547414134783832,0.14766134826883265,0.007547391598719449,0.0021357323058588994
XPA,14,0.02261712439418417,0.0009760917652812706,0.38155226343106585,0.02681627108250395,0.001437449526020382,0.040254472197150296,-0.1092783337479556,0.08529832576662894,-0.08058195573856962,-0.012287244162374436
PKD1,6,0.009693053311793216,0.015707049270762198,0.3269826804560245,0.005550648477562922,0.0016371883154836027,-0.33789359995789797,0.8325420537389256,-0.5762452925428867,0.011153597922742557,-0.023145585474561706
NR3C1,12,0.019386106623586433,0.00014633669078180258,0.3957617960002228,0.03185283528899522,0.001480729667847452,-0.05428254584161177,-0.16232853401453914,0.24197875647436967,-0.06070435568043237,-0.023326144389411434
RB1,13,0.0210016155088853,4.2713429670794504e-05,0.37679225489187335,0.031817745092748734,0.0013100621470538802,-0.007014036822230736,-0.1689536634330384,0.2408871498083745,-0.13908812657479186,-0.024333524099323826
IKBKB,11,0.017770597738287562,0.00024240762767657322,0.4024225835906894,0.03574459133255198,0.001349641390333444,-0.10155105486099279,-0.15618626071161262,0.3630458149123515,-0.1209102663529289,-0.026162324667366118
NPM1,11,0.017770597738287562,0.0003985714187784168,0.4032709797612952,0.03685947850309754,0.0012419344315779423,-0.10155105486099279,-0.1462019645657419,0.39772838717986647,-0.17037766084933653,-0.026623215076676962
CYP2E1,17,0.02746365105008078,0.001961891918130175,0.26155633737480544,0.00043330556455030916,0.002282446818019762,0.1820599992552934,-0.04625142720808296,-0.7354386352300809,0.30750638019352633,-0.03342830806997897
FBXW7,11,0.017770597738287562,7.405095542984881e-05,0.3996201979110885,0.03609912924533714,0.0012342207457204154,-0.10155105486099279,-0.1669501059153216,0.37407499087437124,-0.1739203840470255,-0.03724947431470874
CASP8,10,0.01615508885298869,5.135924109607172e-05,0.4116604047348085,0.040166602642707494,0.0010963392589716425,-0.14881956388037382,-0.16840089546370146,0.5006083691187908,-0.23724626361471277,-0.04151465012324059
NR1I2,8,0.012924071082390954,0.012297734627831715,0.279792591028924,0.0005443645365173034,0.0019680589756417666,-0.2433565819191359,0.6145683044510882,-0.7319837467687521,0.16311508362846244,-0.04530646018698344
CYCS,11,0.017770597738287562,0.0018156972538511036,0.3903772817689273,0.023116416348423832,0.0017127267970915513,-0.10155105486099279,-0.055598349518367264,-0.02979895275999428,0.045846731147703844,-0.04623290090339738
PGR,12,0.019386106623586433,0.0001976642682699695,0.4032709797612952,0.02747118787592273,0.0015173379377726632,-0.05428254584161177,-0.15904691712706379,0.1056718663517637,-0.04389099699733889,-0.0464044464554451
ABL1,11,0.017770597738287562,0.002479936080874374,0.3990643979139938,0.022551832687675535,0.001591587905364929,-0.10155105486099279,-0.013130392549641762,-0.047362356602357165,-0.009789649408741365,-0.050255868540977626
STAT6,11,0.017770597738287562,2.627602238570276e-05,0.39658231112669184,0.030873169526690527,0.0013720342046282465,-0.10155105486099279,-0.17000458529556936,0.21150273208661377,-0.11062574814347556,-0.05786861873661218
HLA-A,10,0.01615508885298869,0.004512701678531202,0.3772877082184899,0.01347728282079166,0.0019152038479696683,-0.14881956388037382,0.11683400943460331,-0.3296588435189291,0.13883990696463225,-0.06104213231033938
HMGB1,12,0.019386106623586433,0.00044309040762691577,0.3864340769025745,0.0255112240003419,0.00142840889666073,-0.05428254584161177,-0.1433556532304321,0.0447001460266592,-0.08473411437527296,-0.0628445980218949
SQSTM1,7,0.011308562197092085,0.011515493935287184,0.37482338615305233,0.013783240118210489,0.0011795975087607173,-0.2906250909385169,0.5645559252906581,-0.32014094219326444,-0.19900761371702233,-0.06440951168787375
LEP,11,0.017770597738287562,0.0007103537621048782,0.37482338615305233,0.026173919336197296,0.0014833743918322053,-0.10155105486099279,-0.1262682319964883,0.06531566612983064,-0.05948969317208978,-0.06594473260892138
SREBF1,11,0.017770597738287562,0.0012453903879069282,0.38462104839163747,0.02040552400246925,0.0017373876006714784,-0.10155105486099279,-0.0920607881120652,-0.11413100194127146,0.05717288605340407,-0.06994968940693727
CTLA4,12,0.019386106623586433,9.686818276229252e-05,0.35379445388429287,0.025659634643617396,0.0013329532087572571,-0.05428254584161177,-0.16549129172217614,0.04931699246337265,-0.1285747744868079,-0.0762232703797952
YBX1,9,0.014539579967689823,0.0017312589706011273,0.406700640822341,0.02609479312971384,0.001552917075600042,-0.19608807289975486,-0.060996891780106234,0.06285416110302695,-0.02755029564354535,-0.07681927536804443
FLT1,13,0.0210016155088853,0.0005931528925509632,0.34280442305873543,0.018452045011636956,0.0015206826562178036,-0.007014036822230736,-0.13376144269484228,-0.17490098662004355,-0.042354842706874174,-0.07934643942687486
NCOR1,12,0.019386106623586433,0.0010368992294866098,0.37605150996089326,0.016619422694991396,0.001735817943458556,-0.05428254584161177,-0.105390622478769,-0.23191129009767514,0.056451977641608454,-0.08043840915546971
CYP1A1,16,0.025848142164781908,0.0015729062179113118,0.27222704184076046,0.0005943062313891697,0.001984217571057796,0.13479149023591236,-0.07112113868275638,-0.7304301308627514,0.17053636469691288,-0.08258201632128748
BECN1,10,0.01615508885298869,0.0006006723810651941,0.3990643979139938,0.027511217016170698,0.0014065771204484266,-0.14881956388037382,-0.13328068592234185,0.10691711662114947,-0.09476096035560415,-0.08297578758560722
MYD88,10,0.01615508885298869,0.0005331472497138587,0.3903772817689273,0.027751402274454794,0.0013590325226025795,-0.14881956388037382,-0.1375978896988618,0.11438894228935012,-0.11659712957798912,-0.08692795724057409
EGR1,9,0.014539579967689823,0.0012167631515901565,0.4015777496153416,0.029567123564064365,0.0012584462332561343,-0.19608807289975486,-0.09389106389627738,0.17087347857990032,-0.1627941600532949,-0.09048772778366246
SOCS3,11,0.017770597738287562,0.00021974304963201597,0.369275807078715,0.024711092313069078,0.0013613756018527388,-0.10155105486099279,-0.15763531530756875,0.01980917427586866,-0.11552100574213663,-0.09409406432149327
APOE,10,0.01615508885298869,0.0033573747953671877,0.3546691002474185,0.014282959415935095,0.0016903154067907833,-0.14881956388037382,0.04296845029693757,-0.3045953774808062,0.035553681394644814,-0.09515307400112871
MAP2K1,11,0.017770597738287562,4.0325427143668855e-05,0.35162659571098226,0.027656346943786162,0.0011717789966434833,-0.10155105486099279,-0.16910633982658443,0.11143190460659151,-0.2025984812686363,-0.09605276949040253
NFKBIA,10,0.01615508885298869,0.00014911432189609091,0.39440178982840074,0.027608378492647346,0.0013128850503939884,-0.14881956388037382,-0.16215094680668918,0.1099396735386094,-0.13779163027813798,-0.09819497540770884
BMP2,10,0.01615508885298869,0.005594998306100657,0.3465305580919825,0.010664870812487565,0.0014798799794733604,-0.14881956388037382,0.18603039594063656,-0.41714902665226145,-0.06109459852533164,-0.10122797340849032
PRKCA,10,0.01615508885298869,0.0009240846536448,0.401016494898898,0.02491686121489194,0.0012788529375570284,-0.14881956388037382,-0.11260339649525562,0.026210355486328156,-0.15342181769317512,-0.10567998892331415
IGHV3-16,11,0.017770597738287562,0.0011544078402777925,0.35532792829741366,0.018995163794337955,0.0014560896984393197,-0.10155105486099279,-0.09787773641503424,-0.158005324952635,-0.0720209419175239,-0.10601755667913783
SHC3,11,0.017770597738287562,9.184759805731006e-06,0.3465305580919825,0.025784363713605565,0.0011650353704569854,-0.10155105486099279,-0.1710973112463244,0.05319713845304059,-0.205695677779969,-0.10881690487831426
SHC2,11,0.017770597738287562,9.092912207673695e-06,0.3465305580919825,0.025784363713605565,0.0011650353704569854,-0.10155105486099279,-0.171103183501428,0.05319713845304059,-0.205695677779969,-0.10881837294209017
CEBPB,10,0.01615508885298869,6.017194520694971e-06,0.39117559931855694,0.027138046339646043,0.0012242202336435906,-0.14881956388037382,-0.17129982880589467,0.09530830157814338,-0.17851339532305052,-0.11155282330858593
PTPRC,11,0.017770597738287562,0.0003979367785529606,0.37360325794291865,0.018541049824685307,0.0015352071729449158,-0.10155105486099279,-0.14624254014291205,-0.17213217203300732,-0.035684057391686445,-0.11366675012201424
AURKA,10,0.01615508885298869,0.00011899216774963101,0.3866944772239374,0.027314869661267605,0.0011555518675926298,-0.14881956388037382,-0.1640767998192719,0.10080902648802005,-0.21005123830102893,-0.11495448967555058
YAP1,10,0.01615508885298869,0.0004227249125720568,0.39630842831514024,0.023200216001429918,0.001375472232818331,-0.14881956388037382,-0.1446577164830613,-0.02719206338305936,-0.10904673877645085,-0.1154990369107982
NF2,9,0.014539579967689823,0.00043128707522271703,0.400736455447153,0.029829506877764964,0.0010852029898510947,-0.19608807289975486,-0.14411029657893287,0.1790358545401134,-0.24236090267025254,-0.11732340928567525
CAV1,11,0.017770597738287562,0.00016377491195513103,0.3634291350223705,0.02094802383833245,0.0013435290756879305,-0.10155105486099279,-0.1612136253457418,-0.09725459483970486,-0.12371751560914593,-0.12004069762755308
PPARA,10,0.01615508885298869,0.003923625011408603,0.3430093270773001,0.010175043440725777,0.0015902937429069547,-0.14881956388037382,0.07917152791006826,-0.4323868674567457,-0.010384029248175728,-0.12084814472159806
FOXM1,10,0.01615508885298869,0.00040601789597291283,0.38721633211897644,0.023057648766581486,0.0013246419558902492,-0.14881956388037382,-0.14572587575521323,-0.03162712959984158,-0.13239194683186475,-0.12132213158327541
GSK3B,10,0.01615508885298869,0.00019284267927214524,0.3880017607845322,0.02472665808466817,0.0012406335409456903,-0.14881956388037382,-0.15935518431312712,0.02029340354376935,-0.17097513078856652,-0.12206198888537205
FADD,11,0.017770597738287562,0.00027587905847438357,0.38079270351713546,0.019450309969534594,0.0013868576932527276,-0.10155105486099279,-0.15404627246495556,-0.14384636740914125,-0.10381765173008795,-0.12358724114543222
CCN2,10,0.01615508885298869,0.0011308117978864423,0.3683277305521971,0.020094319114235853,0.0013478126034101958,-0.14881956388037382,-0.09938634397023964,-0.12381214843870314,-0.12175018723851944,-0.12604590048613526
TGFBR2,11,0.017770597738287562,0.00018173398598919155,0.3471594701756341,0.0228525124654299,0.001108322783229477,-0.10155105486099279,-0.1600654160688247,-0.038008631492897765,-0.23174249924545567,-0.12950944936622436
ERCC3,11,0.017770597738287562,0.000522621545881222,0.37360325794291865,0.02104243439815579,0.0011650085299630345,-0.10155105486099279,-0.13827084815784438,-0.09431761507135115,-0.20570800501785677,-0.13011570525865016
XRCC1,11,0.017770597738287562,4.424955458273715e-05,0.3731174279585976,0.02260644244818816,0.0011421588365108186,-0.10155105486099279,-0.1688554516393206,-0.045663523737894285,-0.2162023575943565,-0.13012990837762778
NCOA1,10,0.01615508885298869,0.0016239825970506513,0.3750683687583811,0.014734133843081886,0.0015325032049688062,-0.14881956388037382,-0.06785558210406548,-0.2905599754345919,-0.03692592933873029,-0.13454792383881164
CYP2A6,15,0.024232633279483037,0.0001858722083538606,0.25966271683272535,0.00034233298529183135,0.0018496309205983342,0.08752298121653132,-0.15980083977162546,-0.7382686642570992,0.10872372966242629,-0.13522615343605499
CYP1A2,15,0.024232633279483037,0.0001858722083538606,0.25966271683272535,0.00034233298529183135,0.0018496309205983342,0.08752298121653132,-0.15980083977162546,-0.7382686642570992,0.10872372966242629,-0.13522615343605499
CYP2A13,15,0.024232633279483037,0.0001858722083538606,0.25966271683272535,0.00034233298529183135,0.0018496309205983342,0.08752298121653132,-0.15980083977162546,-0.7382686642570992,0.10872372966242629,-0.13522615343605499
GSTA1,15,0.024232633279483037,0.0001858722083538606,0.25966271683272535,0.00034233298529183135,0.0018496309205983342,0.08752298121653132,-0.15980083977162546,-0.7382686642570992,0.10872372966242629,-0.13522615343605499
JAK1,9,0.014539579967689823,0.0001425280135664156,0.3990643979139938,0.026611227948348293,0.0011383922672422615,-0.19608807289975486,-0.16257204091824676,0.07891972216781683,-0.21793225852238027,-0.13707634301538857
TWIST1,9,0.014539579967689823,0.0004551846090778389,0.3861740270527073,0.02362154186694918,0.0012696164638245015,-0.19608807289975486,-0.14258241323618087,-0.014085208119943828,-0.15766392326520043,-0.13862625510098828
LGALS3,10,0.01615508885298869,0.0003037815771481099,0.3697516779641257,0.019269137888105997,0.0013838235463553908,-0.14881956388037382,-0.1522623313369351,-0.14948237612195892,-0.10521116746263522,-0.14109113890928343
CASP9,9,0.014539579967689823,0.00011534286445889351,0.4018589665268369,0.024738707185231665,0.0011720577553820347,-0.19608807289975486,-0.164310117187682,0.020668234120434326,-0.20247045362168967,-0.14606879871208578
SMARCB1,10,0.01615508885298869,5.7123883418189325e-05,0.3745787233683571,0.022887013451539897,0.0011043853780729283,-0.14881956388037382,-0.1680323343797719,-0.03693535432577877,-0.233550861271658,-0.14819217407256116
RARA,11,0.017770597738287562,0.00038943581728965364,0.3501248347775004,0.013035115015488381,0.0015106291084170968,-0.10155105486099279,-0.14678604715038523,-0.3434140622235225,-0.04697221210335852,-0.15031663585431998
FAS,9,0.014539579967689823,0.00015581363770708078,0.384879010194717,0.02406504802261163,0.0011173198227888382,-0.19608807289975486,-0.16172262758774802,-0.0002883552174893871,-0.22761036042800928,-0.15464122554095094
TRAF2,11,0.017770597738287562,0.00017091690431131083,0.3535764659274942,0.012898073458362212,0.0014973761772815453,-0.10155105486099279,-0.1607570037034743,-0.3476772323758486,-0.05305898662833845,-0.15587936392805346
MAPK13,11,0.017770597738287562,0.0003889124130773706,0.3678555155130276,0.012173908676673933,0.001508100368940263,-0.10155105486099279,-0.14681951087858086,-0.37020498050860606,-0.048133605524215736,-0.15591546412755705
MAPK12,11,0.017770597738287562,0.0003889124130773706,0.3678555155130276,0.012173908676673933,0.001508100368940263,-0.10155105486099279,-0.14681951087858086,-0.37020498050860606,-0.048133605524215736,-0.15591546412755705
CSF1R,10,0.01615508885298869,0.00023321509470275957,0.3475800146579789,0.01640801888249823,0.0014257625146313025,-0.14881956388037382,-0.15677398319768737,-0.23848776545601524,-0.08594953838640915,-0.15616780392603755
HSPB1,8,0.012924071082390954,0.00015907462937344552,0.3976816383924623,0.026232623998149823,0.0010695257572856745,-0.2433565819191359,-0.16151413683392807,0.06714188562037537,-0.24956110455958458,-0.16203718166802142
KEAP1,8,0.012924071082390954,0.0001686961885843584,0.401016494898898,0.026778182661172316,0.0010284078503563687,-0.2433565819191359,-0.16089898465384211,0.08411344853394577,-0.26844563854364945,-0.1622659878370988
CDK6,9,0.014539579967689823,0.00029672612451198436,0.3841061607766554,0.020313993631623662,0.0012623234793951322,-0.19608807289975486,-0.15271342008206104,-0.11697838308027145,-0.1610134277168368,-0.1624075426948511
GSTA2,14,0.02261712439418417,0.0,0.25954527553157986,0.00034082581366818394,0.001724935614911808,0.040254472197150296,-0.17168453675668172,-0.7383155502471238,0.05145396780564691,-0.1662043854084632
GSTM5,14,0.02261712439418417,0.0,0.25954527553157986,0.00034082581366818394,0.001724935614911808,0.040254472197150296,-0.17168453675668172,-0.7383155502471238,0.05145396780564691,-0.1662043854084632
MGST2,14,0.02261712439418417,0.0,0.25954527553157986,0.00034082581366818394,0.001724935614911808,0.040254472197150296,-0.17168453675668172,-0.7383155502471238,0.05145396780564691,-0.1662043854084632
GSTM4,14,0.02261712439418417,0.0,0.25954527553157986,0.00034082581366818394,0.001724935614911808,0.040254472197150296,-0.17168453675668172,-0.7383155502471238,0.05145396780564691,-0.1662043854084632
GSTA5,14,0.02261712439418417,0.0,0.25954527553157986,0.00034082581366818394,0.001724935614911808,0.040254472197150296,-0.17168453675668172,-0.7383155502471238,0.05145396780564691,-0.1662043854084632
GSTM1,14,0.02261712439418417,0.0,0.25954527553157986,0.00034082581366818394,0.001724935614911808,0.040254472197150296,-0.17168453675668172,-0.7383155502471238,0.05145396780564691,-0.1662043854084632
GSTA4,14,0.02261712439418417,0.0,0.25954527553157986,0.00034082581366818394,0.001724935614911808,0.040254472197150296,-0.17168453675668172,-0.7383155502471238,0.05145396780564691,-0.1662043854084632
GSTA3,14,0.02261712439418417,0.0,0.25954527553157986,0.00034082581366818394,0.001724935614911808,0.040254472197150296,-0.17168453675668172,-0.7383155502471238,0.05145396780564691,-0.1662043854084632
HSPA5,8,0.012924071082390954,0.00019266589839841473,0.39851014180577987,0.02396254791279178,0.001158001276077778,-0.2433565819191359,-0.15936648675771942,-0.003476989511770094,-0.20892627982835754,-0.1674970792291529
VIM,8,0.012924071082390954,0.00040023985584871583,0.3898468778534804,0.024036961298288174,0.0011051919278467755,-0.2433565819191359,-0.14609529342454405,-0.0011620937193230199,-0.23318043101993713,-0.16856713197568562
APEX1,6,0.009693053311793216,0.0030850810462460946,0.38282495276872786,0.016171948207918046,0.0014391356339686304,-0.33789359995789797,0.025559411935916848,-0.24583159221057532,-0.07980756411148007,-0.17700073826569618
CXCL12,10,0.01615508885298869,5.723870097092676e-05,0.35076687298308257,0.016817275839664674,0.0011919619470996616,-0.14881956388037382,-0.16802499354588726,-0.22575635696203936,-0.19332890403933567,-0.17791014794487767
CBL,8,0.012924071082390954,2.1279885539010814e-05,0.3733601849058706,0.024561930991507695,0.0010218896545105176,-0.2433565819191359,-0.17032401215829285,0.015168975293186655,-0.2714392999471202,-0.17900987164205745
PC,6,0.009693053311793216,0.006152103559870549,0.27749255522259336,0.0004426699657779786,0.001935956384593144,-0.33789359995789797,0.22164879248962632,-0.7351473218748812,0.14837108236700317,-0.18020580976443332
ESR2,8,0.012924071082390954,0.0003371015834824424,0.39823359070112635,0.022692739232493736,0.0010705618673560082,-0.2433565819191359,-0.15013202437859988,-0.04297895211737087,-0.24908524240375815,-0.18112064867057331
CBFB,11,0.017770597738287562,0.00022334312224885194,0.3305614079494949,0.007525831256443858,0.001563166158013592,-0.10155105486099279,-0.15740514549099655,-0.5148001335349424,-0.02284312157758586,-0.18242280659660226
NRG1,9,0.014539579967689823,2.091644902926655e-05,0.34863584702328254,0.020805813676138835,0.0010399782243143212,-0.19608807289975486,-0.17034724838813786,-0.1016785530282645,-0.2631316248563048,-0.18417967318886252
GAB2,9,0.014539579967689823,9.76789101206019e-05,0.3613693981110347,0.018585320045129024,0.0011755830954528956,-0.19608807289975486,-0.16543945805457747,-0.17075498772198264,-0.20085134386281941,-0.18431195634551897
IDH1,8,0.012924071082390954,0.00011438833065366061,0.3887903822495414,0.023587481381386242,0.0010013912991862538,-0.2433565819191359,-0.16437114508746237,-0.015144781934417912,-0.2808537355701212,-0.18546729344447097
CCNB1,7,0.011308562197092085,0.0009613186001483172,0.3990643979139938,0.02371792762701161,0.0010210325176679758,-0.2906250909385169,-0.11022285267041866,-0.011086782649419497,-0.2718329637068005,-0.1858584442673296
ZEB1,7,0.011308562197092085,0.000162465913586554,0.39851014180577987,0.026528811364996782,0.0009675483390360532,-0.2906250909385169,-0.16129731585603307,0.07635585814314451,-0.2963970493914361,-0.1860513490421475
FANCE,10,0.01615508885298869,0.0018068862948225294,0.3159992313878431,0.012607991996439576,0.0010816128649062875,-0.14881956388037382,-0.056161676161821036,-0.35670125878174497,-0.24400976667113217,-0.1862694714891615
FANCF,10,0.01615508885298869,0.001788817431874304,0.3159992313878431,0.012607991996439576,0.0010816128649062875,-0.14881956388037382,-0.057316904767769655,-0.35670125878174497,-0.24400976667113217,-0.18655827864064867
FANCL,10,0.01615508885298869,0.001788817431874304,0.3159992313878431,0.012607991996439576,0.0010816128649062875,-0.14881956388037382,-0.057316904767769655,-0.35670125878174497,-0.24400976667113217,-0.18655827864064867
FANCG,10,0.01615508885298869,0.001788817431874304,0.3159992313878431,0.012607991996439576,0.0010816128649062875,-0.14881956388037382,-0.057316904767769655,-0.35670125878174497,-0.24400976667113217,-0.18655827864064867
CRP,9,0.014539579967689823,0.0007631689980594084,0.3236630593346436,0.010392789350540482,0.0015556295076015498,-0.19608807289975486,-0.12289150200637061,-0.4256130983681582,-0.02630453635915364,-0.18973722796196923
MCL1,8,0.012924071082390954,5.983627534249363e-05,0.38565497594107734,0.021891980889173518,0.0010650187528959828,-0.2433565819191359,-0.16785891822456178,-0.06788941825667437,-0.2516310707597075,-0.19104363103111438
MEN1,8,0.012924071082390954,7.126721326766902e-05,0.38180612388577717,0.0234729342771433,0.0009177264797953735,-0.2433565819191359,-0.16712808383161606,-0.0187081812862971,-0.3192791137824456,-0.19455428364335012
CCL5,8,0.012924071082390954,0.0,0.35621018261969156,0.020903748395086637,0.0010559866946791075,-0.2433565819191359,-0.17168453675668172,-0.09863194162475918,-0.25577929286244944,-0.1989781847583097
SOCS1,7,0.011308562197092085,0.0,0.39795742316249866,0.02566349604099578,0.0009126072277349039,-0.2906250909385169,-0.17168453675668172,0.0494371151064235,-0.32163027162895624,-0.1990785473221579
BIRC5,8,0.012924071082390954,5.731221644967793e-05,0.3861740270527073,0.022049597834634165,0.0009594023427835565,-0.2433565819191359,-0.1680202933506245,-0.06298617670367593,-0.3001383230736988,-0.19980477696482862
PRKCD,8,0.012924071082390954,0.000134935426317971,0.38155226343106585,0.01989160671565466,0.0010633891344773942,-0.2433565819191359,-0.16305747124154363,-0.13011824613096842,-0.2523795180106779,-0.2024387243104127
AKT2,8,0.012924071082390954,0.0005229189506841478,0.37753592381600204,0.019257391574554153,0.0010326740953875808,-0.2433565819191359,-0.1382518336500211,-0.14984778742043084,-0.266486247726048,-0.20300456911349862
PDGFRB,8,0.012924071082390954,2.4261278154898e-05,0.3650474581426992,0.02015218437558535,0.0010449714850679606,-0.2433565819191359,-0.1701333975055997,-0.12201204152066357,-0.2608383319959575,-0.20427822775142168
TGFA,7,0.011308562197092085,0.00010270800359814067,0.37360325794291865,0.02316231528867619,0.000985929812142958,-0.2906250909385169,-0.16511792411722404,-0.028371101265815032,-0.2879548503718864,-0.2062634531853272
ABCB1,2,0.0032310177705977385,0.012653721682847896,0.3311336435085534,0.005350156023879925,0.0008795050162234282,-0.5269676360354221,0.6373282551176289,-0.5824823308707645,-0.33683337618656267,-0.2089697502444559
IL2RA,9,0.014539579967689823,6.450582119842397e-05,0.33189971324483697,0.014983514179850829,0.0011421335954629396,-0.19608807289975486,-0.16756037188188286,-0.28280210380364135,-0.21621395024247653,-0.21032412929460848
PCSK9,3,0.004846526655896608,0.011148867313915862,0.3373630830101841,0.005706146263873411,0.0009163407770181969,-0.47969912701604106,0.541115736390889,-0.5714079750513659,-0.3199155360408158,-0.21088046257632848
KLF4,7,0.011308562197092085,4.769207215428422e-05,0.39117559931855694,0.02245308964787487,0.0009824957158571042,-0.2906250909385169,-0.16863535506841143,-0.050434113731040266,-0.289532053903337,-0.21187085412245926
SDHB,6,0.009693053311793216,0.007096400800519909,0.30107796652692714,0.005971603376616056,0.0010291903865340874,-0.33789359995789797,0.28202221986257686,-0.5631499775249279,-0.2680862371989434,-0.21400444796439433
ADIPOQ,8,0.012924071082390954,2.4296136519519613e-05,0.3505525987784503,0.019520825967350046,0.000957240430241334,-0.2433565819191359,-0.17013116884405727,-0.14165271386745276,-0.30113124109708866,-0.21626438687562016
ITGB1,8,0.012924071082390954,0.0008158415834801031,0.35933287676914405,0.015972384736614678,0.0010498944620777587,-0.2433565819191359,-0.11952389234539665,-0.2520397312028361,-0.25857731888543756,-0.21717918677570147
BRD4,7,0.011308562197092085,3.8635301664856484e-05,0.3901118995243529,0.02144346157013432,0.0009825971420630364,-0.2906250909385169,-0.16921439761120327,-0.0818422236229264,-0.28948547111798034,-0.2182879201794631
IL7R,8,0.012924071082390954,0.00014332618360434434,0.34927243104097566,0.015724414797783057,0.001138385856434321,-0.2433565819191359,-0.16252101010004483,-0.2597537273370732,-0.2179352028629233,-0.22134284223670808
HLA-B,8,0.012924071082390954,0.0010327577568604754,0.3184542753608896,0.006257560968084417,0.0016235603555520008,-0.2433565819191359,-0.10565540658068913,-0.5542542389304181,0.004894581068983779,-0.2214605868891567
RUNX3,7,0.011308562197092085,6.866858486745645e-05,0.3874777881163559,0.020653810507272156,0.0009523757785041104,-0.2906250909385169,-0.16729422654202114,-0.1064071578847812,-0.3033654667158729,-0.22549686338411704
ERCC6,8,0.012924071082390954,8.037096202994658e-05,0.3790321031706229,0.01843543967546497,0.0009198403659558112,-0.2433565819191359,-0.16654603774373064,-0.17541755528010755,-0.3183082532008536,-0.22555647480382246
CYP3A4,2,0.0032310177705977385,0.011148867313915857,0.24671307145327734,0.00013594214707250772,0.0012898351603301832,-0.5269676360354221,0.5411157363908886,-0.7446891930343673,-0.14837792867575048,-0.22777316285669913
EPCAM,8,0.012924071082390954,0.00016816123368465074,0.34969811346759483,0.019003430394728075,0.0008329750952766785,-0.2433565819191359,-0.16093318687258745,-0.15774816263790795,-0.3582035270287613,-0.22859843832317825
BMPR1A,8,0.012924071082390954,0.00015249605363694757,0.341783564145517,0.017275053099308692,0.0008636589297225581,-0.2433565819191359,-0.1619347365639154,-0.21151555008087364,-0.3441111289076486,-0.23678382361038086
FLT3,7,0.011308562197092085,0.00046580217872216714,0.37978464870967776,0.017146093643051058,0.0009743512689521627,-0.2906250909385169,-0.14190358135761022,-0.21552729743917015,-0.29327261600495896,-0.2389546598567093
NTRK2,8,0.012924071082390954,0.00013927231332228009,0.3456955446989898,0.014238146698840366,0.0010466405559277207,-0.2433565819191359,-0.1627801933662008,-0.3059894380998562,-0.26007176512213437,-0.23908209265764585
RXRA,8,0.012924071082390954,0.00032904601532309364,0.3494851426311346,0.011662149715787067,0.0011710366749553096,-0.2433565819191359,-0.15064705528018535,-0.3861250822134465,-0.2029394129987345,-0.2406494665341801
AKT3,8,0.012924071082390954,0.00017347578198251417,0.3683277305521971,0.012998264788104105,0.0011003990698326626,-0.2433565819191359,-0.16059340244680598,-0.34456042098348927,-0.2353816833892255,-0.241311575157942
INSR,8,0.012924071082390954,7.981660673267366e-06,0.34694957932304904,0.014900589550834857,0.0009970839455917054,-0.2433565819191359,-0.17117423111325777,-0.2853817724145878,-0.2828320066304037,-0.2416111172590103
PDCD1,8,0.012924071082390954,5.760923829958458e-05,0.3505525987784503,0.014765680821195087,0.0009904800681943748,-0.2433565819191359,-0.16800130332681462,-0.2895785933027144,-0.2858650196519785,-0.2422638520943398
ATRX,7,0.011308562197092085,0.0005304450181203472,0.3719083630591854,0.017480641481991036,0.0008924986727219259,-0.2906250909385169,-0.13777065625565443,-0.2051199845670533,-0.33086568069697886,-0.24335857894520097
KLK3,5,0.008077544426494346,0.0028394413715967922,0.3714269282849988,0.008775097203453168,0.0014380259966039893,-0.385162108977279,0.009854495709372862,-0.47593722647745595,-0.08031719570723667,-0.24359399865164294
BMP4,7,0.011308562197092085,0.003054308832876822,0.332862299420141,0.007481306822720204,0.0011250128386890363,-0.2906250909385169,0.023591997536106524,-0.5161852260636643,-0.2240771304789017,-0.2438732537529675
ANXA2,6,0.009693053311793216,0.0014663151535803409,0.3887903822495414,0.014848285505747976,0.001075003717749328,-0.33789359995789797,-0.07793601391903904,-0.2870088777141505,-0.2470451999753097,-0.24455757900291608
SMAD7,7,0.011308562197092085,6.027731835038258e-05,0.36228194709616357,0.01723855555672873,0.0009516768084639869,-0.2906250909385169,-0.1678307202410679,-0.2126509373124773,-0.30368648800470577,-0.2469439469521845
GNAS,6,0.009693053311793216,0.0005029601315641847,0.3893179132973698,0.019140158904746872,0.0009100912087393382,-0.33789359995789797,-0.13952789617008135,-0.1534947309409264,-0.32278582281759055,-0.24840084477948798
XIAP,7,0.011308562197092085,0.0,0.37555929594261983,0.017079345310538622,0.0009488440301057301,-0.2906250909385169,-0.17168453675668172,-0.21760374421087875,-0.30498751967608434,-0.249158168795044
BUB1B,7,0.011308562197092085,1.3918910308473413e-05,0.3772877082184899,0.0179106057412256,0.0008635068399708723,-0.2906250909385169,-0.17079463442037776,-0.1917444010216312,-0.3441809803251655,-0.2516025167029347
ERCC5,8,0.012924071082390954,0.0012902640115940573,0.33460909865908056,0.007937289536029513,0.001086887338902172,-0.2433565819191359,-0.08919180327973317,-0.5020002449957157,-0.24158731886525034,-0.2561902672638241
ETS1,7,0.011308562197092085,4.5643295082039434e-05,0.3750683687583811,0.014577645766265095,0.0009731056753234399,-0.2906250909385169,-0.16876634316034897,-0.295428099471347,-0.2938446892686198,-0.26176492536656154
IGFBP3,6,0.009693053311793216,0.0002855016855018316,0.39467304277876414,0.018096789529564516,0.0008723889478850327,-0.33789359995789797,-0.1534310520142645,-0.18595248515363869,-0.3401016270389323,-0.2618313454273446
NOS2,5,0.008077544426494346,0.0015372168284789644,0.3557685084936907,0.016112646147670478,0.0009663679814306479,-0.385162108977279,-0.07340293160571047,-0.24767639592209562,-0.296939161210283,-0.262080582469951
CCNE1,6,0.009693053311793216,9.243523712330723e-05,0.39332049636759636,0.019520616211605273,0.0007829741034171944,-0.33789359995789797,-0.16577471108428238,-0.14165923907374162,-0.38116786302064004,-0.2642718581752112
ELAVL1,6,0.009693053311793216,2.1183664669091942e-05,0.3843634321502499,0.01675282082179084,0.000894037085308785,-0.33789359995789797,-0.17033016401752926,-0.2277614619398995,-0.3301591222423376,-0.27242941782609403
FOXA1,6,0.009693053311793216,3.8526737555863767e-07,0.37803333610034456,0.01700047752140493,0.0008740462714297834,-0.33789359995789797,-0.17165990477544088,-0.22005721023728383,-0.33934045544385943,-0.2730572693153532
TLR2,6,0.009693053311793216,1.5720389052169385e-05,0.3638900470515682,0.01723643706566042,0.0008488646025448761,-0.33789359995789797,-0.17067945729032322,-0.21271684059086815,-0.3509058321214736,-0.27365715885031344
FANCA,7,0.011308562197092085,0.00040602358773532844,0.341783564145517,0.014645442918989473,0.0007664769298231059,-0.2906250909385169,-0.1457255118536894,-0.29331902537755833,-0.3887446454651895,-0.27456289396045286
BMP7,6,0.009693053311793216,0.002860052191488755,0.3326693357683032,0.006983695216433302,0.0010047115684246385,-0.33789359995789797,0.011172243749162418,-0.5316652234590551,-0.2793288102528787,-0.27766850579036045
ITCH,5,0.008077544426494346,0.0011284645076845077,0.38826427889061105,0.01615541071304939,0.0008495373641828468,-0.385162108977279,-0.09953641743061774,-0.24634605042308233,-0.3505968477649188,-0.2790794221373023
HNF1A,5,0.008077544426494346,0.002891595772087443,0.35379445388429287,0.011410613834950116,0.0008432792354294887,-0.385162108977279,0.013188975335763376,-0.3939500097895093,-0.35347106617595403,-0.28099370950119945
HMOX1,6,0.009693053311793216,5.824158981627896e-05,0.3511962082009321,0.015419544412537673,0.000870682170886524,-0.33789359995789797,-0.16796087407771393,-0.2692378163532954,-0.3408855114980069,-0.28227764407495326
UGT1A7,7,0.011308562197092085,0.0002562028047464937,0.21745153626385869,1.5903674912782606e-05,0.0016771179462622661,-0.2906250909385169,-0.15530426923151988,-0.748423421120896,0.02949238327743675,-0.28433105670505276
ENSP00000480571,7,0.011308562197092085,0.0002562028047464937,0.21745153626385869,1.5903674912782606e-05,0.0016771179462622661,-0.2906250909385169,-0.15530426923151988,-0.748423421120896,0.02949238327743675,-0.28433105670505276
CYP2B6,7,0.011308562197092085,0.0002562028047464937,0.21745153626385869,1.5903674912782606e-05,0.0016771179462622661,-0.2906250909385169,-0.15530426923151988,-0.748423421120896,0.02949238327743675,-0.28433105670505276
CYP3A5,7,0.011308562197092085,0.0002562028047464937,0.21745153626385869,1.5903674912782606e-05,0.0016771179462622661,-0.2906250909385169,-0.15530426923151988,-0.748423421120896,0.02949238327743675,-0.28433105670505276
UGT1A4,7,0.011308562197092085,0.0002562028047464937,0.21745153626385869,1.5903674912782606e-05,0.0016771179462622661,-0.2906250909385169,-0.15530426923151988,-0.748423421120896,0.02949238327743675,-0.28433105670505276
CYP2C9,7,0.011308562197092085,0.0002562028047464937,0.21745153626385869,1.5903674912782606e-05,0.0016771179462622661,-0.2906250909385169,-0.15530426923151988,-0.748423421120896,0.02949238327743675,-0.28433105670505276
AFP,7,0.011308562197092085,0.00025072180580560424,0.31810122184053385,0.0062488013201393066,0.0012549006805400171,-0.2906250909385169,-0.15565469564096426,-0.5545267392613221,-0.16442255302755127,-0.28442231419649666
TSC1,6,0.009693053311793216,0.0005185469469833893,0.3361772725250867,0.01270552547463046,0.0009255767852677932,-0.33789359995789797,-0.13853135670329247,-0.3536671294140152,-0.3156736442546779,-0.28676375389482606
ENO1,5,0.008077544426494346,0.0007961453495030826,0.36574544563436784,0.01619955502956322,0.000812152074562209,-0.385162108977279,-0.12078316654460385,-0.2449727828062868,-0.3677670741959207,-0.2875505011786401
BIRC3,7,0.011308562197092085,0.0,0.3266104747867519,0.011303737920443022,0.000915675032992264,-0.2906250909385169,-0.17168453675668172,-0.3972747692149274,-0.3202212973652926,-0.28813912933369534
TGFBR1,7,0.011308562197092085,0.000665252567879946,0.3397599788042173,0.008386135476174011,0.0009867518235395455,-0.2906250909385169,-0.12915176649892932,-0.4880372789061295,-0.2875773189430412,-0.28912964302304744
NTHL1,8,0.012924071082390954,0.0,0.27992907521966975,0.010789421057436322,0.000755250180733538,-0.2433565819191359,-0.17168453675668172,-0.41327444365812926,-0.39390083994456865,-0.2895309945814076
ERCC2,6,0.009693053311793216,3.7475887475099956e-05,0.37070710865653944,0.01645270865632761,0.0007066616704585163,-0.33789359995789797,-0.16928852449134996,-0.23709752942908358,-0.4162164547714935,-0.2912476879482172
IRF1,6,0.009693053311793216,3.879003369751762e-05,0.3568747538559223,0.014806827569295676,0.0008102882281909869,-0.33789359995789797,-0.16920450485420474,-0.28829857582446716,-0.3686230971009517,-0.29194822078389926
TNFSF11,5,0.008077544426494346,0.0015363995946520218,0.34424391373744634,0.010560103748707257,0.0010093558932692337,-0.385162108977279,-0.07345518126288801,-0.4204081826967586,-0.27719577584255256,-0.29269132516563184
TGFB2,6,0.009693053311793216,0.00013432788720551815,0.3555480819085025,0.013091033276374175,0.0008891185207551462,-0.33789359995789797,-0.16309631411527337,-0.341674523752292,-0.3324181088105427,-0.29385536502664955
PRMT5,5,0.008077544426494346,0.0,0.3825697361335487,0.018286532452168013,0.0007381659586473906,-0.385162108977279,-0.17168453675668172,-0.18004984962306295,-0.4017472406169535,-0.2940872903792213
TNFRSF10B,6,0.009693053311793216,6.166898740232017e-05,0.37482338615305233,0.013727372018226311,0.0008561049463456259,-0.33789359995789797,-0.1677417441996082,-0.32187892022937536,-0.34758050433188903,-0.29409008094741923
BAK1,6,0.009693053311793216,6.0224722128647764e-05,0.3680914715845562,0.011812302006486414,0.0009666180617077516,-0.33789359995789797,-0.16783408296843416,-0.3814540555742533,-0.29682430493854167,-0.2958769528299318
FOXP3,6,0.009693053311793216,5.9736720441881395e-06,0.3535764659274942,0.01357765680578769,0.0008545386691895302,-0.33789359995789797,-0.1713026114054421,-0.32653634997843944,-0.34829986035926674,-0.2960556549041661
BUB1,7,0.011308562197092085,2.203843648490883e-05,0.31565159746992466,0.008299398897853638,0.0010178584495882741,-0.2906250909385169,-0.17027551437764768,-0.49073553190007263,-0.27329074210544124,-0.2970929152239956
SERPINE1,7,0.011308562197092085,4.843453023064672e-05,0.313410488367189,0.0059234067335164975,0.001161648314268545,-0.2906250909385169,-0.16858788618168682,-0.5646493073239551,-0.2072512768479496,-0.2982458702082835
CD36,6,0.009693053311793216,0.00028945907306306183,0.33696688443941464,0.012094494673125794,0.0008755811901260921,-0.33789359995789797,-0.1531780373487231,-0.37267543849742946,-0.3386355016549165,-0.29881945735291426
BID,5,0.008077544426494346,0.001330252399406586,0.3666802582749668,0.010512873476275783,0.0009649164685864686,-0.385162108977279,-0.08663515488192478,-0.4218774500630854,-0.29760580855887836,-0.3003621785869216
ITGA5,6,0.009693053311793216,0.00010822513252856832,0.34905997822404083,0.012045193416803398,0.0008902190778788073,-0.33789359995789797,-0.16476518774519003,-0.37420913126065686,-0.33191264756615313,-0.3006784126869238
PROM1,5,0.008077544426494346,0.002662225745919629,0.34076876733985934,0.007100447998060819,0.0009557253788655705,-0.385162108977279,-0.0014757446488588343,-0.5280332085850762,-0.3018270702705532,-0.30114773007538825
DDIT3,7,0.011308562197092085,6.445489283412032e-05,0.333442535851437,0.007431239275554726,0.001023490111223129,-0.2906250909385169,-0.167563627975167,-0.5177427570575625,-0.2707042460147472,-0.30129908943673456
ATG7,5,0.008077544426494346,2.3021815089058143e-05,0.3750683687583811,0.015918985089495866,0.0008159423754150997,-0.385162108977279,-0.1702126422922682,-0.25370091914112025,-0.36602627388258496,-0.30130533731985576
TOP2A,5,0.008077544426494346,0.0003894877011828813,0.3743343797784234,0.013418228692134356,0.0009207742415967222,-0.385162108977279,-0.14678272996557862,-0.3314959344272852,-0.3178793450293362,-0.3013774765247666
FASN,6,0.009693053311793216,0.0008954583251667756,0.3144408790138757,0.0051078173571931455,0.001211945704583786,-0.33789359995789797,-0.11443361423700585,-0.5900211460465321,-0.18415081168198158,-0.30170555509021846
AGO2,5,0.008077544426494346,1.0174211900209742e-05,0.38721633211897644,0.016597091271763828,0.0007644058736762978,-0.385162108977279,-0.17103405085373455,-0.23260598927476547,-0.38969583518052564,-0.3020256157465395
PKLR,6,0.009693053311793216,1.3253197719217135e-05,0.277224446473586,0.0004637792335158936,0.001675696842034646,-0.33789359995789797,-0.17083719660199664,-0.7344906422366391,0.028839701925549553,-0.30210224719798134
MMP7,5,0.008077544426494346,0.0001174870231441882,0.37778446622799416,0.01616812780041589,0.0007604034013372497,-0.385162108977279,-0.16417303089420335,-0.24595043971621128,-0.39153408110673454,-0.3033469000301876
CYP7A1,2,0.0032310177705977385,3.2362459546925564e-05,0.0032310177705977385,9.8442900708781e-29,0.00238775896345642,-0.5269676360354221,-0.16961545033245073,-0.7489181620857703,0.3558738905547091,-0.3054513895017226
FLNA,6,0.009693053311793216,6.646663227829787e-05,0.34076876733985934,0.011299770361567197,0.0008938973041500241,-0.33789359995789797,-0.16743500787548013,-0.3973981943928932,-0.330223320598725,-0.30564581495245796
CYP2D6,2,0.0032310177705977385,1.6181229773462782e-05,0.0032310177705977385,9.8442900708781e-29,0.00238775896345642,-0.5269676360354221,-0.17064999354456623,-0.7489181620857703,0.3558738905547091,-0.3057100253047515
ALDOB,2,0.0032310177705977385,0.0,0.0032310177705977385,9.8442900708781e-29,0.00238775896345642,-0.5269676360354221,-0.17168453675668172,-0.7489181620857703,0.3558738905547091,-0.30596866110778037
MMP1,6,0.009693053311793216,4.670756290422489e-05,0.340971244325801,0.010461170796529208,0.0009468467107675829,-0.33789359995789797,-0.16869829944137768,-0.4234858477324723,-0.30590484372623894,-0.30631547313735097
TIMP1,6,0.009693053311793216,4.624764200138691e-05,0.34076876733985934,0.010272902620824535,0.0009579951758353901,-0.33789359995789797,-0.16872770437875279,-0.4293426059606213,-0.30078460334520163,-0.30647012794111705
APOB,7,0.011308562197092085,1.970272176582856e-05,0.3088560840690652,0.004789819864025968,0.0011206023512314695,-0.2906250909385169,-0.17042484776218597,-0.5999136009325833,-0.2261027686132044,-0.309528267678185
CDC25A,5,0.008077544426494346,0.00017047171568078967,0.3719083630591854,0.013487201406065403,0.0008624915995267056,-0.385162108977279,-0.16078546673639976,-0.3293502902772771,-0.3446472575289839,-0.30980261438739976
IDH2,5,0.008077544426494346,0.00014256769202587654,0.38539597327086844,0.014730114676794174,0.0007728539481473181,-0.385162108977279,-0.162569504085047,-0.29068500604657793,-0.38581582373631007,-0.310749280119887
IL6R,5,0.008077544426494346,1.2703051882919022e-05,0.3488477837084031,0.01542499821845324,0.0007460621996485205,-0.385162108977279,-0.1708723700497867,-0.2690681561196889,-0.3981206739293889,-0.31096259666430986
MGMT,4,0.006462035541195477,0.0021396741181920133,0.3895822160219437,0.012944234257392072,0.0007169597963533915,-0.43243061799666,-0.03488496304659095,-0.3462412348232927,-0.4114867561326909,-0.31161755525167545
MTA1,5,0.008077544426494346,0.00017581689046339112,0.3688011595117758,0.013442221085593096,0.000812488225006158,-0.385162108977279,-0.16044372421334505,-0.3307495648017416,-0.3676126878237391,-0.31459011972048
KRT8,4,0.006462035541195477,0.0012166197472618177,0.38539597327086844,0.013261067684854268,0.0008079740177561569,-0.43243061799666,-0.09390023241909969,-0.3363849923845669,-0.3696859621363233,-0.31603996530778394
PRKACA,6,0.009693053311793216,0.00010857471582666409,0.33499976894356276,0.00896964406969169,0.0009287291729407951,-0.33789359995789797,-0.16474283721725258,-0.4698851470150702,-0.3142258231813897,-0.3162706633288694
XRCC3,7,0.011308562197092085,0.00013152425680654057,0.2821310738447999,0.0036874228925119516,0.0010797070393205829,-0.2906250909385169,-0.16327556358142334,-0.6342076206703071,-0.24488506968942095,-0.31835621079578236
WT1,5,0.008077544426494346,1.5118825798437446e-05,0.3680914715845562,0.013577573002313265,0.0007756450771351592,-0.385162108977279,-0.17071791809889703,-0.3265389569866954,-0.3845339206881949,-0.31970079320174993
KDM1A,5,0.008077544426494346,8.275875847892964e-05,0.37118667800797095,0.011488722659983318,0.0008951735665168306,-0.385162108977279,-0.16639337452574335,-0.39152015406911467,-0.3296371618703642,-0.3206365449613792
TP73,5,0.008077544426494346,4.928094997316983e-05,0.37263285987033967,0.012397493379817054,0.0008374812710434663,-0.385162108977279,-0.16853377052969457,-0.36324957476931713,-0.3561339413965845,-0.32081688400765157
KMT2A,5,0.008077544426494346,0.00020764425850098954,0.372391047501832,0.011471100786327335,0.0008724253728815951,-0.385162108977279,-0.15840884874196406,-0.3920683457809841,-0.3400848978536011,-0.3208395990544557
EPAS1,5,0.008077544426494346,5.237512848971714e-05,0.37118667800797095,0.01245732339806332,0.0008247427362905801,-0.385162108977279,-0.16833594493632603,-0.36138834702680267,-0.3619844651808245,-0.32156528681765456
TSG101,3,0.004846526655896608,0.0040362353365905575,0.3650474581426992,0.007347185711529272,0.0008211271862243152,-0.47969912701604106,0.08637124320749077,-0.5203575452492935,-0.36364500637069724,-0.3231023939777398
BCAR1,5,0.008077544426494346,4.5054539211656925e-05,0.35798790031211675,0.012970240931518042,0.0007586174295678253,-0.385162108977279,-0.16880398513180753,-0.345432203758409,-0.39235433795084534,-0.3245650427668504
UGT1A9,6,0.009693053311793216,0.0,0.17771898550644877,2.423013952878577e-06,0.0014641827407364325,-0.33789359995789797,-0.17168453675668172,-0.7488427855286207,-0.06830398880128016,-0.3246132490404149
CDKN1C,5,0.008077544426494346,0.0001476938698436133,0.36527982444323553,0.011017469192490408,0.0008291799596622008,-0.385162108977279,-0.162241763082683,-0.40618018682798296,-0.35994654783983904,-0.32859252584628273
BAX,4,0.006462035541195477,0.0,0.37605150996089326,0.017063229259199293,0.0006152518738303966,-0.43243061799666,-0.17168453675668172,-0.21810509190776697,-0.45819892761156533,-0.32953265439186785
IFNA1,5,0.008077544426494346,3.5147536763184194e-05,0.35335874642877035,0.011797565513198015,0.000782327187726194,-0.385162108977279,-0.16943738705978012,-0.38191248715993076,-0.3814649769124664,-0.3298415777214721
BMI1,5,0.008077544426494346,5.978639223575666e-05,0.3680914715845562,0.011817054075431958,0.0007745778560561148,-0.385162108977279,-0.16786210748954328,-0.3813062253910937,-0.3850240714337174,-0.3300383243793957
CDKN2B,5,0.008077544426494346,0.0,0.36574544563436784,0.011598268076302655,0.00079493446369971,-0.385162108977279,-0.17168453675668172,-0.38811235019582113,-0.37567473734658374,-0.33048528983969905
POT1,6,0.009693053311793216,9.843581445523193e-07,0.31478584980818597,0.010922113521948398,0.0006514048298345129,-0.33789359995789797,-0.17162160204461133,-0.4091465676619038,-0.4415946844175244,-0.3313164109123028
VEGFC,5,0.008077544426494346,1.774389759826653e-05,0.3480015792603536,0.011997111734369154,0.0007464104605058874,-0.385162108977279,-0.170550084735806,-0.3757048847950287,-0.397960725515488,-0.3321773813881025
GPT,6,0.009693053311793216,0.0008314041129167253,0.31002409735295683,0.0036626283478032344,0.0009843819093822883,-0.33789359995789797,-0.11852890559733073,-0.6349789440933575,-0.288665767450865,-0.3326239286934415
SPP1,5,0.008077544426494346,0.00022038841400740157,0.3475800146579789,0.010494573942714596,0.0008018283956095051,-0.385162108977279,-0.15759405408433397,-0.42244672282176926,-0.372508508782027,-0.3331962979838904
AXIN2,5,0.008077544426494346,3.18185508102047e-05,0.33247659571281757,0.009950762081245018,0.0008321897978759235,-0.385162108977279,-0.16965022501271068,-0.43936394519515176,-0.35856419654138144,-0.33680492274253193
GLI1,4,0.006462035541195477,0.001543527689698132,0.3326693357683032,0.00645208652132626,0.0009765689068445861,-0.43243061799666,-0.0729994481419505,-0.5482028224853915,-0.29225410457596473,-0.33769196374658983
WEE1,4,0.006462035541195477,0.0004287714534713539,0.3733601849058706,0.013216557671874483,0.0007035914942774687,-0.43243061799666,-0.14427113227829305,-0.33776963630422385,-0.41762651794731964,-0.33849773021871293
CDKN3,5,0.008077544426494346,0.00014141966657076483,0.36574544563436784,0.009100548046589068,0.0008406025534918088,-0.385162108977279,-0.16264290282905774,-0.4658129083538013,-0.3547004062565072,-0.33957012677137377
DNMT1,4,0.006462035541195477,2.9607087018796794e-05,0.3765450158794771,0.01444335249722184,0.0006768793256109537,-0.43243061799666,-0.16979161444270274,-0.299605774245696,-0.4298948189052982,-0.3396987385397055
IL21R,5,0.008077544426494346,5.548722884058546e-05,0.3387571453366724,0.010766898058137499,0.0007404808091469512,-0.385162108977279,-0.1681369735145931,-0.41397510249742725,-0.40068408161418273,-0.33977281834301787
HAMP,4,0.006462035541195477,0.0015685377851717584,0.3090224039850959,0.0033943399951142277,0.0011510636945805473,-0.43243061799666,-0.07140043342744258,-0.6433250175136085,-0.21211255567106815,-0.340288339292627
CDH17,4,0.006462035541195477,0.0,0.3586591276252019,0.01508886484573634,0.0006309935957536769,-0.43243061799666,-0.17168453675668172,-0.27952479271823605,-0.45096910720414557,-0.34037063047247773
NOTCH2,5,0.008077544426494346,8.455683435237518e-05,0.3606879976117681,0.00997541832741268,0.0007814683321803283,-0.385162108977279,-0.1662784149574173,-0.4385969240452563,-0.3818594300341,-0.3404676126972732
LDHAL6A,5,0.008077544426494346,7.987487760950544e-05,0.27709058628697397,0.0006199247126595752,0.0014102110063985477,-0.385162108977279,-0.1665777547873045,-0.7296331759317786,-0.09309199790483391,-0.34099621160619625
LDHAL6B,5,0.008077544426494346,7.907612883341038e-05,0.27709058628697397,0.0006199247126595752,0.0014102110063985477,-0.385162108977279,-0.1666288226069983,-0.7296331759317786,-0.09309199790483391,-0.34100897856111967
PPP2R2A,5,0.008077544426494346,4.011875150445319e-06,0.3311336435085534,0.008829784102108988,0.0008632617052694237,-0.385162108977279,-0.1714280384396283,-0.4742359939538199,-0.3442935652047445,-0.3413696595836676
SNAI2,4,0.006462035541195477,8.846449215862181e-05,0.3733601849058706,0.012845113933931483,0.0007545233811137516,-0.43243061799666,-0.16602857975234825,-0.3493247287161493,-0.3942346427362103,-0.34156973552739
SOS1,4,0.006462035541195477,0.0,0.35731918069758595,0.014969273280671882,0.0006238099567214958,-0.43243061799666,-0.17168453675668172,-0.2832451181534132,-0.4542683917631996,-0.34177455247132393
ABCG2,4,0.006462035541195477,0.0017081807739688947,0.28380544223557025,0.0008347463686357181,0.0012695991344867303,-0.43243061799666,-0.06247239098554353,-0.7229503762684064,-0.15767188224201859,-0.3430932657473019
BCL10,5,0.008077544426494346,1.2014333053307176e-05,0.33209178483814994,0.010096752263261871,0.0007477204695411014,-0.385162108977279,-0.170916403130103,-0.4348223959048595,-0.3973590676979472,-0.34397213164513474
ALDOA,5,0.008077544426494346,1.3253197719217135e-05,0.27655643575919187,0.0004528168723532852,0.001400514327213002,-0.385162108977279,-0.17083719660199664,-0.734831665878573,-0.09754546553699833,-0.343991463575661
ASL,3,0.004846526655896608,0.0023058252427184465,0.21581594742396507,1.1263076515697263e-05,0.0013856716163985264,-0.47969912701604106,-0.024262129030224844,-0.7485677836120284,-0.1043623902718475,-0.34454626148994577
PLAU,5,0.008077544426494346,4.1162526038679755e-05,0.32184778698840333,0.008674882703349823,0.000828691234199064,-0.385162108977279,-0.16905282010083883,-0.47905475866718095,-0.3601710085020355,-0.3449150966011006
NCOA3,5,0.008077544426494346,0.0,0.342191177221421,0.009836484447896946,0.0007425856727708361,-0.385162108977279,-0.17168453675668172,-0.4429189616863861,-0.3997173648816064,-0.34625513764481664
MYCN,4,0.006462035541195477,0.0,0.3738466476875069,0.013856487099997357,0.0006456432745688325,-0.43243061799666,-0.17168453675668172,-0.3178623315801768,-0.4442408377444162,-0.34669248435292
NQO1,4,0.006462035541195477,3.459747917564224e-05,0.3733601849058706,0.013461617456898431,0.0006654592440874571,-0.43243061799666,-0.16947255486540622,-0.33014617096306675,-0.435139806642686,-0.3467760505363331
ENG,6,0.009693053311793216,9.988413440409126e-06,0.3012360127035817,0.004095149948306234,0.0009255687273530284,-0.33789359995789797,-0.17104592983562278,-0.6215238052568725,-0.3156773450745051,-0.3484644725104455
SOX9,5,0.008077544426494346,0.00037250500779793864,0.3247620850030125,0.004514731285482658,0.0009977707202007988,-0.385162108977279,-0.14786851456976519,-0.6084712198175756,-0.2825165864299758,-0.3499714280339992
PIK3CG,4,0.006462035541195477,0.00015666586678270313,0.35754180947060626,0.01288943276442366,0.0006352364907029944,-0.43243061799666,-0.1616681405173772,-0.3479460322148661,-0.4490204405563281,-0.3511610459824141
APC,5,0.008077544426494346,1.3921688678970231e-05,0.32457839604090677,0.00676786834540172,0.0008834043211408505,-0.385162108977279,-0.17079445678589766,-0.5383792939494002,-0.335042512747091,-0.3521897136778203
MAP3K1,4,0.006462035541195477,0.00011741214820609359,0.37118667800797095,0.012172443775886154,0.0006724915661453586,-0.43243061799666,-0.1641778180061873,-0.3702505515123624,-0.43191001858178946,-0.3528272848192082
RHOA,4,0.006462035541195477,7.473149827518759e-05,0.3568747538559223,0.01201227978857858,0.0006863533307962511,-0.43243061799666,-0.16690659556468349,-0.3752330279559025,-0.42554362045556776,-0.3532326948722959
CYP19A1,3,0.004846526655896608,0.0015372168284789644,0.3344141050118433,0.008822990867691031,0.0008233716177798944,-0.47969912701604106,-0.07340293160571047,-0.474447321924807,-0.36261418921215083,-0.35365772958443353
RIPK1,5,0.008077544426494346,1.490402703994937e-05,0.32329836856356226,0.007670596267754501,0.0008060894642629038,-0.385162108977279,-0.17073165120822653,-0.5102966975826457,-0.3705514953588513,-0.35365928953240366
VHL,4,0.006462035541195477,1.5859709735061437e-06,0.3678555155130276,0.013825920173819124,0.0005673704112611889,-0.43243061799666,-0.17158313806645709,-0.31881322567437786,-0.48018981125867227,-0.35404710820205526
MMP14,4,0.006462035541195477,0.0010838613727629164,0.34056653068268433,0.007441872913550785,0.0008084573807682908,-0.43243061799666,-0.1023881086257999,-0.5174119595311324,-0.3694639643278022,-0.3543229282270679
TET2,4,0.006462035541195477,0.0003954884976825052,0.36574544563436784,0.009578927851540643,0.0007646006541153904,-0.43243061799666,-0.14639907041850553,-0.4509311852567153,-0.3896063768861674,-0.3560579963320339
CTNNA1,4,0.006462035541195477,5.079224982137604e-05,0.35335874642877035,0.011596443462181073,0.000667702275794301,-0.43243061799666,-0.16843714592072961,-0.38816911137561044,-0.4341096324033198,-0.35791575153479943
DNMT3A,4,0.006462035541195477,7.36732258445718e-05,0.3650474581426992,0.010597011850945384,0.0007291922557075447,-0.43243061799666,-0.16697425596967064,-0.4192600235314645,-0.4058686614475854,-0.3581200172870586
FH,3,0.004846526655896608,0.004074188730960421,0.30250638070654884,0.002942226225781436,0.0007211548899470935,-0.47969912701604106,0.08879778476655559,-0.6573896411744495,-0.40956004357719034,-0.35908518521430344
MAP2K2,5,0.008077544426494346,3.179791856193359e-05,0.3281044049172802,0.007211863991608013,0.0007680919446221842,-0.385162108977279,-0.16965154413076897,-0.5245672136843843,-0.3880029053296714,-0.35973364797755103
PRKCSH,3,0.004846526655896608,0.0015372168284789644,0.24450558338317982,0.00014480628229859252,0.0013447149872246413,-0.47969912701604106,-0.07340293160571047,-0.7444134422510685,-0.1231728529940081,-0.3597626864060573
KDM6A,4,0.006462035541195477,0.0,0.37070710865653944,0.01113393384384595,0.0006860868785256675,-0.43243061799666,-0.17168453675668172,-0.40255713528163417,-0.42566599601733013,-0.35991647674779426
APOA1,4,0.006462035541195477,0.0015375539374325783,0.2735245968543008,0.0008160732886698649,0.0011106904273858794,-0.43243061799666,-0.07338137862212472,-0.7235312695305073,-0.23065509329819706,-0.360533333520103
SDHAF2,3,0.004846526655896608,0.0,0.004846526655896607,5.4411843993661414e-24,0.0016129032258064516,-0.47969912701604106,-0.17168453675668172,-0.7489181620857703,9.958995630347447e-17,-0.36059946106193885
SDHC,3,0.004846526655896608,0.0,0.004846526655896607,5.4411843993661414e-24,0.0016129032258064516,-0.47969912701604106,-0.17168453675668172,-0.7489181620857703,9.958995630347447e-17,-0.36059946106193885
SDHD,3,0.004846526655896608,0.0,0.004846526655896607,5.4411843993661414e-24,0.0016129032258064516,-0.47969912701604106,-0.17168453675668172,-0.7489181620857703,9.958995630347447e-17,-0.36059946106193885
TMEM127,3,0.004846526655896608,0.0,0.004846526655896607,5.4411843993661414e-24,0.0016129032258064516,-0.47969912701604106,-0.17168453675668172,-0.7489181620857703,9.958995630347447e-17,-0.36059946106193885
FGFR4,5,0.008077544426494346,0.0,0.30985669773235586,0.007958885260925298,0.0007114592198054892,-0.385162108977279,-0.17168453675668172,-0.5013284323592846,-0.4140130477780659,-0.36079616835868816
MITF,4,0.006462035541195477,0.0,0.3514112701777851,0.011698486837880875,0.0006128866806790689,-0.43243061799666,-0.17168453675668172,-0.38499468543760473,-0.45928520786707355,-0.3631278291489371
XBP1,5,0.008077544426494346,8.103004291970867e-05,0.3146132698466684,0.006465452545796629,0.000772290781736877,-0.385162108977279,-0.166503899558297,-0.5477870242576695,-0.3860744734588007,-0.3632050125749159
JAG1,5,0.008077544426494346,1.1883798826974154e-05,0.3142686769990817,0.0065212146925146975,0.0007732500406612797,-0.385162108977279,-0.17092474880590713,-0.5460523422786897,-0.38563390731353103,-0.36387517526196855
RECQL4,5,0.008077544426494346,0.0,0.31409666349224036,0.008978113259130515,0.0006038932398591565,-0.385162108977279,-0.17168453675668172,-0.4696216824398921,-0.4634156938640703,-0.3643353475920106
MKI67,5,0.008077544426494346,1.2752921432468286e-05,0.3149586192098371,0.005601421963877513,0.0008136157657365372,-0.385162108977279,-0.1708691816515809,-0.5746658007746588,-0.36709483361297224,-0.3658761604324691
SLC2A1,3,0.004846526655896608,0.0,0.3880017607845322,0.015104249077916816,0.0005259888783687657,-0.47969912701604106,-0.17168453675668172,-0.27904621088639164,-0.4991954227447641,-0.36646415537101595
NOTCH3,3,0.004846526655896608,0.0,0.384879010194717,0.013303750333031966,0.0005836988389270612,-0.47969912701604106,-0.17168453675668172,-0.33505719521450217,-0.4726905300405727,-0.3723653736957998
ASS1,3,0.004846526655896608,0.0,0.17651633472787545,5.79445457005452e-07,0.0014822659883789767,-0.47969912701604106,-0.17168453675668172,-0.7489001363523431,-0.05999875805996305,-0.3725956075272461
CPT1A,4,0.006462035541195477,0.0007088046969736608,0.3193403473568854,0.0034794602401742895,0.0009082780477129047,-0.43243061799666,-0.12636727112015575,-0.6406770463747178,-0.32361856707865266,-0.375801656769544
ABCA1,4,0.006462035541195477,8.607680671792771e-05,0.3387571453366724,0.008189824746346648,0.0006929002361304634,-0.43243061799666,-0.1661812358730461,-0.4941442296846504,-0.42253677342692514,-0.37623222588940763
ATG5,3,0.004846526655896608,8.693419316024217e-05,0.3733601849058706,0.012584851900775414,0.0005698874654632094,-0.47969912701604106,-0.1661264190676194,-0.3574211146212886,-0.47903378462289253,-0.37671727907135544
NR1H4,3,0.004846526655896608,0.0015416298911444543,0.313410488367189,0.004263836347083144,0.0008796482491013418,-0.47969912701604106,-0.0731207834569517,-0.616276208575619,-0.3367675925328557,-0.3767836505415473
IRS2,4,0.006462035541195477,3.2478039759593156e-05,0.34280442305873543,0.008832892779974668,0.0006416023849476234,-0.43243061799666,-0.1696080607380785,-0.47413928735643374,-0.44609672786812266,-0.3777999345282619
UGT1A1,6,0.009693053311793216,0.0,0.21293306278305124,6.0863728439261896e-05,0.0008807549488749512,-0.33789359995789797,-0.17168453675668172,-0.7470247770726195,-0.3362593101068845,-0.3778407116103355
KRT18,3,0.004846526655896608,0.0013830694780134817,0.3383576675709452,0.0054881734596122335,0.0008045061286888524,-0.47969912701604106,-0.08325830708225097,-0.578188802507154,-0.37127868593564206,-0.3786027689147363
CALR,5,0.008077544426494346,3.76406225920789e-05,0.30107796652692714,0.00384619914639174,0.0007727277010004159,-0.385162108977279,-0.16927799218945117,-0.6292683146624567,-0.38587380622409007,-0.3801546603667198
AXL,4,0.006462035541195477,7.427892860871251e-06,0.3411739620691576,0.008521312215147901,0.0006388691978190588,-0.43243061799666,-0.17120963613125842,-0.4838321206244581,-0.4473520195176448,-0.38038995336006615
ELK1,5,0.008077544426494346,3.0339805825242716e-06,0.29595389592590154,0.003482053910115376,0.000781255818620857,-0.385162108977279,-0.17149055990441006,-0.6405963609497292,-0.38195703275358694,-0.3821900568588134
FOLH1,3,0.004846526655896608,0.0005088197818442622,0.3377602143615792,0.005557494314573883,0.0008969899985640811,-0.47969912701604106,-0.13915326077416312,-0.576032328179194,-0.3288029153026821,-0.38365005834553034
PLAUR,3,0.004846526655896608,0.0,0.34905997822404083,0.012363261146150967,0.0005207880710989207,-0.47969912701604106,-0.17168453675668172,-0.3643144914257906,-0.501584037072843,-0.3839955343445115
MAP2K4,5,0.008077544426494346,4.334257975034674e-06,0.29488931356645587,0.0027327370759243777,0.0008022884872866639,-0.385162108977279,-0.1714074269677222,-0.6639065540703278,-0.37229719897659286,-0.38489934549336235
GATA2,4,0.006462035541195477,1.621168326893134e-05,0.33151623581763323,0.006513739876658564,0.0007214979123260308,-0.43243061799666,-0.17064804650732227,-0.546284873289868,-0.4094025010791378,-0.3851502027994627
IL1RN,4,0.006462035541195477,0.0,0.33363639779088555,0.007984483244531175,0.0006227275994543179,-0.43243061799666,-0.17168453675668172,-0.5005321150818339,-0.45476549422101836,-0.38533137234857184
SWSAP1,5,0.008077544426494346,8.616159101595995e-06,0.2591935881663609,0.0017668683143736497,0.000862164874145677,-0.385162108977279,-0.17113366460185442,-0.6939533731641614,-0.34479731518080214,-0.385340291961504
PDGFB,3,0.004846526655896608,0.0001167796248287919,0.34590392055474567,0.010508432095000322,0.0006067978004347489,-0.47969912701604106,-0.16421825824315647,-0.422015615189677,-0.4620816942275407,-0.38576872089984704
TCF7L2,4,0.006462035541195477,4.4070403864807065e-06,0.33247659571281757,0.007194785169080169,0.0006564673684792291,-0.43243061799666,-0.17140277364094933,-0.5250985118392247,-0.43926957377300263,-0.3870750268315138
PCNA,3,0.004846526655896608,6.54954538449684e-06,0.37022877690343425,0.010482495821632878,0.0006003464528482079,-0.47969912701604106,-0.17126579307558734,-0.42282245618595127,-0.46504465372230563,-0.38828456470616257
KMT2D,3,0.004846526655896608,0.0,0.37022877690343425,0.011172221294020956,0.0005481565654991591,-0.47969912701604106,-0.17168453675668172,-0.40136606654148194,-0.48901430040111515,-0.3888919020333042
TP63,3,0.004846526655896608,0.0,0.3699900736301245,0.010456576593849406,0.0005861875643357225,-0.47969912701604106,-0.17168453675668172,-0.42362876691807544,-0.4715475141852746,-0.3898510848654548
CD40LG,4,0.006462035541195477,8.645571987256924e-06,0.3204101642659537,0.00647949967521056,0.0006731333654212006,-0.43243061799666,-0.1711317840957597,-0.5473500378128335,-0.4316152545448839,-0.3899267207943144
IGHV3-43D,4,0.006462035541195477,4.888156969037198e-06,0.30819259087020573,0.0034401659992865114,0.0008590858916755256,-0.43243061799666,-0.17137201356265563,-0.6418994349583272,-0.3462114228880325,-0.3918158912587668
SETD2,3,0.004846526655896608,8.572199106179688e-06,0.37070710865653944,0.010585683179724869,0.0005521613141513365,-0.47969912701604106,-0.17113647517407293,-0.4196124425642427,-0.4871750090152547,-0.39203630356503205
AHR,3,0.004846526655896608,0.0015372168284789644,0.29041224908923235,0.0013563579854487414,0.0008999250222176369,-0.47969912701604106,-0.07340293160571047,-0.706723772291216,-0.32745492465654086,-0.3930811667465934
SLCO1B3,1,0.0016155088852988692,0.0,0.0016155088852988692,1.2972794531264642e-30,0.0016129032258064516,-0.5742361450548031,-0.17168453675668172,-0.7489181620857703,9.958995630347447e-17,-0.3936874173755056
TYMP,1,0.0016155088852988692,0.0,0.0016155088852988692,1.2972794531264642e-30,0.0016129032258064516,-0.5742361450548031,-0.17168453675668172,-0.7489181620857703,9.958995630347447e-17,-0.3936874173755056
ELAC2,1,0.0016155088852988692,0.0,0.0016155088852988692,1.2972794531264642e-30,0.0016129032258064516,-0.5742361450548031,-0.17168453675668172,-0.7489181620857703,9.958995630347447e-17,-0.3936874173755056
PYGL,1,0.0016155088852988692,0.0,0.0016155088852988692,1.2972794531264642e-30,0.0016129032258064516,-0.5742361450548031,-0.17168453675668172,-0.7489181620857703,9.958995630347447e-17,-0.3936874173755056
PHKA2,1,0.0016155088852988692,0.0,0.0016155088852988692,1.2972794531264642e-30,0.0016129032258064516,-0.5742361450548031,-0.17168453675668172,-0.7489181620857703,9.958995630347447e-17,-0.3936874173755056
TMPRSS2,1,0.0016155088852988692,0.0,0.0016155088852988692,1.2972794531264642e-30,0.0016129032258064516,-0.5742361450548031,-0.17168453675668172,-0.7489181620857703,9.958995630347447e-17,-0.3936874173755056
ERG,1,0.0016155088852988692,0.0,0.0016155088852988692,1.2972794531264642e-30,0.0016129032258064516,-0.5742361450548031,-0.17168453675668172,-0.7489181620857703,9.958995630347447e-17,-0.3936874173755056
DPYD,1,0.0016155088852988692,0.0,0.0016155088852988692,1.2972794531264642e-30,0.0016129032258064516,-0.5742361450548031,-0.17168453675668172,-0.7489181620857703,9.958995630347447e-17,-0.3936874173755056
ABCC4,1,0.0016155088852988692,0.0,0.0016155088852988692,1.2972794531264642e-30,0.0016129032258064516,-0.5742361450548031,-0.17168453675668172,-0.7489181620857703,9.958995630347447e-17,-0.3936874173755056
RNASEL,1,0.0016155088852988692,0.0,0.0016155088852988692,1.2972794531264642e-30,0.0016129032258064516,-0.5742361450548031,-0.17168453675668172,-0.7489181620857703,9.958995630347447e-17,-0.3936874173755056
IGF2R,4,0.006462035541195477,1.4054533706898254e-05,0.3050795343967693,0.005602754907712347,0.0006718962385951848,-0.43243061799666,-0.17078596336952384,-0.574624334766168,-0.4321834391956411,-0.39540876193357377
TNFSF10,4,0.006462035541195477,0.0,0.31069550850044564,0.0062187997040148695,0.0006297855432570512,-0.43243061799666,-0.17168453675668172,-0.5554600473546144,-0.4515239386664154,-0.3956686476922074
PKD2,3,0.004846526655896608,1.6181229773462782e-05,0.24450558338317982,0.0001482988831768998,0.0012016539466433304,-0.47969912701604106,-0.17064999354456623,-0.7443047923485817,-0.18887758566190374,-0.397193668443853
SOD2,4,0.006462035541195477,2.8636101933938705e-05,0.3088560840690652,0.005655423754184066,0.0006427876978793965,-0.43243061799666,-0.16985369415127055,-0.5729858810084589,-0.44555234017882933,-0.3975217840741063
CASP10,3,0.004846526655896608,4.0453074433656955e-06,0.3634291350223705,0.008169652576178797,0.0006376853014974039,-0.47969912701604106,-0.17142590095365284,-0.49477175753511143,-0.44789575658963005,-0.3992846725189759
FAAP20,5,0.008077544426494346,0.0,0.24091293207402312,0.0017351330734920447,0.0007051058210621174,-0.385162108977279,-0.17168453675668172,-0.6949406118860534,-0.41693102156232986,-0.40010219902089467
KRT7,3,0.004846526655896608,0.0,0.3634291350223705,0.008876752460520786,0.0005695493576206114,-0.47969912701604106,-0.17168453675668172,-0.472774874364376,-0.47918906998444555,-0.4012086175145491
RB1CC1,3,0.004846526655896608,0.0,0.363199116582483,0.008418525419219053,0.0005995708367352332,-0.47969912701604106,-0.17168453675668172,-0.48702967332048935,-0.4654008768362215,-0.40130193867612696
PBRM1,2,0.0032310177705977385,0.0015372168284789644,0.306055788906839,0.0027509177337958777,0.00084285713245177,-0.5269676360354221,-0.07340293160571047,-0.6633409793672028,-0.353664928622338,-0.4061905871117335
PPP2R1B,3,0.004846526655896608,0.0,0.33075193325667035,0.007915129707281008,0.0005739013065606542,-0.47969912701604106,-0.17168453675668172,-0.502689606109836,-0.47719031728050926,-0.40679181332285386
SHH,3,0.004846526655896608,0.0001110535185777904,0.34137692099959727,0.006743440350014387,0.0006215288232355805,-0.47969912701604106,-0.16458435553222292,-0.539139214538456,-0.45531606529655866,-0.40793183930567306
BAP1,3,0.004846526655896608,1.738008591235319e-06,0.32293449870586555,0.009456481409732653,0.0004540783676152122,-0.47969912701604106,-0.17157341757625888,-0.45474032189323027,-0.5322223101899773,-0.4081805752663206
BCL2L11,2,0.0032310177705977385,0.0,0.3728749864849403,0.012390075819157348,0.00043284011017124006,-0.5269676360354221,-0.17168453675668172,-0.3634803246518393,-0.5419765662894569,-0.4084511849898274
CDX2,2,0.0032310177705977385,0.0015363995946520218,0.27549428910241147,0.000476574242759233,0.0009698933211408945,-0.5269676360354221,-0.07345518126288801,-0.7340926074897433,-0.29532005161703484,-0.4086849997494753
CCND3,3,0.004846526655896608,4.766298811115914e-05,0.3305614079494949,0.006164851986582786,0.000656521907456653,-0.47969912701604106,-0.16863721455003408,-0.5571382849897198,-0.4392445252418508,-0.409330560139437
RAD51B,4,0.006462035541195477,5.821166718780275e-05,0.2749662693820427,0.001732440628881774,0.0007670277916791107,-0.43243061799666,-0.16796278717409857,-0.6950243700521164,-0.3884916469490409,-0.4100446164925871
XPC,4,0.006462035541195477,7.061018968792024e-05,0.30044743675409585,0.0031070350858019005,0.0006635959730358914,-0.43243061799666,-0.16717009048340614,-0.6522626692718224,-0.4359955653162808,-0.41079488583730317
TYMS,2,0.0032310177705977385,0.0008520599858108859,0.36691470856798153,0.00732599667957434,0.000599614078371608,-0.5269676360354221,-0.11720827710418494,-0.5210167062401729,-0.4653810169208555,-0.41102028652064965
NR1H2,4,0.006462035541195477,0.0,0.28564191348945894,0.0014549795517785225,0.0007633069224337159,-0.43243061799666,-0.17168453675668172,-0.7036557940314121,-0.3902005588796927,-0.4130431210702224
AWAT2,2,0.0032310177705977385,0.0015372168284789644,0.278705490141002,0.0007323190802815528,0.0008980992598530495,-0.5269676360354221,-0.07340293160571047,-0.7261367451892815,-0.32829345643006125,-0.4136754458376939
CDH2,3,0.004846526655896608,0.0,0.33151623581763323,0.006431010631514746,0.0005981878869121359,-0.47969912701604106,-0.17168453675668172,-0.548858463783275,-0.4660360347244244,-0.41379472834632464
ABRAXAS1,3,0.004846526655896608,0.0,0.31358175092913826,0.008495446356136553,0.0004537086130367987,-0.47969912701604106,-0.17168453675668172,-0.4846367711291216,-0.5323921301886904,-0.41422160890834714
AREG,3,0.004846526655896608,1.2716401132872505e-05,0.3373630830101841,0.006330217912680707,0.0005786054294626103,-0.47969912701604106,-0.17087151656855448,-0.5519939835446963,-0.475029818961372,-0.41601733409896663
DICER1,2,0.0032310177705977385,0.0,0.3650474581426992,0.011409606669362405,0.0004160250901755493,-0.5269676360354221,-0.17168453675668172,-0.3939813412947988,-0.5496993284693827,-0.4160959407544044
GDF15,2,0.0032310177705977385,0.00042502865763192275,0.3641209417514741,0.007401892983206243,0.0005858970126244603,-0.5269676360354221,-0.14451042707134815,-0.5186556789496152,-0.4716809580805315,-0.4186336067862641
LRP5,3,0.004846526655896608,0.0,0.32384571343133356,0.004787057757681831,0.0006291389179598706,-0.47969912701604106,-0.17168453675668172,-0.5999995261772376,-0.4518209191868626,-0.4211799177176049
DDB2,2,0.0032310177705977385,0.0,0.3697516779641257,0.010141763587904208,0.0004438074856797584,-0.5269676360354221,-0.17168453675668172,-0.4334221568842593,-0.5369394962882356,-0.4214321374360671
PFKL,3,0.004846526655896608,0.0,0.27615717237744136,0.0004221128288268336,0.0009029336699566498,-0.47969912701604106,-0.17168453675668172,-0.7357868255006808,-0.32607312011646167,-0.42318781776821335
LZTR1,3,0.004846526655896608,0.0,0.30076237117417354,0.006565041279505184,0.0004700857330516173,-0.47969912701604106,-0.17168453675668172,-0.5446889587806157,-0.5248704856649872,-0.42472771753390537
SOX4,2,0.0032310177705977385,0.0,0.34527954524688514,0.009709225463342906,0.00042821557147225886,-0.5269676360354221,-0.17168453675668172,-0.4468778097609642,-0.5441005133661329,-0.4255554714269875
F2,3,0.004846526655896608,0.0,0.3115388730729224,0.004394078282324932,0.0005967923941064469,-0.47969912701604106,-0.17168453675668172,-0.6122245650993793,-0.4666769533236824,-0.4265961323293972
HAVCR2,3,0.004846526655896608,0.0,0.30769683871331,0.003552736605703163,0.0006532271808135311,-0.47969912701604106,-0.17168453675668172,-0.638397521674732,-0.44075771941701186,-0.42664687686313363
ACACA,2,0.0032310177705977385,0.0007686084142394822,0.215734813609144,1.1255440559156303e-05,0.0009367875681024829,-0.5269676360354221,-0.12254373418119609,-0.7485680211558996,-0.3105247827186648,-0.4268931669326096
NR1H3,3,0.004846526655896608,2.907809184042289e-05,0.3191627387098571,0.0034739232063707866,0.0006504256812342881,-0.47969912701604106,-0.1698254356280323,-0.6408492957108939,-0.44204438544555064,-0.42692978959391137
WNT5A,2,0.0032310177705977385,0.0,0.3440375324941985,0.009436895149416287,0.00042903817596201104,-0.5269676360354221,-0.17168453675668172,-0.4553496229120413,-0.543722709542877,-0.4271742732925518
CPS1,2,0.0032310177705977385,0.0,0.17646205541215346,3.007153530887984e-07,0.0010552619774292938,-0.5269676360354221,-0.17168453675668172,-0.7489088072539622,-0.2561121392681888,-0.42836399610599835
NAT2,1,0.0016155088852988692,0.0,0.002154011847065159,6.960964265085303e-29,0.001225475356981467,-0.5742361450548031,-0.17168453675668172,-0.7489181620857703,-0.17793694527735462,-0.42927480643097654
CYP2C19,1,0.0016155088852988692,0.0,0.002154011847065159,6.960964265085303e-29,0.001225475356981467,-0.5742361450548031,-0.17168453675668172,-0.7489181620857703,-0.17793694527735462,-0.42927480643097654
LDHA,1,0.0016155088852988692,0.0,0.002154011847065159,6.960964265085303e-29,0.001225475356981467,-0.5742361450548031,-0.17168453675668172,-0.7489181620857703,-0.17793694527735462,-0.42927480643097654
LIPA,1,0.0016155088852988692,0.0,0.002154011847065159,6.960964265085303e-29,0.001225475356981467,-0.5742361450548031,-0.17168453675668172,-0.7489181620857703,-0.17793694527735462,-0.42927480643097654
NR5A2,1,0.0016155088852988692,0.0,0.002154011847065159,6.960964265085303e-29,0.001225475356981467,-0.5742361450548031,-0.17168453675668172,-0.7489181620857703,-0.17793694527735462,-0.42927480643097654
G6PC,1,0.0016155088852988692,0.0,0.002154011847065159,6.960964265085303e-29,0.001225475356981467,-0.5742361450548031,-0.17168453675668172,-0.7489181620857703,-0.17793694527735462,-0.42927480643097654
CDK12,2,0.0032310177705977385,0.0004689128726155195,0.3659787016583693,0.0077700283320536415,0.0004368577111171122,-0.5269676360354221,-0.1417046998574158,-0.507203505870631,-0.5401313721328774,-0.4293318231774534
RASSF1,3,0.004846526655896608,0.0002290578257201153,0.3122168684441366,0.0032972208867148487,0.0005960743693167817,-0.47969912701604106,-0.15703977723603582,-0.6463462564197571,-0.4670067260323259,-0.42982523525503996
PHB,2,0.0032310177705977385,0.0,0.3638900470515682,0.00873324701404434,0.0004458699630696433,-0.5269676360354221,-0.17168453675668172,-0.4772391270257156,-0.5359922466038678,-0.4300060815274848
KIR3DL3,3,0.004846526655896608,0.0,0.27145440123004877,0.000514181558835018,0.0008055980550178275,-0.47969912701604106,-0.17168453675668172,-0.7329226967651024,-0.37077718862200015,-0.4315558057222053
KIR3DL2,3,0.004846526655896608,0.0,0.27145440123004877,0.000514181558835018,0.0008055980550178275,-0.47969912701604106,-0.17168453675668172,-0.7329226967651024,-0.37077718862200015,-0.4315558057222053
WWOX,2,0.0032310177705977385,0.0,0.3636594449938676,0.008467392164466913,0.0004429015442095807,-0.5269676360354221,-0.17168453675668172,-0.4855094975858382,-0.5373555749206076,-0.4319328213028573
PRF1,3,0.004846526655896608,0.0,0.30769683871331,0.00361097388970229,0.0005788201325616516,-0.47969912701604106,-0.17168453675668172,-0.6365858416551518,-0.4749312106353864,-0.4331192391028924
PRKN,2,0.0032310177705977385,0.0,0.3627399520861714,0.008173765549662773,0.0004480550964827264,-0.5269676360354221,-0.17168453675668172,-0.49464380871314906,-0.5349886637544288,-0.4332863012950837
EFNA1,2,0.0032310177705977385,0.00021855891715431738,0.33696688443941464,0.005343410043879416,0.0006014175843785719,-0.5269676360354221,-0.15771102254578234,-0.5826921888232678,-0.4645527069940507,-0.433315407412307
PAX8,2,0.0032310177705977385,2.570857277199562e-05,0.3638900470515682,0.007804996661577497,0.00045892128020553905,-0.5269676360354221,-0.17004086505639698,-0.5061156903070239,-0.529998068874603,-0.4341716407128223
CD8B2,3,0.004846526655896608,0.0,0.28020244345718903,0.0012256213979200189,0.0007087369488232246,-0.47969912701604106,-0.17168453675668172,-0.7107908037045871,-0.4152633258860153,-0.4360266545629053
SUFU,2,0.0032310177705977385,0.00040378931646344035,0.32402857380029537,0.0043775916052534725,0.0005957459096479987,-0.5269676360354221,-0.14586835947471183,-0.6127374424416687,-0.46715758020367737,-0.4368847670101449
FLCN,3,0.004846526655896608,0.0,0.29779688853156366,0.0039954358399469985,0.0005011639421510119,-0.47969912701604106,-0.17168453675668172,-0.6246257709630234,-0.510596960095934,-0.4378603748565763
SPDYE5,3,0.004846526655896608,0.0,0.2886592576460378,0.0014691405852664914,0.0006688684963299073,-0.47969912701604106,-0.17168453675668172,-0.7032152641909898,-0.43357401342408924,-0.4381736841678006
SPDYE2,3,0.004846526655896608,0.0,0.2886592576460378,0.0014691405852664914,0.0006688684963299073,-0.47969912701604106,-0.17168453675668172,-0.7032152641909898,-0.43357401342408924,-0.4381736841678006
ZEB2,3,0.004846526655896608,0.0,0.299506578392653,0.002358710314550655,0.0006045661331791382,-0.47969912701604106,-0.17168453675668172,-0.6755420007092742,-0.46310664902891624,-0.4385455585924229
NTRK3,3,0.004846526655896608,1.9956228654944595e-06,0.28185393133611153,0.0029683094449731106,0.0005374183091307567,-0.47969912701604106,-0.17155694706675434,-0.6565782289001993,-0.493946141111474,-0.44088880522463764
NBL1,3,0.004846526655896608,0.0,0.2551598951535452,0.0006381131165364389,0.0006467092339588278,-0.47969912701604106,-0.17168453675668172,-0.729067360261318,-0.4437512664644236,-0.4453795539899331
CEACAM5,2,0.0032310177705977385,2.8220556597904405e-05,0.3383576675709452,0.005589321563324802,0.0004846139213810596,-0.5269676360354221,-0.16988026194696587,-0.575042227221857,-0.5181980140650598,-0.4455567863565226
RAD54L,3,0.004846526655896608,1.779935275080906e-05,0.24091293207402312,0.0005919795127171174,0.0006315277790723571,-0.47969912701604106,-0.17054653922335467,-0.7305025118091123,-0.45072376876674203,-0.4467765853766239
ALDH1A1,2,0.0032310177705977385,0.0,0.3269826804560245,0.00623797220830032,0.0004313412289350477,-0.5269676360354221,-0.17168453675668172,-0.5548636177041558,-0.542664968879881,-0.4468655241183755
FGF19,2,0.0032310177705977385,1.2716401132872505e-05,0.33716486733273976,0.005742065525277866,0.000458874988318424,-0.5269676360354221,-0.17087151656855448,-0.570290577334029,-0.5300193297018361,-0.44721853316170934
PKHD1,2,0.0032310177705977385,0.0,0.24429740493840912,0.00014471291351260139,0.000814722832021851,-0.5269676360354221,-0.17168453675668172,-0.7444163468227177,-0.3665863828563818,-0.44956035273738804
MUC16,2,0.0032310177705977385,0.0,0.324394914754281,0.005578792385083309,0.00043388506532969864,-0.5269676360354221,-0.17168453675668172,-0.5753697751522,-0.5414966417827046,-0.45073309018854907
PTCH1,2,0.0032310177705977385,0.0,0.3247620850030125,0.005637106556471838,0.0004264866584162033,-0.5269676360354221,-0.17168453675668172,-0.5735557032740447,-0.5448945644207915,-0.4510498603405354
RUVBL1,2,0.0032310177705977385,1.6932501155802126e-05,0.32421164079114295,0.004653810241019905,0.00048580499420022556,-0.5269676360354221,-0.1706019611811466,-0.6041446690654033,-0.5176509809884563,-0.4514482929184563
RECQL,2,0.0032310177705977385,0.0,0.3128978212651707,0.005908714384599253,0.000386635171226297,-0.5269676360354221,-0.17168453675668172,-0.5651063656403159,-0.563197460174878,-0.453020571964607
PSCA,2,0.0032310177705977385,0.0,0.2773584360562219,0.0003639489737752558,0.0007406232621000462,-0.5269676360354221,-0.17168453675668172,-0.7375962212489487,-0.40061865616248166,-0.4550027822838542
CFTR,2,0.0032310177705977385,1.6181229773462782e-05,0.25158027365204866,0.00016055565704125265,0.0007396759074913947,-0.5269676360354221,-0.17064999354456623,-0.7439235013475302,-0.40105375492207557,-0.4560966222524604
TIMP2,2,0.0032310177705977385,0.0,0.31136983407505325,0.004243668261021319,0.0004557228766069685,-0.5269676360354221,-0.17168453675668172,-0.6169036093752841,-0.5314670240321651,-0.457033933483058
CCND2,2,0.0032310177705977385,4.0743562679814735e-05,0.3072026789080959,0.002773086160602165,0.0005216077595244682,-0.5269676360354221,-0.1690796064270394,-0.6626513507795943,-0.501207572532583,-0.45948035888159305
MAX,2,0.0032310177705977385,0.0,0.3177489502770338,0.003168546429222087,0.0004910855399867551,-0.5269676360354221,-0.17168453675668172,-0.6503491378672063,-0.5152257445450844,-0.4604747832840263
CTSD,2,0.0032310177705977385,0.0,0.30703831150365063,0.0028834998464933206,0.0004996287640019243,-0.5269676360354221,-0.17168453675668172,-0.6592165362607683,-0.511302033045729,-0.4614635206628676
HLA-DRB1,2,0.0032310177705977385,1.0891212347523025e-06,0.30769683871331,0.0033512545453091287,0.00045665026531070143,-0.5269676360354221,-0.17161490404048163,-0.6446653452759349,-0.5310410951656448,-0.46248368671083406
EPHB2,2,0.0032310177705977385,1.5372168284789642e-05,0.28254781102920884,0.0007083407643990557,0.0006205447027352759,-0.5269676360354221,-0.17070172070517198,-0.7268826768812223,-0.45576804980696595,-0.46364424812632843
MMUT,1,0.0016155088852988692,0.0,0.3625108049275572,0.0073157019982006185,0.00034128660987524904,-0.5742361450548031,-0.17168453675668172,-0.5213369593026782,-0.584025039006522,-0.4649761846201916
SLC2A2,1,0.0016155088852988692,0.0,0.3625108049275572,0.0073157019982006185,0.00034128660987524904,-0.5742361450548031,-0.17168453675668172,-0.5213369593026782,-0.584025039006522,-0.4649761846201916
KLF6,1,0.0016155088852988692,0.0,0.3625108049275572,0.0073157019982006185,0.00034128660987524904,-0.5742361450548031,-0.17168453675668172,-0.5213369593026782,-0.584025039006522,-0.4649761846201916
AURKB,1,0.0016155088852988692,0.0,0.3625108049275572,0.0073157019982006185,0.00034128660987524904,-0.5742361450548031,-0.17168453675668172,-0.5213369593026782,-0.584025039006522,-0.4649761846201916
WRAP53,1,0.0016155088852988692,0.0,0.3625108049275572,0.0073157019982006185,0.00034128660987524904,-0.5742361450548031,-0.17168453675668172,-0.5213369593026782,-0.584025039006522,-0.4649761846201916
DHFR,1,0.0016155088852988692,0.0,0.3625108049275572,0.0073157019982006185,0.00034128660987524904,-0.5742361450548031,-0.17168453675668172,-0.5213369593026782,-0.584025039006522,-0.4649761846201916
PPM1D,1,0.0016155088852988692,0.0,0.3625108049275572,0.0073157019982006185,0.00034128660987524904,-0.5742361450548031,-0.17168453675668172,-0.5213369593026782,-0.584025039006522,-0.4649761846201916
HIPK3,1,0.0016155088852988692,0.0,0.3625108049275572,0.0073157019982006185,0.00034128660987524904,-0.5742361450548031,-0.17168453675668172,-0.5213369593026782,-0.584025039006522,-0.4649761846201916
SMO,2,0.0032310177705977385,0.0,0.26728206995823156,0.000593496203895312,0.0006076578971109566,-0.5269676360354221,-0.17168453675668172,-0.730455329679131,-0.4616866710825311,-0.46578820695390055
HMMR,2,0.0032310177705977385,2.134440358680885e-06,0.29656568692523155,0.002216183113569433,0.0004923310043084449,-0.5269676360354221,-0.17154807180218487,-0.6799758215287379,-0.5146537306692485,-0.46625160100254126
MTHFR,2,0.0032310177705977385,3.2362459546925564e-05,0.28130127656878584,0.00040541494558547135,0.0006078185581684513,-0.5269676360354221,-0.16961545033245073,-0.7363062731699456,-0.4616128830561758,-0.4664263664407347
BTK,2,0.0032310177705977385,0.0,0.30266593048540247,0.0027182265866114385,0.0004530919372692275,-0.5269676360354221,-0.17168453675668172,-0.664357954990106,-0.5326753555607859,-0.46676646891174656
HADHA,2,0.0032310177705977385,0.0,0.24961052814281123,0.00021805597939465472,0.0006066666179269969,-0.5269676360354221,-0.17168453675668172,-0.7421347471685298,-0.4621419434160516,-0.4682151449184845
KRT19,2,0.0032310177705977385,1.6181229773462782e-05,0.2795200215296264,0.0004513821551438684,0.0005832702887241637,-0.5269676360354221,-0.17064999354456623,-0.7348762979136467,-0.4728873535531218,-0.468653901291893
TRDV1,2,0.0032310177705977385,0.0,0.27132605399542464,0.0005011250964780172,0.0005772999291289696,-0.5269676360354221,-0.17168453675668172,-0.7333288649507432,-0.47562940603323417,-0.46915146099836363
GPC3,2,0.0032310177705977385,0.0,0.2930820246171211,0.0028081152072444715,0.00042007961140189717,-0.5269676360354221,-0.17168453675668172,-0.6615616463918046,-0.5478371776546604,-0.46923957161086116
PRKAR1A,2,0.0032310177705977385,3.2362459546925567e-06,0.28953310000016297,0.0022899068670298064,0.0004542734865321378,-0.5269676360354221,-0.17147762811425862,-0.6776823792192612,-0.5321326964403293,-0.46927109477288054
LMNA,2,0.0032310177705977385,0.0,0.29997626983811976,0.003090729230165233,0.00040044137762973637,-0.5269676360354221,-0.17168453675668172,-0.6527699215135229,-0.5568565787077102,-0.4692851068458147
ABCC2,1,0.0016155088852988692,0.0,0.19645826915450978,3.4518889965759013e-06,0.0007887741204171895,-0.5742361450548031,-0.17168453675668172,-0.7488107786726805,-0.3785040450803719,-0.469366749708962
SDHA,2,0.0032310177705977385,0.0,0.23576606581771695,0.00022634980275952596,0.000592056764515582,-0.5269676360354221,-0.17168453675668172,-0.7418767379853355,-0.46885192195957104,-0.46950553879054946
SMARCA2,2,0.0032310177705977385,0.0,0.2996629786946857,0.001839563707314809,0.0004694850629792148,-0.5269676360354221,-0.17168453675668172,-0.6916919217044918,-0.5251463599796744,-0.47072746313840136
DNMT3B,2,0.0032310177705977385,0.0,0.2840864377229322,0.000994036518238532,0.0005232849052138904,-0.5269676360354221,-0.17168453675668172,-0.7179950836871853,-0.5004372970702989,-0.471046282953065
SPDYE2B,2,0.0032310177705977385,0.0,0.2885141298141393,0.001431832955632436,0.0004793604965113847,-0.5269676360354221,-0.17168453675668172,-0.7043758520918083,-0.5206107944785832,-0.47235713611564645
SPDYE6,2,0.0032310177705977385,0.0,0.2885141298141393,0.001431832955632436,0.0004793604965113847,-0.5269676360354221,-0.17168453675668172,-0.7043758520918083,-0.5206107944785832,-0.47235713611564645
SPDYE16,2,0.0032310177705977385,0.0,0.2885141298141393,0.001431832955632436,0.0004793604965113847,-0.5269676360354221,-0.17168453675668172,-0.7043758520918083,-0.5206107944785832,-0.47235713611564645
CP,2,0.0032310177705977385,0.0,0.2831053794772191,0.0008085051581074815,0.0005100192818392612,-0.5269676360354221,-0.17168453675668172,-0.7237667034309901,-0.5065299008564962,-0.47341912765906535
HNF1B,2,0.0032310177705977385,0.0,0.2852160060637789,0.001038109761765275,0.000494334225300776,-0.5269676360354221,-0.17168453675668172,-0.7166240270510846,-0.5137336961214708,-0.47343135143607923
CD82,1,0.0016155088852988692,0.0,0.3365716153667584,0.005325423369440324,0.0003376751071088583,-0.5742361450548031,-0.17168453675668172,-0.5832517289745647,-0.5856837213621854,-0.47769087502570157
SPINK1,1,0.0016155088852988692,0.0,0.3365716153667584,0.005325423369440324,0.0003376751071088583,-0.5742361450548031,-0.17168453675668172,-0.5832517289745647,-0.5856837213621854,-0.47769087502570157
MUC6,1,0.0016155088852988692,0.0,0.2142847663182685,1.2101611698940097e-05,0.000654120960637578,-0.5742361450548031,-0.17168453675668172,-0.7485416979615159,-0.44034722635639706,-0.48168156982193416
CDC73,1,0.0016155088852988692,0.0,0.3234806111613997,0.004362521328459558,0.00033748467566602,-0.5742361450548031,-0.17168453675668172,-0.6132062575628802,-0.5857711822599421,-0.483699272922916
CLDN1,1,0.0016155088852988692,0.0,0.3234806111613997,0.004362521328459558,0.00033748467566602,-0.5742361450548031,-0.17168453675668172,-0.6132062575628802,-0.5857711822599421,-0.483699272922916
ADH1B,1,0.0016155088852988692,0.0,0.21622253360976756,1.8595532601289786e-05,0.0006236185092906118,-0.5742361450548031,-0.17168453675668172,-0.7483396812131439,-0.4543563192815168,-0.48444298505728367
SEC63,1,0.0016155088852988692,0.0,0.19505594976217644,3.6770263260552525e-06,0.0006231392843557915,-0.5742361450548031,-0.17168453675668172,-0.748803774966919,-0.4545764165637832,-0.484579823264492
SMARCE1,1,0.0016155088852988692,0.0,0.23232979927138586,6.98548741075248e-05,0.000600146393387857,-0.5742361450548031,-0.17168453675668172,-0.74674507517305,-0.4651365365529256,-0.48628010730354665
DCC,1,0.0016155088852988692,0.0,0.31019167794612057,0.004097544831762893,0.00032548291792288173,-0.5742361450548031,-0.17168453675668172,-0.6214493037999069,-0.5912833208607343,-0.48645030989047977
TFF1,1,0.0016155088852988692,0.0,0.3122168684441366,0.003742928019941236,0.00032786903644571624,-0.5742361450548031,-0.17168453675668172,-0.6324809342000146,-0.5901874300506319,-0.48843745780848086
ARG1,1,0.0016155088852988692,0.0,0.30769683871331,0.0029402929449477517,0.00034150101380911615,-0.5742361450548031,-0.17168453675668172,-0.6574497828228594,-0.5839265680804023,-0.49217905513900384
BMP6,1,0.0016155088852988692,0.0,0.30769683871331,0.0029402929449477517,0.00034150101380911615,-0.5742361450548031,-0.17168453675668172,-0.6574497828228594,-0.5839265680804023,-0.49217905513900384
ROS1,1,0.0016155088852988692,0.0,0.30044743675409585,0.0030913456593852865,0.00031800290369139424,-0.5742361450548031,-0.17168453675668172,-0.6527507452672291,-0.5947187239127106,-0.4933976787943395
ABCC1,1,0.0016155088852988692,0.0,0.21927955834937832,2.119633195419907e-05,0.0005117270879234638,-0.5742361450548031,-0.17168453675668172,-0.748258774002178,-0.5057455437614046,-0.494704648511068
LDLR,1,0.0016155088852988692,0.0,0.2499366743032766,0.0001448943988365536,0.0005015754900211494,-0.5742361450548031,-0.17168453675668172,-0.7444107010694705,-0.5104079453741234,-0.4948675142470703
AMACR,1,0.0016155088852988692,0.0,0.2681563571029547,0.00022282920002454865,0.00048643752620019555,-0.5742361450548031,-0.17168453675668172,-0.7419862589862106,-0.5173604732038558,-0.49577313139636486
CYP1B1,1,0.0016155088852988692,0.0,0.22320287989121862,3.444157720722032e-05,0.0004969300356657701,-0.5742361450548031,-0.17168453675668172,-0.7478467330460836,-0.5125414985434618,-0.4959814312762606
ABCB4,1,0.0016155088852988692,0.0,0.23654353017325766,0.00010827183504184605,0.0004911773333055488,-0.5742361450548031,-0.17168453675668172,-0.7455499775352765,-0.5151835859291011,-0.496050497651227
SLC11A2,1,0.0016155088852988692,0.0,0.23403531982068643,8.619098500562466e-05,0.000486545886620179,-0.5742361450548031,-0.17168453675668172,-0.7462368817327072,-0.5173107056892491,-0.4966133024427428
CYP17A1,1,0.0016155088852988692,0.0,0.24831441116413805,0.00022404153486910633,0.00047522847844597333,-0.5742361450548031,-0.17168453675668172,-0.7419485449538229,-0.5225085378562603,-0.49679520152036816
FABP1,1,0.0016155088852988692,0.0,0.21309120096558598,2.0721890730681112e-05,0.00047797229393766014,-0.5742361450548031,-0.17168453675668172,-0.7482735332015445,-0.5212483648375351,-0.49780816456616744
LIG4,1,0.0016155088852988692,0.0,0.2740470889208802,0.00041065570422672143,0.0004458256227538248,-0.5742361450548031,-0.17168453675668172,-0.7361432405374839,-0.536012611118102,-0.4983349552894687
OGG1,1,0.0016155088852988692,0.0,0.2740470889208802,0.00041065570422672143,0.0004458256227538248,-0.5742361450548031,-0.17168453675668172,-0.7361432405374839,-0.536012611118102,-0.4983349552894687
SPOP,1,0.0016155088852988692,0.0,0.24735112250013927,0.00016383566918830124,0.00044947155004325645,-0.5742361450548031,-0.17168453675668172,-0.7438214647815585,-0.5343381183498033,-0.4995357015846239
ACTA2,1,0.0016155088852988692,0.0,0.297180012532534,0.001868925440940321,0.00033252608692396654,-0.5742361450548031,-0.17168453675668172,-0.6907785194560221,-0.5880485510417068,-0.49966919905789736
DDR2,1,0.0016155088852988692,0.0,0.28033932789463756,0.0017283012039508883,0.00033903828743574497,-0.5742361450548031,-0.17168453675668172,-0.6951531417413996,-0.5850576431609346,-0.49994594193881836
FLT4,1,0.0016155088852988692,0.0,0.28033932789463756,0.0017283012039508883,0.00033903828743574497,-0.5742361450548031,-0.17168453675668172,-0.6951531417413996,-0.5850576431609346,-0.49994594193881836
FBP1,1,0.0016155088852988692,0.0,0.2758916366347707,0.00039883769132970846,0.000427089654178561,-0.5742361450548031,-0.17168453675668172,-0.7365108823017698,-0.5446176219687823,-0.5001294858124619
ABCC3,1,0.0016155088852988692,0.0,0.21687626764940404,1.3822970687609975e-05,0.00045109417644336434,-0.5742361450548031,-0.17168453675668172,-0.7484881489037276,-0.5335928823763633,-0.5003199912143697
FBN1,1,0.0016155088852988692,0.0,0.28535783401308956,0.001303375316073568,0.00035615734666882013,-0.5742361450548031,-0.17168453675668172,-0.708371988638195,-0.5771952425670022,-0.501017231199391
HOXB13,1,0.0016155088852988692,0.0,0.29323178548815687,0.001543629342296978,0.0003345347663556363,-0.5742361450548031,-0.17168453675668172,-0.7008980236960948,-0.5871260095549605,-0.5015085916085626
OTC,1,0.0016155088852988692,0.0,0.25989791856898686,0.00040914236306140335,0.00040623201696729375,-0.5742361450548031,-0.17168453675668172,-0.7361903184532751,-0.5541970677178251,-0.5019812621925717
RPS20,1,0.0016155088852988692,0.0,0.2860690948157144,0.0006626249653910239,0.0003886080896848893,-0.5742361450548031,-0.17168453675668172,-0.7283048311087997,-0.5622913429023444,-0.5020230197605804
DKK1,1,0.0016155088852988692,0.0,0.2536934589745018,0.00026814876211444513,0.0004135422909590609,-0.5742361450548031,-0.17168453675668172,-0.7405764311320201,-0.5508396225573089,-0.5021869956962173
GREM1,1,0.0016155088852988692,0.0,0.28909551848882775,0.0014597460255320583,0.00033180429670901277,-0.5742361450548031,-0.17168453675668172,-0.70350751573493,-0.588380053125874,-0.5022812987305124
PLAT,1,0.0016155088852988692,0.0,0.27938393583267923,0.0007244963014420017,0.0003733725035652228,-0.5742361450548031,-0.17168453675668172,-0.7263801008396141,-0.5692887064680205,-0.5030375464198785
KRT20,1,0.0016155088852988692,0.0,0.278705490141002,0.0006572557848748853,0.00037597070486429854,-0.5742361450548031,-0.17168453675668172,-0.7284718587652191,-0.568095410787523,-0.5032172388689
PHOX2B,1,0.0016155088852988692,0.0,0.278705490141002,0.0006572557848748853,0.00037597070486429854,-0.5742361450548031,-0.17168453675668172,-0.7284718587652191,-0.568095410787523,-0.5032172388689
RNF43,1,0.0016155088852988692,0.0,0.27536209414602836,0.0005830413646134327,0.00037459505936844584,-0.5742361450548031,-0.17168453675668172,-0.730780565028966,-0.5687272139617732,-0.5038053407564994
GFER,1,0.0016155088852988692,0.0,0.277895692106694,0.0005869939591348444,0.0003742914625541847,-0.5742361450548031,-0.17168453675668172,-0.7306576053710251,-0.5688666491807455,-0.5038086358687056
MSR1,1,0.0016155088852988692,0.0,0.25931071134221556,0.00036268026471202063,0.0003856282160391828,-0.5742361450548031,-0.17168453675668172,-0.7376356890040137,-0.5636599321456469,-0.5041629091882837
SEPTIN9,1,0.0016155088852988692,0.0,0.26992220329272015,0.00034999904564503125,0.00038518386008970924,-0.5742361450548031,-0.17168453675668172,-0.7380301838985202,-0.563864014883693,-0.5042826247147942
AIP,1,0.0016155088852988692,0.0,0.25302231225763805,0.00025837145159498913,0.000377121752789855,-0.5742361450548031,-0.17168453675668172,-0.7408805895147081,-0.5675667602483594,-0.505593254910965
ALDH2,1,0.0016155088852988692,0.0,0.20575640164945252,1.100257823245294e-05,0.00035606425496073797,-0.5742361450548031,-0.17168453675668172,-0.7485758873473415,-0.5772379975041135,-0.5090665619286425
