Gene,Degree,Degree_Centrality,Betweenness_Centrality,Closeness_Centrality,Eigenvector_Centrality,PageRank,Zscore_Degree,Zscore_Betweenness,Zscore_Eigenvector,Zscore_PageRank,Composite_Score
TP53,302,0.4460856720827179,0.37859140763104987,0.5854828668042042,0.2661408820011879,0.034138094961219764,12.594165804420793,22.268220666880897,7.92859577392299,15.67108260065864,14.694948873183828
EGFR,189,0.27917282127031023,0.15830594855686222,0.5239037320869174,0.21414030107648,0.018531925950250886,7.6561442131214354,9.22310411861953,6.231905929046328,8.183579907928978,7.868523671642445
AKT1,156,0.23042836041358938,0.06233027678079343,0.4996793432208295,0.20295793310599533,0.014059877698309058,6.214067111237552,3.5395068926453734,5.867044424813009,6.0379877831162405,5.440806653680337
STAT3,159,0.23485967503692765,0.05384235323903893,0.5016450369392436,0.21047322664596385,0.013627443598286182,6.345165029590632,3.036859317447827,6.112255574453706,5.83051524542466,5.368576753694351
IL6,142,0.20974889217134418,0.045122107569081485,0.4804753895627569,0.1662416897316234,0.012738412901097009,5.602276825589843,2.5204538244472405,4.669056322227848,5.403977525985339,4.605517114710893
TNF,119,0.1757754800590842,0.07138258321129788,0.4722895125553915,0.12666248510118208,0.011799569036255316,4.597192784882894,4.075576739982582,3.377654699965253,4.953540525007449,4.294150704699199
BRCA1,120,0.1772525849335303,0.07200801212898468,0.4586984474458838,0.13586367594096688,0.009955661327833064,4.6408920910005875,4.1126141057631775,3.677873789464256,4.068873447375983,4.201815205659048
SRC,115,0.16986706056129985,0.024668959422972567,0.4660751768638731,0.16857149060762847,0.009627354967955594,4.422395560412121,1.3092358781233784,4.745073732353055,3.9113591495431788,3.606433992054334
CTNNB1,107,0.15805022156573117,0.03743335535186568,0.4740452356503929,0.15201094513807833,0.009965775475915485,4.072801111470573,2.065132491818998,4.204731512628868,4.073725997091969,3.5974550139136174
MYC,105,0.15509601181683902,0.025377001904609186,0.4740452356503929,0.16351798672880008,0.008800460662048582,3.985402499235186,1.3511655485287193,4.580186560714192,3.514633128075006,3.3516461996223343
CD44,90,0.1329394387001477,0.04053380545342124,0.45902868390912777,0.11455586946381986,0.008789076749650624,3.329912907469785,2.2487384960321033,2.982636578196975,3.509171372875918,3.0260157318370293
CCND1,93,0.13737075332348597,0.013011985438425487,0.4630289338778348,0.13687978654369967,0.008119822042248885,3.461010825822865,0.6189198451561073,3.711027737175426,3.188077424689756,2.745904782700066
EP300,75,0.11078286558345643,0.017964427886590233,0.4394147773602884,0.09011228881248975,0.0074573779060446745,2.6744233157043826,0.9121992527320212,2.185084429239546,2.870251041409798,2.1751650678094077
FN1,74,0.10930576070901035,0.016229469991447268,0.4230861592234761,0.09368874075407423,0.007240139747637097,2.6307240095866895,0.80945652952375,2.3017779273133834,2.766024866818383,2.1366780945626322
JUN,67,0.09896602658788775,0.010313613884556396,0.454772355171026,0.11804060307167868,0.005743013864513561,2.3248288667628354,0.4591245887707071,3.0963374642142916,2.0477362161339054,1.9572859866293084
ERBB2,68,0.10044313146233383,0.006759480957888926,0.4471184024893257,0.11876967221514188,0.0052494112067170105,2.368528172880529,0.24865187554102483,3.120125740997546,1.810916326076804,1.877356242808311
ATM,73,0.10782865583456426,0.010615547427078728,0.4132150628320016,0.08652454410247308,0.005489283919299432,2.587024703468996,0.47700483501386365,2.068022467483598,1.926002070701951,1.8235147626047241
IL10,65,0.09601181683899558,0.011437340027200637,0.4388099394010863,0.09099663080905185,0.005558766039955784,2.2374302545274483,0.5256706901826274,2.2139389931363875,1.959338090909431,1.7491736784394276
ESR1,60,0.08862629246676515,0.0052875731049630914,0.45091290095458164,0.11895103632096558,0.004874355510372393,2.0189337239389813,0.16148675093217768,3.1260433409763184,1.6309727067087105,1.6984017006486938
IFNG,62,0.09158050221565732,0.013779331934753456,0.4412393369894661,0.08689286140346082,0.005331371113862568,2.106332336174368,0.6643614486081408,2.080040029848586,1.8502389186372787,1.6893624695102372
STAT1,57,0.08419497784342689,0.009020393689608875,0.45705436698908847,0.10948706253010919,0.00489752465799196,1.887835805585901,0.38254119449421903,2.817250094101353,1.642088763126389,1.6482456020241685
PTEN,60,0.08862629246676515,0.007300778040800744,0.43432618661429045,0.10936474136118694,0.004591460765448528,2.0189337239389813,0.2807070259966909,2.813258963974859,1.4952459205328243,1.6385045367793527
PIK3CA,61,0.09010339734121123,0.005118183125646088,0.43760524498955283,0.10909734471014719,0.004694074729656135,2.062633030056675,0.15145562118087755,2.8045342694751936,1.5444778834044366,1.6295878963909816
CCL2,59,0.08714918759231906,0.0067900082843159616,0.40456271697320967,0.08376549204028198,0.0051341643951728425,1.9752344178212877,0.25045967771199507,1.977999326738619,1.755623396007998,1.500671510214773
BCL2,54,0.07976366322008863,0.004930101934655772,0.4443141755747585,0.10738630350166116,0.004250684332191805,1.7567378872328205,0.1403176138547645,2.748705926964806,1.3317487509305252,1.4660285995742446
HIF1A,52,0.07680945347119646,0.003576629803841137,0.44002128498949516,0.10486386373241115,0.004343931703590451,1.6693392749974338,0.06016615145000213,2.666403039868289,1.3764868249541118,1.4078882570760827
PIK3R1,53,0.07828655834564255,0.00662603611397002,0.43491871892890754,0.08923693046924239,0.004405503786164024,1.7130385811151272,0.24074938597588103,2.1565229865555438,1.406027779799761,1.3722610031553257
IL1B,52,0.07680945347119646,0.004779827061108541,0.4415449043973535,0.09018927328590082,0.004488956379928562,1.6693392749974338,0.13141846432425164,2.1875963006826527,1.4460665311479024,1.343855928696276
KRAS,51,0.07533234859675038,0.0039656606421051305,0.4388099394010863,0.1026843921843609,0.0038456840516736457,1.6256399688797403,0.08320422508114668,2.59529061810268,1.1374383670813808,1.3363208424150081
HSP90AA1,47,0.06942392909896603,0.0088702598260804,0.4433872336229336,0.08887006693068804,0.004513499252118646,1.4508427444089664,0.3736503954564572,2.1445528579675206,1.4578416709327793,1.3216864651873126
CD4,52,0.07680945347119646,0.009297531965259096,0.4211300144978722,0.0620862936788478,0.00473932309453181,1.6693392749974338,0.3989530862324919,1.2706442347220432,1.5661870712012689,1.2513732789918874
TLR4,46,0.06794682422451995,0.00906647627074011,0.40049676001870504,0.07552155277159456,0.0039320520699434565,1.407143438291273,0.3852701655494497,1.7090137156121898,1.1788758761142775,1.1663956631346015
TGFB1,45,0.06646971935007386,0.004958817505863786,0.43314595241153425,0.08470665882820551,0.0037085411282526516,1.3634441321735797,0.142018125430666,2.008707986199888,1.071640155638087,1.1287796059860145
IL4,48,0.07090103397341212,0.003961479798069428,0.42791331674481775,0.06740270456495487,0.004184279524605744,1.49454205052666,0.08295663907186097,1.4441096114783178,1.2998891590434094,1.0926286315566416
BRCA2,51,0.07533234859675038,0.002490952625799883,0.40125288983623564,0.07276483401918735,0.003456484279196667,1.6256399688797403,-0.004126722808965301,1.619066706766987,0.9507087255926252,1.0818973948775903
MMP9,40,0.05908419497784343,0.005981651607488019,0.43640714712510503,0.0800201625085656,0.0038711632117031064,1.1449476015851126,0.20258948643334887,1.8557956422955388,1.1496627175414451,1.0524707041305235
RAD51,49,0.07237813884785821,0.005070408226015402,0.3926051982449375,0.0538103420532211,0.003494901097073217,1.5382413566443534,0.14862643247099588,1.0006141152466,0.9691402847468672,0.9694919629419662
CASP3,33,0.04874446085672083,0.017951516017932635,0.43255823741504645,0.0609279402308287,0.0035405761062777745,0.8390524587612584,0.9114346229094169,1.2328491467233622,0.9910541672742963,0.9663076790933263
KDR,41,0.060561299852289516,0.004647808709576613,0.42619708686482516,0.07155020362193418,0.003582308030899694,1.188646907702806,0.12360045041865228,1.5794353983536853,1.011076243016254,0.965028858574633
RELA,38,0.05612998522895126,0.005625353529775037,0.43640714712510503,0.07357857607388693,0.0033830487141009624,1.0575489893497256,0.18148981889640986,1.645617715544311,0.9154759281642653,0.9277333297382218
IL2,41,0.060561299852289516,0.002118981745994132,0.4299331368508284,0.07309285565354609,0.003446673723798497,1.188646907702806,-0.02615452028601598,1.6297694905824633,0.9460018330868896,0.9246420523583486
FGF2,39,0.057607090103397346,0.00543071041736922,0.43314595241153425,0.06611789501168525,0.003542130568165252,1.101248295467419,0.16996322019433627,1.4021884774665763,0.9917999645010245,0.9067253968557007
GRB2,40,0.05908419497784343,0.003262721651562979,0.4228055981099326,0.06718865882742396,0.003515306053857944,1.1449476015851126,0.04157677905507322,1.437125665861755,0.9789301421271949,0.8943370169163477
SMAD3,39,0.057607090103397346,0.002911093738312514,0.4211300144978722,0.069321582318125,0.0035558925695754677,1.101248295467419,0.02075367466474014,1.5067193042830487,0.9984026754253977,0.891649718021471
PTPN11,40,0.05908419497784343,0.0016312643926547738,0.39357459379615956,0.07416065331474074,0.0031237669405880606,1.1449476015851126,-0.05503672496562126,1.6646098984378144,0.7910781354715762,0.8781100860952622
CDKN2A,37,0.054652880354505176,0.0009129955949188131,0.4214083555517372,0.07968728695600992,0.002805457114324937,1.013849683232032,-0.09757198906714139,1.8449344834472043,0.6383599584742425,0.8271132802487153
MSH2,43,0.06351550960118169,0.002563468254856785,0.3957733345436241,0.05683253869609885,0.0029329524217809673,1.2760455199381928,0.0001675907448820759,1.0992232127221744,0.6995294522312602,0.8064083626552749
NRAS,37,0.054652880354505176,0.0017943741821676705,0.41294743649597054,0.07157501531090266,0.0029236138855665487,1.013849683232032,-0.04537750268512783,1.5802449612462233,0.6950490243310838,0.7985618105753907
HRAS,36,0.053175775480059084,0.0015359952266097434,0.41294743649597054,0.07576438791182814,0.0028100853434507053,0.9701503771143387,-0.06067848352624662,1.7169370101040358,0.6405804828077547,0.7958865096908151
SHC1,38,0.05612998522895126,0.003883593340308026,0.38548418497568226,0.056641191039464675,0.003420841955124034,1.0575489893497256,0.07834426963404646,1.0929798665887491,0.9336083086176833,0.795045848722202
WRN,44,0.06499261447562778,0.0030902838927152473,0.38641869209077484,0.04809373552509194,0.003123774735259556,1.3197448260558862,0.03136516240573245,0.8140910404856452,0.7910818751865422,0.7907865628554307
MLH1,41,0.060561299852289516,0.002267956506695754,0.3899638177062865,0.05302670771772871,0.0028352796105863658,1.188646907702806,-0.01733236232665875,0.9750454697529712,0.6526681478129857,0.7372360506275087
IL13,30,0.044313146233382575,0.01574924389981853,0.37951835830343955,0.046925576726678304,0.002889108122042789,0.7079545404081781,0.7810179509578213,0.7759760207065104,0.6784939045501016,0.73393256193364
CREBBP,36,0.053175775480059084,0.0011571683961276427,0.4148281339946509,0.0574715653431827,0.0033940186177690563,0.9701503771143387,-0.08311228454069826,1.1200735571497227,0.9207390509201516,0.7269370824688188
ERCC1,44,0.06499261447562778,0.001654116517710854,0.32430866833661165,0.0346283695877754,0.003448604890365971,1.3197448260558862,-0.053683441657749305,0.3747392248497234,0.9469283650797129,0.71282334669101
MSH6,41,0.060561299852289516,0.0010977118175084421,0.3883013653774534,0.05050698481061243,0.0028069863772091294,1.188646907702806,-0.08663325229276002,0.8928312292121324,0.6390936657636634,0.7007530836179513
EGF,32,0.047267355982274745,0.0024977885458969703,0.425628065387035,0.06719660479771282,0.002706571615276481,0.795353152643565,-0.003721905465342667,1.4373849292556837,0.5909168326259429,0.6831034794352374
ERCC4,43,0.06351550960118169,0.0007362680697618181,0.3249698480885721,0.0378409982200203,0.0031365994260174864,1.2760455199381928,-0.10803764200968252,0.4795617918049318,0.7972348847121943,0.6749658567793722
IL1A,35,0.051698670605613,0.0008912037110363532,0.38409086864444486,0.053062274069649265,0.0030703162684910137,0.9264510709966453,-0.0988624857991891,0.9762059388679277,0.7654336578952051,0.6478701727516551
FANCI,39,0.057607090103397346,0.0062494296529053885,0.3238145464447834,0.031104756141890393,0.003045103461830844,1.101248295467419,0.2184470733399761,0.2597697563439726,0.7533370980266937,0.6426700426227239
PIK3R3,34,0.050221565731166914,0.0021117932718283596,0.3766041594505484,0.057054899335265453,0.0026580621418462146,0.8827517648789518,-0.026580215580161964,1.1064784593302945,0.5676430354066042,0.6371423627599724
XRCC6,35,0.051698670605613,0.004291070631280384,0.38972545351453447,0.04689156217093158,0.0026908177923840614,0.9264510709966453,0.102474726423362,0.7748661840414734,0.583358488791215,0.6215214910212041
MDM2,30,0.044313146233382575,0.0009454747721958739,0.42449456854179657,0.07051897632428686,0.002338681021254596,0.7079545404081781,-0.09564859995761234,1.5457882187921497,0.4144108745376571,0.6159117578194206
NFKB1,28,0.041358936484490405,0.001895622518310028,0.43167964925509716,0.06745678355152668,0.0023787528313565127,0.6205559281727913,-0.03938166278336754,1.4458741161378035,0.4336364632026119,0.5832512750327181
IGF1,29,0.04283604135893649,0.0020167877223537883,0.4228055981099326,0.06348000689066904,0.0024389685677209797,0.6642552342904846,-0.03220636299286978,1.316118708489777,0.4625266724433777,0.5801668174400831
PIK3R2,32,0.047267355982274745,0.0009047340710111503,0.38133423561589624,0.05699384231064757,0.0025513360436104585,0.795353152643565,-0.09806122944957359,1.1044862732472671,0.5164381594781753,0.5780431826079429
BLM,36,0.053175775480059084,0.0018605945716520542,0.3878289792881864,0.04567077962754135,0.002479773025415871,0.9701503771143387,-0.04145598783650535,0.7350341416423328,0.48210376959330176,0.5726162172780191
EXO1,37,0.054652880354505176,0.0010878655444077803,0.38432238815538183,0.04242950397198849,0.002650996142284512,1.013849683232032,-0.08721634016748392,0.6292768714075028,0.5642529214902491,0.5717492626688906
FANCD2,39,0.057607090103397346,0.0006343071549119527,0.32348596750369274,0.03609243976255524,0.0028311023633379637,1.101248295467419,-0.11407568021326589,0.42250932575172034,0.6506639948399771,0.5715526474786197
MTOR,27,0.03988183161004431,0.0017439331103798284,0.4225254088467717,0.06745190508218861,0.0022389867781802968,0.5768566220550978,-0.04836457983065115,1.445714940043282,0.3665797307800951,0.5522676069262968
STAT5B,30,0.044313146233382575,0.0013596134975697367,0.42029719311125807,0.05364311016803651,0.0026883770012446823,0.7079545404081781,-0.07112365871838602,0.9951576254096287,0.5821874499401269,0.545472189533217
ITGB1,30,0.044313146233382575,0.0033387282048281067,0.38972545351453447,0.047695963612845664,0.0027594373201510138,0.7079545404081781,0.0460778221558859,0.8011124246301297,0.6162806555681976,0.5427821607214993
PMS2,35,0.051698670605613,0.0013108039073350729,0.3883013653774534,0.04505150694879152,0.002443576922848607,0.9264510709966453,-0.07401412092120274,0.7148283353501736,0.46473766166199443,0.5416675440209588
BRAF,28,0.041358936484490405,0.0006420944961786165,0.411083714990186,0.06592003902102642,0.0021519950779295117,0.6205559281727913,-0.1136145205214203,1.3957327755469207,0.3248429926084733,0.5329060983612006
CHEK2,35,0.051698670605613,0.00047979994757682765,0.38432238815538183,0.04575678787633319,0.0023848497747896943,0.9264510709966453,-0.12322546493216686,0.7378404434125386,0.4365616449266648,0.5283319262836248
PALB2,35,0.051698670605613,0.0009410433497061458,0.38548418497568226,0.04354887256341765,0.002388479697767289,0.9264510709966453,-0.09591102500870761,0.6657999503419795,0.4383032035404437,0.5211007493731336
RPA1,34,0.050221565731166914,0.0028348065089871923,0.38270758820514916,0.039496400157242005,0.0025310538222833405,0.8827517648789518,0.016236010167613214,0.5335747202400961,0.5067071879184928,0.5210785018812543
MAPK1,26,0.03840472673559823,0.0016369265105577102,0.4222455906952175,0.06314122343396904,0.0022622646180272096,0.5331573159374043,-0.0547014191843671,1.3050647848532817,0.37774793537996754,0.5094922498286496
CDH1,26,0.03840472673559823,0.0010942300462245353,0.41455841479179356,0.06525430838280721,0.002200942918596735,0.5331573159374043,-0.08683943981137267,1.3740111256498695,0.3483271089564088,0.5093628475465041
BARD1,34,0.050221565731166914,0.0008429441123619141,0.38432238815538183,0.043761749506893106,0.002369671865313607,0.8827517648789518,-0.10172037797203724,0.6727457602114145,0.4292796119054708,0.5039380976380009
CHEK1,33,0.04874446085672083,0.0010622735213984245,0.3885379902192434,0.04660470593945757,0.002278510919429398,0.8390524587612584,-0.08873187788961018,0.7655065567791118,0.38554255976281804,0.5016952144024238
FLT1,31,0.04579025110782866,0.0007322683471638034,0.36392171344165436,0.0463141965693157,0.0025566304284944724,0.7516538465258715,-0.10827450216228227,0.7560277338622119,0.5189782909510267,0.4910114257061322
SMAD4,25,0.03692762186115214,0.0012787113635464099,0.4214083555517372,0.06626681072541313,0.0020353063326805855,0.4894580098197109,-0.07591461392611006,1.4070473420163876,0.2688582539036387,0.4875127691393766
MYD88,28,0.041358936484490405,0.0025029581946499654,0.40662681246797094,0.04361268345249418,0.0026808012313899844,0.6205559281727913,-0.003415763286100219,0.667881990303138,0.5785527592516766,0.46562758394991477
FANCM,35,0.051698670605613,0.00040982185042763103,0.32266743013652754,0.03343057880096032,0.002489738589420501,0.9264510709966453,-0.1273695080159611,0.33565736406785013,0.48688503187918325,0.45692397703424226
MRE11,33,0.04874446085672083,0.0006295979434926354,0.38247800956795347,0.04074128541111642,0.002246933825527318,0.8390524587612584,-0.1143545556872694,0.5741931927787718,0.3703925523872588,0.45399687067782923
NF1,27,0.03988183161004431,0.0009644929447974598,0.411880388856446,0.05547414335919577,0.0021409223069240564,0.5768566220550978,-0.09452236003616984,1.0549011006906113,0.31953051632675084,0.4531555511137142
PDGFRA,25,0.03692762186115214,0.001373248936328568,0.415910529647605,0.058791211764053726,0.0020434554791970354,0.4894580098197109,-0.07031617969301954,1.1631313584531662,0.27276803832558627,0.4409111378693944
FOXO1,23,0.033973412112259974,0.0006753654921701863,0.4242121370258007,0.060754047225984625,0.0020479423909772853,0.402059397584324,-0.11164424058460162,1.227175315966717,0.2749207616501286,0.4132289445317321
RAD51C,33,0.04874446085672083,5.69934111025599e-05,0.3212044543827599,0.035269947205834595,0.002215485896979204,0.8390524587612584,-0.14826370653401502,0.3956728030887306,0.35530451575768796,0.4067978977022203
POLD1,33,0.04874446085672083,6.529691071776401e-05,0.32169063670523634,0.03441912284270727,0.0022280169190659806,0.8390524587612584,-0.1477719803860703,0.36791186213343685,0.3613166294001487,0.40257106377664
PIK3CD,27,0.03988183161004431,0.0004293476207298096,0.3702618129789654,0.048766442161307134,0.0021459841783086817,0.5768566220550978,-0.12621320859267182,0.8360403052428997,0.3219590928464588,0.401946395188988
MET,24,0.03545051698670606,0.00034035907921308746,0.41455841479179356,0.05732168920630605,0.0019410212075677842,0.4457587037020175,-0.13148303393849492,1.1151833556383943,0.22362228807049508,0.39090591655286033
PARP1,25,0.03692762186115214,0.0003503768453428873,0.4124132224772176,0.0509138577961049,0.0021328981627532686,0.4894580098197109,-0.13088979039320742,0.9061067974916343,0.3156807053293563,0.3829453564027951
PTK2,23,0.033973412112259974,0.000621611352634534,0.4140200272401159,0.05615019135037648,0.0020268518197743856,0.402059397584324,-0.11482751476956692,1.076959388134484,0.2648019612858671,0.3803661803461919
E2F1,23,0.033973412112259974,0.0014464255431619639,0.4169985885871671,0.051443471762690006,0.0022036167153897572,0.402059397584324,-0.06598272360036632,0.9233871936493402,0.3496099388856178,0.3788245347614134
CD8A,27,0.03988183161004431,0.0009583417099941358,0.4071461315132685,0.0389208763741749,0.00248066368156005,0.5768566220550978,-0.09488663090208324,0.5147963654438522,0.4825310871670861,0.37764365051595106
CDK4,25,0.03692762186115214,0.0002755089905955051,0.3955278175867112,0.052957063703073584,0.0019418520879238284,0.4894580098197109,-0.13532340074135563,0.9727731049001077,0.22402092651269345,0.37683825953412015
RAD51D,32,0.047267355982274745,4.669253253477711e-05,0.3207197394113574,0.033930463454401406,0.002152673692705004,0.795353152643565,-0.14887371575582642,0.35196774368324757,0.3251685773150886,0.3765824386859584
ATR,30,0.044313146233382575,0.0007652176225989074,0.38270758820514916,0.03742229777735226,0.0020822410030000463,0.7079545404081781,-0.1063232742417551,0.4659003138658905,0.2913764946168042,0.3726586322789625
PPARG,22,0.03249630723781389,0.00016923072066488617,0.4242121370258007,0.05862230022098877,0.00194284542319801,0.35836009146663056,-0.14161710902159938,1.157620064257901,0.22449750731448986,0.36644526907239905
KIT,23,0.033973412112259974,0.0007982826929961117,0.409499577360166,0.054560242813724735,0.0019158881135284147,0.402059397584324,-0.10436518904257393,1.0250820919958223,0.2115639725951122,0.36195870481205683
AR,21,0.0310192023633678,0.00014886836540586637,0.4239300810836293,0.061471756586233,0.0018510377118785867,0.31466078534893716,-0.14282295029077527,1.2505929424903417,0.1804501510905262,0.3606341560156078
HDAC1,21,0.0310192023633678,0.007287419163225276,0.41891645331785704,0.03734265651340458,0.002284076315266879,0.31466078534893716,0.27991592468815085,0.4633017559003781,0.38821271643547456,0.3504131505113362
CSF3,25,0.03692762186115214,0.0004548555537093245,0.37884185499095574,0.04277406664960093,0.002206821926747746,0.4894580098197109,-0.12470265061021803,0.6405193611188198,0.3511477300409514,0.3384680590162985
CXCL8,21,0.0310192023633678,0.00019791500927577582,0.4250605612998523,0.05771040903107832,0.0018505102959387022,0.31466078534893716,-0.13991844997435376,1.1278666173917253,0.18019710831831875,0.33676440752054837
RUNX1,24,0.03545051698670606,0.001658409654181868,0.39899301749047467,0.03990188762011203,0.002324400234931944,0.4457587037020175,-0.05342920578645147,0.5468050812907258,0.40755926182155744,0.33353111347154984
IGF1R,22,0.03249630723781389,0.00019457393106351084,0.4097627518957445,0.053439095138039024,0.0019217975706635451,0.35836009146663056,-0.14011630576955253,0.9885009645907787,0.21439920244433144,0.33097698897795463
BCL2L1,22,0.03249630723781389,0.0002251603659035309,0.415098204394387,0.053236941041668845,0.0018967859260376125,0.35836009146663056,-0.13830500324890144,0.9819050228472024,0.20239915577338735,0.3277106169252133
NOTCH1,21,0.0310192023633678,0.0006573122724125498,0.41268015660179835,0.05708062919211477,0.0017183250764447801,0.31466078534893716,-0.11271333682363405,1.1073179804673674,0.1167774960993199,0.32677203597955695
ERBB3,22,0.03249630723781389,9.106826809615402e-05,0.38270758820514916,0.05341375763524757,0.0017616364776338593,0.35836009146663056,-0.14624582263593588,0.987674245294257,0.13755737057083134,0.3139108995273544
HGF,23,0.033973412112259974,0.0007020547819316344,0.3833979807274675,0.046334627423721124,0.0019866931911235192,0.402059397584324,-0.11006372366354987,0.7566943576301661,0.24553471895699364,0.31365067355605786
PTGS2,20,0.029542097488921715,0.00010815695148198782,0.4236483999666302,0.05778615227498086,0.001766524551196536,0.2709614792312437,-0.1452338454161891,1.1303379896429995,0.13990256265077597,0.31257616683564315
EZH2,21,0.0310192023633678,0.0002949590783717942,0.4211300144978722,0.05145533757381669,0.0020059317801692754,0.31466078534893716,-0.134171583172543,0.9237743547325793,0.2547649782975899,0.3122962456850261
PTPRC,25,0.03692762186115214,0.0004385358034238209,0.3739535729910724,0.03647811060911317,0.002267847914279257,0.4894580098197109,-0.12566909226918027,0.4350931045707933,0.38042668028476306,0.302996987340715
NBN,27,0.03988183161004431,0.0004931846814302573,0.3811063012252113,0.03705374656710147,0.0018913069169163288,0.5768566220550978,-0.12243283243695234,0.4538751194424874,0.19977044558062526,0.3020207226146687
PDGFRB,23,0.033973412112259974,0.00015300263946737278,0.37771969309820996,0.04582173724073168,0.0019592284279510435,0.402059397584324,-0.1425781221155454,0.7399596298725067,0.23235771901135946,0.2995397284024003
RAD52,29,0.04283604135893649,4.468270900922757e-05,0.3205584926846548,0.03154172024841035,0.001984819643322312,0.6642552342904846,-0.1489927357866647,0.2740271463370091,0.24463583120327037,0.29897374356305934
BRIP1,29,0.04283604135893649,3.443339026545475e-05,0.3207197394113574,0.03151739462726561,0.0019760498789356,0.6642552342904846,-0.1495996916797805,0.27323344300461067,0.24042828773671182,0.297821755229989
RET,20,0.029542097488921715,0.002538273482970345,0.4102901170847995,0.045754334525958465,0.0019910665759120096,0.2709614792312437,-0.0013244221053841018,0.7377603947939907,0.24763297448384003,0.29158408606015546
ALB,20,0.029542097488921715,0.003982871436993008,0.4142890461012205,0.03719939152628381,0.0023411309045432162,0.2709614792312437,0.08422343363964248,0.4586272648764001,0.41558627560549916,0.29073508423722577
CDKN1A,20,0.029542097488921715,0.0001778936041193249,0.42002031748997265,0.052962359560541565,0.0018248808802783158,0.2709614792312437,-0.14110410046995864,0.9729458996540519,0.1679006684530736,0.28772980623487077
RUNX2,19,0.02806499261447563,0.005694302605633929,0.41672604049005124,0.03504231363181836,0.0022678345230101563,0.22726217311355026,0.18557292421917768,0.3882455096524218,0.3804202554431906,0.2796681446636595
SNAI1,20,0.029542097488921715,0.0004195443613064825,0.4197438064185507,0.05082203568768544,0.0018460259955024362,0.2709614792312437,-0.12679374923419948,0.9031107994446886,0.17804563786019725,0.2793693678833626
CAV1,20,0.029542097488921715,0.0014968200757563292,0.3799707043800825,0.04698430723689521,0.0018917704131949547,0.2709614792312437,-0.06299840246609094,0.7778922966114609,0.19999282108045754,0.27466394065279626
STK11,22,0.03249630723781389,0.0005409241976150131,0.39675845796501463,0.045117278203670556,0.001771996737918365,0.35836009146663056,-0.1196057391044868,0.7169743386880907,0.14252799960368967,0.26742506489555506
JAK2,19,0.02806499261447563,0.000288516055268804,0.418366694192768,0.05290070992513386,0.0016392476046600032,0.22726217311355026,-0.13455313349209153,0.970934377696479,0.0788378337448615,0.2558579195049878
GSK3B,21,0.0310192023633678,0.0003390503799006951,0.39949300874046273,0.0440820667779269,0.0019069112318416254,0.31466078534893716,-0.1315605339928723,0.6831971638541652,0.20725705872311015,0.255331985889365
MAPK8,19,0.02806499261447563,0.00048075938446540974,0.42029719311125807,0.047122207040519275,0.0018883077284980124,0.22726217311355026,-0.12316864789991763,0.782391730891978,0.19833149978025852,0.2448942447492105
ALK,20,0.029542097488921715,0.00022124953318762973,0.3945487883352589,0.04647789614651403,0.0016279811102553692,0.2709614792312437,-0.13853659941868085,0.7613689705427243,0.07343241316194783,0.2271626446171995
ICAM1,19,0.02806499261447563,0.0012963085214348794,0.41781837611387845,0.04067838013535753,0.001976461152627021,0.22726217311355026,-0.07487252528104915,0.5721407014282652,0.24062560796756394,0.22337689114864615
RB1,20,0.029542097488921715,0.002226863138925791,0.38972545351453447,0.03233826003125452,0.0021379264921105377,0.2709614792312437,-0.0197658764322775,0.30001687446233116,0.3180931891090733,0.21351706133714682
MAPK3,19,0.02806499261447563,0.0010803104348759264,0.41809235537690387,0.03852577963796031,0.0020365046579135914,0.22726217311355026,-0.0876637472945459,0.5019050359979406,0.2694331844585104,0.21189346785739632
CDC42,7,0.010339734121122601,0.026942639375980782,0.392122289022004,0.012886029317610487,0.0017017201953280878,-0.297129500298771,1.4438812610056346,-0.33467607944572425,0.10881083291719593,0.21180194084113316
CXCL12,19,0.02806499261447563,0.00012982536541597398,0.3859508728509555,0.04620933257788512,0.0016359411623048463,0.22726217311355026,-0.14395066046892654,0.7526062015218115,0.07725147414436045,0.20952563060574536
FOXO3,19,0.02806499261447563,0.0001002303720071238,0.40430617752046827,0.045290501894872603,0.0016645249827601802,0.22726217311355026,-0.1457032506756794,0.7226263308875647,0.09096537359510891,0.20583428881735746
TRAF6,21,0.0310192023633678,0.0005183142799228812,0.40226551542572775,0.03444735389945121,0.001978552383841491,0.31466078534893716,-0.1209446790993465,0.36883299313689494,0.24162893551953768,0.2019874908285779
RAD9A,23,0.033973412112259974,0.0005800338740119416,0.38133423561589624,0.03319218820323211,0.0016449154412122601,0.402059397584324,-0.11728969750597668,0.3278790873815728,0.08155713925905578,0.19328561010614495
CD40,22,0.03249630723781389,0.0004063213779058731,0.34708265756656426,0.030003003849161304,0.0020447721034069053,0.35836009146663056,-0.12757680300589025,0.2238214670479425,0.2733997261734998,0.1929760699061366
CD274,18,0.026587887740029542,0.0005254765966766322,0.41161448802438894,0.04478744657318769,0.0016207805762198022,0.18356286699585683,-0.12052053282477655,0.7062124978007809,0.06997775251188657,0.18935492030488923
JAK3,20,0.029542097488921715,0.002668607338425613,0.3719899894689489,0.031166007798260467,0.0018673253082326913,0.2709614792312437,0.006393837382754074,0.2617682929275437,0.18826458789905598,0.18644155324194378
SMARCA4,19,0.02806499261447563,0.00017950544010614562,0.39381769113636717,0.0410917555770471,0.0016318786942767232,0.22726217311355026,-0.14100864892089535,0.5856284337105567,0.0753023897612347,0.17647576305387705
FGFR2,20,0.029542097488921715,0.00023114970204949473,0.35860002359380116,0.03898125832941341,0.0015822248567181247,0.2709614792312437,-0.13795031988305792,0.5167665251698622,0.051479551359122244,0.1739981530659677
IL17A,20,0.029542097488921715,3.146311121398427e-05,0.35839844966260737,0.03528353800850526,0.001776555382014197,0.2709614792312437,-0.14977558906570027,0.3961162476900213,0.1447151385433454,0.16555889771118357
XPA,21,0.0310192023633678,0.0027709488611064844,0.3833979807274675,0.023987892710915254,0.0019310636200348444,0.31466078534893716,0.01245441485668022,0.02755869839073059,0.21884485272338494,0.16252558880912116
MAPK14,17,0.025110782865583457,0.0007913442920916836,0.41781837611387845,0.04071016829442789,0.0017208971220786565,0.1398635608781634,-0.10477607521198898,0.5731778945850128,0.11801150802088356,0.1609961080255392
MSH3,24,0.03545051698670606,2.9490575724822e-05,0.3200757238703707,0.026141688724054986,0.0016935869302992321,0.4457587037020175,-0.14989240093090395,0.09783337145104029,0.1049086680898486,0.1590908539711579
ERBB4,18,0.026587887740029542,0.00017705326230740435,0.3965117176304592,0.04259584156119305,0.0014842242127448017,0.18356286699585683,-0.14115386479359104,0.6347041818991545,0.004460959857021008,0.1567915656013872
TERT,18,0.026587887740029542,0.0017093035825801832,0.39601915649054564,0.038880424480754565,0.0014825639380052125,0.18356286699585683,-0.05041531085963609,0.5134764894818569,0.0036643959101223,0.1550713528120367
IL7,20,0.029542097488921715,0.0001968935950088672,0.37004691929760797,0.03190263775211855,0.001798828170256795,0.2709614792312437,-0.1399789372539585,0.2858032659974143,0.1554011410993754,0.1480826648368036
SMAD2,16,0.023633677991137372,8.764986104984335e-05,0.41161448802438894,0.04490383720019018,0.00149234986830079,0.09616425476046996,-0.1464482577785728,0.7100101245072955,0.008359473823702626,0.1407193443877209
PGR,17,0.025110782865583457,0.0002522419084608877,0.4061088165285213,0.038171400553577414,0.00161907290361381,0.1398635608781634,-0.1367012574526415,0.4903422537555702,0.06915844809280197,0.12667707231387126
MMP2,16,0.023633677991137372,9.253639977160269e-05,0.3885379902192434,0.043154707625010474,0.0014476504329897636,0.09616425476046996,-0.1461588811333287,0.6529390238617501,-0.013086349428600291,0.12508830376946226
RAD50,21,0.0310192023633678,0.0005150750551242262,0.37861688951887085,0.029333031992805292,0.0015182696507137644,0.31466078534893716,-0.12113650322247321,0.20196143347104267,0.020795225382955012,0.12439848083730923
SHC2,20,0.029542097488921715,0.0002591333060520176,0.3532359235178828,0.029655974218269113,0.0016847328693021773,0.2709614792312437,-0.1362931547792534,0.21249848487859696,0.1006606809310241,0.12339506219804616
SHC4,20,0.029542097488921715,0.0002591333060520176,0.3532359235178828,0.029655974218269113,0.0016847328693021773,0.2709614792312437,-0.1362931547792534,0.21249848487859696,0.1006606809310241,0.12339506219804616
CXCR4,16,0.023633677991137372,0.00011069166986395254,0.3817909233232207,0.04272976072907408,0.001424710068206335,0.09616425476046996,-0.14508374156072484,0.6390737348567851,-0.024092640784755422,0.12038277259038924
SOX2,15,0.022156573116691287,0.00017644880987709508,0.4142890461012205,0.04400077617873016,0.0014705286891151972,0.05246494864277652,-0.1411896599497235,0.6805447909058562,-0.002109856464584374,0.11875230392579528
FGFR3,18,0.026587887740029542,0.0004122130420848803,0.3831675732871265,0.03603109571397717,0.0014654652836303048,0.18356286699585683,-0.12722790369042303,0.42050777456873006,-0.00453916901245358,0.11563374863719944
POLE,22,0.03249630723781389,9.448251052942115e-06,0.31815910276935055,0.0258686326881767,0.001538882655407832,0.35836009146663056,-0.15107929026232694,0.0889240209222881,0.03068489965494337,0.11157799356318526
SOCS3,18,0.026587887740029542,2.681642003296885e-05,0.35639510449959666,0.03326396759684129,0.001617621877946836,0.18356286699585683,-0.1500507621446447,0.3302211259904191,0.06846227732974981,0.1064709935764225
STAT6,16,0.023633677991137372,0.00044034237884396486,0.41161448802438894,0.037701768414672675,0.0015363433287916672,0.09616425476046996,-0.1255621084173725,0.4750189618473298,0.029466585611125765,0.10316407155351248
CD19,19,0.02806499261447563,0.0003875146177459532,0.34917351694949533,0.02689388431180366,0.0017380151992018294,0.22726217311355026,-0.12869052326328922,0.12237622448074181,0.12622439155841444,0.09708925298175154
CDKN1B,15,0.022156573116691287,8.534051312320654e-05,0.4071461315132685,0.04248080858327963,0.001346012609581934,0.05246494864277652,-0.1465850153883582,0.6309508529558832,-0.06184998103571823,0.09553665256191522
TNFRSF1A,16,0.023633677991137372,0.0008089622622792543,0.40897424114802977,0.03192459120100494,0.0017057465297534602,0.09616425476046996,-0.10373275408036925,0.28651956941409107,0.11074258117845193,0.08717673076458078
AKT2,16,0.023633677991137372,0.0007380532698116455,0.39774849778526417,0.0357879064642555,0.0014465847760713202,0.09616425476046996,-0.10793192398902951,0.4125729260911072,-0.013597628592677206,0.08646956766859311
CSF2,16,0.023633677991137372,0.0004147369875958305,0.413483036283903,0.03487502184344799,0.0015334760660269558,0.09616425476046996,-0.12707843779516975,0.3827870652771515,0.02809093488887287,0.08406347975057693
CREB1,15,0.022156573116691287,0.0015681546036537242,0.4076667787402675,0.031125777375026222,0.0016909094210123183,0.05246494864277652,-0.05877403271310001,0.2604556431581986,0.1036240569862853,0.07648516387559355
FADD,18,0.026587887740029542,0.0015374346461536283,0.39236359504601753,0.017714021254215676,0.002113816224288983,0.18356286699585683,-0.06059324233152256,-0.17714697603349255,0.3065256035530383,0.07497441836957841
JAK1,16,0.023633677991137372,0.000459197722290043,0.411083714990186,0.03347376298019658,0.0015244690826058086,0.09616425476046996,-0.12444551109930463,0.33706638983384274,0.023769578855126795,0.07471330512913224
FANCC,19,0.02806499261447563,0.0004868969484347987,0.37951835830343955,0.027697409599818652,0.0014175589429597602,0.22726217311355026,-0.1228051866091017,0.14859387766909016,-0.027523596165422,0.0730545202382008
FGFR1,18,0.026587887740029542,3.527475388955891e-05,0.3350451087492267,0.03019139708596877,0.0014580467876344626,0.18356286699585683,-0.1495498668453042,0.2299684155252583,-0.008098403101603315,0.07123353922195483
NCAM1,15,0.022156573116691287,0.0066948977624832744,0.340775436638043,0.01958565095928548,0.0015756947920111035,0.05246494864277652,0.24482731392598817,-0.11607890607174767,0.04834656740622803,0.06602309277336489
NFKBIA,14,0.020679468242245203,2.0065342477711987e-05,0.40559213864489724,0.04135689485251303,0.0012744813826218357,0.008765642525083077,-0.1504505551854782,0.5942794739135953,-0.09616911817318927,0.06507740723549074
CCR7,18,0.026587887740029542,4.7795736359240184e-05,0.34279077524181634,0.026479325381585723,0.0016225499073008363,0.18356286699585683,-0.14880838496855117,0.10884987699585251,0.07082663933505641,0.06298021047259389
MUC1,13,0.019202363367799114,3.0007079315047774e-05,0.41161448802438894,0.04343764318448038,0.001214701942481809,-0.03493366359261036,-0.14986181402988738,0.66217072631527,-0.12485000191241599,0.05777190911568533
SIRT1,14,0.020679468242245203,0.0006893288161987005,0.4197438064185507,0.035896690848984086,0.001440470383687543,0.008765642525083077,-0.11081734447389756,0.41612237414664693,-0.01653118194621063,0.05528187720539195
ABL1,15,0.022156573116691287,0.0024685511823193678,0.3970055055727139,0.02389576106177834,0.0017788158705825659,0.05246494864277652,-0.005453317139252874,0.024552600560618355,0.145799672116617,0.05106985727560564
IKBKB,16,0.023633677991137372,0.00035833023539004965,0.40024534962321306,0.027913464624830523,0.0015983459006284754,0.09616425476046996,-0.13041879743454793,0.155643382892945,0.05921407990379739,0.044024282366875986
FOS,13,0.019202363367799114,0.002088741176828275,0.40897424114802977,0.030498777019943902,0.00157345070027257,-0.03493366359261036,-0.02794534093714897,0.2399976960298279,0.04726990067762913,0.038240401849790544
CD40LG,17,0.025110782865583457,1.6036395488584438e-05,0.34242257892039657,0.026013701585524733,0.0015469957714364963,0.1398635608781634,-0.1506891459815336,0.09365737044571455,0.034577397427353454,0.036926913386587386
PRKDC,15,0.022156573116691287,0.000621933802460342,0.40662681246797094,0.0317147032487532,0.0013827169898091116,0.05246494864277652,-0.11480841956656845,0.279671285206207,-0.044240012465417304,0.036746881681487605
CDK2,15,0.022156573116691287,2.719284256568235e-05,0.387122551274911,0.0323955339107055,0.001408997315922693,0.05246494864277652,-0.15002847072408848,0.3018856230015421,-0.03163127982879458,0.03490648297849916
NPM1,9,0.013293943870014771,0.011291460868027658,0.40074848645492045,0.023895174525548235,0.0011848628673931513,-0.2097308880633841,0.5170318510991408,0.024533462888546697,-0.13916614541424888,0.032925615447460345
RHOA,14,0.020679468242245203,0.00014372430657921982,0.3759379964326524,0.03429658283004882,0.001313694150063579,0.008765642525083077,-0.14312757705645807,0.36391359151085123,-0.07735567961545789,0.024597662998743226
PRKACA,8,0.011816838995568686,0.011934011338184764,0.3468938204296945,0.005288622161093926,0.0024133641055568973,-0.25343019418107754,0.5550831405785642,-0.582566455680542,0.450242204726495,0.023605366990454527
CCNB1,13,0.019202363367799114,0.0027655347376615643,0.40100052952816256,0.025294158050480055,0.0016558362004340651,-0.03493366359261036,0.012133795095201223,0.07017989794161641,0.08679668357146487,0.022201982819002937
CASP9,13,0.019202363367799114,0.0001475332691587024,0.4100262649194717,0.037360098831158796,0.0012229728845147524,-0.03493366359261036,-0.14290201354906112,0.4638708688387036,-0.12088178263326127,0.02064553159640956
CASP8,12,0.01772525849335303,6.480508309127902e-05,0.4194676591774858,0.04096930719778347,0.0011340970514470688,-0.0786329697103038,-0.14780110599761145,0.5816331529286166,-0.16352248702042715,0.019150317283628718
BIRC2,17,0.025110782865583457,0.0015454737012284385,0.3296746855996786,0.011600545649436548,0.002022898888320248,0.1398635608781634,-0.060117176363167046,-0.37661920867159787,0.26290543018420925,0.0111801965190877
ATG5,9,0.013293943870014771,0.01235145947253821,0.3709079941534488,0.008517862878145493,0.001698595146354522,-0.2097308880633841,0.5798040621881062,-0.47720186486535965,0.1073115019418592,-0.0024328678598579782
MUTYH,17,0.025110782865583457,0.0007579793411521677,0.3728601414910985,0.021315827142517292,0.001277500393485192,0.1398635608781634,-0.10675191908049608,-0.05962622212601794,-0.09472066199199122,-0.008605110286368671
NTRK1,15,0.022156573116691287,7.886226221047418e-05,0.3507100340757857,0.02603151145501392,0.0013597299674140318,0.05246494864277652,-0.1469686518686808,0.09423847596729774,-0.0552686891355229,-0.010585473575843447
CHUK,15,0.022156573116691287,0.00031919292188995965,0.3955278175867112,0.023307730694502947,0.0014994146705395064,0.05246494864277652,-0.1327364756786783,0.005366177353542247,0.011749013290359194,-0.011398348765917506
CSF1,14,0.020679468242245203,2.008123666745072e-05,0.35382399664249636,0.028799623248744934,0.0012974176895128673,0.008765642525083077,-0.15044961394515097,0.1845572202272325,-0.08516477370612836,-0.014665939298287835
GATA3,12,0.01772525849335303,0.0001411299097301844,0.4020118801700999,0.034819060593630005,0.001147061204656026,-0.0786329697103038,-0.14328121501971877,0.3809611455934799,-0.15730256642410384,-0.01861012731966081
ZEB1,11,0.016248153618906944,0.0031836378858275567,0.40456271697320967,0.02914989995328409,0.0012184694869968456,-0.12233227582799724,0.036893506062703155,0.19598614884533694,-0.12304241545852791,-0.019004173346761435
MLH3,17,0.025110782865583457,3.391615894909579e-06,0.3180004199250765,0.02107019763731707,0.0012597449771865926,0.1398635608781634,-0.15143795901812632,-0.06764069195816699,-0.1032393270950577,-0.023083247257819337
CRP,14,0.020679468242245203,0.0011325310501172777,0.3369930454280013,0.02254690127200312,0.0014604459591516608,0.008765642525083077,-0.08457128710716731,-0.019458382908734948,-0.00694733244597248,-0.02335598996395424
TLR9,15,0.022156573116691287,2.5726926322656067e-05,0.3362820896359591,0.023278107547357953,0.001415188615534359,0.05246494864277652,-0.15011528103068175,0.0043996248258508465,-0.028660828049036025,-0.024018328877335692
TSC2,13,0.019202363367799114,0.00034247692852069824,0.38924959825993805,0.02873777021888618,0.001248295356384854,-0.03493366359261036,-0.13135761671320212,0.18253906185726826,-0.1087326077665342,-0.030304895617567343
CD36,14,0.020679468242245203,0.001534316566591148,0.34408572150554695,0.018767037870997382,0.0015773273654716947,0.008765642525083077,-0.060777892337338914,-0.1427888483278272,0.04912984087799832,-0.03085829969052143
FGF10,14,0.020679468242245203,0.0003651043614270965,0.3658008272804237,0.02514390261169566,0.0013130850320825465,0.008765642525083077,-0.13001763948232864,0.06527732045902834,-0.07764792126169182,-0.031910555147335776
FYN,15,0.022156573116691287,0.0009219885954299073,0.3600174149914051,0.018738881083152182,0.0014979401616010545,0.05246494864277652,-0.09703943126564671,-0.14370755606439017,0.011041575761049275,-0.03243032185210808
TLR2,10,0.014771048744460858,0.004681395152523193,0.37771969309820996,0.024067139688141392,0.001348802388647751,-0.16603158194569068,0.12558941085444805,0.03014439145618775,-0.060511505318023226,-0.032787123739746814
YAP1,12,0.01772525849335303,0.0010672849295677094,0.40049676001870504,0.028982519707775965,0.0012435228686372866,-0.0786329697103038,-0.08843510658244362,0.190524818265246,-0.11102234426982434,-0.0337298212451329
CDK1,12,0.01772525849335303,0.0018526450218249205,0.40662681246797094,0.023179017579649262,0.0014972135457046267,-0.0786329697103038,-0.04192675338061802,0.001166488984850876,0.010692961153757816,-0.03563133771603909
SHH,14,0.020679468242245203,0.001238885133338248,0.3577950852692359,0.018186851201765924,0.0015956672259757987,0.008765642525083077,-0.0782730892286873,-0.16171934510906794,0.057928909682920846,-0.03725838450862217
IL33,14,0.020679468242245203,3.259916721455183e-06,0.3375282381946948,0.025240594677479963,0.0012926536209158196,0.008765642525083077,-0.15144575813057906,0.06843221686939563,-0.08745047088290969,-0.03859711545156849
CCL5,12,0.01772525849335303,6.749503807999543e-05,0.3709079941534488,0.031307564984813095,0.0011697026617190852,-0.0786329697103038,-0.14764180916301842,0.2663870613455526,-0.14643968453375492,-0.04044251632700138
ERCC2,15,0.022156573116691287,0.0004632320562833618,0.3783921910681178,0.022904131994632194,0.001177064765913399,0.05246494864277652,-0.12420660128946678,-0.0078025565970963485,-0.1429075060125345,-0.042830930819321086
IGHV3-43D,14,0.020679468242245203,0.0005656862496550546,0.36601081627427007,0.018929578886903053,0.0015809021624227067,0.008765642525083077,-0.11813935155356059,-0.13748541351692778,0.05084495121531758,-0.043794955464933116
CXCL10,14,0.020679468242245203,3.972791532323932e-06,0.3353976022881528,0.021818670708911112,0.0013028661081100135,0.008765642525083077,-0.1514035422937681,-0.043219298251508345,-0.08255074018588533,-0.059936918377141685
LEP,12,0.01772525849335303,0.0014494863968537738,0.35402045638521845,0.02236925052819867,0.001344314795229765,-0.0786329697103038,-0.06580146246168449,-0.02525482224821506,-0.06266455567762332,-0.06155578059919512
CXCL1,14,0.020679468242245203,7.216048491845865e-07,0.3353976022881528,0.02151932114479065,0.0013021603360201788,0.008765642525083077,-0.15159607478946688,-0.05298656154894809,-0.08288935438514056,-0.06200622700040537
NFE2L2,10,0.014771048744460858,5.217672134379223e-05,0.4092367406609618,0.03552509828344409,0.0009546326563818223,-0.16603158194569068,-0.14854894678338973,0.4039979455119698,-0.2496256261287937,-0.06437382650020393
HAVCR2,14,0.020679468242245203,2.5747006153808548e-05,0.33575083830952,0.020435488300274435,0.0013285794792797002,0.008765642525083077,-0.1501140919202486,-0.08835016995742041,-0.07021402028128439,-0.06617338614402403
MCL1,11,0.016248153618906944,7.933292295471218e-07,0.39164056630821775,0.03129966476337028,0.0010564141563941568,-0.12233227582799724,-0.15159182733298424,0.26612929065807306,-0.2007930615912201,-0.06764700755967451
THBS1,11,0.016248153618906944,0.0014974606765392894,0.40662681246797094,0.02575032199220632,0.001189550061798634,-0.12233227582799724,-0.06296046663542039,0.08506374565567369,-0.1369173308135783,-0.06892713023023506
CYP2E1,4,0.005908419497784343,0.01535502958579882,0.31911453551039964,0.003012488680802125,0.0016999231916640294,-0.4282274186518513,0.7576729163241551,-0.6568327906506559,0.10794866938660584,-0.07023819169991917
CEBPA,11,0.016248153618906944,0.0002490971436391669,0.40585031314435294,0.02789705001818349,0.0012035207891853568,-0.12233227582799724,-0.1368874877366949,0.15510780240691172,-0.13021447767556882,-0.0720595035277042
AKT3,12,0.01772525849335303,3.988846238693256e-05,0.39236359504601753,0.026947192929731783,0.0011305573992281897,-0.0786329697103038,-0.14927664697268575,0.1241155933315248,-0.16522073567463277,-0.07306172961039936
SP1,12,0.01772525849335303,0.00012888939754152423,0.3914001485265675,0.024487038317759727,0.001242782202498501,-0.0786329697103038,-0.14400608768622425,0.04384496418214635,-0.11137769987981888,-0.07702960845969689
SOCS1,11,0.016248153618906944,0.00012526270054512417,0.4061088165285213,0.028484599901716378,0.0011150131832102228,-0.12233227582799724,-0.14422085758162315,0.17427854825284994,-0.17267851465992348,-0.07855150421661952
IGF2,12,0.01772525849335303,0.0012898206171431791,0.3926051982449375,0.02113506613862895,0.0012470473070490312,-0.0786329697103038,-0.07525673342622087,-0.06552414392214419,-0.10933139487156077,-0.08130683051390253
RAF1,10,0.014771048744460858,3.7842807709484883e-06,0.3766041594505484,0.032699147065048326,0.0009626903235492712,-0.16603158194569068,-0.15141470573988516,0.31179199994164425,-0.24575973152192454,-0.08275827643201908
C17orf97,6,0.008862629246676515,0.01406402886589367,0.2912703709226946,0.0011400461986446194,0.0015738161023113033,-0.34082880641646446,0.6812209574620851,-0.7179273801359586,0.04744521268065954,-0.08308127637130108
IL6ST,12,0.01772525849335303,0.0011105940928478545,0.34917351694949533,0.021643258413874045,0.0012127098681458525,-0.0786329697103038,-0.08587037496115717,-0.04894270084362223,-0.12580575613653783,-0.08393882453492764
PCNA,9,0.013293943870014771,0.00463229912167504,0.37527418596220036,0.012878753758555241,0.001741563778289837,-0.2097308880633841,0.12268198588339946,-0.334913468469949,0.1279269231315473,-0.08413262341901491
IRS1,11,0.016248153618906944,0.0010041723068900427,0.40481958219033554,0.02314578084907914,0.001278236709340156,-0.12233227582799724,-0.09217258213782893,8.203142240793567e-05,-0.09436739355417872,-0.08471651450061043
IL18,13,0.019202363367799114,1.137915339098771e-06,0.3352212628547731,0.021304650609509947,0.0012146663730420934,-0.03493366359261036,-0.15157142123818837,-0.059990893245403076,-0.12486706736105126,-0.08709122968825159
FBXW7,10,0.014771048744460858,3.2084520917812507e-05,0.39164056630821775,0.03002329758930393,0.0010361900046534903,-0.16603158194569068,-0.14973878971432808,0.2244836170124672,-0.21049617261801867,-0.09274826223068405
IL7R,12,0.01772525849335303,6.729483436983703e-05,0.3614460555270853,0.023210618052598598,0.0011697087607157241,-0.0786329697103038,-0.14765366505556526,0.002197558265097356,-0.1464367583669471,-0.0932827956828676
MAP2K1,11,0.016248153618906944,2.2022883937376105e-05,0.3577950852692359,0.02819889897024889,0.0009692928904305959,-0.12233227582799724,-0.1503346312538819,0.16495661644992343,-0.24259196259233656,-0.09592702358175215
PIK3CG,10,0.014771048744460858,5.742670916243145e-07,0.3698322749128645,0.030705423028716507,0.000952872760064196,-0.16603158194569068,-0.1516048000054998,0.24674020117753828,-0.2504699863563351,-0.09675821071812604
ERCC6,12,0.01772525849335303,0.0015351162145250453,0.3801972820213348,0.01573547868887875,0.0013165533142810483,-0.0786329697103038,-0.060730537870370874,-0.24170342941473408,-0.0759839144011884,-0.10624164262938354
BECN1,10,0.014771048744460858,0.0046859561412211075,0.3845541869419653,0.014958433140319088,0.001180642870492222,-0.16603158194569068,0.1258595087056165,-0.2670570940816101,-0.14119080874685863,-0.10829575707028137
POSTN,4,0.005908419497784343,0.01396449704142012,0.27364413817587063,0.0011160486444049863,0.0016324347828408062,-0.4282274186518513,0.6753267679137804,-0.7187103792074346,0.07556918903901012,-0.10967614258338775
SHC3,12,0.01772525849335303,7.538286935348157e-05,0.35128972008252257,0.020826111405667713,0.0011324526830667778,-0.0786329697103038,-0.14717469853888507,-0.07560480741897908,-0.16431141943981942,-0.11229845940508731
IGHV3-16,10,0.014771048744460858,0.0034824647549749925,0.3592061081407203,0.01033238538640017,0.0016285037583008567,-0.16603158194569068,0.05458977776472006,-0.41799710487405317,0.07368316840144234,-0.11332639653433388
TIMP1,11,0.016248153618906944,5.385061677319922e-05,0.3588018243949232,0.021666497991213,0.0011667188317427137,-0.12233227582799724,-0.14844982012719557,-0.04818443325950959,-0.14787126168552267,-0.11913989056060438
ERCC3,11,0.016248153618906944,0.0011476635137611087,0.3799707043800825,0.01956297900889389,0.0011362879974251361,-0.12233227582799724,-0.08367515554802694,-0.11681865296128062,-0.16247131847939222,-0.11959307971494033
AXL,11,0.016248153618906944,9.027154355230532e-06,0.354611146801879,0.02356885769620548,0.0010335153167087437,-0.12233227582799724,-0.15110422724873915,0.013886303939306323,-0.21177943010257017,-0.1201709785846366
LGALS3,11,0.016248153618906944,5.2800232347723665e-05,0.36392171344165436,0.021772312092440245,0.0011373447168501584,-0.12233227582799724,-0.14851202299482197,-0.04473190046459784,-0.1619643273315485,-0.12128354784773379
ELAVL1,5,0.007385524372230429,0.011385114575242583,0.38525126401799303,0.00955821028416105,0.0011734981291402957,-0.38452811253415786,0.522577943569021,-0.4432571117964248,-0.1446187012728081,-0.12151551610854658
TWIST1,9,0.013293943870014771,0.002300254232136045,0.3965117176304592,0.02225010771265935,0.0010662027738126102,-0.2097308880633841,-0.015419718639766796,-0.0291422481504039,-0.196096694454144,-0.12230852900303571
CDH2,10,0.014771048744460858,6.160988565157513e-05,0.37177308568500206,0.024373886577544357,0.0011038025202354223,-0.16603158194569068,-0.14799032285818325,0.040153016801183126,-0.1780571485291393,-0.12268946074112877
IL2RA,12,0.01772525849335303,0.00010188316682227569,0.3437147395955679,0.017265884552573215,0.0012272770298109616,-0.0786329697103038,-0.14560537357982098,-0.19176890865948001,-0.11881674671877034,-0.12604001386921165
KLK3,4,0.005908419497784343,0.013975688856622726,0.3685496196241494,0.006862476657011377,0.0010523103639489175,-0.4282274186518513,0.6759895376413794,-0.5312142805115179,-0.20276197253679143,-0.12767746272746497
DNMT1,9,0.013293943870014771,2.6970625199557063e-05,0.39824537286057365,0.02724723192813421,0.0009493285699454066,-0.2097308880633841,-0.1500416302465206,0.13390535168813725,-0.2521704121968685,-0.13456923048556083
CDK6,9,0.013293943870014771,2.2756659017333055e-05,0.38948738054354215,0.0271261999465619,0.0009533669311155834,-0.2097308880633841,-0.15029117772100473,0.1299562855356577,-0.2502328937633143,-0.13503392689796692
CCN2,10,0.014771048744460858,0.0002171391495897433,0.37527418596220036,0.02200064625505377,0.0011080474228101953,-0.16603158194569068,-0.13878001282108085,-0.03728174802292186,-0.17602053599235024,-0.13546651368931636
VIM,9,0.013293943870014771,0.00038274876669204007,0.39774849778526417,0.0238710978102196,0.0011032740511686746,-0.2097308880633841,-0.12897275288802815,0.023747880926390765,-0.1783106965688611,-0.13656156217268553
MMP1,10,0.014771048744460858,8.948662477664333e-06,0.35362775482516834,0.024397310766414694,0.0009655450668603858,-0.16603158194569068,-0.15110887547062019,0.04091730794320554,-0.2443900873630026,-0.1365828284326062
FLT4,12,0.01772525849335303,1.1103528340938423e-05,0.32463892156302365,0.01679483765729991,0.0011254417452787168,-0.0786329697103038,-0.15098126615654914,-0.2071383616436322,-0.1676751159068877,-0.1402295514478476
IL6R,11,0.016248153618906944,1.563571844696945e-05,0.33592773548460403,0.018712649650382947,0.0011486171863950036,-0.12233227582799724,-0.15071287373337,-0.14456344276420546,-0.1565560400054649,-0.14071841152707562
NTRK2,11,0.016248153618906944,4.663744661638937e-05,0.3520656222803857,0.019763159153222774,0.001048615232289664,-0.12233227582799724,-0.1488769778968164,-0.11028711789015258,-0.20453481686708194,-0.14299992796545005
NCOA1,11,0.016248153618906944,0.0002474284155592632,0.3763818429455599,0.01656362005715487,0.0012282750642323057,-0.12233227582799724,-0.1369863083868694,-0.2146825957107643,-0.11833791136769867,-0.143666975052209
ARID1A,10,0.014771048744460858,2.0917280593861548e-05,0.38548418497568226,0.022038714668425267,0.0010474881236649664,-0.16603158194569068,-0.15040010413862387,-0.03603964093047399,-0.20507557923204742,-0.14393412374815198
NCOR1,11,0.016248153618906944,0.0004916876837609647,0.37527418596220036,0.015130907095406682,0.0012707698924025118,-0.12233227582799724,-0.12252148335903533,-0.2614295644867669,-0.09794981098714606,-0.14532254247434045
MMP3,10,0.014771048744460858,0.00010612524869631998,0.3658008272804237,0.02169822211658695,0.001042422173015277,-0.16603158194569068,-0.1453541611181054,-0.047149329412544655,-0.20750611289499346,-0.1453806824220257
RB1CC1,6,0.008862629246676515,0.009145980231323467,0.36812404269617693,0.006564047309709576,0.0013045852088211679,-0.34082880641646446,0.3899783221214593,-0.5409515187110925,-0.0817259528088683,-0.1463309960193899
TGFBR2,11,0.016248153618906944,0.00023931187156289992,0.34576509867124644,0.019617840819953502,0.0009751535048412275,-0.12233227582799724,-0.13746696318290835,-0.11502860608024362,-0.23978016642699884,-0.1481447918369746
ANXA2,9,0.013293943870014771,0.00017796132671796613,0.4025194709278905,0.02395741159751822,0.0009844867970959178,-0.2097308880633841,-0.1411000899955681,0.026564151894487357,-0.23530225446539513,-0.15042845383525802
FOXM1,9,0.013293943870014771,0.0008806236671959631,0.3857173877494123,0.018913489767076276,0.0011782174656897433,-0.2097308880633841,-0.09948902694976557,-0.13801037392578594,-0.14235446556595074,-0.15435103545797316
ERCC5,12,0.01772525849335303,0.00043580358553030687,0.32646740499220606,0.0114048698092935,0.0012150769508932782,-0.0786329697103038,-0.12583089187686175,-0.38300377601593444,-0.12467008097930947,-0.16051403376687054
FGF7,10,0.014771048744460858,0.00011507494245926455,0.3630927345955458,0.01841179928086975,0.001103858064686836,-0.16603158194569068,-0.14482416790521005,-0.15437967476975778,-0.17803049950148656,-0.1607991305115431
NCOA3,11,0.016248153618906944,3.057805233001942e-05,0.340775436638043,0.015387340842516991,0.001159175453922859,-0.12233227582799724,-0.14982800149610725,-0.2530625707557603,-0.15149041137554212,-0.16118389334008631
PRKCA,9,0.013293943870014771,0.0006262111558318258,0.3955278175867112,0.018704835471767812,0.0011565429559863823,-0.2097308880633841,-0.11455511835693066,-0.144818406021665,-0.15275342700571512,-0.16155895701689313
XRCC1,10,0.014771048744460858,0.0017587449555726048,0.3768267387410038,0.013926714233270951,0.0011008740114440993,-0.16603158194569068,-0.04748743502206213,-0.30072031401544885,-0.17946218377163228,-0.1660194119939235
SPP1,10,0.014771048744460858,0.00015961204746459327,0.3632996250426088,0.016686389213515514,0.0011506297336083115,-0.16603158194569068,-0.14218671862481516,-0.21067684852184768,-0.15559046333714247,-0.16691119570899354
RARA,11,0.016248153618906944,0.00027062846080668906,0.3452034877908925,0.012849013800536397,0.0012333366467798326,-0.12233227582799724,-0.13561242154272832,-0.33588383233628144,-0.11590947342578967,-0.16707806307789533
AURKA,9,0.013293943870014771,0.00027860014422758327,0.38924959825993805,0.01942934713175027,0.0010589071616589282,-0.2097308880633841,-0.13514034526611676,-0.12117883211446495,-0.19959697153094683,-0.171346057867796
TGFA,8,0.011816838995568686,0.0001208534708534761,0.37771969309820996,0.02355812534136728,0.0009399829215552589,-0.25343019418107754,-0.14448196839419036,0.013536125592415307,-0.2566542523652886,-0.17344468541649938
VEGFC,10,0.014771048744460858,0.00022418566001652284,0.3577950852692359,0.01781921935248446,0.0009857082898993286,-0.16603158194569068,-0.13836272449818288,-0.17371454235950312,-0.23471620861081932,-0.17438788499960195
BIRC5,8,0.011816838995568686,0.00017548136917769754,0.3926051982449375,0.024330816502132594,0.0008570040913113277,-0.25343019418107754,-0.14124695096080617,0.03874771404745008,-0.29646570221273705,-0.17555590333663607
CCNE1,8,0.011816838995568686,3.203917950542915e-05,0.40074848645492045,0.02437668067035982,0.0008722178858982337,-0.25343019418107754,-0.14974147479400374,0.040244183261659884,-0.2891664522907331,-0.1759203904676927
VASP,5,0.007385524372230429,0.007316543855005393,0.2826200540557529,0.0004397120891288082,0.00182821023956396,-0.38452811253415786,0.2816406640345453,-0.7407780820032454,0.1694980231016619,-0.17843068515863564
HMOX1,8,0.011816838995568686,2.621702535890179e-05,0.3596113039761864,0.023346820379149414,0.0008698348673201337,-0.25343019418107754,-0.1500862577847767,0.006641606777592753,-0.29030977311519734,-0.18295576567709224
FAAP24,12,0.01772525849335303,0.0010633776052446757,0.31517095499247577,0.0056403013464733694,0.0012417317191066582,-0.0786329697103038,-0.08866649498819702,-0.5710917665159776,-0.11188169911368358,-0.1862828562715878
FANCB,12,0.01772525849335303,0.0010633776052446757,0.31517095499247577,0.0056403013464733694,0.0012417317191066582,-0.0786329697103038,-0.08866649498819702,-0.5710917665159776,-0.11188169911368358,-0.1862828562715878
FANCF,12,0.01772525849335303,0.0010633776052446757,0.31517095499247577,0.0056403013464733694,0.0012417317191066582,-0.0786329697103038,-0.08866649498819702,-0.5710917665159776,-0.11188169911368358,-0.1862828562715878
FANCE,12,0.01772525849335303,0.0010633776052446757,0.31517095499247577,0.0056403013464733694,0.0012417317191066582,-0.0786329697103038,-0.08866649498819702,-0.5710917665159776,-0.11188169911368358,-0.1862828562715878
FANCG,12,0.01772525849335303,0.0010633776052446757,0.31517095499247577,0.0056403013464733694,0.0012417317191066582,-0.0786329697103038,-0.08866649498819702,-0.5710917665159776,-0.11188169911368358,-0.1862828562715878
FANCL,12,0.01772525849335303,0.0010633776052446757,0.31517095499247577,0.0056403013464733694,0.0012417317191066582,-0.0786329697103038,-0.08866649498819702,-0.5710917665159776,-0.11188169911368358,-0.1862828562715878
NF2,7,0.010339734121122601,5.595227719432108e-05,0.40404996321278736,0.025826011855528106,0.0007999061033369399,-0.297129500298771,-0.14832536159391957,0.0875333761900733,-0.32386008314038106,-0.18834200689311129
NLRP3,10,0.014771048744460858,5.262215479623706e-05,0.33557412734198866,0.015047839791029404,0.0010529655311382715,-0.16603158194569068,-0.1485225685951695,-0.26413990828046935,-0.202447637475379,-0.18855920498095377
CBL,7,0.010339734121122601,2.318780599323586e-06,0.37861688951887085,0.026026090999600508,0.0007691051273052798,-0.297129500298771,-0.15150149140708574,0.09406161579591124,-0.3386377259311046,-0.19078591998337996
KITLG,9,0.013293943870014771,1.6436554898093358e-06,0.3461405222311501,0.019157488896233178,0.0009038639660064169,-0.2097308880633841,-0.15154147173885746,-0.13004910047003965,-0.273983346824054,-0.19209766821571755
NOS2,8,0.011816838995568686,0.0,0.3524548601159638,0.022709198329897297,0.000819501278471277,-0.25343019418107754,-0.15163880761168297,-0.014162908029692375,-0.31445874149915337,-0.19233459977206702
CSF1R,9,0.013293943870014771,8.968001460774265e-06,0.34917351694949533,0.018954048072952243,0.0009066572603382729,-0.2097308880633841,-0.1511077302325747,-0.13668702590771686,-0.272643184557667,-0.19304878547340487
TRAF2,11,0.016248153618906944,0.0005989506747780437,0.322994347492289,0.007348559661405836,0.001279144909200472,-0.12233227582799724,-0.11616946073796133,-0.5153542250533422,-0.09393165888445465,-0.19371583851184873
KRT8,4,0.005908419497784343,0.008925528767056058,0.3885379902192434,0.011558531518269787,0.0008234886153909854,-0.4282274186518513,0.37692337488758526,-0.3779900577741334,-0.3125457033985053,-0.19375590504077939
KLF4,7,0.010339734121122601,3.96451650141164e-06,0.39601915649054564,0.024340697016387552,0.00080005581966057,-0.297129500298771,-0.1514040323340238,0.03907009829586492,-0.3237882524831878,-0.1987899640255404
FLNA,8,0.011816838995568686,0.0002862020739897993,0.3685496196241494,0.02066994569895558,0.0008447552520785606,-0.25343019418107754,-0.13469016548504276,-0.08070022681592982,-0.30234243061890104,-0.19898164082160402
BMP4,9,0.013293943870014771,0.0014507132981277464,0.33416710794013543,0.00990148578658774,0.0012343065427677367,-0.2097308880633841,-0.06572880641720726,-0.43205662040565346,-0.11544413828710219,-0.19933816416503736
MEN1,8,0.011816838995568686,5.158200108905741e-05,0.38270758820514916,0.021160905825839273,0.000828365460495143,-0.25343019418107754,-0.14858416560840537,-0.06468103920860216,-0.3102058984903475,-0.20082399690526842
SMARCB1,8,0.011816838995568686,0.0004506118390746383,0.3811063012252113,0.01913695022104319,0.000893205198083559,-0.25343019418107754,-0.12495395976262286,-0.13071924224542728,-0.27909719337201117,-0.20190234502752052
MMP7,8,0.011816838995568686,0.0011891764850657095,0.3883013653774534,0.01631206565044541,0.0009642291633338983,-0.25343019418107754,-0.08121679287983663,-0.22289038492596355,-0.24502142944260089,-0.20258712905704918
FOXP3,8,0.011816838995568686,6.167885396180942e-05,0.363506751396681,0.020150365862427782,0.0008761955386716632,-0.25343019418107754,-0.14798623861381724,-0.09765322650483363,-0.28725806043422664,-0.2026793850046435
BCL6,7,0.010339734121122601,0.0014609929185575906,0.3875932169907468,0.017712792075150936,0.0009833129482203602,-0.297129500298771,-0.06512005608414943,-0.1771870820399947,-0.2358654417928179,-0.20288584389216974
MPO,8,0.011816838995568686,0.0015520854617270916,0.33592773548460403,0.012086071393671948,0.0011872555932128477,-0.25343019418107754,-0.05972563355931328,-0.36077733565746456,-0.13801816726500876,-0.20339107693770014
HLA-A,8,0.011816838995568686,0.0001021502069553546,0.39044142189208725,0.018233502662126515,0.0009726971943570342,-0.25343019418107754,-0.14558955969145215,-0.1601971879016881,-0.24095865112440606,-0.205329125691459
PPP2R1A,8,0.011816838995568686,0.00012580337042355307,0.38665302725881046,0.017155654275969795,0.0010259033824364936,-0.25343019418107754,-0.14418883957368073,-0.19536553368914583,-0.2154314716971662,-0.20690717893405974
BRD4,7,0.010339734121122601,0.0007022341082584722,0.39675845796501463,0.01964575405847579,0.0008951814323173407,-0.297129500298771,-0.11005310411179368,-0.1141178449407294,-0.2781490388866596,-0.20996197789799606
HES1,11,0.016248153618906944,0.0017648590794951576,0.30697681364938784,0.002726760707565081,0.0012441776143672356,-0.12233227582799724,-0.047125361830779214,-0.666155604780183,-0.11070821141552802,-0.20997040023663605
TOP2A,8,0.011816838995568686,0.00041035688613253504,0.3833979807274675,0.015664304635343268,0.0010154086850158541,-0.25343019418107754,-0.12733782365895777,-0.24402571681431545,-0.22046660076319075,-0.2134334873936178
BCL2L11,7,0.010339734121122601,5.132542678707019e-05,0.3845541869419653,0.020077597654223484,0.0009104204696833865,-0.297129500298771,-0.14859935971920496,-0.10002752843943835,-0.27083767802463904,-0.21531820632718657
NTRK3,10,0.014771048744460858,9.520283060630316e-06,0.31847694403085836,0.011652637414968192,0.001001226344016768,-0.16603158194569068,-0.15107502458841707,-0.3749195436292552,-0.22727098154012781,-0.2163179148619726
BMP2,9,0.013293943870014771,8.144065852220475e-05,0.350132258072366,0.01283359956372307,0.0010489545736948177,-0.2097308880633841,-0.14681596144355927,-0.33638677246892273,-0.20437200819295714,-0.21826155731545024
HSPA4,6,0.008862629246676515,0.002234792685736431,0.3887749036279137,0.013268929394046693,0.0011579702440377402,-0.34082880641646446,-0.019296295449699543,-0.32218270610759825,-0.15206864503774256,-0.2189644263372556
FAS,7,0.010339734121122601,0.0001889223235210765,0.3999942546736377,0.019753691373719684,0.0008624822910532193,-0.297129500298771,-0.14045098913624385,-0.11059603531089607,-0.2938373803427192,-0.21999475551935385
HSPB1,6,0.008862629246676515,1.4792899408284024e-06,0.40024534962321306,0.024296415131390185,0.0007177635798431764,-0.34082880641646446,-0.15155120532614003,0.0376252562719688,-0.3632702910789775,-0.2223068905386993
APEX1,7,0.010339734121122601,0.001206500815239943,0.38735774116025423,0.015726541637728138,0.0009097959518322508,-0.297129500298771,-0.08019086085875246,-0.24199503007881787,-0.27113730819580717,-0.22666950797418295
MAP3K1,7,0.010339734121122601,0.002336275623650386,0.3770495812831333,0.011181471243548942,0.001028069712382206,-0.297129500298771,-0.01328656263160341,-0.39029288838965226,-0.21439211339658254,-0.22825396611971766
TRADD,10,0.014771048744460858,2.30353482615926e-06,0.3221782930519345,0.00793010815559902,0.0011221104595111665,-0.16603158194569068,-0.1515023942487378,-0.4963792942572891,-0.1692733948398695,-0.2291171900626079
ESR2,6,0.008862629246676515,0.0021653422457554123,0.39236359504601753,0.01532002805748475,0.0009181964662197655,-0.34082880641646446,-0.023409091127126896,-0.2552588715809363,-0.26710692290056776,-0.2296155139238451
IRF1,7,0.010339734121122601,1.7086441650605693e-05,0.35719374899147255,0.019750805649421867,0.0007552656869597392,-0.297129500298771,-0.15062696314557977,-0.11069019154961789,-0.3452775903834423,-0.23284562227757682
CTLA4,7,0.010339734121122601,2.6277671382580765e-05,0.3600174149914051,0.019436758528928066,0.0007512853524580705,-0.297129500298771,-0.1500826663791051,-0.12093701092508012,-0.34718726887521445,-0.23514084765940502
FASLG,7,0.010339734121122601,9.646697659869295e-05,0.3820196776211974,0.018111583218616594,0.0007996036918705516,-0.297129500298771,-0.14592611573416533,-0.16417521041639443,-0.3240051736278225,-0.23811293084695456
CXCR2,4,0.005908419497784343,0.004304733727810651,0.21940496970054316,1.0458445409752704e-05,0.0018439480931233187,-0.4282274186518513,0.10328384331830626,-0.7547838928081083,0.17704870519543267,-0.2396056732211065
XIAP,6,0.008862629246676515,0.0014379693352272033,0.3947930909905749,0.014628795058780533,0.000960558147259191,-0.34082880641646446,-0.06648349300443368,-0.27781261979854194,-0.24678270363648575,-0.24083002018387653
CDKN2B,7,0.010339734121122601,1.2327416173570019e-06,0.37439274336452055,0.01806543309530152,0.0007870825415033347,-0.297129500298771,-0.15156580570706385,-0.16568100985509435,-0.33001255103253435,-0.24102548870886153
KRT5,3,0.004431314623338257,0.007934927937651168,0.3883013653774534,0.011430654999441691,0.0006240366717811405,-0.4719267247695447,0.31826084070715566,-0.382162449448141,-0.4082384364324252,-0.24368932066866494
FLT3,8,0.011816838995568686,0.00029018212635061454,0.3781677591635697,0.012939916141856748,0.0008996514701968556,-0.25343019418107754,-0.13445447018707246,-0.3329178447136226,-0.2760044112950996,-0.2440986367118897
EPCAM,8,0.011816838995568686,6.316495420318708e-05,0.35304033330552514,0.015692884554176632,0.0007448712248440614,-0.25343019418107754,-0.14789823302809837,-0.2430932030387063,-0.3502646287159063,-0.24434669257132424
CYCS,7,0.010339734121122601,0.00010067221250224055,0.39236359504601753,0.014478015803848223,0.0009692552623881614,-0.297129500298771,-0.14567708525932024,-0.2827322885043999,-0.2426100157140766,-0.24548305726309522
CFLAR,8,0.011816838995568686,0.00017987971446351188,0.38735774116025423,0.011391799719670357,0.0009995549591569983,-0.25343019418107754,-0.14098648471344655,-0.38343023064280335,-0.2280728758826354,-0.24624781044682653
SERPINE1,8,0.011816838995568686,3.006418884071295e-05,0.3371712543362128,0.01240680838762334,0.0009424468533266069,-0.25343019418107754,-0.1498584320526046,-0.35031223717517007,-0.2554721111389759,-0.24732204563935747
BSG,6,0.008862629246676515,0.0016106350368662653,0.39357459379615956,0.015912294229741046,0.0007606718256549452,-0.34082880641646446,-0.056258377777875256,-0.2359342413160125,-0.3426838418466185,-0.2490782933227576
HSPA5,5,0.007385524372230429,0.0,0.4087120781729349,0.023778771341265957,0.0006326477366804419,-0.38452811253415786,-0.15163880761168297,0.020735426459511225,-0.4041070335509446,-0.24916886270816263
FGFR4,9,0.013293943870014771,1.0350178417736468e-05,0.3128512472766332,0.009993961995956816,0.0009099566426541278,-0.2097308880633841,-0.15102587889490734,-0.4290392801656207,-0.27106021221147847,-0.2511821790213311
IDH1,6,0.008862629246676515,4.32405159574542e-06,0.3914001485265675,0.01941111484825242,0.0007420253967903617,-0.34082880641646446,-0.15138274097313012,-0.12177372028128187,-0.3516299955269504,-0.25181651065069155
XRCC3,9,0.013293943870014771,2.2760303124675597e-05,0.31485967503692763,0.009108151957666202,0.0009583097328345817,-0.2097308880633841,-0.1502909619200835,-0.45794174374835683,-0.2478614442964646,-0.2521391889111696
FANCA,8,0.011816838995568686,0.0001283008192465005,0.3420551727198382,0.01359548825310032,0.0007635586858611513,-0.25343019418107754,-0.144040942789637,-0.3115276501436459,-0.34129878869537367,-0.2552760914285903
GLI1,6,0.008862629246676515,0.0010934484203283315,0.3507100340757857,0.014297846315388812,0.0008613018503124218,-0.34082880641646446,-0.08688572702867685,-0.28861091016572943,-0.2944037303046552,-0.2576144420970087
BMPR1A,8,0.011816838995568686,3.226029153465184e-05,0.3346933553542144,0.013371489615385401,0.0007603586556096268,-0.25343019418107754,-0.14972838072867797,-0.3188363418374444,-0.34283409406777254,-0.25846675032659006
AXIN1,6,0.008862629246676515,0.0006440469605408471,0.38478626550982403,0.015609047734155083,0.0008243454789131608,-0.34082880641646446,-0.11349889725119326,-0.24582865480920235,-0.31213459879460914,-0.2592574572793232
ENG,8,0.011816838995568686,2.6958107047933785e-05,0.32315805471352177,0.012058333139584307,0.0008406933389665041,-0.25343019418107754,-0.150042371560757,-0.36168238735473796,-0.3042912487652879,-0.25940588807757153
CDC25C,6,0.008862629246676515,0.0006977571509114511,0.3875932169907468,0.011976445100647952,0.0010418622678590997,-0.34082880641646446,-0.11031822569820679,-0.3643542537379491,-0.20777474329119153,-0.2612954380761424
KEAP1,5,0.007385524372230429,0.0,0.4025194709278905,0.0215586685875057,0.0006293473694141585,-0.38452811253415786,-0.15163880761168297,-0.051702721920826325,-0.40569047845506717,-0.26397318136505465
PAX8,4,0.005908419497784343,0.0032036575640031002,0.3694037322999875,0.006452246031362933,0.001318740096804376,-0.4282274186518513,0.03807905428797524,-0.5445994028354953,-0.07493474339577877,-0.26426666220240896
PLK1,6,0.008862629246676515,0.0007174556213017751,0.36664223228854426,0.0069736131036204204,0.0013480278954965791,-0.34082880641646446,-0.10915169912335143,-0.5275880887074249,-0.06088309039766859,-0.26427224284761913
RASSF1,6,0.008862629246676515,0.0014980170516629692,0.3416885540995597,0.009141664666661957,0.0010602119256063048,-0.34082880641646446,-0.06292751857628176,-0.45684828148281537,-0.1989709739807157,-0.26618581298253924
RUNX3,6,0.008862629246676515,2.8513624384665104e-06,0.38270758820514916,0.017135354853127057,0.0007400330421348663,-0.34082880641646446,-0.15146995236591476,-0.19602786907043704,-0.35258588424233017,-0.2668803209997947
PIK3CB,6,0.008862629246676515,0.004305557094597081,0.30492149304150096,0.0035785664522435616,0.0009977784327629214,-0.34082880641646446,0.1033326023954423,-0.6383626430266177,-0.2289252148615358,-0.2669145032245327
BCAR1,6,0.008862629246676515,4.7421724397967974e-05,0.3592061081407203,0.01690963485855847,0.0007404318467971293,-0.34082880641646446,-0.1488305336371276,-0.20339272568857084,-0.3523945463822526,-0.26765517006920914
PMS1,7,0.010339734121122601,1.955679262711843e-05,0.375716465497807,0.014285872418466206,0.0007577605917854974,-0.297129500298771,-0.15048067107283397,-0.28900159790326835,-0.3440805889548509,-0.2682319302444022
TGFBR1,8,0.011816838995568686,3.564317457686872e-05,0.3301868679180624,0.009733639292851063,0.000892230618955771,-0.25343019418107754,-0.14952804928719143,-0.4375331638664566,-0.27956477538002744,-0.2695021681344718
TYMS,6,0.008862629246676515,0.0014472817158740644,0.36791162259075505,0.008204556958180401,0.0010971879091468534,-0.34082880641646446,-0.06593202178436025,-0.487424500137727,-0.18123069600912678,-0.2695041269212234
CCND3,7,0.010339734121122601,5.996462049654698e-05,0.3411400973514063,0.011577173505663022,0.0009197373648844487,-0.297129500298771,-0.14808775405400681,-0.37738180167129837,-0.2663676330150789,-0.269767150555347
SNAI2,6,0.008862629246676515,0.00025459787200355304,0.3831675732871265,0.014341648773193647,0.0008608981829535102,-0.34082880641646446,-0.13656173930592996,-0.28718171102955614,-0.2945974011815176,-0.2697863395144598
IGFBP3,5,0.007385524372230429,2.0477364735219556e-05,0.4035385075631509,0.020294944591696947,0.0006430876452117715,-0.38452811253415786,-0.1504261555796565,-0.09293587032584508,-0.39909819101020066,-0.2705981905490785
KMT2D,6,0.008862629246676515,2.019615000384231e-06,0.37771969309820996,0.01687520879679872,0.0007139469053421519,-0.34082880641646446,-0.15151920773807642,-0.20451598908963625,-0.36510144903860287,-0.2710933718059295
ENO2,3,0.004431314623338257,0.0028698224852071004,0.2666628364490918,0.00015029800039542243,0.001886158977109801,-0.4719267247695447,0.01830962634164317,-0.7502211677647131,0.19730057529174813,-0.2711810655785229
FAAP100,10,0.014771048744460858,3.641716307248543e-07,0.24896167198351365,0.0016856982152461497,0.0010992178336818143,-0.16603158194569068,-0.15161724167906834,-0.7001236898897906,-0.1802567820773428,-0.2720914584941855
CENPX,10,0.014771048744460858,3.605299144176058e-07,0.24896167198351365,0.0016856982152461497,0.0010992178336818143,-0.16603158194569068,-0.1516174573383945,-0.7001236898897906,-0.1802567820773428,-0.272091512409017
STAT5A,4,0.005908419497784343,0.0024958575773939506,0.38735774116025423,0.011423005917401507,0.0009956634284379747,-0.4282274186518513,-0.003836255769165633,-0.3824120258872773,-0.22993994823825642,-0.2733090552955461
DNMT3A,6,0.008862629246676515,0.00014151643097408574,0.3732967458722356,0.015420958307724737,0.0007659210323761462,-0.34082880641646446,-0.14325832556212015,-0.2519656904745368,-0.340165385880131,-0.27353087890722616
AGO2,5,0.007385524372230429,0.0,0.39164056630821775,0.01975757704824993,0.0006275164008614904,-0.38452811253415786,-0.15163880761168297,-0.1104692524096529,-0.406568937605341,-0.27590217929287475
TGFB2,5,0.007385524372230429,0.001221170909902859,0.3620618068993631,0.013948732212332617,0.0007981295282499093,-0.38452811253415786,-0.07932211039534891,-0.3000019050897346,-0.32471244548110856,-0.2793582370999611
GNAS,5,0.007385524372230429,0.00041169436281965436,0.39020247365347516,0.016722134108554915,0.0007241021031382035,-0.38452811253415786,-0.12725861943305297,-0.20951055385088338,-0.36022920455696894,-0.28034744592678895
MYCN,5,0.007385524372230429,0.0,0.39284709916807053,0.018860134245117267,0.000635969151099017,-0.38452811253415786,-0.15163880761168297,-0.13975127317471972,-0.4025134906779133,-0.28094749406040254
YWHAE,6,0.008862629246676515,0.0007232958356291418,0.3685496196241494,0.007515690393058039,0.0011120974896957833,-0.34082880641646446,-0.10880584662411012,-0.5099010356827911,-0.17407740140946437,-0.2832872313202412
NRG1,6,0.008862629246676515,1.2609887448524993e-05,0.3505172303187347,0.015464974761944104,0.0006695553865052969,-0.34082880641646446,-0.15089206085809417,-0.2505295090020719,-0.38639954061967535,-0.2843989073846356
EPHA2,7,0.010339734121122601,4.0455718552438e-05,0.3463285398966749,0.009192876344481338,0.0009230994177325392,-0.297129500298771,-0.1492430545475532,-0.4551773321943632,-0.26475459270163076,-0.2852924737206569
EML4,6,0.008862629246676515,1.8315719234203734e-06,0.35839844966260737,0.014893044370516393,0.0006759708360076612,-0.34082880641646446,-0.15153034348832248,-0.2691906175869311,-0.3833215465655124,-0.2876751009483319
ITGA5,6,0.008862629246676515,6.590925424622092e-06,0.35421713441654357,0.01375268398302894,0.0007459083087487303,-0.34082880641646446,-0.1512484986430999,-0.3063986228542385,-0.34976705826646814,-0.2883353431306789
TNFRSF10A,6,0.008862629246676515,0.0001584640377423019,0.38735774116025423,0.012579171362827019,0.0007918509458330717,-0.34082880641646446,-0.14225470277905197,-0.3446883286637585,-0.3277247736648899,-0.28933637840625526
MIF,5,0.007385524372230429,0.00043885524065981205,0.3906806629594231,0.015036250074275198,0.000732859513667466,-0.38452811253415786,-0.12565017546917506,-0.26451806087746305,-0.35602758820428787,-0.2901065130705992
PLAUR,5,0.007385524372230429,0.0,0.3637141140614823,0.017653630163454087,0.0006172771746468436,-0.38452811253415786,-0.15163880761168297,-0.17911743383596546,-0.41148149710663506,-0.2906143274783961
TIMP2,3,0.004431314623338257,0.006789488717110772,0.3228308060505208,0.005940902193061524,0.0006489882357244162,-0.4719267247695447,0.2504289093863196,-0.5612836760158749,-0.39626721517487107,-0.29407730456090997
FOXA1,5,0.007385524372230429,5.5698505358513284e-05,0.375716465497807,0.016686226983596664,0.0006324421365226107,-0.38452811253415786,-0.14834038974506808,-0.21068214180609474,-0.404205676064319,-0.294647500397305
ENO1,5,0.007385524372230429,3.5459256516623457e-06,0.36103671684585414,0.016698929435404877,0.0006284796706905489,-0.38452811253415786,-0.1514288209262621,-0.21026768257112513,-0.4061067815544978,-0.29571693744364536
SOS1,5,0.007385524372230429,2.9895556367286485e-05,0.35860002359380116,0.016591825572493266,0.0006237699790808841,-0.38452811253415786,-0.14986841832350473,-0.21376229807960012,-0.4083663898276433,-0.2964776815492801
NT5E,7,0.010339734121122601,1.702090776818778e-05,0.32513556448229397,0.009520438328694161,0.0007872718748238646,-0.297129500298771,-0.15063084400606686,-0.44448954597546975,-0.3299217129962236,-0.2965352879004252
GSTP1,5,0.007385524372230429,0.0014196962281012764,0.34727170040837607,0.008182219861865389,0.0009775612285415633,-0.38452811253415786,-0.06756561078541849,-0.4881533213125632,-0.23862499261868353,-0.29683190486955924
FAAP20,9,0.013293943870014771,0.0,0.24363425370644956,0.0016224470100113361,0.0010019114295837946,-0.2097308880633841,-0.15163880761168297,-0.7021874683262952,-0.2269422922875472,-0.2971414648478737
ANGPT1,3,0.004431314623338257,0.005603370987986372,0.3409576694918601,0.00521403611491435,0.0008389833030169759,-0.4719267247695447,0.18018803156616406,-0.5850000705531454,-0.3051116870655368,-0.29814969730153607
DHFR,5,0.007385524372230429,0.0014183149776234054,0.36664223228854426,0.007753926278871904,0.0009851202340681105,-0.38452811253415786,-0.0676474072577862,-0.5021278069811571,-0.2349983450926571,-0.29892192161616465
ANGPT2,3,0.004431314623338257,0.005547337278106509,0.3409576694918601,0.00521403611491435,0.0008389833030169759,-0.4719267247695447,0.1768697631743856,-0.5850000705531454,-0.3051116870655368,-0.2989792643994807
PDGFB,5,0.007385524372230429,2.8129446945469564e-05,0.363506751396681,0.015869808366546386,0.0006408516246192896,-0.38452811253415786,-0.1499730058134889,-0.23732048222623564,-0.4001709853773153,-0.2995763843610377
TPX2,5,0.007385524372230429,0.0007174556213017751,0.3664315183619416,0.006815895015793898,0.0011475360649760465,-0.38452811253415786,-0.10915169912335143,-0.5327341596399033,-0.15707473870275057,-0.29983454383632385
SLC2A1,4,0.005908419497784343,0.0,0.4050767737927436,0.01922978601560073,0.0005615420111866412,-0.4282274186518513,-0.15163880761168297,-0.12769016935689742,-0.4382220242785938,-0.30097173715816694
HMGB1,5,0.007385524372230429,0.0001166763682076627,0.3918812796249406,0.014759722127688384,0.0006837116365247371,-0.38452811253415786,-0.1447293328415656,-0.2735406939030013,-0.3796076777310309,-0.3013968469241531
ULK2,6,0.008862629246676515,0.0002532463796163889,0.2823697262842243,0.0005140404084925776,0.0014452139207860137,-0.34082880641646446,-0.13664177352960838,-0.7383528763149886,-0.014255335338827422,-0.3039721679589279
ULK1,6,0.008862629246676515,0.000250713915820225,0.2823697262842243,0.0005140404084925776,0.0014452139207860137,-0.34082880641646446,-0.13679174387042914,-0.7383528763149886,-0.014255335338827422,-0.30400966054413303
PPP2R1B,6,0.008862629246676515,1.2451935528858604e-06,0.33381719473810395,0.01225513780288031,0.0006775182707373877,-0.34082880641646446,-0.1515650683140879,-0.35526098844532616,-0.382579120817239,-0.30474937117679757
PROM1,5,0.007385524372230429,0.0,0.35860002359380116,0.015207746636698289,0.0006271353635603153,-0.38452811253415786,-0.15163880761168297,-0.2589224219303555,-0.40675175106946365,-0.3056293758898398
IDH2,5,0.007385524372230429,0.0002153230476881424,0.387122551274911,0.013178725821283497,0.0007268867215132206,-0.38452811253415786,-0.13888756082297563,-0.32512589410968057,-0.35889320482721393,-0.30611054938007803
TP73,5,0.007385524372230429,0.00016381343446127876,0.3735154317221901,0.012791232371050754,0.0007535712833612895,-0.38452811253415786,-0.14193791607894377,-0.3377691413633613,-0.3460905286194082,-0.30684125240324506
NRP1,7,0.010339734121122601,5.0996367444479246e-05,0.3125445303675385,0.005874127956796995,0.0009135100731388835,-0.297129500298771,-0.14861884633213637,-0.5634624049176435,-0.2693553530430089,-0.30771358827973444
GNAQ,5,0.007385524372230429,0.0015335418090298063,0.331733008298532,0.006306470857967723,0.0009531155858115692,-0.38452811253415786,-0.060823772817724796,-0.5493557969360326,-0.2503534838094229,-0.3097326387404775
CCR2,5,0.007385524372230429,0.00013628241060226402,0.3510962786067062,0.012672798676393416,0.0007314113536633261,-0.38452811253415786,-0.14356827977359352,-0.3416334298663547,-0.3567223840842299,-0.3101480721204705
KDM1A,4,0.005908419497784343,0.0014423076923076924,0.36622104649613924,0.006756944243660697,0.001091047914792258,-0.4282274186518513,-0.06622657920730513,-0.5346576223137312,-0.1841765326350832,-0.31020307231973715
IL1RN,5,0.007385524372230429,0.0,0.3468938204296945,0.014886723376450813,0.0005896596394735804,-0.38452811253415786,-0.15163880761168297,-0.2693968607913315,-0.42473179375733927,-0.3113202721996101
BAX,5,0.007385524372230429,0.00013458704026855122,0.38156244281853885,0.013145001065381714,0.0006848497292374539,-0.38452811253415786,-0.1436686781552602,-0.32622627510239194,-0.37906164543796433,-0.31155959303384156
EGR1,4,0.005908419497784343,0.0,0.39020247365347516,0.017863115519830348,0.0005394188709579883,-0.4282274186518513,-0.15163880761168297,-0.17228228564159043,-0.44883622895094155,-0.31201300134957505
SDHB,6,0.008862629246676515,0.0009603623374854133,0.30260599997616444,0.00516144464229439,0.0009262609468233189,-0.34082880641646446,-0.09476697106963165,-0.5867160401814577,-0.2632377593542719,-0.31297258492031643
BUB1B,5,0.007385524372230429,3.200510641093397e-05,0.3763818429455599,0.014203596999202137,0.000612225126840491,-0.38452811253415786,-0.14974349257352818,-0.2916861038427393,-0.4139053604857435,-0.31313900539603384
CYP2J2,4,0.005908419497784343,2.2189349112426034e-05,0.006154603643525357,2.435306922846513e-23,0.001733418483736019,-0.4282274186518513,-0.1503247733285387,-0.7551251339597335,0.12401898679804198,-0.3136820192926209
ALOX15,4,0.005908419497784343,2.2189349112426034e-05,0.006154603643525357,2.435306922846513e-23,0.0017334184837360187,-0.4282274186518513,-0.1503247733285387,-0.7551251339597335,0.12401898679804188,-0.31368201929262096
BID,4,0.005908419497784343,0.0020048067996177804,0.36748751697393567,0.007089937104647191,0.0009440124339708514,-0.4282274186518513,-0.03291586299393113,-0.5237926358923245,-0.2547209793729911,-0.3138112853296938
PLA2G2A,4,0.005908419497784343,7.396449704142012e-06,0.006154603643525357,2.4353069228465135e-23,0.0017334184837360187,-0.4282274186518513,-0.1512007961839682,-0.7551251339597335,0.12401898679804188,-0.3139010250064783
ALOX5,4,0.005908419497784343,7.396449704142012e-06,0.006154603643525357,2.4353069228465135e-23,0.0017334184837360187,-0.4282274186518513,-0.1512007961839682,-0.7551251339597335,0.12401898679804188,-0.3139010250064783
TCF7L2,6,0.008862629246676515,1.3341359495205648e-05,0.3300159637421214,0.007953938644982561,0.0008290353794617995,-0.34082880641646446,-0.15084874370887855,-0.49560174622577696,-0.30988448584492334,-0.31809951458712227
CYP3A4,3,0.004431314623338257,0.0014349112426035502,0.24050955939259847,7.33043920826897e-05,0.0016024822786827235,-0.4719267247695447,-0.0666645906350199,-0.7527333372640073,0.06119862472050177,-0.32014744383679666
MAX,3,0.004431314623338257,0.004304733727810651,0.3298452363940913,0.006025490526270194,0.0007517470684232498,-0.4719267247695447,0.10328384331830626,-0.5585237036579122,-0.34696574753130704,-0.3204512830776079
PRKN,5,0.007385524372230429,6.16370808678501e-06,0.3696178793911759,0.011944070329655538,0.000674421853479198,-0.38452811253415786,-0.15127379808858732,-0.36541058703646684,-0.3840647149141768,-0.3222983492992308
PRMT5,4,0.005908419497784343,4.24920089605198e-05,0.37884185499095574,0.011633551090303727,0.0008321446628253347,-0.4282274186518513,-0.14912246717055985,-0.3755422976958128,-0.30839271886863556,-0.3239472166336776
CDKN1C,5,0.007385524372230429,1.629959916159011e-06,0.3713400360802437,0.01206171703108984,0.0006410902849935864,-0.38452811253415786,-0.15154228277901968,-0.36157197677371167,-0.4000564812864049,-0.32479610169373346
ETS1,5,0.007385524372230429,0.0,0.3719899894689489,0.01204442560133309,0.000640439038691102,-0.38452811253415786,-0.15163880761168297,-0.3621361664952487,-0.400368935191015,-0.3249955616271287
TMEM127,3,0.004431314623338257,0.0028698224852071004,0.2466502289941116,0.0001432319611143253,0.0013194550882937824,-0.4719267247695447,0.01830962634164317,-0.7504517205177507,-0.0745917059278104,-0.3256056323730421
S100B,2,0.0029542097488921715,0.004304733727810651,0.36664223228854426,0.006322794833995096,0.0008351440787857116,-0.5156260308872381,0.10328384331830626,-0.54882317357181,-0.30695366389850465,-0.3258035174750197
SOX9,6,0.008862629246676515,3.0240817310082885e-06,0.3186361029234275,0.008498312192779132,0.0007042134818462589,-0.34082880641646446,-0.15145972407708078,-0.4778397702258692,-0.36977133532419626,-0.32667723437504587
COL1A1,6,0.008862629246676515,5.8992262998652336e-05,0.31959440699237013,0.00737312556053937,0.000765873492327329,-0.34082880641646446,-0.14814533623369278,-0.5145526818619213,-0.3401881945683671,-0.3272745915902434
XPC,7,0.010339734121122601,8.453085376162298e-06,0.2852755444965452,0.004246727673050898,0.0007635846861665572,-0.297129500298771,-0.1511382231228661,-0.616561687384879,-0.34128631431062223,-0.3333494812243866
CDC25A,5,0.007385524372230429,4.347913780085063e-06,0.37004691929760797,0.0079748992880057,0.0008248692152946409,-0.38452811253415786,-0.15138132787497505,-0.494917836363098,-0.3118833213950208,-0.33379040290732276
LOX,5,0.007385524372230429,4.0151247645806215e-05,0.3505172303187347,0.010084042194821513,0.0006621535380993151,-0.38452811253415786,-0.14926108505432956,-0.42610011764242706,-0.3899507875549105,-0.3351102916900051
CYP19A1,3,0.004431314623338257,0.0028927574859535935,0.3310440508565828,0.0051855631359764,0.0008641937009945726,-0.4719267247695447,0.019667817477044908,-0.5859290950632245,-0.2930162828308801,-0.3360464748789004
POT1,6,0.008862629246676515,6.609104242240337e-07,0.31362067975886787,0.008427561142149605,0.0006089383239158503,-0.34082880641646446,-0.15159966906142097,-0.4801482557655074,-0.41548229751182736,-0.33631611016658475
PLAU,5,0.007385524372230429,1.1440203384686672e-05,0.33557412734198866,0.009860658667464342,0.0006675492156559392,-0.38452811253415786,-0.1509613285483064,-0.4333887393393349,-0.38736205804634705,-0.3364753310011682
ITGA2,3,0.004431314623338257,0.0028698224852071004,0.23244288806043692,8.50618059765654e-05,0.0011947997369658476,-0.4719267247695447,0.01830962634164317,-0.7523497129967202,-0.13439865009681556,-0.337946619702637
MMP14,4,0.005908419497784343,0.0,0.35421713441654357,0.01370658207996328,0.0005410268130557471,-0.4282274186518513,-0.15163880761168297,-0.3079028489488325,-0.4480647730748543,-0.33898282283580605
MSR1,3,0.004431314623338257,0.0028698224852071004,0.2724747187819566,0.0005720794056949002,0.001148416891601352,-0.4719267247695447,0.01830962634164317,-0.7364591632946939,-0.15665213711973763,-0.3392192071668162
RECQL4,6,0.008862629246676515,0.0,0.31315856677297566,0.0076234107455960265,0.0006143347751733076,-0.34082880641646446,-0.15163880761168297,-0.5063863051742538,-0.41289319679832126,-0.3410556845431983
PTK2B,5,0.007385524372230429,1.0203264393591746e-05,0.34860078838150815,0.009731059630737338,0.0006198241775132154,-0.38452811253415786,-0.15103457901780964,-0.43761733382059437,-0.41025950016382706,-0.34191885093829194
SMAD7,5,0.007385524372230429,1.0339541149949631e-05,0.33451775548257,0.009395250939322532,0.0006282309242582139,-0.38452811253415786,-0.15102650882481108,-0.44857419596353443,-0.4062261247181279,-0.3433015307294905
MUC5AC,3,0.004431314623338257,0.001836280830406663,0.3125445303675385,0.002725820493291877,0.0011043048955877465,-0.4719267247695447,-0.042895826805465984,-0.6661862823607212,-0.17781611968979733,-0.34469879078081084
H2AX,4,0.005908419497784343,0.0,0.36622104649613924,0.006800151911709672,0.0009234359822984953,-0.4282274186518513,-0.15163880761168297,-0.5332478301480313,-0.2645931162949545,-0.3473574877196659
TNFRSF10B,4,0.005908419497784343,2.406781252935099e-05,0.3845541869419653,0.009837710610293876,0.0007088827841793148,-0.4282274186518513,-0.15021353233102383,-0.43413749511991273,-0.3675311049532864,-0.34776669962554374
CDKN3,4,0.005908419497784343,0.0,0.36622104649613924,0.0068083010508034085,0.0008940561002585882,-0.4282274186518513,-0.15163880761168297,-0.5329819377041592,-0.2786889488936704,-0.3501234757506346
AURKB,4,0.005908419497784343,0.0,0.36622104649613924,0.0068083010508034085,0.0008940561002585882,-0.4282274186518513,-0.15163880761168297,-0.5329819377041592,-0.2786889488936704,-0.3501234757506346
CDX2,3,0.004431314623338257,0.0014349112426035502,0.2243458275685357,2.774172853575088e-05,0.0012906507793013116,-0.4719267247695447,-0.0666645906350199,-0.7542199688971722,-0.08841139101463448,-0.35036677331045696
ATRX,4,0.005908419497784343,0.0001820723620654824,0.37461271559916476,0.010490815734433844,0.0006043207247186754,-0.4282274186518513,-0.1408566379971123,-0.4128277941115788,-0.4176977218352787,-0.3511988592167975
CXCR3,3,0.004431314623338257,0.0,0.17909855110948833,2.6040043488070983e-07,0.0014992460247196528,-0.4719267247695447,-0.15163880761168297,-0.755116637539778,0.011668100669883035,-0.3517737629462404
VHL,4,0.005908419497784343,1.5857782286643514e-06,0.3722071464972437,0.011839374347473383,0.0005251225763019636,-0.4282274186518513,-0.15154489918077896,-0.36882663752299993,-0.45569528223030853,-0.3526702052740044
AXIN2,4,0.005908419497784343,1.7054512054269218e-05,0.3362820896359591,0.010876242432201628,0.0005775174639885081,-0.4282274186518513,-0.15062885398897588,-0.4002519814491433,-0.4305573472020171,-0.353698675755624
CDK12,4,0.005908419497784343,0.0001207811997181052,0.37417302931325025,0.010595238429359534,0.0005740613220640946,-0.4282274186518513,-0.14448624822903716,-0.40942066051990605,-0.432215529421325,-0.35432839657365345
CTNNA1,4,0.005908419497784343,6.519073389696892e-05,0.3503246384339442,0.010377438984308667,0.0005873804176898003,-0.4282274186518513,-0.14777826808661948,-0.41652708318031123,-0.42582531512260113,-0.3552946432103853
MAP2K2,5,0.007385524372230429,2.2172642921630773e-05,0.3207197394113574,0.005411215873886217,0.000762653704221808,-0.38452811253415786,-0.15032576265487424,-0.5785664329146122,-0.34173297933221036,-0.35622616250003836
EPAS1,3,0.004431314623338257,0.0,0.3918812796249406,0.014123465971669993,0.00048367384249609286,-0.4719267247695447,-0.15163880761168297,-0.29430064195473027,-0.4755814891375619,-0.3570604817907198
EDN1,4,0.005908419497784343,0.0,0.331733008298532,0.011084514912571316,0.0005291376786896756,-0.4282274186518513,-0.15163880761168297,-0.3934564073204201,-0.4537689228580341,-0.35723436446675955
TP63,4,0.005908419497784343,0.0,0.3696178793911759,0.009807236426910653,0.0006132651256978288,-0.4282274186518513,-0.15163880761168297,-0.4351318155016809,-0.41340639150499753,-0.3574969398324044
CCND2,5,0.007385524372230429,2.7366863905325442e-05,0.31689405663507875,0.0051658958886772,0.0007633936343928874,-0.38452811253415786,-0.15001816532913836,-0.5865708036398566,-0.34137797682361937,-0.35767913681193503
SMARCA5,4,0.005908419497784343,0.0014349112426035502,0.30951011745134877,0.0029813601407939357,0.0008491280944699576,-0.4282274186518513,-0.0666645906350199,-0.6578484615677598,-0.3002444353224606,-0.35816432356494704
KDM6A,4,0.005908419497784343,0.0,0.37004691929760797,0.010182638793516162,0.0005801478755930524,-0.4282274186518513,-0.15163880761168297,-0.4228830795868944,-0.42929533254882646,-0.35822498085821286
MAP3K8,4,0.005908419497784343,6.080791729104352e-05,0.34802993556210615,0.009030771155290516,0.0006459399164735363,-0.4282274186518513,-0.14803781473883268,-0.4604665467264107,-0.39772973288714375,-0.358528306135567
KRT18,3,0.004431314623338257,0.0022900591696968,0.34223877721405177,0.005385869142641793,0.0007031735819017038,-0.4719267247695447,-0.016023461520916122,-0.57939345331974,-0.3702702568487263,-0.3591129610832629
RAD51B,5,0.007385524372230429,0.0,0.313775020644576,0.006773545728353805,0.0006235241050877162,-0.38452811253415786,-0.15163880761168297,-0.5341159443172976,-0.4084843548570251,-0.36101460112474054
RTEL1,5,0.007385524372230429,0.0,0.3139295135154005,0.007103715164093159,0.0005940626892599533,-0.38452811253415786,-0.15163880761168297,-0.5233430814233478,-0.4226193056054733,-0.3616870186956402
NOTCH3,3,0.004431314623338257,0.0007023850004707445,0.38948738054354215,0.011468340537983285,0.0004967667657185089,-0.4719267247695447,-0.1100441684039917,-0.3809328349052802,-0.46929978747108364,-0.3627319202456113
MITF,4,0.005908419497784343,0.0,0.3350451087492267,0.010050660675602384,0.0005317203581024677,-0.4282274186518513,-0.15163880761168297,-0.4271892994103703,-0.45252980907910817,-0.3637331201289644
TSG101,3,0.004431314623338257,0.0,0.38665302725881046,0.01171863753025397,0.0005647445805515379,-0.4719267247695447,-0.15163880761168297,-0.3727660729684523,-0.43668550069446094,-0.36497437030484403
CCNA2,4,0.005908419497784343,1.5819496942470957e-06,0.3696178793911759,0.007800586055164487,0.0006659898751677736,-0.4282274186518513,-0.15154512590331387,-0.500605378439167,-0.38811019592027474,-0.3655089928758648
ITCH,3,0.004431314623338257,0.0,0.38688764681418597,0.012522415480319451,0.00048512910447193376,-0.4719267247695447,-0.15163880761168297,-0.3465401758503704,-0.4748832858850483,-0.36736874791934515
TSC1,4,0.005908419497784343,0.0,0.33434233977439876,0.009699565133649939,0.0005149006131879941,-0.4282274186518513,-0.15163880761168297,-0.4386449452900712,-0.4605995592688973,-0.36763819934286235
XRCC2,5,0.007385524372230429,3.962383770076078e-06,0.3128512472766332,0.006485813141752975,0.0005678146272628046,-0.38452811253415786,-0.15140415863255005,-0.5435041655456833,-0.43521255861615465,-0.3681792238774604
KLF6,3,0.004431314623338257,0.0,0.37177308568500206,0.012371904418332242,0.000464346191671052,-0.4719267247695447,-0.15163880761168297,-0.351451093880018,-0.48485447839552254,-0.3703451700273695
B2M,5,0.007385524372230429,2.870566664837415e-05,0.30046693777086636,0.003976134981070735,0.000710754650428908,-0.38452811253415786,-0.14993888257533516,-0.62539066322354,-0.36663302397169456,-0.37047429746983596
CDC73,4,0.005908419497784343,1.9645119325494864e-05,0.33225161122969177,0.008116999271850124,0.0005868047614171594,-0.4282274186518513,-0.15047544044127306,-0.49028135739962136,-0.42610150256414786,-0.3707750286312201
ADAM17,2,0.0029542097488921715,0.004348672564749751,0.31831794405880104,0.003012357630710725,0.0005830683624881781,-0.5156260308872381,0.10588586367532207,-0.6568370665905645,-0.42789414603880177,-0.3709438874175761
WEE1,3,0.004431314623338257,5.099874222439637e-06,0.3799707043800825,0.011688478404511647,0.000499935726760521,-0.4719267247695447,-0.15133679742048467,-0.3737501135592958,-0.46777938843410394,-0.37131445342314173
BCL10,4,0.005908419497784343,0.0,0.33277183817838124,0.008651294870085058,0.0005440333139278212,-0.4282274186518513,-0.15163880761168297,-0.4728482076238507,-0.446622318917173,-0.37168340373927344
NQO1,3,0.004431314623338257,3.316362689404806e-05,0.37861688951887085,0.011692435000856805,0.000486302126478248,-0.4719267247695447,-0.14967488598102183,-0.37362101660076713,-0.47432049527162246,-0.372181377539074
PDCD1,4,0.005908419497784343,1.2667191743940786e-05,0.34352954846432027,0.00833861314676294,0.0005445592618093009,-0.4282274186518513,-0.15088866734671327,-0.48305047642941124,-0.4463699804876682,-0.37348585474824214
DIABLO,5,0.007385524372230429,1.3477975016436556e-05,0.30260599997616444,0.0022392060761724625,0.0007937760834175244,-0.38452811253415786,-0.15084065345451383,-0.6820636769054578,-0.3268011342478534,-0.37406796498124595
DIABLO-2,5,0.007385524372230429,1.3477975016436556e-05,0.30260599997616444,0.0022392060761724625,0.0007937760834175244,-0.38452811253415786,-0.15084065345451383,-0.6820636769054578,-0.3268011342478534,-0.37406796498124595
PLAT,4,0.005908419497784343,3.6080242459229325e-07,0.32933411257736495,0.008160733352730461,0.0005467386403193925,-0.4282274186518513,-0.15161744120057494,-0.48885438928532043,-0.4453243617678325,-0.37461970703892233
FOLH1,3,0.004431314623338257,0.0007172314864622557,0.2675580536927312,0.00016709753551638628,0.0011379933737148955,-0.4719267247695447,-0.10916497219691854,-0.7496730277222076,-0.1616531157832202,-0.37473082541965586
ADIPOQ,3,0.004431314623338257,0.0,0.35382399664249636,0.011773246898301688,0.0004583816293374388,-0.4719267247695447,-0.15163880761168297,-0.3709842628702949,-0.487716146528329,-0.3748241374519862
PSCA,3,0.004431314623338257,0.0007100591715976331,0.2675580536927312,0.00016709753551638628,0.0011379933737148955,-0.4719267247695447,-0.10958971055106619,-0.7496730277222076,-0.1616531157832202,-0.3748370100081927
NSD2,3,0.004431314623338257,0.0,0.3739535729910724,0.011599990519815058,0.0004516287252986599,-0.4719267247695447,-0.15163880761168297,-0.3766373215998503,-0.49095604397776477,-0.37660272868778444
MAP2K4,4,0.005908419497784343,1.7264041641640703e-05,0.33121602179209275,0.005742917593857428,0.0006691918994254622,-0.4282274186518513,-0.15061644582595388,-0.5677435742119729,-0.3865739338668023,-0.37839720960039147
VEGFD,4,0.005908419497784343,0.0002985041697799877,0.3416885540995597,0.005749327496799787,0.000623213042520328,-0.4282274186518513,-0.1339616458903071,-0.5675344300632816,-0.408633595955804,-0.3786036132045419
MTA1,3,0.004431314623338257,0.0010325636959530849,0.3664315183619416,0.007259993808715055,0.0005510007212241056,-0.4719267247695447,-0.09049126835138564,-0.5182439770559374,-0.4432795074395063,-0.3801018676562758
BMI1,3,0.004431314623338257,0.0,0.36601081627427007,0.006641125965148891,0.0007455885452644995,-0.4719267247695447,-0.15163880761168297,-0.5384365742697989,-0.3499204738771496,-0.3807554652016511
ROS1,4,0.005908419497784343,1.2327416173570019e-06,0.3078661718733841,0.007791358235911533,0.0004943405177779827,-0.4282274186518513,-0.15156580570706385,-0.500906466368156,-0.47046384880959363,-0.3820451109904638
YBX1,3,0.004431314623338257,7.396449704142012e-06,0.36622104649613924,0.006703828499298744,0.0007203440544102683,-0.4719267247695447,-0.1512007961839682,-0.5363906980305675,-0.362032235137379,-0.382659139348922
WT1,3,0.004431314623338257,0.0,0.3676994474912217,0.010365277718303104,0.0004675127523293957,-0.4719267247695447,-0.15163880761168297,-0.41692388444994244,-0.4833352310107623,-0.38313587866440235
TOP1,3,0.004431314623338257,0.0,0.3735154317221901,0.009917293777726047,0.0004956450477417251,-0.4719267247695447,-0.15163880761168297,-0.4315408327441444,-0.4698379635196545,-0.3833598148250212
CTCF,3,0.004431314623338257,0.0,0.3658008272804237,0.006639864795304833,0.0007178696011158248,-0.4719267247695447,-0.15163880761168297,-0.5384777240806091,-0.3632194243631369,-0.3834234852610106
APC,4,0.005908419497784343,0.0,0.3194342895539973,0.005663246458791522,0.0006198388776358859,-0.4282274186518513,-0.15163880761168297,-0.5703431068208843,-0.4102524473625918,-0.38390840926776393
ATG16L2,4,0.005908419497784343,0.0,0.26993685095248876,0.00038251321788003114,0.0009775168268934351,-0.4282274186518513,-0.15163880761168297,-0.742644383153356,-0.23864629557007971,-0.3840474341757558
ATG10,4,0.005908419497784343,0.0,0.26993685095248876,0.00038251321788003114,0.0009775168268934351,-0.4282274186518513,-0.15163880761168297,-0.742644383153356,-0.23864629557007971,-0.3840474341757558
SCGB1A1,1,0.0014771048744460858,0.0,0.0014771048744460858,2.9163913282388884e-31,0.0014749262536873156,-0.5593253370049316,-0.15163880761168297,-0.7551251339597335,0.0,-0.38469859664659345
SFTPD,1,0.0014771048744460858,0.0,0.0014771048744460858,2.9163913282388884e-31,0.0014749262536873156,-0.5593253370049316,-0.15163880761168297,-0.7551251339597335,0.0,-0.38469859664659345
PKHD1,1,0.0014771048744460858,0.0,0.0014771048744460858,2.9163913282388884e-31,0.0014749262536873156,-0.5593253370049316,-0.15163880761168297,-0.7551251339597335,0.0,-0.38469859664659345
CHRNA3,1,0.0014771048744460858,0.0,0.0014771048744460858,2.9163913282388884e-31,0.0014749262536873156,-0.5593253370049316,-0.15163880761168297,-0.7551251339597335,0.0,-0.38469859664659345
EXT2,1,0.0014771048744460858,0.0,0.0014771048744460858,2.9163913282388884e-31,0.0014749262536873156,-0.5593253370049316,-0.15163880761168297,-0.7551251339597335,0.0,-0.38469859664659345
EXT1,1,0.0014771048744460858,0.0,0.0014771048744460858,2.9163913282388884e-31,0.0014749262536873156,-0.5593253370049316,-0.15163880761168297,-0.7551251339597335,0.0,-0.38469859664659345
ABCA3,1,0.0014771048744460858,0.0,0.0014771048744460858,2.9163913282388884e-31,0.0014749262536873156,-0.5593253370049316,-0.15163880761168297,-0.7551251339597335,0.0,-0.38469859664659345
SFTPC,1,0.0014771048744460858,0.0,0.0014771048744460858,2.9163913282388884e-31,0.0014749262536873156,-0.5593253370049316,-0.15163880761168297,-0.7551251339597335,0.0,-0.38469859664659345
HNF1B,1,0.0014771048744460858,0.0,0.0014771048744460858,2.9163913282388884e-31,0.0014749262536873156,-0.5593253370049316,-0.15163880761168297,-0.7551251339597335,0.0,-0.38469859664659345
SFTPA1,1,0.0014771048744460858,0.0,0.0014771048744460858,2.9163913282388884e-31,0.0014749262536873156,-0.5593253370049316,-0.15163880761168297,-0.7551251339597335,0.0,-0.38469859664659345
WNT5A,1,0.0014771048744460858,0.0,0.0014771048744460858,2.9163913282388884e-31,0.0014749262536873156,-0.5593253370049316,-0.15163880761168297,-0.7551251339597335,0.0,-0.38469859664659345
DKK1,1,0.0014771048744460858,0.0,0.0014771048744460858,2.9163913282388884e-31,0.0014749262536873156,-0.5593253370049316,-0.15163880761168297,-0.7551251339597335,0.0,-0.38469859664659345
SFTPB,1,0.0014771048744460858,0.0,0.0014771048744460858,2.9163913282388884e-31,0.0014749262536873156,-0.5593253370049316,-0.15163880761168297,-0.7551251339597335,0.0,-0.38469859664659345
FAM13A,1,0.0014771048744460858,0.0,0.0014771048744460858,2.9163913282388884e-31,0.0014749262536873156,-0.5593253370049316,-0.15163880761168297,-0.7551251339597335,0.0,-0.38469859664659345
HMMR,4,0.005908419497784343,0.0001151045221746579,0.31548285103897994,0.003796583266679833,0.0006903353465422043,-0.4282274186518513,-0.14482241621975428,-0.6312491279756614,-0.3764297647815564,-0.38762097913453014
SETD2,3,0.004431314623338257,3.4927679158448387e-06,0.3698322749128645,0.008707905752998242,0.0005302205594182069,-0.4719267247695447,-0.15143196888192875,-0.47100109152552533,-0.4532493800820277,-0.38788244021133345
CDC25B,4,0.005908419497784343,0.0,0.3172093741043674,0.005266243605745623,0.00060107180166043,-0.4282274186518513,-0.15163880761168297,-0.5832966295925883,-0.41925648491992723,-0.38829992133357183
DDB2,3,0.004431314623338257,2.6429461155440343e-05,0.3737343739447705,0.009281187524230522,0.0004683698479085971,-0.4719267247695447,-0.15007367751853254,-0.4522958897334325,-0.48292401507091903,-0.3897367540098441
SOX4,3,0.004431314623338257,9.577589697976576e-05,0.33878365672145505,0.00879538641578061,0.0004906814985751458,-0.4719267247695447,-0.1459670408783438,-0.46814674741000795,-0.47221936716356855,-0.38973933680364187
CYP1B1,2,0.0029542097488921715,0.0014349112426035502,0.2471282333138676,0.00012319114356558198,0.0010295244035251657,-0.5156260308872381,-0.0666645906350199,-0.7511056180514573,-0.2136941840173514,-0.39009521888305004
RAD54L,4,0.005908419497784343,0.0,0.31362067975886787,0.005657910277336643,0.0005519544001185804,-0.4282274186518513,-0.15163880761168297,-0.5705172172774199,-0.44282195291184734,-0.39045713246892216
CASP10,3,0.004431314623338257,0.0,0.36601081627427007,0.0069001446897103864,0.0006040665987909317,-0.4719267247695447,-0.15163880761168297,-0.5299852371543017,-0.41781964596457244,-0.39264503219603625
ROBO1,3,0.004431314623338257,9.605778836548065e-06,0.280877022885365,0.0003238462847495495,0.0010487465817476823,-0.4719267247695447,-0.1510699616016638,-0.7445585846469253,-0.20447179823516085,-0.3927479206461738
NOTCH2,3,0.004431314623338257,1.0003832369452793e-05,0.35362775482516834,0.008588511680241726,0.00046925081811209103,-0.4719267247695447,-0.1510463892117702,-0.47489671552014484,-0.4825013446021935,-0.39441556299675085
MDM4,3,0.004431314623338257,4.025018169326037e-05,0.3691898332077466,0.006947114231998535,0.0005708762861473886,-0.4719267247695447,-0.14925522626462526,-0.5284527014787062,-0.43374364083585704,-0.3949274286984096
HDAC6,3,0.004431314623338257,0.00018103242902811032,0.34260657815678586,0.0056016574468426466,0.0006293800192560735,-0.4719267247695447,-0.14091822194247083,-0.5723526507388831,-0.4056748137663736,-0.39600940205600965
HNF1A,3,0.004431314623338257,0.0,0.33878365672145505,0.008501436451643628,0.00045873739103337725,-0.4719267247695447,-0.15163880761168297,-0.47773783101300094,-0.487545459753475,-0.3961407137255566
RPS6KB1,3,0.004431314623338257,2.4903871057717207e-06,0.3676994474912217,0.007592905301034061,0.0005189664671364056,-0.4719267247695447,-0.1514913290164928,-0.5073816455547137,-0.458648850394376,-0.39625328511328173
ABCG2,2,0.0029542097488921715,0.0014349112426035502,0.31208558098373884,0.0027214128247620376,0.0007713622320967308,-0.5156260308872381,-0.0666645906350199,-0.6663300970316571,-0.3375548158208857,-0.3979122410397969
MGMT,2,0.0029542097488921715,0.0,0.3861846407933243,0.01140358720078985,0.00040064968149339616,-0.5156260308872381,-0.15163880761168297,-0.3830456253334689,-0.5154146877036153,-0.39807087532087093
ACE,3,0.004431314623338257,0.0,0.3310440508565828,0.007837573073118694,0.0004813005546764165,-0.4719267247695447,-0.15163880761168297,-0.49939855542605416,-0.4767201413543846,-0.3983077949283491
CEACAM5,2,0.0029542097488921715,0.0010223186642879356,0.3411400973514063,0.0050887662493737116,0.0006497237891302667,-0.5156260308872381,-0.09109797036737069,-0.5890874115972697,-0.39591431254366916,-0.4002439482305638
RRM1,2,0.0029542097488921715,0.0014349112426035502,0.27096933359531594,0.00030596220910129163,0.000899852972607228,-0.5156260308872381,-0.0666645906350199,-0.7451421113883158,-0.275907734792417,-0.4013452277054349
ZEB2,4,0.005908419497784343,1.1384626769242153e-05,0.29669187619812865,0.0022794307558812385,0.0006647124964051634,-0.4282274186518513,-0.15096461974795655,-0.6807512145375062,-0.38872305465056,-0.4015156053027503
DKC1,2,0.0029542097488921715,0.0014349112426035502,0.30477573706968375,0.0021112578580635734,0.0007691568519092953,-0.5156260308872381,-0.0666645906350199,-0.6862384080041303,-0.338612909583699,-0.4021055219868542
PPP2R2A,3,0.004431314623338257,0.0,0.33346801357205985,0.0071664502904750516,0.0004817920392424801,-0.4719267247695447,-0.15163880761168297,-0.5212961417554367,-0.4764843376789758,-0.4026401514591439
BIRC7,4,0.005908419497784343,0.0,0.30203261106100354,0.0018283754955871275,0.0006835959686452516,-0.4282274186518513,-0.15163880761168297,-0.6954683747309145,-0.3796631726804,-0.4028156079133316
CYP1A1,3,0.004431314623338257,0.0002600101575340445,0.3089102916423345,0.0030249105585334673,0.0007062629776835056,-0.4719267247695447,-0.13624122838417208,-0.6564274860670093,-0.368788031504448,-0.40427776427967516
AREG,3,0.004431314623338257,0.0,0.3418717651205247,0.006609522487273814,0.0004929056194903974,-0.4719267247695447,-0.15163880761168297,-0.5394677415956228,-0.47115228200447545,-0.40520806029228107
MKI67,3,0.004431314623338257,3.998080921157844e-07,0.33035794919677636,0.006937471154396539,0.00046593236813954604,-0.4719267247695447,-0.151615131318293,-0.5287673385760178,-0.4840934651980718,-0.4056502972537318
EPHB2,3,0.004431314623338257,0.00014628859352711686,0.31642225406936897,0.004585846446165625,0.0006026108412861561,-0.4719267247695447,-0.14297572217579962,-0.6054968229483858,-0.41851808696116216,-0.40572126619520016
ERG,2,0.0029542097488921715,0.0014349112426035502,0.2919371986949535,0.0008324836907683819,0.0008005705776989057,-0.5156260308872381,-0.0666645906350199,-0.7279626177140538,-0.3235412826986473,-0.4074360385518285
SPOP,3,0.004431314623338257,1.3171669235403099e-05,0.3273053603438288,0.0062766307861147255,0.0004783303358158452,-0.4719267247695447,-0.1508587926209835,-0.5503294273452135,-0.4781451881868835,-0.40858397493100596
FH,3,0.004431314623338257,0.0005005831460560615,0.3041941039836729,0.0026167470848306854,0.0006516374960894095,-0.4719267247695447,-0.12199470168729946,-0.6697451607653709,-0.3949961572936776,-0.4086212927029752
EPHX1,2,0.0029542097488921715,0.0,0.24041886951349115,7.326403120449574e-05,0.0010384133345538332,-0.5156260308872381,-0.15163880761168297,-0.7527346541702984,-0.20942946697078754,-0.4108116369416712
BAP1,3,0.004431314623338257,3.2729830676991477e-06,0.31736726826768463,0.00686214913935867,0.00041589636623075044,-0.4719267247695447,-0.15144498435272585,-0.5312249668512756,-0.5080996577980759,-0.4109005246873924
CTC1,2,0.0029542097488921715,0.0014349112426035502,0.27842394844968493,0.0011141790126802762,0.0007434144095814788,-0.5156260308872381,-0.0666645906350199,-0.7187713820867211,-0.3509635772018371,-0.41108225032699997
GADD45A,2,0.0029542097488921715,0.0003458064002134858,0.3658008272804237,0.006339993115970866,0.0005553820542708684,-0.5156260308872381,-0.13116044824616355,-0.5482620231027437,-0.44117743851007685,-0.41114711519463837
CCL15,2,0.0029542097488921715,0.0,0.17904825665537166,2.544980674023652e-07,0.0010393803967739797,-0.5156260308872381,-0.15163880761168297,-0.7551168301239143,-0.20896549141264162,-0.4111952770207652
CCL16,2,0.0029542097488921715,0.0,0.17904825665537166,2.544980674023652e-07,0.0010393803967739797,-0.5156260308872381,-0.15163880761168297,-0.7551168301239143,-0.20896549141264162,-0.4111952770207652
SDHD,2,0.0029542097488921715,0.0,0.19678729689807978,3.483541430765247e-06,0.0010384422042387803,-0.5156260308872381,-0.15163880761168297,-0.7550114719724117,-0.20941561591973024,-0.4112642302918824
SDHC,2,0.0029542097488921715,0.0,0.19678729689807978,3.483541430765247e-06,0.0010384422042387803,-0.5156260308872381,-0.15163880761168297,-0.7550114719724117,-0.20941561591973024,-0.4112642302918824
METTL3,3,0.004431314623338257,0.0,0.32104272001499423,0.005992971440160181,0.00045772379535900337,-0.4719267247695447,-0.15163880761168297,-0.559584745711412,-0.48803176105752205,-0.4126073569260482
HLA-DRB1,3,0.004431314623338257,9.252813551456085e-06,0.3194342895539973,0.0036475442177034056,0.0006134989680093464,-0.4719267247695447,-0.15109086390407117,-0.6361120167432796,-0.4132941990165059,-0.4128283127973155
PKM,2,0.0029542097488921715,0.0,0.3770495812831333,0.009039104906345057,0.000400316773013785,-0.5156260308872381,-0.15163880761168297,-0.46019463071061767,-0.5155744099990595,-0.4135326208553895
TNFSF10,3,0.004431314623338257,0.0,0.32348596750369274,0.004922944593134597,0.0005015130916637427,-0.4719267247695447,-0.15163880761168297,-0.5944978880803864,-0.4670226028352815,-0.41538815375539495
FBN1,2,0.0029542097488921715,0.0,0.21359827200997603,2.7141725576176564e-05,0.000991264772425003,-0.5156260308872381,-0.15163880761168297,-0.7542395459655492,-0.23205032835257972,-0.4156367875770799
ELN,2,0.0029542097488921715,0.0,0.21359827200997603,2.7141725576176564e-05,0.000991264772425003,-0.5156260308872381,-0.15163880761168297,-0.7542395459655492,-0.23205032835257972,-0.4156367875770799
PDCD1LG2,3,0.004431314623338257,0.0,0.309209913651687,0.005697651902349658,0.00044450701924570965,-0.4719267247695447,-0.15163880761168297,-0.5692205161564052,-0.49437288466498375,-0.41580273573653914
DICER1,2,0.0029542097488921715,0.0,0.36748751697393567,0.008916003939345487,0.00038230307435829954,-0.5156260308872381,-0.15163880761168297,-0.4642112043120758,-0.5242169933963152,-0.4160644522551323
LZTR1,3,0.004431314623338257,0.0,0.30289351161509664,0.005936493996438439,0.00041876210905584084,-0.4719267247695447,-0.15163880761168297,-0.5614275079175883,-0.5067247363100121,-0.4167145044177815
LAMA5,2,0.0029542097488921715,0.0,0.18763709298110018,2.068640467378796e-06,0.0009765736634067435,-0.5156260308872381,-0.15163880761168297,-0.7550576377662047,-0.23909880503228817,-0.41721010127315267
LAMC2,2,0.0029542097488921715,0.0,0.18763709298110018,2.068640467378796e-06,0.0009765736634067435,-0.5156260308872381,-0.15163880761168297,-0.7550576377662047,-0.23909880503228817,-0.41721010127315267
BIRC3,3,0.004431314623338257,2.0200983829746366e-05,0.32463892156302365,0.0036201452132847275,0.0005664914614772051,-0.4719267247695447,-0.15044252262058042,-0.6370059993052092,-0.435847384970761,-0.4173556611796798
CD82,2,0.0029542097488921715,0.0,0.34994008888571815,0.008693609063526488,0.00038374977751538694,-0.5156260308872381,-0.15163880761168297,-0.47146756800349393,-0.5235228964801112,-0.4173769056101751
GATA2,3,0.004431314623338257,9.608350989359584e-06,0.3165793654169704,0.0048676338627431075,0.00047685230591370013,-0.4719267247695447,-0.15106980928097344,-0.5963025824299327,-0.4788543149984968,-0.41797318547526996
PLA2G12A,2,0.0029542097488921715,0.0,0.004103069095683571,1.3675534525772767e-23,0.0009579417935899085,-0.5156260308872381,-0.15163880761168297,-0.7551251339597335,-0.24803797359608418,-0.4190114342246176
CYP1A2,2,0.0029542097488921715,0.0,0.004103069095683571,1.3675534525772764e-23,0.0009579417935899085,-0.5156260308872381,-0.15163880761168297,-0.7551251339597335,-0.24803797359608418,-0.4190114342246176
RNASEL,2,0.0029542097488921715,0.0,0.2128850891318125,1.391282949653786e-05,0.0009535846806292386,-0.5156260308872381,-0.15163880761168297,-0.7546711821749552,-0.2501284222515238,-0.41933873359874985
ELAC2,2,0.0029542097488921715,0.0,0.2128850891318125,1.391282949653786e-05,0.0009535846806292386,-0.5156260308872381,-0.15163880761168297,-0.7546711821749552,-0.2501284222515238,-0.41933873359874985
PPM1D,2,0.0029542097488921715,0.0,0.3702618129789654,0.008373864863657552,0.000381152067368315,-0.5156260308872381,-0.15163880761168297,-0.48190027331617763,-0.5247692216805792,-0.4197127117128054
BUB1,3,0.004431314623338257,0.0,0.3123913973296318,0.004148431852524113,0.0005056405649171994,-0.4719267247695447,-0.15163880761168297,-0.6197689115642221,-0.46504233034959297,-0.4200463039550244
SLC19A1,3,0.004431314623338257,0.0,0.26710969499362314,0.00038813379348800054,0.0007597915822023746,-0.4719267247695447,-0.15163880761168297,-0.7424609934029567,-0.3431061636359537,-0.4201974869800435
MTHFR,3,0.004431314623338257,0.0,0.26710969499362314,0.00038813379348800054,0.0007597915822023746,-0.4719267247695447,-0.15163880761168297,-0.7424609934029567,-0.3431061636359537,-0.4201974869800435
RIPK1,3,0.004431314623338257,0.0,0.31911453551039964,0.0040639592391991585,0.0005083678969463256,-0.4719267247695447,-0.15163880761168297,-0.6225251081806823,-0.4637338153708242,-0.4203358402825627
TET2,2,0.0029542097488921715,0.0,0.3655910790996436,0.006595447782632559,0.0004942148460747313,-0.5156260308872381,-0.15163880761168297,-0.5399269750889761,-0.4705241433774554,-0.4204690364067404
SKP2,2,0.0029542097488921715,0.0,0.3668531886937736,0.007765845958957904,0.00040852040533806606,-0.5156260308872381,-0.15163880761168297,-0.501738888246088,-0.5116384844637762,-0.42105428725542693
POLK,2,0.0029542097488921715,0.0,0.36664223228854426,0.006625015853026363,0.0004818873156927732,-0.5156260308872381,-0.15163880761168297,-0.5389622196212939,-0.4764386260967405,-0.42145898185706093
SOD2,3,0.004431314623338257,6.172328657535759e-06,0.3066815016593451,0.003896756621242084,0.0004938834188458339,-0.4719267247695447,-0.15127328758575784,-0.6279806430781736,-0.4706831550008121,-0.42272543518157724
WWOX,2,0.0029542097488921715,0.0,0.36748751697393567,0.007151240536975437,0.0004187873339340758,-0.5156260308872381,-0.15163880761168297,-0.521792409947964,-0.5067126339584628,-0.42407982149473944
YY1,2,0.0029542097488921715,0.0,0.3668531886937736,0.007043353209755666,0.00042018535264534023,-0.5156260308872381,-0.15163880761168297,-0.5253125885542321,-0.5060418947874515,-0.42464970938179075
HMGA2,2,0.0029542097488921715,0.0,0.3658008272804237,0.006659746716745885,0.00043926348758761987,-0.5156260308872381,-0.15163880761168297,-0.5378290110546043,-0.4968886178588102,-0.425322338496137
BAK1,2,0.0029542097488921715,0.0,0.3655910790996436,0.006795937797645228,0.00042784689461276804,-0.5156260308872381,-0.15163880761168297,-0.5333853294684454,-0.5023660524925708,-0.4255290891056573
PHB,2,0.0029542097488921715,0.0,0.3655910790996436,0.006662980567345569,0.0004350143873132678,-0.5156260308872381,-0.15163880761168297,-0.5377234960512186,-0.4989272443611586,-0.4257089607959295
TSHR,2,0.0029542097488921715,0.0,0.2677827979629477,0.00015692818132394422,0.0008744982993579018,-0.5156260308872381,-0.15163880761168297,-0.7500048363228126,-0.2880723591851285,-0.4259942518150423
SLC26A4,2,0.0029542097488921715,0.0,0.2677827979629477,0.00015692818132394422,0.0008744982993579018,-0.5156260308872381,-0.15163880761168297,-0.7500048363228126,-0.2880723591851285,-0.4259942518150423
MAGEA3,2,0.0029542097488921715,0.0,0.3658008272804237,0.006752143749239812,0.0004206545836456997,-0.5156260308872381,-0.15163880761168297,-0.5348142542203266,-0.5058167678920402,-0.4265050171359274
HIPK3,2,0.0029542097488921715,0.0,0.3670643879964182,0.006739811004462301,0.0004171514856599179,-0.5156260308872381,-0.15163880761168297,-0.535216650548432,-0.5074974786150244,-0.42692163854614534
AHR,3,0.004431314623338257,7.3758352958250046e-06,0.3078661718733841,0.00327119084484144,0.0004886388449409005,-0.4719267247695447,-0.15120201695160396,-0.6483917823625241,-0.4731993882421546,-0.4272930920281774
MSLN,2,0.0029542097488921715,0.0,0.20987190320927535,7.935102452518579e-06,0.0008675484579790679,-0.5156260308872381,-0.15163880761168297,-0.7548662251646809,-0.29140674291514507,-0.42763340632941926
BMP6,2,0.0029542097488921715,0.0002137403327006913,0.3218530247096307,0.003957141714474206,0.0005482113366424382,-0.5156260308872381,-0.13898128785135394,-0.6260103809648095,-0.44461779389222983,-0.42934006774477973
FLCN,3,0.004431314623338257,0.0,0.2997606215090637,0.0033552027048916544,0.0004417197354037214,-0.4719267247695447,-0.15163880761168297,-0.6456506193358499,-0.49571016322819944,-0.43135621208507124
KRT20,2,0.0029542097488921715,1.4792899408284024e-05,0.2564725832460895,0.0001855401230518355,0.0008102276632143273,-0.5156260308872381,-0.15076278475625346,-0.7490712776950309,-0.31890802172666766,-0.4317556668839364
NCAPG,3,0.004431314623338257,0.0,0.2891568444216683,0.0011397836332141973,0.0005875345038266643,-0.4719267247695447,-0.15163880761168297,-0.7179359471960085,-0.42575138792343575,-0.43182152259615025
GPC3,3,0.004431314623338257,0.0,0.30188960319591784,0.002503448649842274,0.0004836318578601876,-0.4719267247695447,-0.15163880761168297,-0.6734418945453953,-0.4756016324587173,-0.4328927609730839
MUC6,2,0.0029542097488921715,0.0,0.22426691591620768,2.7726453439243735e-05,0.0008108150225438498,-0.5156260308872381,-0.15163880761168297,-0.7542204672973951,-0.31862621941129426,-0.43294815005519194
RUNX1T1,3,0.004431314623338257,0.0,0.28668652965367736,0.0016117430422703809,0.0004970618982649634,-0.4719267247695447,-0.15163880761168297,-0.7025367204508486,-0.4691581892521527,-0.43742303751286166
SRGAP1,2,0.0029542097488921715,0.0,0.2795225085268647,0.00031364823977467747,0.0007256630412831599,-0.5156260308872381,-0.15163880761168297,-0.7448913293785949,-0.3594803001618332,-0.4392531386215397
ITGA3,2,0.0029542097488921715,0.0,0.31532682589009814,0.005335609250184351,0.0003672750854499858,-0.5156260308872381,-0.15163880761168297,-0.5810333474828573,-0.531427097768389,-0.4408709017637033
CADM1,2,0.0029542097488921715,0.0,0.3220155767423124,0.00491287199554614,0.0003859190238312502,-0.5156260308872381,-0.15163880761168297,-0.5948265396788099,-0.5224821389681424,-0.44184054844284454
ARHGDIG,2,0.0029542097488921715,4.578754578754579e-06,0.2812487172253103,0.00043152668253332803,0.0006848546798009188,-0.5156260308872381,-0.1513676576802405,-0.7410451577935494,-0.37905927026457953,-0.44233191084221923
ANGPT4,2,0.0029542097488921715,0.0,0.25251122453456576,0.0002475930546322439,0.0006970387937487876,-0.5156260308872381,-0.15163880761168297,-0.7470465968744503,-0.37321359565160617,-0.4424308512186654
PTCH1,2,0.0029542097488921715,0.0,0.31991512390856924,0.004695620009010551,0.000384989047111925,-0.5156260308872381,-0.15163880761168297,-0.601915099706013,-0.5229283217042917,-0.443347496995515
CTSD,2,0.0029542097488921715,0.0,0.26834631395192693,0.0001894188096955343,0.0006814758219614397,-0.5156260308872381,-0.15163880761168297,-0.748944722796551,-0.3806803732497945,-0.4443038319227232
IGF2R,2,0.0029542097488921715,0.0001429525915775355,0.2910044919898578,0.0008877117390220967,0.0006104754266730987,-0.5156260308872381,-0.14317327735906232,-0.7261606211409749,-0.4147448288207084,-0.44444352014263555
HLA-B,2,0.0029542097488921715,0.0,0.31815910276935055,0.003093912489024587,0.0004793741887984235,-0.5156260308872381,-0.15163880761168297,-0.6541760713201109,-0.47764437008012234,-0.4447429009935008
ADAR,2,0.0029542097488921715,8.564645703524925e-06,0.3116279774925603,0.0028265007450983446,0.0004938130330269364,-0.5156260308872381,-0.15113161661566074,-0.6629012582747982,-0.47071692459590975,-0.4449756515385901
TIMP3,2,0.0029542097488921715,1.4942322634630326e-05,0.24731995420860298,0.00021257190523464966,0.0006530651746606195,-0.5156260308872381,-0.15075393604054202,-0.7481892769653677,-0.39431118796271786,-0.44665768780628595
NCAPG2,2,0.0029542097488921715,0.0,0.2663286724936418,0.0003274184473021043,0.0006077884042921711,-0.5156260308872381,-0.15163880761168297,-0.744442031104265,-0.4160340041012324,-0.45047401975455353
DDIT3,2,0.0029542097488921715,7.396449704142012e-06,0.28811154177576975,0.0008746639260153866,0.0005602349049259509,-0.5156260308872381,-0.1512007961839682,-0.7265863489200239,-0.43884914562014304,-0.45135640876455885
BMPR2,2,0.0029542097488921715,0.0,0.2640127709936971,0.0004251329017525414,0.000589962592010469,-0.5156260308872381,-0.15163880761168297,-0.7412537759037361,-0.42458644367596254,-0.4515468566293938
CD24,2,0.0029542097488921715,0.0,0.3041941039836729,0.0036345847723572217,0.0003714101788008659,-0.5156260308872381,-0.15163880761168297,-0.6365348612369967,-0.5294431693246023,-0.45157441882577387
GSTM1,2,0.0029542097488921715,0.0,0.25782080143541386,0.00026609240102449904,0.0005875942057004525,-0.5156260308872381,-0.15163880761168297,-0.7464429949030408,-0.4257227442543562,-0.4528119605449335
SOD1,2,0.0029542097488921715,0.0,0.3086112497336779,0.0025814378015567895,0.00042900487010263466,-0.5156260308872381,-0.15163880761168297,-0.6708972421709122,-0.5018104808726301,-0.4529203573221625
BAD,2,0.0029542097488921715,0.0,0.26834631395192693,0.0003467945529056702,0.0005795241829325329,-0.5156260308872381,-0.15163880761168297,-0.7438098219822471,-0.4295945668113667,-0.4530596904721768
GDF15,1,0.0014771048744460858,0.0,0.3653815713179246,0.006319226135464916,0.00031729261201108824,-0.5593253370049316,-0.15163880761168297,-0.5489396140893563,-0.5554076085651127,-0.45454301438554057
KMT2A,1,0.0014771048744460858,0.0,0.3653815713179246,0.006319226135464916,0.00031729261201108824,-0.5593253370049316,-0.15163880761168297,-0.5489396140893563,-0.5554076085651127,-0.45454301438554057
S100A4,1,0.0014771048744460858,0.0,0.3653815713179246,0.006319226135464916,0.00031729261201108824,-0.5593253370049316,-0.15163880761168297,-0.5489396140893563,-0.5554076085651127,-0.45454301438554057
DROSHA,1,0.0014771048744460858,0.0,0.3653815713179246,0.006319226135464916,0.00031729261201108824,-0.5593253370049316,-0.15163880761168297,-0.5489396140893563,-0.5554076085651127,-0.45454301438554057
KMT2C,1,0.0014771048744460858,0.0,0.3653815713179246,0.006319226135464916,0.00031729261201108824,-0.5593253370049316,-0.15163880761168297,-0.5489396140893563,-0.5554076085651127,-0.45454301438554057
KRT7,1,0.0014771048744460858,0.0,0.3653815713179246,0.006319226135464916,0.00031729261201108824,-0.5593253370049316,-0.15163880761168297,-0.5489396140893563,-0.5554076085651127,-0.45454301438554057
DAPK1,1,0.0014771048744460858,0.0,0.3653815713179246,0.006319226135464916,0.00031729261201108824,-0.5593253370049316,-0.15163880761168297,-0.5489396140893563,-0.5554076085651127,-0.45454301438554057
POU5F1,1,0.0014771048744460858,0.0,0.3653815713179246,0.006319226135464916,0.00031729261201108824,-0.5593253370049316,-0.15163880761168297,-0.5489396140893563,-0.5554076085651127,-0.45454301438554057
EWSR1,1,0.0014771048744460858,0.0,0.3653815713179246,0.006319226135464916,0.00031729261201108824,-0.5593253370049316,-0.15163880761168297,-0.5489396140893563,-0.5554076085651127,-0.45454301438554057
WRAP53,1,0.0014771048744460858,0.0,0.3653815713179246,0.006319226135464916,0.00031729261201108824,-0.5593253370049316,-0.15163880761168297,-0.5489396140893563,-0.5554076085651127,-0.45454301438554057
ING1,1,0.0014771048744460858,0.0,0.3653815713179246,0.006319226135464916,0.00031729261201108824,-0.5593253370049316,-0.15163880761168297,-0.5489396140893563,-0.5554076085651127,-0.45454301438554057
TRIM24,1,0.0014771048744460858,0.0,0.3653815713179246,0.006319226135464916,0.00031729261201108824,-0.5593253370049316,-0.15163880761168297,-0.5489396140893563,-0.5554076085651127,-0.45454301438554057
E2F3,1,0.0014771048744460858,0.0,0.3653815713179246,0.006319226135464916,0.00031729261201108824,-0.5593253370049316,-0.15163880761168297,-0.5489396140893563,-0.5554076085651127,-0.45454301438554057
KRT19,1,0.0014771048744460858,0.0,0.20925199932713437,3.568698530178734e-06,0.0007390904048277207,-0.5593253370049316,-0.15163880761168297,-0.7550086934421872,-0.35303814125496147,-0.45528293679407655
GRP,1,0.0014771048744460858,0.0,0.20925199932713437,3.568698530178734e-06,0.0007390904048277207,-0.5593253370049316,-0.15163880761168297,-0.7550086934421872,-0.35303814125496147,-0.45528293679407655
ELANE,2,0.0029542097488921715,0.0,0.30174673069085584,0.0021868728484710164,0.00042965133605163956,-0.5156260308872381,-0.15163880761168297,-0.6837712204446199,-0.5015003204783316,-0.4554331208980444
BTK,2,0.0029542097488921715,4.0861275476660086e-05,0.287332511018377,0.0005466481949224518,0.0005340324428533262,-0.5156260308872381,-0.14921903781324097,-0.7372889401220528,-0.4514205207723043,-0.45551576244271497
PRKAR1A,2,0.0029542097488921715,0.0,0.2949078824929595,0.001992310471409751,0.0004190298964963788,-0.5156260308872381,-0.15163880761168297,-0.6901194573966817,-0.5065962576820606,-0.45772195572920255
SDHA,2,0.0029542097488921715,0.0,0.23728725044651228,0.00018468192121401706,0.0005370363114986469,-0.5156260308872381,-0.15163880761168297,-0.7490992793503429,-0.4499793295001454,-0.45819453448355174
EPHA5,2,0.0029542097488921715,0.0,0.28274538445666453,0.0006762485265874602,0.0004927749042034288,-0.5156260308872381,-0.15163880761168297,-0.7330603033891855,-0.47121499637482933,-0.45923387266625704
SPDYE2B,2,0.0029542097488921715,3.698224852071006e-07,0.28746205678529235,0.0008347281156475708,0.00047491310364553767,-0.5156260308872381,-0.1516169070402972,-0.7278893859764003,-0.479784702346885,-0.4599081552352646
ABCC2,1,0.0014771048744460858,0.0,0.19280037555179272,1.7403867400040718e-06,0.0006762140382620669,-0.5593253370049316,-0.15163880761168297,-0.7550683481228175,-0.3832048633786611,-0.4613282121549425
GSTM3,1,0.0014771048744460858,0.0,0.1970305444838623,2.9249264321081097e-06,0.0006576132349033296,-0.5593253370049316,-0.15163880761168297,-0.7550296986225483,-0.39212912692710733,-0.4631053349645779
SMO,2,0.0029542097488921715,0.0,0.27364413817587063,0.0007712838807538563,0.00044011498810353055,-0.5156260308872381,-0.15163880761168297,-0.7299594626398898,-0.49648008630944274,-0.4636667225033205
PTPRG,1,0.0014771048744460858,0.0,0.34041155469822665,0.005084361065324935,0.00030459600753540527,-0.5593253370049316,-0.15163880761168297,-0.589231145203846,-0.561499165060072,-0.46381963190743036
OGG1,2,0.0029542097488921715,0.0,0.28604344636598406,0.001195796351947444,0.0003982615722471209,-0.5156260308872381,-0.15163880761168297,-0.7161083481698316,-0.5165604509206771,-0.4649125725315558
ABCB1,1,0.0014771048744460858,0.0,0.33087225840673506,0.004997285836726837,0.00029408258045669143,-0.5593253370049316,-0.15163880761168297,-0.5920722606967022,-0.5665432802113536,-0.46539667803625795
MT-CYB,1,0.0014771048744460858,0.0,0.3300159637421214,0.004818888058783747,0.0002978328616690649,-0.5593253370049316,-0.15163880761168297,-0.5978930744799724,-0.5647439763170792,-0.4662009800140571
NME1,1,0.0014771048744460858,0.0,0.21189459685934808,7.264695633444228e-06,0.0006040315350278449,-0.5593253370049316,-0.15163880761168297,-0.7548880993903461,-0.4178364688004872,-0.4682184834928135
NTHL1,2,0.0029542097488921715,0.0,0.27352674472319966,0.0006015424588271712,0.00040076984637763707,-0.5156260308872381,-0.15163880761168297,-0.7354978343602928,-0.5153570351885302,-0.46854978662321867
ALDH2,1,0.0014771048744460858,0.0,0.24023769478137846,7.152364446449166e-05,0.0005834382343448636,-0.5593253370049316,-0.15163880761168297,-0.7527914400072143,-0.4277166895136961,-0.46977519575882887
GATA6,1,0.0014771048744460858,0.0,0.18227296796734663,6.586547874032151e-07,0.0005874280322561054,-0.5593253370049316,-0.15163880761168297,-0.755103643182723,-0.42580247068248434,-0.46985479262768826
SPARC,1,0.0014771048744460858,0.0,0.2135267387641589,2.649733919737282e-05,0.0005689136568754997,-0.5593253370049316,-0.15163880761168297,-0.754260571188838,-0.4346852679544515,-0.4714627376833047
AIP,1,0.0014771048744460858,0.0,0.3150152381174795,0.004002423567251861,0.0002923828665228566,-0.5593253370049316,-0.15163880761168297,-0.6245329117058356,-0.5673587662314981,-0.4720519054421135
TMPRSS2,1,0.0014771048744460858,0.0,0.22450381758795016,1.9765620714171703e-05,0.0005614583895485225,-0.5593253370049316,-0.15163880761168297,-0.7544802156271483,-0.43826214413377057,-0.47222204180683053
ABCC1,1,0.0014771048744460858,0.0,0.23623224970351184,6.461319129640213e-05,0.0005491084053643146,-0.5593253370049316,-0.15163880761168297,-0.7530169162520042,-0.4441873997022212,-0.47311443304549183
TINF2,1,0.0014771048744460858,0.0,0.2320199570414041,5.0127929128677855e-05,0.0005481313402255956,-0.5593253370049316,-0.15163880761168297,-0.753489545533895,-0.44465617444456756,-0.4733027138503393
SUFU,1,0.0014771048744460858,0.0,0.3186361029234275,0.003609247998201553,0.000300392708033079,-0.5593253370049316,-0.15163880761168297,-0.6373615567593813,-0.5635158173416087,-0.4738490446748448
MUC16,1,0.0014771048744460858,0.0,0.3186361029234275,0.003609247998201553,0.000300392708033079,-0.5593253370049316,-0.15163880761168297,-0.6373615567593813,-0.5635158173416087,-0.4738490446748448
DSP,1,0.0014771048744460858,0.0,0.3186361029234275,0.003609247998201553,0.000300392708033079,-0.5593253370049316,-0.15163880761168297,-0.6373615567593813,-0.5635158173416087,-0.4738490446748448
PARN,1,0.0014771048744460858,0.0,0.21642594770868243,2.6460325679235242e-05,0.0005370562996694004,-0.5593253370049316,-0.15163880761168297,-0.7542617788765067,-0.44996973960769754,-0.47451987355148767
TFF1,1,0.0014771048744460858,0.0,0.23649511941757362,6.471783846437375e-05,0.0005341058051812249,-0.5593253370049316,-0.15163880761168297,-0.7530135017942416,-0.4513853231125007,-0.4745533348359952
FSCN1,1,0.0014771048744460858,0.0,0.21895289902121515,1.0440177758716656e-05,0.0005328583090735609,-0.5593253370049316,-0.15163880761168297,-0.7547844888502572,-0.45198384479061005,-0.4750272365828202
RECQL,1,0.0014771048744460858,0.0,0.3116279774925603,0.003226125656157508,0.0002917155959834423,-0.5593253370049316,-0.15163880761168297,-0.6498621822434061,-0.5676789082187552,-0.47718178794707905
ALDH1A1,1,0.0014771048744460858,0.0,0.31178036281162763,0.0027198787708801408,0.0003042630990557941,-0.5593253370049316,-0.15163880761168297,-0.6663801505809949,-0.5616588873555163,-0.479281377441949
ARAF,1,0.0014771048744460858,0.0,0.2556498965315872,0.000125567652222955,0.00047796343819764384,-0.5593253370049316,-0.15163880761168297,-0.7510280766464666,-0.47832121773662806,-0.4795434287312657
KCNE1B,1,0.0014771048744460858,0.0,0.2556498965315872,0.000125567652222955,0.00047796343819764384,-0.5593253370049316,-0.15163880761168297,-0.7510280766464666,-0.47832121773662806,-0.4795434287312657
KDM4B,1,0.0014771048744460858,0.0,0.2659953449936498,0.00016043685820437778,0.0004531593889176805,-0.5593253370049316,-0.15163880761168297,-0.7498903542088413,-0.4902216646460387,-0.4816959736256228
SERPINA1,1,0.0014771048744460858,0.0,0.2947715404298559,0.002224430536536148,0.00030440237917767955,-0.5593253370049316,-0.15163880761168297,-0.6825457774437153,-0.5615920637624277,-0.48250113809587536
CEACAM6,1,0.0014771048744460858,0.0,0.2947715404298559,0.002224430536536148,0.00030440237917767955,-0.5593253370049316,-0.15163880761168297,-0.6825457774437153,-0.5615920637624277,-0.48250113809587536
GJA1,1,0.0014771048744460858,0.0,0.2947715404298559,0.002224430536536148,0.00030440237917767955,-0.5593253370049316,-0.15163880761168297,-0.6825457774437153,-0.5615920637624277,-0.48250113809587536
ETV6,1,0.0014771048744460858,0.0,0.2769725638356987,0.00027122254224236456,0.0004328614468911741,-0.5593253370049316,-0.15163880761168297,-0.7462756071863585,-0.4999601786576143,-0.48292072702344135
CFTR,1,0.0014771048744460858,0.0,0.30448464276493714,0.002110067671774594,0.0003028660444275472,-0.5593253370049316,-0.15163880761168297,-0.6862772417431792,-0.5623291639803264,-0.48339485099934787
UFC1,1,0.0014771048744460858,0.0,0.27589391689735115,0.00022694528095055852,0.0004207807780747269,-0.5593253370049316,-0.15163880761168297,-0.7477202983466656,-0.5057562225316455,-0.484368874030309
ADAM12,1,0.0014771048744460858,0.0,0.30046693777086636,0.002118786325727459,0.0002918732997753541,-0.5593253370049316,-0.15163880761168297,-0.6859927670054019,-0.5676032453468639,-0.4843927723250999
COL3A1,1,0.0014771048744460858,0.0,0.3011765904344726,0.0018999186765063438,0.0003035016541009832,-0.5593253370049316,-0.15163880761168297,-0.6931340433373563,-0.5620242121924768,-0.4847052209606134
GREM1,1,0.0014771048744460858,0.0,0.2962782722814956,0.0016988194575935302,0.00029549405136076643,-0.5593253370049316,-0.15163880761168297,-0.6996955662371876,-0.5658660869688901,-0.4867859004958623
ACTA2,1,0.0014771048744460858,0.0,0.29382066449298544,0.001645930539230123,0.0002987300555720894,-0.5593253370049316,-0.15163880761168297,-0.7014212410103913,-0.5643135220678606,-0.4868205224702971
AGER,1,0.0014771048744460858,0.0,0.2776963597342241,0.00031505032946411955,0.000385333837111239,-0.5593253370049316,-0.15163880761168297,-0.7448455815947168,-0.5227628989124153,-0.48719526595607315
LIG4,1,0.0014771048744460858,0.0,0.2707392110190142,0.0003057897175614458,0.0003858336417347823,-0.5593253370049316,-0.15163880761168297,-0.7451477394916711,-0.5225231034531973,-0.4872077384436205
DNMT3B,1,0.0014771048744460858,0.0,0.23475362369284922,7.078854688356189e-05,0.0004016590959773428,-0.5593253370049316,-0.15163880761168297,-0.7528154249815815,-0.5149303924443932,-0.48722273333984173
GNA11,1,0.0014771048744460858,0.0,0.24731995420860298,0.00014973522795574365,0.00038327820844945716,-0.5593253370049316,-0.15163880761168297,-0.750239530065026,-0.5237491451288651,-0.488471304893425
DDR2,1,0.0014771048744460858,0.0,0.27601335149341055,0.001344829420536482,0.00029774291910774996,-0.5593253370049316,-0.15163880761168297,-0.7112456545320056,-0.5647871288146309,-0.48888012652397406
RARB,1,0.0014771048744460858,0.0,0.25281159474614534,0.00021705574581889296,0.0003714347847493866,-0.5593253370049316,-0.15163880761168297,-0.7480429769308288,-0.5294313639221571,-0.4891684380252439
CP,1,0.0014771048744460858,0.0,0.2904741876764367,0.0008832142336007545,0.0003207517870080426,-0.5593253370049316,-0.15163880761168297,-0.7263073670357317,-0.5537479711431347,-0.48968463749042007
NKX2-1,1,0.0014771048744460858,0.0,0.28850264341618936,0.0010863720108089982,0.00030583527713194333,-0.5593253370049316,-0.15163880761168297,-0.719678676906365,-0.5609045902842528,-0.4897902232927703
DLC1,1,0.0014771048744460858,0.0,0.27317516793049634,0.0011155545587097121,0.00030162513953954704,-0.5593253370049316,-0.15163880761168297,-0.7187265003769824,-0.562924523333656,-0.49000377459677447
CALCA,1,0.0014771048744460858,0.0,0.2622751303783539,0.0002453178313264615,0.0003596692172950973,-0.5593253370049316,-0.15163880761168297,-0.7471208335119859,-0.5350762289709442,-0.4901129823512328
JAG1,1,0.0014771048744460858,0.0,0.2622751303783539,0.0002453178313264615,0.0003596692172950973,-0.5593253370049316,-0.15163880761168297,-0.7471208335119859,-0.5350762289709442,-0.4901129823512328
MVP,1,0.0014771048744460858,0.0,0.28668652965367736,0.0010354804484532592,0.0003026342591834581,-0.5593253370049316,-0.15163880761168297,-0.7213391813758038,-0.5624403695323125,-0.49042948003627
U2AF1,1,0.0014771048744460858,0.0,0.2837520435913567,0.0005673599204770633,0.00033314361330487454,-0.5593253370049316,-0.15163880761168297,-0.736613152009815,-0.5478026406331196,-0.49055672838323366
PAX5,1,0.0014771048744460858,0.0,0.27709293435453214,0.0004205568413396889,0.0003406550073649725,-0.5593253370049316,-0.15163880761168297,-0.7414030849132504,-0.544198836059966,-0.49079395404929005
NAT2,1,0.0014771048744460858,0.0,0.24964402582215287,0.00028695417196467234,0.00034738862000375365,-0.5593253370049316,-0.15163880761168297,-0.745762311066997,-0.5409681942074244,-0.491019670909531
LMNA,1,0.0014771048744460858,0.0,0.2781809956150866,0.0007678431718970576,0.00031209379986604194,-0.5593253370049316,-0.15163880761168297,-0.730071727073723,-0.5579018863028248,-0.49126829252995635
FOXF1,1,0.0014771048744460858,0.0,0.2486703751754206,0.00023508880194227872,0.00033781524213172937,-0.5593253370049316,-0.15163880761168297,-0.747454589211835,-0.5455612940607529,-0.49227674650916436
FASN,1,0.0014771048744460858,0.0,0.259499732173292,0.0005311007276710669,0.0003164706326098588,-0.5593253370049316,-0.15163880761168297,-0.7377962273355779,-0.5558019765215119,-0.4923932106260647
XRCC5,1,0.0014771048744460858,0.0,0.27458692590429734,0.000937966804178029,0.00028444233500060233,-0.5593253370049316,-0.15163880761168297,-0.7245208844844336,-0.5711684616867245,-0.4928114390888784
ABCA1,1,0.0014771048744460858,0.0,0.2541214993821357,0.00044557396109747455,0.00031701136985473556,-0.5593253370049316,-0.15163880761168297,-0.7405868191660935,-0.5555425424749992,-0.4928994421828653
