Gene,Degree,Degree_Centrality,Betweenness_Centrality,Closeness_Centrality,Eigenvector_Centrality,PageRank,Zscore_Degree,Zscore_Betweenness,Zscore_Eigenvector,Zscore_PageRank,Composite_Score
TP53,249,0.41919191919191917,0.2949869821689315,0.5688889606800054,0.25899751286704603,0.02840691269284699,10.881637980136487,19.829049912586743,7.286727309804647,13.325284404211473,12.888238113997682
EGFR,155,0.2609427609427609,0.11075837220876696,0.5106390862371724,0.19205400678557225,0.016004743022616303,6.513801177597114,7.326399121309772,5.196870018850304,7.141757074378751,6.579155611132244
STAT3,160,0.26936026936026936,0.09144612178094828,0.5101509035543452,0.21832975133573723,0.015619553448584294,6.746132922413038,6.015775743404921,6.017152067665982,6.9497075925924525,6.4584623907474805
TNF,112,0.18855218855218855,0.06594717654648637,0.4684967911482398,0.15879546433859004,0.011343943556960907,4.515748172180166,4.285293122484598,4.158597429202128,4.817955542786431,4.44714573528192
BRCA1,107,0.18013468013468012,0.08159541362815032,0.452602073891302,0.13412851692322716,0.008910434524560086,4.2834164273642426,5.347258708467466,3.3885391678549572,3.604646096991261,4.234647479663595
IL6,113,0.19023569023569023,0.034715717552359936,0.47097779798574146,0.18084223479360093,0.010419168185938969,4.562214521143352,2.165774196569231,4.846858422304671,4.356877043401251,3.9789657246836656
AKT1,105,0.17676767676767677,0.031091408232396416,0.47517172316816125,0.15913482087710926,0.01009297724458123,4.190483729437873,1.9198109132503562,4.16919153724592,4.194243354759584,3.6193090120169455
MYC,99,0.16666666666666666,0.03772461755549865,0.47815219096581096,0.15115150978241948,0.009463228595904311,3.9116856356587637,2.3699728061839367,3.9199667524417183,3.880260553075616,3.5216286351300186
CTNNB1,98,0.16498316498316498,0.03934133696465235,0.4722281815202169,0.1420565857282594,0.009883087575906726,3.865219286695579,2.479691259818793,3.636039386550099,4.089595657057655,3.5178765740197013
IL1B,89,0.14983164983164982,0.012694147943719602,0.45491717401350823,0.15091322362086634,0.00820892851357986,3.4470221460269155,0.6712832228156881,3.9125278819491975,3.25488619962828,2.807761373128838
TLR4,74,0.12457912457912457,0.04736618920025953,0.40890256330869357,0.10139353530068203,0.007771679205179553,2.7500269115791434,3.0242968190481085,2.3666112166975735,3.036880550589819,2.799281977272206
IFNG,77,0.12962962962962962,0.01264690342840971,0.4446815375982043,0.13749614433260568,0.006872295449950786,2.889425958468698,0.6680769798936442,3.4936705107837533,2.58846191269505,2.3947448151332162
IL10,75,0.12626262626262627,0.00704189190215569,0.43846988095139283,0.13425290688436045,0.006638254925015007,2.796493260542328,0.2876935974809501,3.392422401381441,2.4717729767500325,2.223535116186347
CD44,62,0.10437710437710437,0.02814965934876098,0.4446815375982043,0.10789398676993099,0.006460962170440991,2.1924307240209253,1.7201695056770399,2.5695437592651995,2.3833775892944633,2.1879773995385166
NFKB1,70,0.11784511784511784,0.016517473243350303,0.4472907335438769,0.10737572030625948,0.006952130949425065,2.564161515726404,0.9307526998587659,2.553364401308614,2.628266640901197,2.1664709139108953
SRC,63,0.10606060606060605,0.01923580983702312,0.44357260608299676,0.09911735120943926,0.007202692090837015,2.2388970729841104,1.1152322612645074,2.2955527944982856,2.7531924971756703,2.072171099195357
EGF,66,0.1111111111111111,0.015458897399147659,0.43991578327934466,0.10798483412959442,0.006472843753699611,2.3782961198736645,0.8589125870825327,2.5723798523841572,2.389301560402334,2.0394680712837143
ERBB2,64,0.10774410774410774,0.013211233742582904,0.44137125319921017,0.09966687610073913,0.0058197290879680496,2.285363421947295,0.7063751836881836,2.3127079850143932,2.0636688289973173,1.8517463564059413
JUN,60,0.10101010101010101,0.006673539481725943,0.4484183572418866,0.10804766307283359,0.005878021096739965,2.099498026094556,0.26269540810227227,2.574341260335386,2.092732310544194,1.7339128753345787
BRCA2,68,0.11447811447811447,0.011117189006874091,0.4024267308581034,0.08911739686831764,0.004979760603556705,2.4712288178000343,0.5642631084923698,1.9833719914257815,1.64487371349241,1.7316450043367428
CCND1,57,0.09595959595959595,0.013879126979647816,0.43991578327934466,0.0904196851112695,0.005684503314352084,1.9600989792050012,0.7517016718524474,2.0240271160041794,1.9962473786313233,1.678014959611963
FN1,53,0.08922558922558922,0.01992401854454081,0.4111077389197574,0.06918839415473452,0.006349704414907363,1.774233583352262,1.1619374562039377,1.3612239436115274,2.3279062169224676,1.6492921503310751
IGF1,56,0.09427609427609428,0.006269871651603008,0.4320792268160689,0.0947262658820644,0.005361250706245125,1.9136326302418165,0.2353005430116066,2.158470914211818,1.8350786968750197,1.527306478554905
CD4,51,0.08585858585858586,0.014189875447752395,0.4117421644427817,0.09159219826762904,0.004834251300099826,1.6813008854258924,0.7727905764556787,2.0606308930094595,1.572325056394914,1.5082441438938567
STAT1,48,0.0808080808080808,0.011704834129220208,0.44616876682094075,0.1041273761986011,0.004620726992387275,1.5419018385363379,0.6041435687285914,2.451956871074742,1.4658651846602602,1.4742659468168664
IL4,54,0.09090909090909091,0.004533463411071768,0.4275784015367349,0.10098998161995464,0.004824765591655759,1.820699932315447,0.1174594223129702,2.35401298796224,1.567595630901929,1.4509315556614826
IL2,50,0.08417508417508417,0.007433354054424858,0.42723606494623306,0.10723688549933061,0.0044408202523062885,1.6348345364627075,0.3142601258224568,2.5490302253671056,1.3761665050185714,1.435796465294697
TGFB1,49,0.08249158249158249,0.008936301987055978,0.4359622917629453,0.09348883617842146,0.0050172416573627575,1.5883681874995228,0.4162574929155574,2.1198405579670423,1.6635611792119744,1.4166735862895257
ATM,59,0.09932659932659932,0.005889682976372521,0.40091498506224277,0.0860145534967428,0.0043104187127058855,2.053031677131371,0.20949908773149128,1.8865067355952447,1.3111503420880768,1.410467274465517
PTEN,52,0.08754208754208753,0.004314065325162453,0.42384260930726375,0.08744441652227991,0.0045320690150809535,1.727767234389077,0.10256999958437295,1.931144518165939,1.4216617073447357,1.3009222770344053
WRN,57,0.09595959595959595,0.006779720709144149,0.38472807867184217,0.06675493154666343,0.0042306366392137,1.9600989792050012,0.2699013833700987,1.28525556562498,1.2713722512388748,1.264835551937046
FANCD2,59,0.09932659932659932,0.004359694755131797,0.32458506394029507,0.056541961322311415,0.004554125842504415,2.053031677131371,0.10566663494863636,0.9664247852400192,1.4326588956439539,1.2247944819099335
CCL2,46,0.07744107744107744,0.006188319171269047,0.3926547793361627,0.08282442850635953,0.004367342951416566,1.4489691406099685,0.22976599447976634,1.7869167027383739,1.3395318749292469,1.1898704133669549
RAD51,54,0.09090909090909091,0.004898484849570652,0.3878036665100619,0.06916544289768067,0.003954957119079714,1.820699932315447,0.14223155503365859,1.3605074461542213,1.1339227651932642,1.1716889073383179
JAK2,44,0.07407407407407407,0.005984508446135389,0.4235062262840041,0.08239530016806522,0.004256818068169225,1.3560364426835987,0.2159344059745171,1.773520078643902,1.2844259011876547,1.1401855523992002
MDM2,46,0.07744107744107744,0.0028441889694351638,0.4251935020859324,0.0755251244137185,0.004290592697044991,1.4489691406099685,0.002817030781173428,1.5590454009524592,1.3012654015542362,1.0799056174101214
ERCC4,54,0.09090909090909091,0.002179106678968392,0.3222329982595683,0.054754170543660684,0.003993793203207355,1.820699932315447,-0.04231869285570732,0.9106131343098006,1.1532858277841087,1.0394450955152614
IL1A,43,0.0723905723905724,0.0012978374558439627,0.3926547793361627,0.08754694247508983,0.0037958724928559926,1.309570093720414,-0.10212591472101444,1.9343451962082734,1.054605665027168,1.0306082263689795
KRAS,43,0.0723905723905724,0.003417456511943784,0.42587218285542305,0.08234733410530976,0.0036637200578912028,1.309570093720414,0.04172175842097157,1.7720226634077494,0.9887165331222729,1.0209278117133924
FGF2,41,0.06902356902356901,0.0020435252293171777,0.4268942760942761,0.08349747664617663,0.0037978109489463065,1.2166373957940444,-0.051519910403463716,1.8079280695533737,1.0555721488385377,0.985643154605432
FANCM,51,0.08585858585858586,0.002415758112237829,0.3222329982595683,0.051640987822608654,0.003843372185482449,1.6813008854258924,-0.026258373939645786,0.813425102363201,1.0782882669689366,0.9602333902805784
MSH2,46,0.07744107744107744,0.003169582500422995,0.39323348940150704,0.06843461990905053,0.0033139541680709253,1.4489691406099685,0.02489982068313867,1.3376924512340729,0.8143287448356517,0.9437683935982186
ERCC1,50,0.08417508417508417,0.0011681792290059298,0.32145653320352113,0.052270908797327244,0.003714786949316557,1.6348345364627075,-0.11092515351852054,0.8330901157274327,1.0141776844509989,0.9139143594180039
RELA,37,0.062289562289562284,0.003850965131231393,0.4221660167071559,0.07833789157062039,0.0036118771268325287,1.030771999941305,0.07114176480941238,1.6468549928709666,0.9628684606007832,0.9005003318761597
MLH1,45,0.07575757575757576,0.0022764000812581005,0.382247740055763,0.06407767297489926,0.003312091568038872,1.4025027916467836,-0.03571588869089015,1.2016763109148692,0.8134000816654973,0.884962283419725
FANCI,49,0.08249158249158249,0.0017834630321866027,0.3222329982595683,0.048192215462720754,0.0037325241390789936,1.5883681874995228,-0.0691689977815798,0.7057605582865627,1.0230211691449491,0.8843929616657403
IL17A,40,0.06734006734006734,0.0004970992886205295,0.36954144398742733,0.07749582221358527,0.0035187345289981464,1.1701710468308595,-0.15646790689153817,1.6205670840311261,0.9164290218094409,0.8778421108360297
PIK3R1,39,0.06565656565656565,0.0021674776356332202,0.4235062262840041,0.06903048123179309,0.0035346139013245257,1.1237046978676746,-0.043107896377829746,1.3562941827928543,0.9243462278606083,0.8386477522899212
MSH6,43,0.0723905723905724,0.0018418200983422635,0.3817008906422354,0.061241622448295785,0.003125418394338108,1.309570093720414,-0.06520860303341643,1.1131398535724082,0.7203277643196071,0.8087409056221938
BCL2,34,0.057239057239057235,0.0014382099230921073,0.4345422191513396,0.08255348808525324,0.0031615411520333567,0.8913729530517506,-0.09259955538359663,1.778458424294247,0.7383380048965964,0.7921899305603822
MYD88,32,0.05387205387205387,0.012121279452624685,0.4003134622039348,0.05509390346392649,0.003325288155992032,0.7984402551253809,0.6324055767484771,0.9212189923228333,0.8199796934946093,0.7857952206444911
PIK3CA,36,0.0606060606060606,0.0012158741853636494,0.41688894149831646,0.07055518005162777,0.0030900499110488896,0.9843056509781202,-0.10768834147301522,1.403892570323722,0.7026935931343369,0.7389021251657
STAT5B,34,0.057239057239057235,0.003757015178953264,0.4024267308581034,0.06416416551526587,0.0032949373923482845,0.8913729530517506,0.06476586344727014,1.2043764543145639,0.8048472786460296,0.7300167460220489
SHC1,32,0.05387205387205387,0.012822375247499006,0.37525868151747194,0.039863434117712676,0.0035393975511448703,0.7984402551253809,0.6799853522048611,0.44575080622120683,0.926731280652738,0.7239468447198876
MMP9,31,0.05218855218855219,0.001146331185933441,0.42587218285542305,0.08123291754779075,0.0029252722895931334,0.7519739061621961,-0.1124078681363379,1.7372325589716766,0.6205380548125049,0.7066430228795204
CD8A,33,0.05555555555555555,0.0018558520674181813,0.40061399783622004,0.07116193419437301,0.0030328523559844042,0.8449066040885657,-0.06425632526663452,1.4228343563647705,0.6741757890447981,0.699055259196253
BLM,38,0.06397306397306397,0.002132134861082892,0.38334615310190023,0.05817418421692021,0.002714301802448034,1.0772383489044899,-0.0455064292023087,1.0173798832985117,0.5153514779685211,0.6722030870694009
ACTB,27,0.045454545454545456,0.01104474784300207,0.4130169079859482,0.05635747874749092,0.003090059023656919,0.5661085103094567,0.5593468982739818,0.9606655671080405,0.7026981365378133,0.6706474439059761
EXO1,39,0.06565656565656565,0.0013207215053259158,0.3771150848889364,0.05702351857391205,0.0027160694935976838,1.1237046978676746,-0.10057289166219079,0.9814581468336696,0.5162328210580935,0.6676916149164911
CDKN2A,34,0.057239057239057235,0.0012880637383457948,0.4085894679309687,0.06524068882066701,0.0029604836266227284,0.8913729530517506,-0.10278920679513152,1.2379835987616556,0.6380938753368021,0.6614987266890213
PMS2,38,0.06397306397306397,0.002229278465444843,0.38061187240930466,0.05471840268268044,0.002802984984334602,1.0772383489044899,-0.03891379105448754,0.9094965252549891,0.5595675218925451,0.6611177837824563
CHEK2,38,0.06397306397306397,0.0011566750339350544,0.3800696902548754,0.058232869241278774,0.002696118993883282,1.0772383489044899,-0.11170588422933135,1.0192119254666692,0.5062858147271014,0.6542064990979928
PALB2,38,0.06397306397306397,0.0014047237200048046,0.37872096885581624,0.05667421116091538,0.002681941815631689,1.0772383489044899,-0.09487209222582138,0.9705533901729256,0.4992172959509828,0.6472695362848978
CSF2,32,0.05387205387205387,0.0008164836815966457,0.3997137416613072,0.07164470430348567,0.0028027360998008886,0.7984402551253809,-0.13479292636366147,1.4379055812145116,0.5594434319665798,0.6452256603391862
CASP3,29,0.04882154882154882,0.0025565521644241966,0.42485497222758367,0.07249445828898336,0.0028906442282745754,0.6590412082358265,-0.016703403794913065,1.4644333904981865,0.6032730464118866,0.6400298593158257
BARD1,37,0.062289562289562284,0.0012476396938282072,0.37818415671002487,0.055341056769947855,0.0026807236500527697,1.030771999941305,-0.10553257934885006,0.9289346793073722,0.4986099376943392,0.6198959785425865
ESR1,31,0.05218855218855219,0.0010518034484530057,0.42116641287912004,0.06811123401705506,0.0027468567548587855,0.7519739061621961,-0.11882298081651789,1.3275969183924556,0.531582866774343,0.6053210789859989
MRE11,37,0.062289562289562284,0.001004137904800503,0.37658281236262886,0.05499270509735,0.0025913023244166977,1.030771999941305,-0.1220577967725872,0.9180597591633817,0.454025866871009,0.6046728759931881
EP300,29,0.04882154882154882,0.005409814354467539,0.41754134985746877,0.05625912317301565,0.0030648596944066113,0.6590412082358265,0.17693286576050318,0.95759508086591,0.6901341461025952,0.6044434847163661
XRCC3,39,0.06565656565656565,0.0003946751466638321,0.3189586641469487,0.046966433270402216,0.0028133009207395683,1.1237046978676746,-0.16341890804036982,0.6674938166459149,0.5647108860287446,0.5988828577785256
CASP8,30,0.050505050505050504,0.0014742886092712895,0.4221660167071559,0.06143517815045229,0.0031216482689863058,0.7055075571990113,-0.0901510800115905,1.1191823186154737,0.718448038935288,0.5919159465269086
XRCC6,35,0.05892255892255892,0.0018061560008631758,0.382247740055763,0.05636593495729228,0.0025646329213554514,0.9378393020149354,-0.06762894239690351,0.9609295549500533,0.44072892068461855,0.5916682152329359
NBN,34,0.057239057239057235,0.002337733335184542,0.3776488642022966,0.04929131025727046,0.0026654173902431653,0.8913729530517506,-0.03155351534453085,0.7400723445118638,0.4909784765575518,0.5503023189458631
INS,28,0.04713804713804714,0.0035018887637864745,0.39941455472892595,0.05753392291041176,0.0028474184016987108,0.6125748592726415,0.047451742273851794,0.9973920631521611,0.5817213270681294,0.5420868143579456
FANCC,31,0.05218855218855219,0.00904329210089153,0.3755227622222696,0.040404554493471884,0.00243965550314713,0.7519739061621961,0.42351836315549524,0.46264362269825254,0.3784171396292386,0.5372826104111407
CSF3,30,0.050505050505050504,0.0002304469689006193,0.3615297053643937,0.06261440024108435,0.00267267599692178,0.7055075571990113,-0.1745642320869725,1.1559955366259336,0.4945975040315475,0.533405195129407
RPA1,34,0.057239057239057235,0.0016490812430071504,0.3768487606764443,0.05020926838303766,0.0024647672817679107,0.8913729530517506,-0.07828880052655511,0.7687293658455023,0.3909374786933806,0.5243417023442505
RAD51C,36,0.0606060606060606,9.022701787213211e-05,0.3183877357505042,0.04842015212725223,0.002508601971147518,0.9843056509781202,-0.184080240930866,0.7128763358747154,0.4127927674840304,0.5236207382813747
POLD1,36,0.0606060606060606,0.00010019513372366251,0.317629669713003,0.04742444042248997,0.0025167702384072638,0.9843056509781202,-0.18340375603763676,0.681791985984923,0.4168653374601736,0.5183875035219522
KDR,23,0.03872053872053872,0.012240495314589442,0.39941455472892595,0.04572830657997742,0.002560771792031879,0.38024311445671743,0.6404961458042212,0.6288417017124618,0.4388038221469299,0.5067382312827847
PPARG,26,0.043771043771043766,0.0014750560715554954,0.4218322886307076,0.06545391758026323,0.002611752226983901,0.519642161346272,-0.09009899628291786,1.2446402216959394,0.4642218676337018,0.501122425266394
CCL5,28,0.04713804713804714,0.00012072831292860105,0.36055259805259804,0.06228306828558278,0.0024546043854036573,0.6125748592726415,-0.18201027448615803,1.1456519418030335,0.38587041792179144,0.47520310406885
HRAS,29,0.04882154882154882,0.0006124396038177893,0.3949799001612473,0.053660781653268416,0.002648215125128632,0.6590412082358265,-0.14864035131600092,0.8764794762720254,0.48240169690535356,0.46528056968901477
HIF1A,22,0.037037037037037035,0.01092958265439758,0.4085894679309687,0.05061881312053901,0.002202213315919786,0.33377676549353263,0.5515312276420163,0.7815146247262893,0.2600321882041845,0.4630140374193353
RAD51D,34,0.057239057239057235,5.686433659324476e-05,0.31687520493933796,0.04612524976694898,0.0023737194226447398,0.8913729530517506,-0.18634439498153596,0.6412335625806027,0.34554244377765403,0.4627496360943801
STAT5A,25,0.04208754208754208,0.0005436005980723447,0.4221660167071559,0.06770713672571403,0.002340612744069946,0.4731758123830871,-0.15331210153894462,1.314981719099844,0.32903597295758363,0.4560870473608299
MAPK1,26,0.043771043771043766,0.00019778998310367431,0.4172148906316224,0.06347085045633934,0.0024669755952413737,0.519642161346272,-0.176780494205018,1.1827323903024007,0.392038509164587,0.4526338128133382
IL18,27,0.045454545454545456,0.00011322597182043542,0.36055259805259804,0.061881395409746104,0.002381292011770876,0.5661085103094567,-0.18251941989529247,1.1331124284539085,0.3493180179766955,0.44899421292060754
IL2RA,28,0.04713804713804714,0.0007902172434556477,0.34763377532107176,0.05482280100267169,0.002500435762842192,0.6125748592726415,-0.1365754947914349,0.91275565527324,0.40872122407027606,0.4445527029162691
NRAS,29,0.04882154882154882,0.0006047006232618313,0.39439604221570224,0.049937859851983304,0.002664578273611677,0.6590412082358265,-0.1491655562306586,0.7602564738407002,0.4905601061625572,0.4435363498255261
NF1,28,0.04713804713804714,0.0021238208498791933,0.4003134622039348,0.05064978158200387,0.00251867120375601,0.6125748592726415,-0.046070658497514724,0.7824814050575019,0.4178131289756576,0.44294244292767776
ALB,22,0.037037037037037035,0.006996837193000309,0.3917899009675808,0.04868022724941619,0.002775206961257811,0.33377676549353263,0.28463596547040576,0.7209954189951707,0.54571783514972,0.44132351011931603
IL13,27,0.045454545454545456,0.00011700765446996095,0.3583733009522129,0.05868390799880349,0.0023829356354495308,0.5661085103094567,-0.18226277649131373,1.0332925539113287,0.350137502970625,0.42925829586187214
MAPK3,25,0.04208754208754208,0.0013632901326483449,0.4048693817282588,0.054124326116590085,0.002695430121082354,0.4731758123830871,-0.09768397727375012,0.8909505106271023,0.5059423535501801,0.42056911285109944
BRAF,26,0.043771043771043766,0.0014536100296697052,0.40091498506224277,0.05294220124105198,0.002351110967539173,0.519642161346272,-0.091554429142185,0.8540466728305711,0.33427022256573696,0.39664952826491057
IL15,26,0.043771043771043766,6.183135713036003e-05,0.3566964205333189,0.057911860519793704,0.0022561795142355665,0.519642161346272,-0.18600730877509886,1.0091906036637894,0.2869388884869418,0.3945988277075667
PIK3R3,29,0.04882154882154882,0.00041644891555511656,0.3600660223467241,0.04257202474333025,0.0026609736250620256,0.6590412082358265,-0.16194123403025507,0.5303081919707411,0.48876288491709124,0.393993329752542
ATR,30,0.050505050505050504,0.0006353753373341721,0.3747316328074755,0.0470571347105391,0.0021590933747094405,0.7055075571990113,-0.1470838207268643,0.6703253544165753,0.2385332616433779,0.3919284130499285
HSP90AA1,20,0.03367003367003367,0.010416353701387243,0.4054846847400039,0.040645199522137826,0.0025036907732442397,0.24084406756716298,0.5167010111145811,0.47015613282996516,0.4103441212177216,0.3895707272366897
IL3,26,0.043771043771043766,0.00012269320731738635,0.356458146371306,0.05564965775389562,0.002305274660215068,0.519642161346272,-0.181876927182555,0.9385686535947959,0.3114169584536082,0.3864026470852372
BRIP1,31,0.05218855218855219,2.8931754112819673e-05,0.31668714843789025,0.04324795143023783,0.002183979452902782,0.7519739061621961,-0.18824003607944584,0.5514094219102847,0.2509410700134128,0.37660095652164666
XRCC1,29,0.04882154882154882,0.001893226526345917,0.37525868151747194,0.04115126792704493,0.002294491518970098,0.6590412082358265,-0.0617199124446117,0.48595468906975314,0.3060406533100197,0.37363351324734084
RAD52,31,0.05218855218855219,4.068621153480424e-05,0.3161243158281073,0.04245988341286132,0.0021854150325392933,0.7519739061621961,-0.1874423213465399,0.5268073389258977,0.2516568275100891,0.372023120107331
IL7,26,0.043771043771043766,8.280861814050043e-05,0.3351870886418625,0.05313801737219118,0.0022860705661809314,0.519642161346272,-0.18458368966933691,0.8601597044493466,0.30184209829105146,0.3681291946019406
PTGS2,22,0.037037037037037035,7.153919273185774e-05,0.4188523117094546,0.06664827080904913,0.0020907692849844515,0.33377676549353263,-0.18534848776737972,1.2819258069492017,0.20446794183772216,0.36776349573827627
FGFR3,28,0.04713804713804714,0.0012815451420965132,0.382247740055763,0.03904407333509917,0.0026212345674785187,0.6125748592726415,-0.10323159048663155,0.4201718187181789,0.4689496139199012,0.36641758965138266
CHEK1,23,0.03872053872053872,0.00813743145795615,0.37818415671002487,0.027751092794877596,0.002932654555425015,0.38024311445671743,0.362042247764777,0.0676250356162565,0.6242187368013267,0.36196440648456196
PTPN11,25,0.04208754208754208,0.0008439395059677821,0.3836217434348275,0.050388958465415024,0.0024000432073888476,0.4731758123830871,-0.1329296403931861,0.7743389708804028,0.35866707009046245,0.35898033242995697
SMAD4,24,0.0404040404040404,0.000949299760318843,0.409530195792667,0.05478977279582396,0.002247657897649134,0.4267094634199023,-0.1257793803563967,0.9117245733516589,0.2826901440770791,0.3567864105936142
CDH1,23,0.03872053872053872,0.00303619253612307,0.4012164249006354,0.04915214567635314,0.002372821864438137,0.38024311445671743,0.015847328005353864,0.7357278736124951,0.3450949353296794,0.3532114838496245
CDK4,26,0.043771043771043766,0.0009042601766696608,0.38808570554025096,0.04838001905359399,0.00229395214140823,0.519642161346272,-0.12883598587641876,0.7116234526377513,0.30577172811518744,0.35314479615267824
MUS81,30,0.050505050505050504,3.725184999790224e-05,0.3161243158281073,0.040936052265888555,0.0021217312129612554,0.7055075571990113,-0.18767539384812454,0.47923603859979086,0.21990507363962225,0.33983701900550545
IL5,25,0.04208754208754208,1.2202423820541446e-05,0.33455664270711294,0.05263269130624687,0.0021730619924160183,0.4731758123830871,-0.18937536991636464,0.8443843227127265,0.24549779540201033,0.3362441154779367
GRB2,25,0.04208754208754208,0.0008228451522240758,0.40061399783622004,0.043556067705070145,0.0025018208298251765,0.4731758123830871,-0.13436120598216958,0.5610282644405269,0.40941179674994943,0.3261092450766333
ICAM1,21,0.03535353535353535,0.0015981553558932523,0.409216138894053,0.05618604463971507,0.0021832365221883675,0.28731041653034783,-0.0817448792700181,0.9553136989280624,0.2505706564084626,0.3212992970354222
MTOR,23,0.03872053872053872,0.0012894991049883491,0.40425594327109476,0.05109090268753113,0.002201947572572613,0.38024311445671743,-0.10269179582355016,0.7962524220319939,0.25989969273817665,0.3186425640579977
TNFRSF1A,21,0.03535353535353535,0.0007292883748610169,0.4070311556962968,0.05388784107457171,0.0021172529868328837,0.28731041653034783,-0.1407104245795443,0.8835678678855904,0.21767230031122425,0.2856290732800986
CD40,23,0.03872053872053872,0.0001391914672305263,0.3462802369356555,0.05029366572332653,0.002103555162462652,0.38024311445671743,-0.18075727490703541,0.7713641008222631,0.21084277986401675,0.2843371474703482
PTPRC,23,0.03872053872053872,0.00011899358040329707,0.3356087076212862,0.04870452746122645,0.002110353825920307,0.38024311445671743,-0.18212800188465947,0.7217540284226722,0.21423248686001567,0.27475039264522383
RB1,21,0.03535353535353535,0.0062166828217940385,0.38334615310190023,0.029437379189641382,0.0025068931132304784,0.28731041653034783,0.23169088995477682,0.1202679000704307,0.4119407577217241,0.2649230998327469
MSH3,27,0.045454545454545456,6.972251184594338e-05,0.31593714927048255,0.03644926948531272,0.0019609298220558103,0.5661085103094567,-0.18547177658077676,0.3391666538934861,0.1397320215223277,0.24754976954627844
RET,19,0.03198653198653199,0.006766118835465292,0.40425594327109476,0.036949532456544504,0.0020567161708834572,0.19437771860397818,0.2689782939718202,0.35478397481107926,0.18748959310452878,0.24373148858746904
PTK2,18,0.0303030303030303,0.009354550817223585,0.39792531328698366,0.029556281818555935,0.002214997818932146,0.14791136964079335,0.4446418956887011,0.12397982883687882,0.2664063409433628,0.2410066872525013
IGF1R,21,0.03535353535353535,0.0003472652913889144,0.4033392631276229,0.04799603914827747,0.002074292634875609,0.28731041653034783,-0.16663637173775886,0.699636282385135,0.1962529424496171,0.23807739781813242
PDGFRA,21,0.03535353535353535,0.0013688355517764285,0.40425594327109476,0.045625812082544945,0.0020307857542994343,0.28731041653034783,-0.09730763812173303,0.6256420056511104,0.17456109398827127,0.2362723561830648
STK11,22,0.037037037037037035,0.0007530628519007131,0.38500566025818544,0.04342112587351249,0.001962041522414509,0.33377676549353263,-0.13909697276966076,0.5568156202716917,0.14028629788955876,0.22146800836257133
GSK3B,21,0.03535353535353535,0.0012371312138757693,0.3912154289720272,0.03872239285268266,0.002325898147813082,0.28731041653034783,-0.10624573598190978,0.4101295257328419,0.3216995059908258,0.22036301813487785
CDKN1A,20,0.03367003367003367,0.00040548960807022463,0.4079647133928479,0.04681137038027332,0.0020263242839676275,0.24084406756716298,-0.1626849860155057,0.6626530287867022,0.17233667483730736,0.21062211786943252
IRS1,21,0.03535353535353535,0.0006823494492562049,0.40061399783622004,0.040703345029031314,0.0021612037640344603,0.28731041653034783,-0.14389592869577028,0.4719713322216687,0.2395854686696348,0.20689602378993988
ERBB3,21,0.03535353535353535,0.0002480567073651055,0.37925930712000366,0.04318730055879925,0.0020721470486348235,0.28731041653034783,-0.1733691494632975,0.5495160094899016,0.19518318679305202,0.2061561976763881
RAD50,24,0.0404040404040404,0.0005875347136909293,0.37134157628242526,0.039255665675858434,0.0017695027671470163,0.4267094634199023,-0.15033051846386458,0.42677735556454105,0.04428949354763187,0.20597905240343425
CD28,21,0.03535353535353535,2.182195127405892e-05,0.3422821328530116,0.04699077448789187,0.001869974213957246,0.28731041653034783,-0.18872254192968851,0.6682537061978536,0.09438298152096111,0.20590534784696257
KITLG,20,0.03367003367003367,0.0002262628700775857,0.3747316328074755,0.04817112629797966,0.0019228412752901665,0.24084406756716298,-0.1748481854125276,0.7051021920420361,0.12074166933868521,0.2057521495715194
FOS,19,0.03198653198653199,0.0006621656589039458,0.3926547793361627,0.04896253936647956,0.0019487172572800544,0.19437771860397818,-0.1452656990179434,0.7298087015778247,0.13364302821984905,0.20440612271644126
BCL2L1,19,0.03198653198653199,0.0010231775683150134,0.40061399783622004,0.04621581147922313,0.002019020162158373,0.19437771860397818,-0.12076567247030422,0.6440607382957065,0.1686949542328582,0.20039192189952926
MMP2,19,0.03198653198653199,0.0003908081214306382,0.3830709584478429,0.049136559677574854,0.0018963186438985642,0.19437771860397818,-0.16368134320775307,0.7352413064293547,0.10751790120537907,0.19566370723640086
POLE,25,0.04208754208754208,5.397475333877972e-05,0.3144477578773395,0.03514826959637294,0.001819600953904822,0.4731758123830871,-0.18654049617543147,0.29855174943774193,0.06926766391854194,0.19254029296147937
KIT,20,0.03367003367003367,0.0020122836982821597,0.3923660625866508,0.03758859970755603,0.0020872518166313208,0.24084406756716298,-0.05364011286713172,0.3747345186668363,0.20271418727124385,0.18637513661934016
SMAD3,19,0.03198653198653199,0.0006019523820125565,0.4024267308581034,0.043936780686229415,0.0019259646633092004,0.19437771860397818,-0.14935206526764963,0.5729134471267808,0.12229894162981722,0.1697366629457996
SMARCA4,21,0.03535353535353535,0.00030990043331003705,0.3872408164860995,0.038229477538375696,0.0020057812632648065,0.28731041653034783,-0.16917213299941547,0.3947415856065248,0.16209424683230084,0.169632779023533
RAD51D-2,24,0.0404040404040404,2.4271368309328082e-05,0.3148187876801446,0.03484309551616801,0.0017410137547706882,0.4267094634199023,-0.1885563125593383,0.28902475699503416,0.03008531868846865,0.16603124919383178
AR,17,0.028619528619528618,0.0016393347143771554,0.4101597579691354,0.04587272093039841,0.0018711617323083239,0.10144502067760852,-0.07895024743164959,0.633350061086087,0.09497505955035575,0.16143321950653916
IL2RB,20,0.03367003367003367,5.543540865766268e-05,0.3471814216771927,0.04289529677155072,0.0017843111870385199,0.24084406756716298,-0.18644136899110128,0.540400170187656,0.05167273950745331,0.15609966333975356
PIK3R2,21,0.03535353535353535,0.00026887462336960637,0.3697975364642031,0.03671090800583771,0.0019699069108482558,0.28731041653034783,-0.17195634428573747,0.3473345435323735,0.14420785723224094,0.15587803986711027
PIK3CB,7,0.011784511784511785,0.0253158707402657,0.2882862480377337,0.002869116875485104,0.002073566119344662,-0.3632184689542397,1.5278548082151413,-0.7091460334879862,0.1958907131977515,0.15218617386175445
NOTCH1,18,0.0303030303030303,6.214682810045118e-05,0.39585893554736284,0.04450244241842695,0.001682562693534213,0.14791136964079335,-0.185985899378509,0.5905724011380651,0.0009425360767268211,0.12357549197260881
EZH2,17,0.028619528619528618,0.00025025428915802743,0.409216138894053,0.043670447689945525,0.0018650562349700052,0.10144502067760852,-0.1732200108591029,0.5645990042975063,0.09193095431251697,0.12350674624439192
MET,18,0.0303030303030303,0.00031861194798226853,0.40091498506224277,0.04242675554139979,0.0017173013938380228,0.14791136964079335,-0.16858092718272094,0.5257731456521929,0.018262707340557044,0.11843091817714743
STAT6,17,0.028619528619528618,6.690259236910421e-05,0.3946877552646783,0.04632214115273137,0.0016690220393118136,0.10144502067760852,-0.18566315005141235,0.6473801617384458,-0.005808621799221187,0.11740427771215484
RAD9A,21,0.03535353535353535,0.0002785790929475637,0.3716001706948782,0.03633626323390856,0.0015884243649018275,0.28731041653034783,-0.17129775171277062,0.3356387995541425,-0.04599335847730266,0.11566329607279706
HDAC1,17,0.028619528619528618,0.0027644431994087977,0.3923660625866508,0.027515660899012143,0.0022886513743416007,0.10144502067760852,-0.002594905589278063,0.06027527022603619,0.30312884877253055,0.10753785463955681
FLNA,10,0.016835016835016835,0.01549632374122253,0.3379467036845124,0.011062432647574574,0.002271113363020175,-0.22381942206468525,0.8614525209476267,-0.4533652758659854,0.29438467132612295,0.10523021160629434
XRCC2,22,0.037037037037037035,1.988434637788752e-05,0.3146331633949558,0.03220469354809413,0.001620446412884979,0.33377676549353263,-0.18885403723540425,0.2066585363979715,-0.030027667463066652,0.10493453240086631
ALK,17,0.028619528619528618,0.0036845052589225347,0.3863995982026394,0.03356997618381224,0.0016995159308427397,0.10144502067760852,0.059844987101062834,0.24928023396780438,0.009395154369640763,0.10220208167991773
TERT,18,0.0303030303030303,0.0016160038448024608,0.3855620268192522,0.0369867811034068,0.0016249261360498726,0.14791136964079335,-0.08053359387828625,0.35594681136954415,-0.02779414773573261,0.09726611363146842
SHC4,21,0.03535353535353535,0.00023347415137791027,0.347860394470564,0.025800032160618432,0.002070152754754859,0.28731041653034783,-0.1743587927396137,0.006716389949594559,0.1941888631353069,0.09714999821769861
ABL1,18,0.0303030303030303,0.0004132861060562337,0.3929439212944368,0.036383254477330436,0.001833895763393045,0.14791136964079335,-0.16215587768789555,0.3371057826631045,0.07639483178477019,0.09393013284187872
CXCR4,16,0.026936026936026935,1.3671354889474626e-05,0.3747316328074755,0.04674711557684143,0.001575213942004493,0.054978671714423694,-0.18927568109932744,0.6606471080142295,-0.052579868192646345,0.09353706278953307
SIRT1,15,0.025252525252525252,0.0018270398443873505,0.39064263917851033,0.03360872669563036,0.0021027885013459474,0.00851232275123887,-0.06621166305674626,0.250489956081145,0.2104605346525808,0.0786164953454922
TWIST1,11,0.018518518518518517,0.011032124475816016,0.3917899009675808,0.02875187713963122,0.0014291427314315707,-0.17735307310150042,0.5584902150923011,0.09886774431171773,-0.12540868336742014,0.07224079037640965
SNAI1,15,0.025252525252525252,0.00013723050574970176,0.40425594327109476,0.04404726390676029,0.0015901687991760774,0.00851232275123887,-0.18089035530434827,0.5763625369260744,-0.04512361090113353,0.06400450934183471
SMAD2,16,0.026936026936026935,0.0001764874890465282,0.3961528174594247,0.039772653448565384,0.001675717861497319,0.054978671714423694,-0.17822618520945724,0.44291679506164366,-0.0024701898489507836,0.06277530984022256
SOCS1,15,0.025252525252525252,0.0008484023994388673,0.4003134622039348,0.04265568908574157,0.0015428454993625666,0.00851232275123887,-0.13262676670489354,0.5329200440564146,-0.0687182661522311,0.06266297686754692
MUTYH,20,0.03367003367003367,0.0009878636290082626,0.3680123069778242,0.028305910643438743,0.0015708188078532722,0.24084406756716298,-0.12316224839470663,0.08494546285166236,-0.05477121316413067,0.059539711487336715
HGF,17,0.028619528619528618,0.00011810896065477883,0.3718591255176621,0.035442548120711154,0.0017103059608278156,0.10144502067760852,-0.18218803648949736,0.30773860198936975,0.014774894131029677,0.054461447338868534
SOX2,15,0.025252525252525252,0.00022105587534613269,0.4024267308581034,0.04035885376765296,0.0016547321121694004,0.00851232275123887,-0.175201557436631,0.4612169272554065,-0.012933355404384554,0.048835637973980245
CXCL8,15,0.025252525252525252,0.0018397993324702443,0.4079647133928479,0.03489163529837147,0.001716264221936326,0.00851232275123887,-0.06534574204800406,0.29054008273276566,0.01774558969337059,0.04830001193615984
FASLG,15,0.025252525252525252,0.00041524885375223336,0.39207777010862976,0.04124758561373835,0.00152956228751841,0.00851232275123887,-0.1620226760693208,0.4889615560769743,-0.07534106729511954,0.04519774170197436
NFE2L2,14,0.02356902356902357,0.0004028003368341782,0.4067209185349429,0.04406878658727058,0.0014570656066369093,-0.037954026211945956,-0.16286749306017473,0.5770344367624912,-0.11148677562460271,0.039108749788352944
E2F1,15,0.025252525252525252,0.00028841617119710125,0.3949799001612473,0.036728159036460525,0.0017143266714068957,0.00851232275123887,-0.17063015966945538,0.3478730900506823,0.01677955738045829,0.03325230253179788
ITGB1,16,0.026936026936026935,0.0032979368299376165,0.3639958015810676,0.020209899293691897,0.0020706354093483264,0.054978671714423694,0.033610570657406,-0.16779762362973008,0.19442950714751872,0.03297155446795752
IKBKB,15,0.025252525252525252,0.0003835464538318996,0.3912154289720272,0.03783450296912631,0.0015868008048143666,0.00851232275123887,-0.16417415534029314,0.3824111814851337,-0.04680284007926281,0.029057442409034503
PARP1,15,0.025252525252525252,0.003874857429746646,0.3929439212944368,0.027256050195404127,0.0016105083782954558,0.00851232275123887,0.07276321255849841,0.0521706854275542,-0.03498261567963921,0.024607730052141202
FOXO3,15,0.025252525252525252,0.00022722247883766205,0.39064263917851033,0.03690037076630205,0.0015997477472649174,0.00851232275123887,-0.17478306168811758,0.35324923420959675,-0.04034769758327541,0.021863854866168486
ERBB4,16,0.026936026936026935,0.0002788364047915441,0.388368155107602,0.032890617327504666,0.0016179614733437095,0.054978671714423694,-0.17128028927775338,0.228071857799086,-0.03126661935414623,0.015783510469597906
MUC1,13,0.021885521885521883,0.0003903665756364002,0.4033392631276229,0.042987764182351944,0.0014554638316359905,-0.08442037517513078,-0.1637113086559802,0.5432868384240555,-0.1122853955240062,0.01572533010471905
POMC,9,0.01515151515151515,0.01255951245188833,0.34382593113263216,0.017894640012632156,0.001535080026043407,-0.27028577102787005,0.6621462025730548,-0.24007590381248037,-0.07259000938546303,0.0084033481439205
CAV1,15,0.025252525252525252,0.0010333879852639119,0.3723781194123134,0.029865964261009098,0.0017534444833459193,0.00851232275123887,-0.12007274384443543,0.13364756433692304,0.03628308504052697,0.006947256877314751
MMP1,14,0.02356902356902357,4.969604493827772e-05,0.36275856228269554,0.03924363571291256,0.001409292980102029,-0.037954026211945956,-0.18683087016772698,0.4264018015004658,-0.13530545813346972,-0.0017723580427136017
CREBBP,14,0.02356902356902357,0.0020052179002153754,0.39207777010862976,0.023666608379615112,0.002025338631196682,-0.037954026211945956,-0.05411963233921472,-0.05988530907105242,0.1718452438208863,-0.004421830309017986
IL7R,14,0.02356902356902357,6.398979892308618e-05,0.35909680021389306,0.03840768716684813,0.0014077654846116731,-0.037954026211945956,-0.18586082640195614,0.40030497350150757,-0.13606704343361956,-0.0069015297610925085
ITGB4,12,0.0202020202020202,0.00940011891058202,0.34404761129454875,0.011618321021992513,0.001792533316299098,-0.1308867241383156,0.447734368451797,-0.43601142871581966,0.05577216423264792,-0.009924614232095567
MLH3,18,0.0303030303030303,7.400231117345754e-06,0.31297234317762174,0.027638990342992793,0.0013730081525225478,0.14791136964079335,-0.18970127010316762,0.06412539629171642,-0.15339650421345913,-0.013510559735862775
CDK2,14,0.02356902356902357,0.0018688345672994476,0.37499497197318704,0.024467171319183335,0.0018928709423961239,-0.037954026211945956,-0.06337526959103472,-0.03489315682123918,0.10579893129670112,-0.014946571676847379
CASP9,13,0.021885521885521883,0.0016532576012753652,0.39792531328698366,0.029105815248183686,0.00175292479431717,-0.08442037517513078,-0.07800537251275182,0.10991706305825504,0.0360239762395888,-0.019860266579914954
FANCF,19,0.03198653198653199,0.0003101852731749789,0.31260565033265675,0.01994389968361588,0.0015495712782894698,0.19437771860397818,-0.1691528023788155,-0.17610165873407335,-0.06536489824042561,-0.022549310478211314
MAPK14,13,0.021885521885521883,0.00012032167707403978,0.3912154289720272,0.03845869120622578,0.001389191722974099,-0.08442037517513078,-0.1820378707758434,0.4018972289688532,-0.14532762974694988,-0.023742679160875954
SHC3,17,0.028619528619528618,0.00010005199855572565,0.34516031378903306,0.02173028898780089,0.0017434229300178946,0.10144502067760852,-0.18341346988729915,-0.120333759346039,0.031286495690523004,-0.028157062965765003
CTLA4,14,0.02356902356902357,0.00023532703552712862,0.3583733009522129,0.03338580998187251,0.0014506684281837751,-0.037954026211945956,-0.17423304699643416,0.24353089243492007,-0.1146763084926881,-0.031071254134843226
DDX58,16,0.026936026936026935,0.003546877830253553,0.3228178131384423,0.010437052113637036,0.0019655858516984303,0.054978671714423694,0.050504919451843065,-0.4728885447380945,0.14205344489494603,-0.03429825500562064
PRKCA,8,0.013468013468013467,0.01196450158102075,0.38061187240930466,0.017402774694648467,0.001382378656668598,-0.3167521199910549,0.6217658667659315,-0.2554310649195898,-0.14872451777704593,-0.03625289184471349
TIMP1,13,0.021885521885521883,2.682910512995921e-05,0.3583733009522129,0.037308924865635924,0.0013353058668212066,-0.08442037517513078,-0.18838273208076192,0.3660035671273115,-0.17219427268706752,-0.03788095544343746
CD274,13,0.021885521885521883,6.587022864402593e-05,0.3991158153461818,0.03736723658686854,0.001315710101089463,-0.08442037517513078,-0.1857332112821138,0.3678239554352941,-0.18196441421658438,-0.038808525888082285
XPA,16,0.026936026936026935,0.0015083604857903446,0.37134157628242526,0.023174437922902507,0.0014638402451420459,0.054978671714423694,-0.0878387965176567,-0.07524999606700013,-0.10810904709321506,-0.03938897266140893
ERCC2,16,0.026936026936026935,0.00033972634667231633,0.3708254656830056,0.0287281445742517,0.001293035362672937,0.054978671714423694,-0.16714800124604617,0.09812685579698895,-0.19326968324801422,-0.041573030701668304
CREB1,13,0.021885521885521883,0.0003773518116925423,0.3892179760159337,0.03211224570273302,0.0015184647517453979,-0.08442037517513078,-0.16459455392801553,0.20377247895984155,-0.08087412462063995,-0.04611609892545933
CD40LG,13,0.021885521885521883,2.8229481500094792e-06,0.3462802369356555,0.036154915453000314,0.001313879531120899,-0.08442037517513078,-0.1900119068198309,0.3299774441170933,-0.1828771076993189,-0.04763004073269863
RHOA,13,0.021885521885521883,0.0006087129622191217,0.36928570596390664,0.030835577573904805,0.0015149792163419323,-0.08442037517513078,-0.1488932593661809,0.1639171688134993,-0.0826119579191283,-0.050509403973966804
NTRK2,16,0.026936026936026935,8.177506374458144e-05,0.3429420598443734,0.02226213769004963,0.0016393171636125245,0.054978671714423694,-0.18465383170476107,-0.10373038803879982,-0.020619007046306863,-0.051790801843163314
MCL1,13,0.021885521885521883,1.8623733947393988e-05,0.38893428944449354,0.033942052259454354,0.0013960285439754043,-0.08442037517513078,-0.1889395885349826,0.26089578781292255,-0.14191889799800259,-0.05298665048205743
FANCG,18,0.0303030303030303,0.00025875010115006226,0.3122398157506408,0.01897368011864611,0.0014689292974140395,0.14791136964079335,-0.17264344367690618,-0.20639018932299863,-0.10557172542744604,-0.053784264495037815
FANCE,18,0.0303030303030303,0.00025875010115006226,0.3122398157506408,0.01897368011864611,0.0014689292974140395,0.14791136964079335,-0.17264344367690618,-0.20639018932299863,-0.10557172542744604,-0.053784264495037815
PDGFRB,14,0.02356902356902357,0.00010220033709558386,0.36928570596390664,0.031087562187756313,0.0013544848539339984,-0.037954026211945956,-0.18326767317010578,0.17178368064251784,-0.1626319304418133,-0.05727047742656662
LEP,13,0.021885521885521883,0.0001342736275341148,0.35385798747867714,0.03268840608833261,0.0013817613768462762,-0.08442037517513078,-0.181091023462078,0.22175918227261568,-0.1490322838174222,-0.06027450748577658
IKBKE,15,0.025252525252525252,0.0036847793076342688,0.3226226391280805,0.010021610990248198,0.0018533732531922065,0.00851232275123887,0.059863585381445844,-0.485857878307504,0.08610600278888474,-0.062005165795428786
CHUK,13,0.021885521885521883,0.0002845909156886451,0.3852836426843647,0.03116419218524356,0.0014147697553176818,-0.08442037517513078,-0.17088976013987078,0.17417593298077497,-0.13257482388754185,-0.06394934952761684
CDKN1B,13,0.021885521885521883,0.00021396579680027703,0.3909288242621576,0.03252183626523761,0.0013395128884908583,-0.08442037517513078,-0.1756827247002863,0.21655916841579145,-0.1700967176492637,-0.06417532233306181
FGFR2,15,0.025252525252525252,0.0001117090492098173,0.35765271120499,0.02631125447409962,0.0014077255908370224,0.00851232275123887,-0.18262236565210002,0.022675842055776885,-0.13608693384412046,-0.06535849680776011
CSF1R,14,0.02356902356902357,2.828028649193045e-05,0.35060305198281544,0.0289847206493352,0.0013986439302172303,-0.037954026211945956,-0.18828424784529244,0.1061367048859373,-0.14061490742744798,-0.06725061164380633
PRKDC,14,0.02356902356902357,0.0007958808911304783,0.38893428944449354,0.027268391474224246,0.0013252900210328268,-0.037954026211945956,-0.13619113207438166,0.0525559582199672,-0.17718801634729955,-0.07225810381824296
MAPK8,12,0.0202020202020202,1.5517283814943912e-05,0.38893428944449354,0.03349511383861504,0.0013392255272542857,-0.1308867241383156,-0.18915040737150826,0.24694316459265248,-0.1702399914559547,-0.07775732066394797
RIPK1,16,0.026936026936026935,0.0008804227384053095,0.32301322343695227,0.010313739924722674,0.0019798402743441525,0.054978671714423694,-0.1304537105416716,-0.47673813213127014,0.14916047651477474,-0.07888642365866869
ATRX,14,0.02356902356902357,0.0013780007696480097,0.370053984131654,0.020816780946427773,0.0015236484108513077,-0.037954026211945956,-0.09668564179608563,-0.14885185695337902,-0.07828963347092863,-0.08288361770806402
FANCL,17,0.028619528619528618,0.00025706861958527116,0.31205721936716085,0.01783786245248022,0.0014067063848616007,0.10144502067760852,-0.1727575572058586,-0.24184839833796443,-0.13659509396217437,-0.08337233052432944
SLX4,17,0.028619528619528618,0.00025449793338941845,0.31205721936716085,0.01783786245248022,0.0014067063848616007,0.10144502067760852,-0.1729320164921098,-0.24184839833796443,-0.13659509396217437,-0.08341594534589222
FLT3,11,0.018518518518518517,0.003242559923790946,0.37658281236262886,0.022487966638295463,0.0014703454269667084,-0.17735307310150042,0.029852424082870976,-0.09668040960734871,-0.10486566543759356,-0.09491968457379585
FOXO1,11,0.018518518518518517,0.0028503984386819,0.3900715242089511,0.02392249123670286,0.0014341793201213427,-0.17735307310150042,0.0032384356086207107,-0.05189710101597645,-0.12289751922111056,-0.09622289073078737
FGFR4,15,0.025252525252525252,6.636898412722359e-05,0.3312339199986624,0.018801356634143975,0.001539979523629608,0.00851232275123887,-0.18569936330574358,-0.21176982226381214,-0.07014719671378648,-0.09982893165902201
MGMT,7,0.011784511784511785,0.011314375570310219,0.37925930712000366,0.013175580045400603,0.0012824544570349617,-0.3632184689542397,0.5776451491206248,-0.3873965694938811,-0.19854515688903757,-0.09990352213041144
RAF1,12,0.0202020202020202,8.895905382238156e-05,0.3718591255176621,0.030556898632387232,0.0012568130064299992,-0.1308867241383156,-0.18416629114713456,0.15521730751467325,-0.21132958209916228,-0.1030743811520919
TSC2,13,0.021885521885521883,0.0003003845468023774,0.3747316328074755,0.02458876535966155,0.0013821137858393742,-0.08442037517513078,-0.16981792740670335,-0.031097206968825987,-0.14885657821928552,-0.1079923702005939
SOS1,14,0.02356902356902357,9.176376354682833e-05,0.3471814216771927,0.021181482666369017,0.001458807254725018,-0.037954026211945956,-0.18397594988437826,-0.13746651738787746,-0.11061841719715579,-0.1088948835622823
NPM1,12,0.0202020202020202,0.0005350805757319028,0.38500566025818544,0.026630846189499024,0.0013572323401315708,-0.1308867241383156,-0.15389031175330525,0.03265292744690024,-0.16126207690466915,-0.11000476127829055
JAK3,12,0.0202020202020202,5.869797261976864e-05,0.36325244732324374,0.02905731422461098,0.0012794100440211736,-0.1308867241383156,-0.18621995550971404,0.10840294729609572,-0.2000630534808931,-0.11069736356279843
FANCB,16,0.026936026936026935,0.000248350021290222,0.31169266654079736,0.01622351665878196,0.0013426812770938729,0.054978671714423694,-0.17334924375169963,-0.29224540507638874,-0.16851700877257433,-0.11624725860766924
FAAP24,16,0.026936026936026935,0.000248350021290222,0.31169266654079736,0.01622351665878196,0.0013426812770938729,0.054978671714423694,-0.17334924375169963,-0.29224540507638874,-0.16851700877257433,-0.11624725860766924
MMP3,11,0.018518518518518517,4.883726447807391e-05,0.351064371788056,0.032255314328335255,0.0011811888778480693,-0.17735307310150042,-0.18688915119260482,0.20823882719618508,-0.2490345868132648,-0.11695501530709229
IKBKG,15,0.025252525252525252,0.00030786452663986895,0.3228178131384423,0.01029710249415764,0.0018195718225402153,0.00851232275123887,-0.16931029954231153,-0.47725752314623676,0.06925313947693283,-0.12094913865650506
IRF3,13,0.021885521885521883,0.003442295932599013,0.3222329982595683,0.00987435264084647,0.0016277925295748528,-0.08442037517513078,0.043407482491609195,-0.4904550222750839,-0.026365008869626373,-0.12205926691733553
NFKBIA,10,0.016835016835016835,0.003458909090130017,0.3903568728001793,0.02338871708885213,0.001261964357052681,-0.22381942206468525,0.04453493227910709,-0.06856058131309668,-0.20876119945258692,-0.1226674208059998
FLT1,13,0.021885521885521883,0.00041241482502592166,0.347860394470564,0.0189628223125926,0.0015678036960266122,-0.08442037517513078,-0.1622150070623473,-0.2067291507319975,-0.05627450064353081,-0.12270161335198826
CD36,9,0.01515151515151515,0.0037871354570799065,0.3343470207505295,0.021396022982587394,0.0014388672875298803,-0.27028577102787005,0.06680997222730697,-0.13076894998668773,-0.1205601721791943,-0.12816335123610417
HMGB1,10,0.016835016835016835,9.112671007963143e-05,0.38500566025818544,0.03459007986306923,0.0010748675550093794,-0.22381942206468525,-0.1840191834355485,0.2811260579530312,-0.30204473124751513,-0.12852532824042376
SNAI2,11,0.018518518518518517,7.799646702033746e-05,0.386679597911482,0.029329016064573197,0.0012402951867900361,-0.17735307310150042,-0.1849102656828196,0.1168849958837464,-0.21956510796993997,-0.12883716442346876
FGF10,13,0.021885521885521883,0.00015467502331764814,0.34899793663691636,0.020992066231630684,0.0014166161974052199,-0.08442037517513078,-0.17970648537545128,-0.14337976185826282,-0.13165421681516395,-0.12948054838984396
XRCC4,14,0.02356902356902357,0.0016609545850338181,0.31389285006932066,0.014853983078182519,0.0013641620299746438,-0.037954026211945956,-0.077483017705326,-0.33499980959083386,-0.1578070422074129,-0.13121603396016193
FADD,14,0.02356902356902357,0.0008720259220604198,0.3226226391280805,0.009832669837289185,0.0017662382363564546,-0.037954026211945956,-0.13102355939707655,-0.49175628532538784,0.042661849683754374,-0.13585868615177693
MAVS,15,0.025252525252525252,0.0007454358489146435,0.28550981547236226,0.004185822181071213,0.001905172385344952,0.00851232275123887,-0.13961457834101842,-0.6680408338354853,0.11193223786265154,-0.14314605081688775
SYK,6,0.0101010101010101,0.011124571149565362,0.32106970223697057,0.007896636371954494,0.0013724306624033752,-0.40968481791742456,0.5647640966514851,-0.5521958094838187,-0.15368443173175322,-0.1433747103513417
JAK1,11,0.018518518518518517,0.00022484568946062145,0.39064263917851033,0.02723666310233141,0.001199655549918956,-0.17735307310150042,-0.17494436219183404,0.051565454835670925,-0.23982739367870554,-0.14346205390209057
ERCC3,12,0.0202020202020202,0.0018044282530726816,0.37394382979526636,0.020654240456819576,0.0011727835144305502,-0.1308867241383156,-0.0677461957772803,-0.15392608217949075,-0.2532253692159731,-0.14417719267182333
AKT2,11,0.018518518518518517,4.4807670730444763e-05,0.3771150848889364,0.027045426250952017,0.0012078896242779733,-0.17735307310150042,-0.18716261905119755,0.04559538019291217,-0.23572201331473006,-0.1468895569726881
PDGFB,11,0.018518518518518517,5.1953776090063704e-05,0.36300533681486064,0.027017199113918165,0.0011552918260902426,-0.17735307310150042,-0.1866776495350713,0.04471417913868045,-0.261946450750346,-0.1521894422916261
TRADD,14,0.02356902356902357,0.0006285583506838783,0.3183877357505042,0.007623348203777182,0.0017811068270888579,-0.037954026211945956,-0.14754645464434243,-0.5607273804191955,0.05007509588136124,-0.15230097974283352
TLR3,14,0.02356902356902357,5.2222467149126825e-05,0.32242770097754986,0.010275746336275498,0.0017025964230607915,-0.037954026211945956,-0.186659414851094,-0.47792422444213917,0.010931039487015248,-0.15334739987797938
ERCC5,14,0.02356902356902357,0.00012568555636532753,0.31876812731054066,0.01663286953614283,0.0012790471348435983,-0.037954026211945956,-0.1816738518013745,-0.2794661357282226,-0.2002439943063658,-0.15464439813144237
CYP19A1,5,0.008417508417508417,0.01242428634395749,0.32757387668376003,0.008664605117310608,0.001107345683577555,-0.45615116688060936,0.6529691002452003,-0.52822119005241,-0.28585164560499304,-0.15922520047839384
FGF7,9,0.01515151515151515,0.0024485711269983577,0.3533893014025464,0.017383635667830282,0.0015966930944216063,-0.27028577102787005,-0.024031522936163667,-0.2560285513238584,-0.04187069959356912,-0.16018775077728092
HMOX1,10,0.016835016835016835,3.795763206631666e-05,0.35292185523667,0.028784923389314557,0.001107596724130052,-0.22381942206468525,-0.18762749603932039,0.09989938949856184,-0.28572648072186885,-0.16240908997713133
IL33,10,0.016835016835016835,0.0,0.3304135263887586,0.02945845761969919,0.001055111173766322,-0.22381942206468525,-0.1902034858309795,0.12092593119722247,-0.31189495315249954,-0.16408147357144015
MAP2K1,11,0.018518518518518517,0.00033061647130976795,0.3487698334103563,0.022974225446184486,0.0012313472497953743,-0.17735307310150042,-0.16776624175947472,-0.0815002737817638,-0.22402640905058255,-0.1651204725918631
GATA3,9,0.01515151515151515,0.001737003385587569,0.38500566025818544,0.019247110517929152,0.0015199105728363456,-0.27028577102787005,-0.07232197569005698,-0.19785417818526765,-0.08015326089536909,-0.1682820015983961
FGFR1,12,0.0202020202020202,0.0001056993844024955,0.3392357565911285,0.020030006695026373,0.0012582623609330656,-0.1308867241383156,-0.18303021077710432,-0.17341355086324425,-0.21060695667001345,-0.16837200764933807
AXIN1,10,0.016835016835016835,0.0006098808679518311,0.3747316328074755,0.022156284577100553,0.001296062077986577,-0.22381942206468525,-0.1488139995946592,-0.10703493410780324,-0.19176061045195011,-0.1752994065332553
CDK1,10,0.016835016835016835,0.0013455308608839825,0.37872096885581624,0.016018148052361313,0.0015344269086024836,-0.22381942206468525,-0.09888920795548418,-0.2986566479972327,-0.07291564350053524,-0.17737355801106447
CXCL12,10,0.016835016835016835,8.826391244457084e-06,0.3612849323749797,0.025803169683463842,0.0011018345483387371,-0.22381942206468525,-0.18960448393056625,0.0068143378369674565,-0.28859941121970106,-0.1820949333818281
NTRK1,11,0.018518518518518517,0.000105426109491961,0.351064371788056,0.021517921322164225,0.0011710465773959687,-0.17735307310150042,-0.18304875654356897,-0.12696350045720203,-0.2540913787860013,-0.18404674057005807
SERPINE1,10,0.016835016835016835,0.0005544175815357335,0.33020906257292393,0.021225406065082303,0.0012740535093913197,-0.22381942206468525,-0.1525780083550086,-0.1360953069386856,-0.20273373765613067,-0.18424710873035524
TANK,13,0.021885521885521883,0.00022025859653222206,0.3218442974172769,0.008685405268757171,0.0016176475893917382,-0.08442037517513078,-0.1752556646602363,-0.5275718462893173,-0.03142311697085515,-0.18516004012838932
ANXA2,9,0.01515151515151515,0.002246814140378754,0.39207777010862976,0.018891315354412345,0.0012714359798112185,-0.27028577102787005,-0.03772373474273747,-0.20896147088751926,-0.2040387968615415,-0.18663100709525104
MEN1,9,0.01515151515151515,0.002798184405430687,0.37872096885581624,0.0199070929150616,0.0010662041819402314,-0.27028577102787005,-0.0003050630058735197,-0.1772507006370477,-0.30636415321689836,-0.1913992563820121
NLRP3,10,0.016835016835016835,3.2223582196523094e-05,0.34031750326393184,0.023870417703772278,0.0011154527968466974,-0.22381942206468525,-0.18801663659223067,-0.0535227441713899,-0.28180956604966156,-0.1924074189149078
IGF2,9,0.01515151515151515,0.0016792947870393508,0.3817008906422354,0.017741060505850708,0.0013511615794694807,-0.27028577102787005,-0.07623836226789836,-0.24487038307978606,-0.16428886298041628,-0.19549145963876957
CDK6,9,0.01515151515151515,2.3924347428960062e-05,0.3827961586211227,0.025853189566941995,0.0010644750196358386,-0.27028577102787005,-0.1885798630865092,0.008375869706127134,-0.30722628642836336,-0.20151506897582908
NOD2,9,0.01515151515151515,4.8979792333392324e-05,0.3398839777820669,0.02568953326202453,0.0010341999342355095,-0.27028577102787005,-0.18687947855813475,0.003266810709035532,-0.32232096929142023,-0.20513072121576514
FAS,9,0.01515151515151515,1.0305984261511187e-05,0.388651016109137,0.025607831456371705,0.0010383316050902452,-0.27028577102787005,-0.1895040715417986,0.0007162255332324208,-0.32026098298842226,-0.20588498923624216
IGHV3-16,9,0.01515151515151515,0.0016760342030533828,0.3559825517797499,0.016385922556453037,0.0013146607221984504,-0.27028577102787005,-0.07645964137846106,-0.2871753815713633,-0.18248761807723643,-0.2076475301340897
NF2,9,0.01515151515151515,0.00012740113152764313,0.386679597911482,0.024284213113894944,0.0010595132648404213,-0.27028577102787005,-0.18155742451483492,-0.04060478684546463,-0.3097001395683535,-0.21005036127122687
CCN2,9,0.01515151515151515,4.195329549458019e-05,0.35693501345675255,0.024147439101039125,0.0010527868118641456,-0.27028577102787005,-0.18735633085746367,-0.044874628458360405,-0.313053843550607,-0.21302479697591392
IRF4,9,0.01515151515151515,0.0,0.347860394470564,0.024669215509425912,0.0009808425935383656,-0.27028577102787005,-0.1902034858309795,-0.028585696265475594,-0.34892410271249746,-0.21765285111309401
FANCA,11,0.018518518518518517,0.0002361354315804272,0.33966762897380337,0.017922132758546448,0.0010315277041299301,-0.17735307310150042,-0.17417818530281542,-0.23921762914387526,-0.3236533013211226,-0.21819230800422856
TGFBR2,10,0.016835016835016835,0.0016978296083623539,0.33020906257292393,0.013080890481769723,0.001245954218352671,-0.22381942206468525,-0.07498049901565797,-0.3903526093925151,-0.21674360356721167,-0.21850116506849968
JUP,6,0.0101010101010101,0.006325833126181414,0.3458313967063157,0.011105529055966823,0.0012315799984118296,-0.40968481791742456,0.23909836124716738,-0.4520198825849273,-0.22391036423994862,-0.2188011453242819
TRAF2,11,0.018518518518518517,0.0010290077704493863,0.3181978802133841,0.005815926467789209,0.0015560583091848777,-0.17735307310150042,-0.12037000655639224,-0.6171518749502513,-0.06213056635352137,-0.22802256548537772
NQO1,3,0.00505050505050505,0.011011804384485667,0.3742060624949825,0.010358965040442604,0.0008555645188865503,-0.549083864806979,0.5571111947218758,-0.4753262843904823,-0.4113857863562687,-0.23024396815132392
CENPX,13,0.021885521885521883,4.341628849779496e-07,0.2776367560446645,0.009560863316739762,0.0011432303306472434,-0.08442037517513078,-0.1901740214229346,-0.5002416018549375,-0.26796012325230034,-0.23073098168847697
PDCD1,9,0.01515151515151515,2.801370749051535e-05,0.35717392578169016,0.02158834463309747,0.0010331837056591975,-0.27028577102787005,-0.1883023391947506,-0.12476500984292398,-0.322827644924964,-0.23119413561201974
PMS1,10,0.016835016835016835,0.0008915626041242856,0.3682662837252209,0.016856182155976448,0.000997063004609005,-0.22381942206468525,-0.1296977049952139,-0.27249471259789815,-0.3408368600909768,-0.2334275385092183
FBXW7,8,0.013468013468013467,1.7503120615531826e-05,0.3836217434348275,0.024942426590954764,0.0009585276654648475,-0.3167521199910549,-0.18901563881383643,-0.020056531838269026,-0.3600499759487797,-0.23413845325773808
FOXA1,6,0.0101010101010101,0.003102866779089376,0.36449306360508543,0.0150997476748636,0.0013528027574698093,-0.40968481791742456,0.02037216688222933,-0.32732747564394865,-0.1634705973633516,-0.2364562591520013
S100B,3,0.00505050505050505,0.011097343433479404,0.37031078772924714,0.008935736657196982,0.0008597695472612721,-0.549083864806979,0.5629162912202855,-0.5197569452196162,-0.4092892251440618,-0.23725951395010692
CASP10,10,0.016835016835016835,0.0007638119457214057,0.365241509320907,0.011561270529354939,0.001304405439262515,-0.22381942206468525,-0.1383674869075471,-0.4377924437084624,-0.1876007413448319,-0.23800730646018547
RUNX1,9,0.01515151515151515,2.4926205478518377e-05,0.3773817857976273,0.020615257425807748,0.0010234500656254978,-0.27028577102787005,-0.18851187211953196,-0.15514306312883655,-0.32768068522093796,-0.2382927375595924
SMARCB1,9,0.01515151515151515,3.0816622089744014e-05,0.374468663240593,0.019715991037333173,0.0010401938415028884,-0.27028577102787005,-0.18811211975793507,-0.18321656164229227,-0.31933250111320416,-0.24213786235033757
TNFAIP3,8,0.013468013468013467,4.362675949181554e-05,0.3817008906422354,0.023304745089039958,0.0009605855742850597,-0.3167521199910549,-0.18724276143969662,-0.07118203791607032,-0.3590239348793182,-0.24371512691587108
ITGA2,3,0.00505050505050505,0.011011804384485667,0.22141819299495646,7.779729506155235e-05,0.0013523267740913382,-0.549083864806979,0.5571111947218758,-0.7962860701844829,-0.16370791521237177,-0.24490035108134467
NCOR1,9,0.01515151515151515,0.0010968877201959083,0.36624423137806805,0.011946837953065045,0.0013159648443037812,-0.27028577102787005,-0.11576334254479435,-0.4257557139528626,-0.1818374032443344,-0.2450594789353925
PGR,8,0.013468013468013467,0.0002776643100991294,0.3872408164860995,0.020476591097798362,0.0010531803852544147,-0.3167521199910549,-0.17135983333248375,-0.15947197945789152,-0.3128576140295043,-0.24816911902746933
GLI1,3,0.00505050505050505,0.011023068442800323,0.33330283892432544,0.005656654929075865,0.0009461218630667724,-0.549083864806979,0.5578756285827792,-0.6221240493388543,-0.36623531449975394,-0.25038231830446955
CCNE1,8,0.013468013468013467,9.729873620252692e-05,0.3900715242089511,0.021352422494642847,0.0009857146181800971,-0.3167521199910549,-0.18360031968085866,-0.13213007973554167,-0.34649498762015374,-0.25248833538822296
SP1,8,0.013468013468013467,3.298945537196142e-05,0.3747316328074755,0.01960151439686548,0.0010644107493912904,-0.3167521199910549,-0.18796466070821907,-0.18679031891509187,-0.3072583305645287,-0.2566641370698481
FAAP20,12,0.0202020202020202,0.0,0.27662926133636345,0.00823671320788433,0.001078763831494622,-0.1308867241383156,-0.1902034858309795,-0.541579215034946,-0.30010210888613,-0.26169748969037054
YAP1,7,0.011784511784511785,0.0004161061325833013,0.3878036665100619,0.019698435491996312,0.0010880411418406914,-0.3632184689542397,-0.16196449695231008,-0.1837646145688042,-0.29547658741709554,-0.26346582876924135
COL1A2,10,0.016835016835016835,0.00015613099496612187,0.30898543434733355,0.0062344614186348474,0.001481126837245146,-0.22381942206468525,-0.17960767604780772,-0.6040859575858477,-0.09949022332677632,-0.2639539529171166
LAMC2,7,0.011784511784511785,0.004563822941059862,0.3351870886418625,0.006425757669046685,0.0011563927058469065,-0.3632184689542397,0.11951976788964537,-0.5981140286108573,-0.261397569365621,-0.2691488417568682
SPP1,7,0.011784511784511785,0.001979679138940208,0.34493719787837435,0.012169325943240704,0.0011964953709189016,-0.3632184689542397,-0.05585281707058867,-0.4188100342949659,-0.24140300937608672,-0.2731322771358416
SHC2,9,0.01515151515151515,2.1670555211482882e-05,0.33966762897380337,0.014493649450112221,0.0010474410338876916,-0.27028577102787005,-0.18873281640389736,-0.34624878509089574,-0.31571916462712524,-0.274176813904333
SHH,7,0.011784511784511785,0.0014375495595716947,0.34118788051013116,0.009814833980958063,0.0013896961776021424,-0.3632184689542397,-0.092644370868514,-0.49231308906298477,-0.1450761165793261,-0.27776539797957456
XIAP,8,0.013468013468013467,3.1019920361902476e-05,0.3669998934785729,0.016266112093106275,0.0010553856635093322,-0.3167521199910549,-0.18809832294698473,-0.2909156513154235,-0.31175809687067196,-0.2784225723708345
COL1A1,9,0.01515151515151515,6.650471761141778e-05,0.3220385305478848,0.013092170558987338,0.001078122171249004,-0.27028577102787005,-0.1856901517703912,-0.39000046542821376,-0.3004220306232732,-0.2791070570126497
TGFA,8,0.013468013468013467,0.00033000718224440826,0.34854202816319074,0.016209400098698038,0.0009851975939359188,-0.3167521199910549,-0.16780759108310464,-0.2926860989949097,-0.346752767801289,-0.2807029131268851
VIM,7,0.011784511784511785,7.1030110500257384e-06,0.38115560365560364,0.021087877107429678,0.0008972735507537881,-0.3632184689542397,-0.18972144090460105,-0.1403887165864846,-0.39059031707068104,-0.28075263109156734
AGO2,7,0.011784511784511785,0.0004851348888518593,0.3800696902548754,0.018781708982297106,0.0009585062141761306,-0.3632184689542397,-0.15727986933465307,-0.21238318703757134,-0.3600606712249747,-0.2809352031201564
CXCL10,9,0.01515151515151515,9.73902603553149e-05,0.3212630012750422,0.009003589543918241,0.0013005487894175475,-0.27028577102787005,-0.18359410840606524,-0.517638698681197,-0.1895236064847271,-0.28193100799445564
BIRC5,7,0.011784511784511785,0.0001819777836863212,0.3836217434348275,0.020180676917474407,0.0008710659698761257,-0.3632184689542397,-0.1778535870737095,-0.16870989428258185,-0.4036570059577726,-0.2860632409504822
TGFB2,8,0.013468013468013467,0.00018450984564366598,0.34899793663691636,0.013924486711961115,0.0010952715967517798,-0.3167521199910549,-0.17768174901640993,-0.3640170342862244,-0.29187159597296486,-0.28646140530280956
APEX1,5,0.008417508417508417,0.0029869261809273287,0.37289856402365135,0.012685579055634022,0.001162897680481258,-0.45615116688060936,0.01250387318091288,-0.40269352958725046,-0.25815429101183984,-0.28869650423280313
KDM1A,6,0.0101010101010101,0.001687047961849512,0.35861414322435825,0.007623044803163504,0.0015179762821672022,-0.40968481791742456,-0.07571219406201475,-0.560736852047165,-0.08111766789305742,-0.2906886387746468
DSG1,4,0.006734006734006734,0.004654300168634064,0.25422479519668656,0.0002757113850791721,0.0017691415989271979,-0.5026175158437942,0.12565999323883376,-0.790107544017919,0.04410942073639828,-0.2937007568919237
CBL,7,0.011784511784511785,0.0,0.36079637939002374,0.018735231478206438,0.0009039828150263364,-0.3632184689542397,-0.1902034858309795,-0.21383413211760688,-0.38724518310658484,-0.2948931986365671
IFNA1,9,0.01515151515151515,3.0427152366663122e-05,0.32106970223697057,0.009145309338281405,0.0011661720134625289,-0.27028577102787005,-0.18813855107032737,-0.5132144585590567,-0.25652175992937437,-0.2955819013250226
CEBPA,7,0.011784511784511785,2.898046991748989e-05,0.37525868151747194,0.01599988670272668,0.001036263465451123,-0.3632184689542397,-0.1882367299876616,-0.29922673487959817,-0.32129212498377163,-0.2982894186035733
EPCAM,8,0.013468013468013467,0.00035804203925759374,0.34740745124859707,0.015655566469287834,0.0008340387074294404,-0.3167521199910549,-0.16590500913725467,-0.309975800657532,-0.422118218421068,-0.2987582980969029
BIRC3,8,0.013468013468013467,3.5600524639310472e-06,0.3324721776435172,0.014582251108049202,0.0009572070004337477,-0.3167521199910549,-0.18996188333088584,-0.34348279878888033,-0.36070843882507475,-0.2991919603523817
TGFBR1,8,0.013468013468013467,2.7842179709396004e-05,0.33751919362292543,0.014013338591513842,0.0009574141717361088,-0.3167521199910549,-0.18831397990543502,-0.3612432365100477,-0.3606051464621924,-0.302311413567676
ARID1A,7,0.011784511784511785,0.0004366994413843385,0.367758680301754,0.014889166069385848,0.0009759227600644725,-0.3632184689542397,-0.16056693471356784,-0.333901459131054,-0.3513770545389079,-0.30432390054636826
HLA-A,6,0.0101010101010101,0.0,0.3789899468166513,0.021935857171454926,0.0007487256543011074,-0.40968481791742456,-0.1902034858309795,-0.1139162859786481,-0.4646539689903235,-0.3066546087226378
FLT4,8,0.013468013468013467,0.00010779957096337401,0.31519069410386596,0.010332244773915394,0.0010681517549146063,-0.3167521199910549,-0.1828876818877376,-0.47616044362543736,-0.30539312387009,-0.3128958759679091
BUB1B,7,0.011784511784511785,8.292314466905261e-05,0.36928570596390664,0.016515231116185188,0.0008440876610232072,-0.3632184689542397,-0.1845759173412868,-0.28313859813772974,-0.417107967728205,-0.31331975664249256
TNFRSF10B,7,0.011784511784511785,1.4611805492198382e-05,0.37605204025218114,0.0144804397682185,0.0009608803080545535,-0.3632184689542397,-0.18921185754078873,-0.3466611678839807,-0.35887698524331507,-0.31553705914464025
IDH2,6,0.0101010101010101,0.0017077641376520747,0.3768487606764443,0.01227180339384691,0.0009734276458137664,-0.40968481791742456,-0.07430629347010263,-0.4156108704052356,-0.35262107938057163,-0.3156126495957857
FRS2,9,0.01515151515151515,4.89709824605643e-06,0.3050988251102602,0.007825947302135339,0.001041305687823881,-0.27028577102787005,-0.18987114489178303,-0.5544025966182204,-0.31877815197146214,-0.3167039558006368
TLR2,7,0.011784511784511785,1.3879134153752828e-05,0.35789258559211606,0.015142747809144623,0.0009007411583619451,-0.3632184689542397,-0.18926158018642636,-0.32598508786954905,-0.38886142228982323,-0.31741116121246493
BID,7,0.011784511784511785,0.000728572683265612,0.36251212304201436,0.010596535182860455,0.0010373576483366515,-0.3632184689542397,-0.14075899489711624,-0.46790976674288914,-0.3207465825539868,-0.32004748271763817
NTHL1,9,0.01515151515151515,1.6863406408094436e-06,0.28218817827490483,0.010828683940289715,0.0008169101176427399,-0.27028577102787005,-0.19008904254146147,-0.4606624951000047,-0.43065826471004826,-0.32038643245713044
FLG,3,0.00505050505050505,0.0,0.005050505050505051,5.4292759870066e-42,0.00246499180189259,-0.549083864806979,-0.1902034858309795,-0.7987147634785424,0.3910494209070388,-0.3212632926544882
RECQL4,8,0.013468013468013467,0.0,0.31042341193591916,0.011532335164096429,0.0008281343253780584,-0.3167521199910549,-0.1902034858309795,-0.4386957543892374,-0.42506205073035586,-0.3311656744785328
DNMT1,6,0.0101010101010101,5.8152176931046354e-05,0.3814280522643639,0.016542322592515174,0.0008263033708355034,-0.40968481791742456,-0.18625699586354916,-0.2822928503924289,-0.42597493595565206,-0.33160749250660204
KRT5,5,0.008417508417508417,0.001285608319116419,0.37525868151747194,0.011468350536985023,0.0010295770005293962,-0.45615116688060936,-0.10295584350360862,-0.44069324073712934,-0.32462589154904514,-0.33845569574135037
ESR2,6,0.0101010101010101,0.00011131429152461112,0.3768487606764443,0.014616801260523045,0.0008585311301252524,-0.40968481791742456,-0.18264915583135813,-0.3424042044295833,-0.4099066805095284,-0.33951415221676046
PLAU,6,0.0101010101010101,0.0003164185601399717,0.3243877477920031,0.013188515706352578,0.0009122329050903872,-0.40968481791742456,-0.16872978116499873,-0.38699274114762006,-0.3831318175632081,-0.3395970433045139
PIK3CG,6,0.0101010101010101,6.119286416831673e-05,0.3566964205333189,0.014626890359080531,0.0008429183708793817,-0.40968481791742456,-0.1860506400174007,-0.34208924070249885,-0.4176909574592844,-0.3418583859078054
EXT1,2,0.003367003367003367,1.6863406408094435e-05,0.003367003367003367,3.0465324745986086e-46,0.0023955362949801004,-0.5955502137701638,-0.18905905293579903,-0.7987147634785424,0.3564199942324741,-0.34416629190272074
HSPB1,5,0.008417508417508417,1.1497777096428025e-05,0.38445089705896623,0.01831512197873609,0.0007409022392134744,-0.45615116688060936,-0.18942319067517463,-0.22694920409185862,-0.4685546010807813,-0.3461094671115349
AXL,7,0.011784511784511785,4.104174866898445e-06,0.3379467036845124,0.011148334620085007,0.0008599961581753292,-0.3632184689542397,-0.18992495653437208,-0.4506835689452305,-0.4091762404956036,-0.34657966515574373
PRF1,6,0.0101010101010101,0.0,0.3183877357505042,0.015809743270363837,0.000730181059939546,-0.40968481791742456,-0.1902034858309795,-0.3051626749238341,-0.47390001295718076,-0.3467530953050464
HSPA5,5,0.008417508417508417,0.0,0.37368196436823886,0.019240101920143124,0.0006732917350156685,-0.45615116688060936,-0.1902034858309795,-0.19807297415279096,-0.5022641383317038,-0.34727120236285713
SDHD,7,0.011784511784511785,0.0008955090707807853,0.29530594638508306,0.004384273225309893,0.001086388521710937,-0.3632184689542397,-0.12942987854591104,-0.66184554491239,-0.2963005579004777,-0.3511131543330352
SDHB,7,0.011784511784511785,0.0008955090707807853,0.29530594638508306,0.004384273225309893,0.001086388521710937,-0.3632184689542397,-0.12942987854591104,-0.66184554491239,-0.2963005579004777,-0.3511131543330352
CDKN2B,6,0.0101010101010101,0.0,0.36251212304201436,0.014038151710949234,0.0007922021523214813,-0.40968481791742456,-0.1902034858309795,-0.36046861501800537,-0.4429772687948972,-0.35162973449142393
IGFBP3,5,0.008417508417508417,1.615895201557738e-05,0.384174114555684,0.01791189622115644,0.0007087042996588068,-0.45615116688060936,-0.1891068606420501,-0.23953719564928952,-0.48460798887457096,-0.3517586604734979
BMPR1A,7,0.011784511784511785,1.6030329544740004e-05,0.3295971866076869,0.011354163386636317,0.0007877813730557243,-0.3632184689542397,-0.18911558958940058,-0.4442579606428826,-0.44518140001837025,-0.35229323366358456
LAMB3,7,0.011784511784511785,0.0005025827191667083,0.2824869481830837,0.0017902389459693926,0.0012597070555361656,-0.3632184689542397,-0.15609577458661592,-0.7428266851154054,-0.20988665459391995,-0.356693075722503
NOTCH3,5,0.008417508417508417,7.088033121848746e-05,0.3789899468166513,0.015945145965854148,0.0007629682666515842,-0.45615116688060936,-0.18539320131878342,-0.3009356434020476,-0.45755282579851714,-0.35769890257802206
IDH1,5,0.008417508417508417,2.7875056517926126e-06,0.37791632090498944,0.01709635453292619,0.0006998452183327818,-0.45615116688060936,-0.1900143121203891,-0.2649969578127905,-0.48902498791210036,-0.3579608755832887
ERCC6,6,0.0101010101010101,6.308164202734131e-05,0.3664957727457727,0.014693741815786856,0.0006769075348641406,-0.40968481791742456,-0.1859224583522468,-0.34000225702945075,-0.5004613572234998,-0.3579630237097504
COL3A1,7,0.011784511784511785,5.308472101784977e-05,0.30773808830325555,0.005151976185522464,0.0011056400429093228,-0.3632184689542397,-0.18660089810379615,-0.6378792228208215,-0.2867020512974909,-0.3586929434835955
AURKA,5,0.008417508417508417,0.0003860166651841219,0.3814280522643639,0.014207856512665804,0.00080118626529033,-0.45615116688060936,-0.16400651476631192,-0.3551707326999551,-0.43849793094076933,-0.35938826982793615
RAD51B,7,0.011784511784511785,1.419478653880003e-06,0.30952311201731153,0.0103799997504055,0.0007602555365462727,-0.3632184689542397,-0.19010715309569495,-0.4746696181273563,-0.4589053504930403,-0.361368246131987
TRAF5,8,0.013468013468013467,0.0,0.2427742698443335,0.0016545935613519476,0.0011151587836714478,-0.3167521199910549,-0.1902034858309795,-0.7470612929604451,-0.28195615640867355,-0.3642176033284379
TMEM127,3,0.00505050505050505,0.003102866779089376,0.24036839870173204,0.0001275930804237636,0.0014972209843262974,-0.549083864806979,0.02037216688222933,-0.7947315342602461,-0.09146593395057749,-0.36432580460405006
GNAS,5,0.008417508417508417,6.137954752778797e-05,0.37818415671002487,0.015228125895871648,0.0007422025953915743,-0.45615116688060936,-0.18603797077535128,-0.3233197357319265,-0.46790626388014633,-0.3644076010244657
PIK3CD,6,0.0101010101010101,0.00015083912785226572,0.3494550393699051,0.010786958719449244,0.0008381481832585832,-0.40968481791742456,-0.17996680792516756,-0.4619650823425075,-0.42006929820980965,-0.36478826436285394
ITGA10,7,0.011784511784511785,0.00019018731860488472,0.3007992362558315,0.003593521424461684,0.00111512917058092,-0.3632184689542397,-0.17729644804808375,-0.6865314108472674,-0.2819709210312734,-0.365151042521713
RASA1,2,0.003367003367003367,0.0,0.003787878787878788,5.46683323944369e-45,0.002181924833829035,-0.5955502137701638,-0.1902034858309795,-0.7987147634785424,0.24991666915995517,-0.36575306514101963
RRAS2,2,0.003367003367003367,0.0,0.003787878787878788,5.46683323944369e-45,0.002181924833829035,-0.5955502137701638,-0.1902034858309795,-0.7987147634785424,0.24991666915995517,-0.36575306514101963
BMI1,4,0.006734006734006734,0.001551433389544688,0.35741315814992974,0.0069289914856865255,0.0011569044419237867,-0.5026175158437942,-0.08491565947437509,-0.582403963179274,-0.2611424257817814,-0.36585432320613276
BAX,5,0.008417508417508417,0.0,0.36725247427243296,0.015725329332780195,0.0006830375653337081,-0.45615116688060936,-0.1902034858309795,-0.3077979280386416,-0.4974050201511033,-0.36824436950390715
INSR,6,0.0101010101010101,1.6912074247656034e-05,0.3379467036845124,0.009952037853779128,0.000876459357486276,-0.40968481791742456,-0.18905575009916067,-0.48802982798590133,-0.400967947464419,-0.3684531788859528
LOX,6,0.0101010101010101,0.00011700472984465131,0.34382593113263216,0.00898643601842664,0.0009122021656483102,-0.40968481791742456,-0.18226297497063218,-0.5181742012625911,-0.38314714376702896,-0.3692196990196806
KLF4,5,0.008417508417508417,2.0290194876049455e-06,0.3726381599984952,0.013495182872387232,0.0007980122012602273,-0.45615116688060936,-0.19006578668583746,-0.37741913721875164,-0.44008046949641333,-0.37066927642270564
MAX,3,0.00505050505050505,0.004654300168634064,0.32106970223697057,0.005142675365607436,0.0008482554194962288,-0.549083864806979,0.12565999323883376,-0.6381695778895808,-0.4150299887045886,-0.37140426769156815
SLC2A1,4,0.006734006734006734,0.0,0.3803405881096544,0.018865477398820232,0.0005998246955982007,-0.5026175158437942,-0.1902034858309795,-0.2097680859430829,-0.5388936522118635,-0.3731993496340621
TP63,5,0.008417508417508417,0.0005757843236602383,0.35885530942693017,0.009110084570868909,0.0009329717491994081,-0.45615116688060936,-0.15112795716378633,-0.5143141131978438,-0.3727917550784085,-0.37485607135441035
BMP4,6,0.0101010101010101,1.7671361482146297e-05,0.32919052752488903,0.00872349632148297,0.0008558831324699022,-0.40968481791742456,-0.18900422116917984,-0.5263827113168789,-0.4112269306195147,-0.37816266995067227
PROM1,4,0.006734006734006734,0.001551433389544688,0.3390202319681354,0.008834299191444064,0.00090323972914438,-0.5026175158437942,-0.08491565947437509,-0.52292364263044,-0.3876156740756384,-0.3792529087551374
AKT3,5,0.008417508417508417,0.0006307338087144905,0.36624423137806805,0.011372677465623527,0.000730503007183016,-0.45615116688060936,-0.147398817466416,-0.44367998399926856,-0.4737394951097642,-0.37998650859662386
ELN,6,0.0101010101010101,4.942541982289552e-05,0.31096611020853443,0.007211518957240063,0.000913897992961337,-0.40968481791742456,-0.18684923610618626,-0.5735839576121551,-0.38230163085956176,-0.3812791129919885
MC1R,6,0.0101010101010101,0.0005957336266511548,0.2981105279987961,0.005211905611166405,0.0009392195959026797,-0.40968481791742456,-0.14977410029606783,-0.636008332656027,-0.3696766766792621,-0.3819702132121734
CDK12,5,0.008417508417508417,3.962391296621978e-05,0.3667476598748076,0.014545825294413851,0.0006122554544105178,-0.45615116688060936,-0.1875144141015249,-0.3446199479563012,-0.5326958707840682,-0.3819946756816684
RASSF1,5,0.008417508417508417,0.0006309418667081925,0.32498041724594706,0.008212609126781026,0.0009035799980823178,-0.45615116688060936,-0.1473846976375786,-0.5423317016103307,-0.38744602131864686,-0.3824546274034034
ETS1,5,0.008417508417508417,0.0,0.3669998934785729,0.012805241969585207,0.0007068465307693084,-0.45615116688060936,-0.1902034858309795,-0.3989578660731022,-0.48553424331280043,-0.3841022017431387
KEAP1,4,0.006734006734006734,0.0,0.3797991780198186,0.01706114906295077,0.0006015569054371045,-0.5026175158437942,-0.1902034858309795,-0.2660960100198867,-0.5380299995474771,-0.3842922039165456
CTSB,5,0.008417508417508417,0.001551433389544688,0.2847480496893517,0.001584382611195676,0.0011105377460235905,-0.45615116688060936,-0.08491565947437509,-0.7492531540486638,-0.28426013332138256,-0.38758448075081636
TET2,5,0.008417508417508417,0.00013684001664298866,0.36424426287907513,0.010835211888580802,0.0007709863050751606,-0.45615116688060936,-0.18091685579707895,-0.46045870415552537,-0.4535551575644789,-0.3876848947014839
XPC,7,0.011784511784511785,0.0,0.2795274201769749,0.005920127474975597,0.0007646547808659212,-0.3632184689542397,-0.1902034858309795,-0.6138989046871128,-0.456711956256026,-0.38879950778035655
MAP3K1,5,0.008417508417508417,4.0518508595594724e-05,0.3639958015810676,0.011487565450940481,0.000726684016826352,-0.45615116688060936,-0.1874537024848227,-0.4400933852712982,-0.4756435838192972,-0.3896637278475381
ZEB1,4,0.006734006734006734,6.640513631103409e-05,0.3718591255176621,0.012832329708420182,0.0007973669993969889,-0.5026175158437942,-0.18569690984246434,-0.3981122350057535,-0.44040215702856916,-0.3900432364128086
TCF7L2,5,0.008417508417508417,6.767551255880004e-05,0.3298008931507077,0.010330278039132931,0.0007886626408079636,-0.45615116688060936,-0.1856106959226894,-0.47622184159015557,-0.44474201373550454,-0.39024835345401765
GSTP1,4,0.006734006734006734,0.001646345034017232,0.34118788051013116,0.006090473699253884,0.0009478926815488919,-0.5026175158437942,-0.07847449299582088,-0.6085809982965923,-0.36535241217124914,-0.3903214358878515
POT1,6,0.0101010101010101,8.965128340294755e-07,0.30827142987743794,0.009977610374354113,0.0006470380581252877,-0.40968481791742456,-0.19014264410343137,-0.48723149933985355,-0.5153538099679449,-0.39144240915851614
RAD54L,6,0.0101010101010101,2.4090580582992047e-06,0.3084496214554018,0.009427714018846726,0.0006672385054052192,-0.40968481791742456,-0.19003999541738228,-0.5043982863083714,-0.5052821836999921,-0.39283577912711687
ITCH,4,0.006734006734006734,2.9281530094167685e-05,0.37525868151747194,0.014031744979398977,0.0006925253627265788,-0.5026175158437942,-0.18821629857770322,-0.3606686217912568,-0.49267455314099984,-0.3936388401762051
MITF,5,0.008417508417508417,0.0009780428148226537,0.3201066857335603,0.0058993690493317425,0.0008624162172146061,-0.45615116688060936,-0.12382873667942657,-0.6145469458447981,-0.4079696370054823,-0.395113409148126
PHB,5,0.008417508417508417,2.8102809713179856e-06,0.361040490607473,0.0096937124155933,0.0007823817418394911,-0.45615116688060936,-0.1900127664762747,-0.496094289082017,-0.44787357147581613,-0.39594967213884863
DNMT3A,5,0.008417508417508417,2.1079258010118043e-06,0.3581327819582853,0.008044208682731976,0.0008223205035517301,-0.45615116688060936,-0.19006043171908193,-0.5475888642000454,-0.42796073113142874,-0.4022779354042786
VEGFC,5,0.008417508417508417,6.841099597061138e-05,0.33624312861867994,0.009025140449137084,0.0007365889395999409,-0.45615116688060936,-0.18556078243605648,-0.5169659177195388,-0.47070514463495167,-0.4035773164881255
MMP13,4,0.006734006734006734,0.0,0.3255752563257139,0.01420748098847985,0.0005757263230036502,-0.5026175158437942,-0.1902034858309795,-0.3551824558976763,-0.5509087229216745,-0.404685237766943
BMP6,3,0.00505050505050505,0.0015654460772504617,0.3155634802589267,0.004594857389379028,0.0010066693248110881,-0.549083864806979,-0.08396469023528463,-0.6552714815506087,-0.33604729946665424,-0.4114342814447164
TYMS,4,0.006734006734006734,0.0004736492941377746,0.3566964205333189,0.0075818732086838396,0.0008315131033119786,-0.5026175158437942,-0.15805933773465558,-0.5620221560585625,-0.42337744503221086,-0.4125108851971465
IRF1,4,0.006734006734006734,0.0,0.3465050942323669,0.012635269272983028,0.000589537310472578,-0.5026175158437942,-0.1902034858309795,-0.4042641115933908,-0.5440227811278703,-0.4131243805473251
TSC1,5,0.008417508417508417,0.0,0.3222329982595683,0.00858718160956389,0.000679683660645738,-0.45615116688060936,-0.1902034858309795,-0.5306382143707781,-0.49907722443883357,-0.4131468676278805
TGM1,3,0.00505050505050505,0.0,0.20068365743431557,7.179283696705941e-06,0.0015353165220286552,-0.549083864806979,-0.1902034858309795,-0.798490639000223,-0.07247209619550823,-0.4139227711793338
WWOX,4,0.006734006734006734,8.247170855265885e-05,0.35909680021389306,0.011112159603648844,0.000662852225204098,-0.5026175158437942,-0.18460655399494805,-0.4518128886697979,-0.507469114230788,-0.41392416962418216
BTK,5,0.008417508417508417,2.1079258010118043e-06,0.3142625707407804,0.007474196707951179,0.000703109304248973,-0.45615116688060936,-0.19006043171908193,-0.5653836250537289,-0.4873975658556084,-0.41772425451985123
FOXP3,4,0.006734006734006734,0.0,0.34010060236956347,0.010864098149043348,0.0006501306283599197,-0.5026175158437942,-0.1902034858309795,-0.45955692643921353,-0.5138119029408885,-0.41814076787909327
KRT1,2,0.003367003367003367,0.0,0.003787878787878788,4.6400638320864667e-42,0.0016534208899665226,-0.5955502137701638,-0.1902034858309795,-0.7987147634785424,-0.013587110234593015,-0.4184538210199293
KRT10,2,0.003367003367003367,0.0,0.003787878787878788,4.6400638320864667e-42,0.0016534208899665226,-0.5955502137701638,-0.1902034858309795,-0.7987147634785424,-0.013587110234593015,-0.4184538210199293
PCNA,4,0.006734006734006734,5.621135469364811e-06,0.35982322664723204,0.00945258915206345,0.0007254934820149104,-0.5026175158437942,-0.18982200819925268,-0.5036217288562839,-0.47623716580853065,-0.41934341152810406
ENG,5,0.008417508417508417,6.799084370753848e-06,0.3073835513351642,0.006307976333866113,0.0007515142744750714,-0.45615116688060936,-0.1897420668493873,-0.601790952579642,-0.463263606697537,-0.42009933697599594
NRG1,4,0.006734006734006734,0.0,0.3392357565911285,0.01087846197380656,0.0006144958520773556,-0.5026175158437942,-0.1902034858309795,-0.45910851335683245,-0.5315788436371297,-0.4216044734018653
OGG1,3,0.00505050505050505,0.001551433389544688,0.26868975081462493,0.0005035441344172515,0.0011583239254144666,-0.549083864806979,-0.08491565947437509,-0.7829950104774307,-0.2604346935710268,-0.422094208360728
IL1RN,4,0.006734006734006734,0.0,0.34426957749538395,0.010839209122878543,0.000602381579819024,-0.5026175158437942,-0.1902034858309795,-0.46033391760445014,-0.5376188298316609,-0.42305755149029506
CTNNA1,4,0.006734006734006734,5.475238840967571e-05,0.3414061709007326,0.009626173487712511,0.0006632044474705078,-0.5026175158437942,-0.18648772207190562,-0.4982027343833898,-0.5072935017316501,-0.42363730828631235
AXIN2,4,0.006734006734006734,1.730275613521963e-05,0.32838021238021237,0.009635303541507398,0.0006537607044868562,-0.5026175158437942,-0.18902923652338252,-0.4979177103294237,-0.5120020039040962,-0.4251573825228776
VHL,4,0.006734006734006734,6.766150217184521e-06,0.3612849323749797,0.010751096626624093,0.0005773882182739828,-0.5026175158437942,-0.18974430192146038,-0.46308463314805254,-0.5500801279986355,-0.4259851582550307
CRP,3,0.00505050505050505,0.001551433389544688,0.3144477578773395,0.00416038816634275,0.0008897027306613628,-0.549083864806979,-0.08491565947437509,-0.6688348385751508,-0.39436500925725293,-0.42604823711751716
MMP14,4,0.006734006734006734,1.0253409964322997e-05,0.34206272122938786,0.009886868792716991,0.00062971221277945,-0.5026175158437942,-0.1895076394896786,-0.4900642902568137,-0.5239922047857163,-0.4261043394262536
SMARCA2,5,0.008417508417508417,0.00010286786916089564,0.3023330567239916,0.0031583897331942724,0.0008587300998120948,-0.45615116688060936,-0.18322237119281584,-0.7001154489526774,-0.4098074773435411,-0.427443086465661
KLK3,2,0.003367003367003367,0.001551433389544688,0.35622019033233987,0.006421808673218577,0.0008823385009293883,-0.5955502137701638,-0.08491565947437509,-0.5982373092426377,-0.3980366987294696,-0.42892629128257254
PTCH2,1,0.0016835016835016834,0.0,0.0016835016835016834,2.8788251885072204e-49,0.0016806722689075631,-0.6420165627333486,-0.1902034858309795,-0.7987147634785424,1.0811324055210133e-16,-0.43199962111012535
EPHB4,1,0.0016835016835016834,0.0,0.0016835016835016834,2.8788251885072204e-49,0.0016806722689075631,-0.6420165627333486,-0.1902034858309795,-0.7987147634785424,1.0811324055210133e-16,-0.43199962111012535
BCAR1,1,0.0016835016835016834,0.0,0.0016835016835016834,2.8788251885072204e-49,0.0016806722689075631,-0.6420165627333486,-0.1902034858309795,-0.7987147634785424,1.0811324055210133e-16,-0.43199962111012535
KRT2,1,0.0016835016835016834,0.0,0.0016835016835016834,2.8788251885072204e-49,0.0016806722689075631,-0.6420165627333486,-0.1902034858309795,-0.7987147634785424,1.0811324055210133e-16,-0.43199962111012535
LOR,1,0.0016835016835016834,0.0,0.0016835016835016834,2.8788251885072204e-49,0.0016806722689075631,-0.6420165627333486,-0.1902034858309795,-0.7987147634785424,1.0811324055210133e-16,-0.43199962111012535
GSTM3,1,0.0016835016835016834,0.0,0.0016835016835016834,2.8788251885072204e-49,0.0016806722689075631,-0.6420165627333486,-0.1902034858309795,-0.7987147634785424,1.0811324055210133e-16,-0.43199962111012535
ITGA5,1,0.0016835016835016834,0.0,0.0016835016835016834,2.8788251885072204e-49,0.0016806722689075631,-0.6420165627333486,-0.1902034858309795,-0.7987147634785424,1.0811324055210133e-16,-0.43199962111012535
CYP1B1,1,0.0016835016835016834,0.0,0.0016835016835016834,2.8788251885072204e-49,0.0016806722689075631,-0.6420165627333486,-0.1902034858309795,-0.7987147634785424,1.0811324055210133e-16,-0.43199962111012535
ST14,1,0.0016835016835016834,0.0,0.0016835016835016834,2.8788251885072204e-49,0.0016806722689075631,-0.6420165627333486,-0.1902034858309795,-0.7987147634785424,1.0811324055210133e-16,-0.43199962111012535
HLA-DRB1,1,0.0016835016835016834,0.0,0.0016835016835016834,2.8788251885072204e-49,0.0016806722689075631,-0.6420165627333486,-0.1902034858309795,-0.7987147634785424,1.0811324055210133e-16,-0.43199962111012535
HLA-B,1,0.0016835016835016834,0.0,0.0016835016835016834,2.8788251885072204e-49,0.0016806722689075631,-0.6420165627333486,-0.1902034858309795,-0.7987147634785424,1.0811324055210133e-16,-0.43199962111012535
SPINK5,1,0.0016835016835016834,0.0,0.0016835016835016834,2.8788251885072204e-49,0.0016806722689075631,-0.6420165627333486,-0.1902034858309795,-0.7987147634785424,1.0811324055210133e-16,-0.43199962111012535
ABCC1,1,0.0016835016835016834,0.0,0.0016835016835016834,2.8788251885072204e-49,0.0016806722689075631,-0.6420165627333486,-0.1902034858309795,-0.7987147634785424,1.0811324055210133e-16,-0.43199962111012535
TYRP1,1,0.0016835016835016834,0.0,0.0016835016835016834,2.8788251885072204e-49,0.0016806722689075631,-0.6420165627333486,-0.1902034858309795,-0.7987147634785424,1.0811324055210133e-16,-0.43199962111012535
SLC45A2,1,0.0016835016835016834,0.0,0.0016835016835016834,2.8788251885072204e-49,0.0016806722689075631,-0.6420165627333486,-0.1902034858309795,-0.7987147634785424,1.0811324055210133e-16,-0.43199962111012535
RTEL1,1,0.0016835016835016834,0.0,0.0016835016835016834,2.8788251885072204e-49,0.0016806722689075631,-0.6420165627333486,-0.1902034858309795,-0.7987147634785424,1.0811324055210133e-16,-0.43199962111012535
TINF2,1,0.0016835016835016834,0.0,0.0016835016835016834,2.8788251885072204e-49,0.0016806722689075631,-0.6420165627333486,-0.1902034858309795,-0.7987147634785424,1.0811324055210133e-16,-0.43199962111012535
ABCG2,1,0.0016835016835016834,0.0,0.0016835016835016834,2.8788251885072204e-49,0.0016806722689075631,-0.6420165627333486,-0.1902034858309795,-0.7987147634785424,1.0811324055210133e-16,-0.43199962111012535
EPHB2,1,0.0016835016835016834,0.0,0.0016835016835016834,2.8788251885072204e-49,0.0016806722689075631,-0.6420165627333486,-0.1902034858309795,-0.7987147634785424,1.0811324055210133e-16,-0.43199962111012535
GLI2,1,0.0016835016835016834,0.0,0.0016835016835016834,2.8788251885072204e-49,0.0016806722689075631,-0.6420165627333486,-0.1902034858309795,-0.7987147634785424,1.0811324055210133e-16,-0.43199962111012535
DDB2,4,0.006734006734006734,3.7320883510585156e-05,0.36325244732324374,0.009745677739356846,0.0005662059309101692,-0.5026175158437942,-0.18767070889771345,-0.4944720240244941,-0.5556554411384127,-0.43285930080233764
RAG2,4,0.006734006734006734,0.0007053978786176394,0.3148187876801446,0.006586577365451916,0.000639040324589063,-0.5026175158437942,-0.14233175001768253,-0.593093523490428,-0.519341354503533,-0.43398604364854076
RBBP8,5,0.008417508417508417,0.0,0.2798205795059492,0.0034788901773616238,0.0007564178271528348,-0.45615116688060936,-0.1902034858309795,-0.6901099946643696,-0.4608187722207917,-0.43738953324299046
TEK,4,0.006734006734006734,2.1600762124260914e-06,0.3189586641469487,0.00836056962290413,0.0006023497555286538,-0.5026175158437942,-0.1900568925381552,-0.5377126378699322,-0.5376346969238303,-0.4384998206386192
KDM6A,3,0.00505050505050505,0.0,0.35622019033233987,0.006744213034596231,0.0008507078099574427,-0.549083864806979,-0.1902034858309795,-0.588172418042578,-0.41380726527445066,-0.44012616080359324
ITGA6,4,0.006734006734006734,8.78013782363093e-05,0.31169266654079736,0.004963556336783442,0.0007810442202691279,-0.5026175158437942,-0.18424485665107762,-0.6437613556473951,-0.4485404387582751,-0.4404377035892314
WRAP53,2,0.003367003367003367,0.002303118570792394,0.35622019033233987,0.0064467797700442295,0.0006120174915864986,-0.5955502137701638,-0.0339026418537681,-0.5974577559772216,-0.532814515316834,-0.44297268954181046
FHIT,4,0.006734006734006734,1.1014974181110168e-05,0.32087663566917923,0.00587042001061029,0.0007116183988854551,-0.5026175158437942,-0.18945595603258863,-0.6154506833867863,-0.48315506469364505,-0.4430012691695614
WEE1,3,0.00505050505050505,4.409266056067739e-06,0.364991686127117,0.01096738558194139,0.000545723978132196,-0.549083864806979,-0.1899042515602722,-0.4563324763417952,-0.5658674216336437,-0.4440953951675985
KLF6,3,0.00505050505050505,0.0,0.36055259805259804,0.011335751379530558,0.0005171306319666587,-0.549083864806979,-0.1902034858309795,-0.44483275078375517,-0.5801236156841383,-0.4447214974337662
BRD4,2,0.003367003367003367,0.001551433389544688,0.3140776015996734,0.003937156367224027,0.0008652682601976384,-0.5955502137701638,-0.08491565947437509,-0.6758037386263871,-0.40654765309457275,-0.44614176803234307
MMP7,3,0.00505050505050505,2.6092278326986936e-05,0.3669998934785729,0.010956534478834087,0.0005187744946441691,-0.549083864806979,-0.1884327367364623,-0.4566712284967256,-0.5793040115291268,-0.4464825848717287
APC,4,0.006734006734006734,1.875050188709548e-05,0.31631170427850924,0.005215305380035097,0.0007053929894503459,-0.5026175158437942,-0.1889309854451479,-0.6359021979138587,-0.4862589562227052,-0.44758110773392773
GP6,3,0.00505050505050505,0.0002893717854903119,0.24080227667772794,0.0002686860842184506,0.0010826218052304437,-0.549083864806979,-0.17056530702902267,-0.7903268614257503,-0.2981785836750137,-0.4525217684598511
RARA,4,0.006734006734006734,1.8188921296933565e-05,0.3091644525595858,0.00514791086591772,0.000655066238497839,-0.5026175158437942,-0.18896909703927797,-0.6380061348741833,-0.5113510851171749,-0.4530298488034191
PALLD,2,0.003367003367003367,0.001551433389544688,0.3026760323980971,0.0024575287151589196,0.0008826915692961206,-0.5955502137701638,-0.08491565947437509,-0.7219950843978878,-0.397860664377978,-0.4536426394433243
MYCN,3,0.00505050505050505,0.0,0.35693501345675255,0.007092468102419261,0.0006771770759882775,-0.549083864806979,-0.1902034858309795,-0.577300513727976,-0.5003269682454475,-0.45525572053487223
ETV6,4,0.006734006734006734,3.2577760115102584e-05,0.29794407879276663,0.004196082577456929,0.000672108501787538,-0.5026175158437942,-0.18799260035358709,-0.667720522494626,-0.5028540798659882,-0.45702920110584755
FBLN5,2,0.003367003367003367,0.001551433389544688,0.28720013192564325,0.0017154661059106443,0.0008900424886909822,-0.5955502137701638,-0.08491565947437509,-0.7451609602991993,-0.39419561123113783,-0.45754280399421854
FH,4,0.006734006734006734,0.00021167372230521784,0.2873547900473048,0.0014778788736895469,0.0007950763750680218,-0.5026175158437942,-0.1758382760394921,-0.7525780114600785,-0.4415442264016842,-0.4587001471275535
MSR1,2,0.003367003367003367,0.001551433389544688,0.247503638737405,0.0005304876101225826,0.0009433740944287841,-0.5955502137701638,-0.08491565947437509,-0.7821538830486118,-0.3676053088572607,-0.4596233280693256
CYP1A1,3,0.00505050505050505,4.9961639081076e-05,0.24433051516384846,0.0002277754847463885,0.0010497847327633992,-0.549083864806979,-0.18681284565557146,-0.7916040176368389,-0.31455063311722153,-0.4601134942471476
COL18A1,4,0.006734006734006734,6.834789718432213e-06,0.29694927385522824,0.004687916374054801,0.0006136618610604263,-0.5026175158437942,-0.18973964371058435,-0.6523663454291635,-0.5319946584810755,-0.46022324225502187
COL17A1,4,0.006734006734006734,0.0,0.2528994526624858,0.0005000123880849468,0.0008762997582955978,-0.5026175158437942,-0.1902034858309795,-0.7831052653214687,-0.4010475211183537,-0.46029755929103733
BMP2,3,0.00505050505050505,8.227220027148771e-05,0.31575020421174266,0.00447933719715247,0.0007744455990348219,-0.549083864806979,-0.18462009359865017,-0.6588778166547679,-0.4518304078384019,-0.4604760209807392
CYLD,3,0.00505050505050505,0.0,0.35622019033233987,0.007168628540397399,0.0006083920168809228,-0.549083864806979,-0.1902034858309795,-0.5749229202031138,-0.5346221201570868,-0.4616392322122276
PAX5,2,0.003367003367003367,0.001551433389544688,0.2699129211521725,0.0005575678637899828,0.0009083156068115362,-0.5955502137701638,-0.08491565947437509,-0.7813084856548925,-0.3850849210612617,-0.4629501710313819
SDHC,2,0.003367003367003367,0.0,0.1918798436238206,3.242013075110704e-06,0.0011793853064652993,-0.5955502137701638,-0.1902034858309795,-0.7986135535918936,-0.24993381922446392,-0.46570292084057374
SDHAF2,2,0.003367003367003367,0.0,0.1918798436238206,3.242013075110704e-06,0.0011793853064652993,-0.5955502137701638,-0.1902034858309795,-0.7986135535918936,-0.24993381922446392,-0.46570292084057374
SOD2,4,0.006734006734006734,0.0,0.29143519667823325,0.002151838911449078,0.0006993419468505706,-0.5026175158437942,-0.1902034858309795,-0.7315381768118988,-0.4892759111817641,-0.4676298196018054
EXT2,1,0.0016835016835016834,0.0,0.0022446689113355778,2.1542237718937094e-46,0.0013232402558712943,-0.6420165627333486,-0.1902034858309795,-0.7987147634785424,-0.178209997116237,-0.46764162053337277
TRPS1,1,0.0016835016835016834,0.0,0.0022446689113355778,2.1542237718937094e-46,0.0013232402558712943,-0.6420165627333486,-0.1902034858309795,-0.7987147634785424,-0.178209997116237,-0.46764162053337277
ATRIP,4,0.006734006734006734,0.0,0.2796739230177385,0.0033967449250337256,0.0006210996645581394,-0.5026175158437942,-0.1902034858309795,-0.6926744234572955,-0.5282862862829085,-0.46765914395111363
H2AX,4,0.006734006734006734,0.0,0.2796739230177385,0.0033967449250337256,0.0006210996645581394,-0.5026175158437942,-0.1902034858309795,-0.6926744234572955,-0.5282862862829085,-0.46765914395111363
ADIPOQ,3,0.00505050505050505,0.0,0.32145653320352113,0.007299041334716425,0.0005026986548648143,-0.549083864806979,-0.1902034858309795,-0.5708516645280728,-0.587319173171711,-0.4713643916801443
NOTCH2,3,0.00505050505050505,1.512362710590702e-05,0.33455664270711294,0.006113544135754976,0.000563755003193933,-0.549083864806979,-0.18917712283316104,-0.6078607802687431,-0.5568774352668409,-0.4724212764978497
PTCH1,3,0.00505050505050505,6.464305789769533e-06,0.3172519887739864,0.004525651909499955,0.0006519297125423705,-0.549083864806979,-0.18976478655449364,-0.6574319536436486,-0.5129149077774086,-0.47368992160527756
RAG1,3,0.00505050505050505,0.0,0.3057981920446104,0.006227359482647417,0.0005392637944763902,-0.549083864806979,-0.1902034858309795,-0.6043076674061425,-0.5690883679078508,-0.4744094312029862
TUBB,2,0.003367003367003367,0.0,0.36424426287907513,0.010361102304728856,0.0004307885818226785,-0.5955502137701638,-0.1902034858309795,-0.4752595627977129,-0.6231724080305793,-0.47567984044296063
CSTA,2,0.003367003367003367,0.0,0.2006082124503177,7.0097875934223785e-06,0.001064638868868769,-0.5955502137701638,-0.1902034858309795,-0.7984959303673468,-0.307144593770003,-0.47712155110477217
FLG2,2,0.003367003367003367,0.0,0.2006082124503177,7.0097875934223785e-06,0.001064638868868769,-0.5955502137701638,-0.1902034858309795,-0.7984959303673468,-0.307144593770003,-0.47712155110477217
STING1,4,0.006734006734006734,0.0,0.24134683180363867,0.0008553210436913386,0.0006761211569795968,-0.5026175158437942,-0.1902034858309795,-0.7720131605315809,-0.500853432906219,-0.4780403206906328
BAP1,3,0.00505050505050505,2.4799127070727107e-07,0.3111474315555948,0.006862212705045999,0.00045844360618178066,-0.549083864806979,-0.19018665593546216,-0.5844886780347043,-0.6093840465197569,-0.47850056157720045
PKP1,3,0.00505050505050505,6.0280001688588145e-05,0.29432865147150855,0.002094436419679711,0.0007371024064623755,-0.549083864806979,-0.18611259131153993,-0.7333301805918795,-0.47044913810857353,-0.47946336425041824
BCL10,3,0.00505050505050505,0.0,0.31575020421174266,0.005524067076358788,0.000516652228382173,-0.549083864806979,-0.1902034858309795,-0.6262632064716691,-0.5803621402099282,-0.481055293476507
TOP1,2,0.003367003367003367,0.0,0.3559825517797499,0.006580938996076052,0.0006071050102183049,-0.5955502137701638,-0.1902034858309795,-0.5932695433620925,-0.5352638014986247,-0.4817001152494456
TOP2A,2,0.003367003367003367,0.0,0.3559825517797499,0.006580938996076052,0.0006071050102183049,-0.5955502137701638,-0.1902034858309795,-0.5932695433620925,-0.5352638014986247,-0.4817001152494456
SPRED1,1,0.0016835016835016834,0.0,0.0025252525252525255,3.3786887528038925e-45,0.0011794197039860905,-0.6420165627333486,-0.1902034858309795,-0.7987147634785424,-0.24991666915995536,-0.4819829549421164
SHOC2,1,0.0016835016835016834,0.0,0.0025252525252525255,3.3786887528038925e-45,0.0011794197039860905,-0.6420165627333486,-0.1902034858309795,-0.7987147634785424,-0.24991666915995536,-0.4819829549421164
GATA2,3,0.00505050505050505,7.034491101554789e-06,0.31042341193591916,0.005204487238000422,0.0005198828610794358,-0.549083864806979,-0.18972609100204332,-0.6362399210826786,-0.5787513974038427,-0.4826091391302577
LMNA,3,0.00505050505050505,9.564619379121906e-05,0.3174407169053213,0.005547474868095772,0.0004810378831110045,-0.549083864806979,-0.18371246925790222,-0.6255324568128876,-0.5981188943242487,-0.4828377402243455
KMT2A,2,0.003367003367003367,0.0,0.3559825517797499,0.006584984879960969,0.0005901347698626565,-0.5955502137701638,-0.1902034858309795,-0.5931432380573635,-0.5437248972442235,-0.4833670733376196
SETD2,2,0.003367003367003367,0.0,0.3559825517797499,0.006584984879960969,0.0005901347698626565,-0.5955502137701638,-0.1902034858309795,-0.5931432380573635,-0.5437248972442235,-0.4833670733376196
HLA-DQB1,3,0.00505050505050505,9.368559115608019e-07,0.2896948127675598,0.005458421722509475,0.0004972617684892064,-0.549083864806979,-0.19013990622569168,-0.6283125377569516,-0.590029919467455,-0.4833828206837469
KRT14,3,0.00505050505050505,3.513209668353007e-07,0.27073457388018524,0.0005618202279859937,0.0007946794672468282,-0.549083864806979,-0.19017964347899657,-0.7811757344017984,-0.44174211841776156,-0.4843078341161038
DICER1,2,0.003367003367003367,0.0,0.35741315814992974,0.008584749064722492,0.0004231443797018269,-0.5955502137701638,-0.1902034858309795,-0.53071415409772,-0.626983687345884,-0.48753301456602305
SMAD7,3,0.00505050505050505,0.0,0.2997853062459804,0.0031496878396786833,0.0005876944403754941,-0.549083864806979,-0.1902034858309795,-0.7003871066036307,-0.544941607261817,-0.4887959669132771
CEACAM5,2,0.003367003367003367,0.000775716694772344,0.2776367560446645,0.0012077104716887732,0.0007308174065741723,-0.5955502137701638,-0.1375595726526773,-0.7610121888397281,-0.4735827405031598,-0.4897514538513042
FOLH1,2,0.003367003367003367,0.000775716694772344,0.2776367560446645,0.0012077104716887732,0.0007308174065741723,-0.5955502137701638,-0.1375595726526773,-0.7610121888397281,-0.4735827405031598,-0.4897514538513042
LZTR1,3,0.00505050505050505,0.0,0.29449108450212197,0.004607692147133964,0.00048023042987288864,-0.549083864806979,-0.1902034858309795,-0.6548708032228386,-0.5985214778477942,-0.4904086803543141
CCND2,3,0.00505050505050505,1.1242270938729622e-06,0.3057981920446104,0.00316803177851352,0.000566258063402574,-0.549083864806979,-0.19012719030463412,-0.6998144414332085,-0.5556294486951444,-0.4907999282842717
ACTA2,3,0.00505050505050505,0.0,0.30012252256346744,0.0025986872131795375,0.0005993948408736031,-0.549083864806979,-0.1902034858309795,-0.7175883669500517,-0.539107971037366,-0.491069491737671
KRT7,2,0.003367003367003367,0.0,0.356458146371306,0.006894800355888065,0.0004926279436641885,-0.5955502137701638,-0.1902034858309795,-0.5834713494886841,-0.5923402718661915,-0.49115577054827736
PRKN,2,0.003367003367003367,0.0,0.3559825517797499,0.00756305886938556,0.00043941043126455336,-0.5955502137701638,-0.1902034858309795,-0.5626095062954793,-0.6188736890906582,-0.4922900853545297
WT1,2,0.003367003367003367,0.0,0.3559825517797499,0.007499990440546299,0.00044233605762848997,-0.5955502137701638,-0.1902034858309795,-0.5645783905615402,-0.6174150176598273,-0.4923921279215757
KMT2D,2,0.003367003367003367,0.0,0.356458146371306,0.007004311956151285,0.0004720504549926306,-0.5955502137701638,-0.1902034858309795,-0.5800525919474279,-0.6025998850599478,-0.49252394167877733
MTA1,2,0.003367003367003367,0.0,0.356458146371306,0.00709967823393631,0.00046352051997432275,-0.5955502137701638,-0.1902034858309795,-0.5770754262355268,-0.6068527769095093,-0.49277908690630945
TP73,2,0.003367003367003367,0.0,0.356458146371306,0.00709967823393631,0.00046352051997432275,-0.5955502137701638,-0.1902034858309795,-0.5770754262355268,-0.6068527769095093,-0.49277908690630945
CDKN1C,2,0.003367003367003367,0.0,0.35717392578169016,0.006857474100727139,0.0004767075608724384,-0.5955502137701638,-0.1902034858309795,-0.5846366088403102,-0.6002779250923431,-0.49297635306383286
PLEC,3,0.00505050505050505,0.0,0.2527796518796045,0.0003446387997482152,0.0007184650627140778,-0.549083864806979,-0.1902034858309795,-0.7879557526265715,-0.4797414254653342,-0.4932696597585687
PBRM1,3,0.00505050505050505,0.0,0.30046049837716504,0.0022041874282249675,0.0005968614117445681,-0.549083864806979,-0.1902034858309795,-0.7299039491495234,-0.540371099076582,-0.4937852337854086
PSCA,2,0.003367003367003367,0.0,0.2149951027872059,5.985030825515701e-05,0.0008731877894037619,-0.5955502137701638,-0.1902034858309795,-0.796846343218022,-0.40259910001171834,-0.4958825349232503
CDC73,2,0.003367003367003367,0.0,0.32577402021846463,0.0072655076126308445,0.00041908621303674275,-0.5955502137701638,-0.1902034858309795,-0.5718985277370014,-0.6290070256124777,-0.49617455694719803
SDHA,3,0.00505050505050505,0.0,0.2267819146272185,0.00025390376123337536,0.0006848919538720999,-0.549083864806979,-0.1902034858309795,-0.7907883392788821,-0.49648045110293115,-0.4971839822165502
ADAR,3,0.00505050505050505,1.2647554806070825e-05,0.2829362911547429,0.0019739337881438217,0.000572838576653993,-0.549083864806979,-0.18934516115959416,-0.7370920585967149,-0.5523485079713494,-0.49740375628595407
ABCA1,2,0.003367003367003367,7.997801037381224e-05,0.333094784717756,0.005940142832985885,0.00047099116128253597,-0.5955502137701638,-0.18477578849938092,-0.6132740607804021,-0.6031280322939283,-0.49791694055926866
FLCN,3,0.00505050505050505,0.0,0.29239333979060006,0.0029513114461423495,0.0004996198737132777,-0.549083864806979,-0.1902034858309795,-0.7065800650644644,-0.5888542051781507,-0.4988170781887105
ADAM17,2,0.003367003367003367,0.0,0.3234047546168758,0.006610484957358171,0.0004215932194525523,-0.5955502137701638,-0.1902034858309795,-0.5923471709585835,-0.627757071523764,-0.5000142947737717
PRKAR1A,3,0.00505050505050505,5.677914615520012e-06,0.28891058208870873,0.002240738977647815,0.0005297705405468845,-0.549083864806979,-0.1898181548898413,-0.7287628747342687,-0.5738215554615612,-0.500150777444069
HNF1A,2,0.003367003367003367,0.0,0.33267945456224757,0.005996427407846171,0.0004580687798930557,-0.5955502137701638,-0.1902034858309795,-0.6115169563796126,-0.6095709290299869,-0.5002110233592221
AREG,2,0.003367003367003367,0.0,0.33455664270711294,0.006151140388543473,0.0004282691039881466,-0.5955502137701638,-0.1902034858309795,-0.6066870920710116,-0.6244285801731142,-0.5022165807261274
CDSN,1,0.0016835016835016834,0.0,0.0030303030303030303,2.5018707873933005e-42,0.0009508554938046168,-0.6420165627333486,-0.1902034858309795,-0.7987147634785424,-0.36387520043785265,-0.5047746611976959
CRADD,3,0.00505050505050505,0.0,0.2412377238326605,0.0006880909939456191,0.0005727912066387128,-0.549083864806979,-0.1902034858309795,-0.7772337854911162,-0.5523721259181996,-0.5056514064220508
GNA11,2,0.003367003367003367,0.0,0.3025044473457172,0.0025184233206766975,0.0006075258062889318,-0.5955502137701638,-0.1902034858309795,-0.7200940630327052,-0.535053999175951,-0.5070230587190334
GNAQ,2,0.003367003367003367,0.0,0.3025044473457172,0.0025184233206766975,0.0006075258062889318,-0.5955502137701638,-0.1902034858309795,-0.7200940630327052,-0.535053999175951,-0.5070230587190334
CYP17A1,2,0.003367003367003367,0.0,0.24388384146153796,0.00022034785049391783,0.0007380693542690042,-0.5955502137701638,-0.1902034858309795,-0.7918358951781522,-0.4699670330940645,-0.5083540319317456
CDH3,2,0.003367003367003367,0.0,0.31631170427850924,0.0037952406126806368,0.0005124536593034781,-0.5955502137701638,-0.1902034858309795,-0.6802340962771027,-0.5824554809184187,-0.5085313617164064
SUFU,2,0.003367003367003367,0.0,0.3155634802589267,0.0036321969128287885,0.0005225494605261513,-0.5955502137701638,-0.1902034858309795,-0.6853240308327392,-0.5774218727323603,-0.5085426269903222
GSTM1,2,0.003367003367003367,9.861962641530061e-05,0.25374124827286976,0.00030718600313180735,0.0006950825054313209,-0.5955502137701638,-0.18351067763738074,-0.7891249623775541,-0.49139960188476856,-0.5104251570813672
DSP,2,0.003367003367003367,0.0,0.31593714927048255,0.004738020027645076,0.00042552179907887967,-0.5955502137701638,-0.1902034858309795,-0.6508021984059758,-0.625798343322752,-0.5113135546230477
MUC16,2,0.003367003367003367,0.0,0.31575020421174266,0.004585245090737469,0.0004330091748319187,-0.5955502137701638,-0.1902034858309795,-0.6555715604316646,-0.6220652551753791,-0.5115208093987109
CBLB,2,0.003367003367003367,0.0,0.24058514207296894,0.00026675841431872947,0.0006988600968870423,-0.5955502137701638,-0.1902034858309795,-0.7903870398542535,-0.4895161540181049,-0.5119740850517739
GJA1,2,0.003367003367003367,0.0,0.3097027539859809,0.0041704326630043085,0.0004511582465934296,-0.5955502137701638,-0.1902034858309795,-0.6685212672399927,-0.6130164125750577,-0.5123009822403123
LIG4,2,0.003367003367003367,0.0,0.26841943919408706,0.0005032349504371257,0.000664752652712082,-0.5955502137701638,-0.1902034858309795,-0.7830046626518228,-0.5065215908742747,-0.5138986969825217
DKC1,2,0.003367003367003367,8.115907448162468e-07,0.2844444803400027,0.0011668919563072274,0.0006186424629211437,-0.5955502137701638,-0.19014840733003405,-0.7622864703491583,-0.5295114084898513,-0.5143392524198678
MKI67,2,0.003367003367003367,0.0,0.3084496214554018,0.003675915266968421,0.00045904822790976483,-0.5955502137701638,-0.1902034858309795,-0.6839592215107411,-0.6090825916067367,-0.5146018089007978
RECQL,2,0.003367003367003367,0.0,0.30702983033247705,0.004603665940032158,0.00038684069479180683,-0.5955502137701638,-0.1902034858309795,-0.6549964942533676,-0.6450841353951946,-0.5160095722070146
HMMR,2,0.003367003367003367,1.36144259572115e-05,0.30475033987312683,0.003070401773303503,0.00047113634623796406,-0.5955502137701638,-0.18927954457395368,-0.702862276692326,-0.6030556453516721,-0.5169460453718454
CD82,2,0.003367003367003367,0.0,0.2873547900473048,0.004032809790837439,0.0004108095526334927,-0.5955502137701638,-0.1902034858309795,-0.6728176087320259,-0.6331336387103526,-0.5171836957657778
SEPTIN9,2,0.003367003367003367,1.3678096308787709e-05,0.25135084555715737,0.0004776222704081817,0.000598882409181417,-0.5955502137701638,-0.18927522359377755,-0.7838042450046536,-0.5393634614440899,-0.5203949220077504
WNT5A,2,0.003367003367003367,1.3350196739741427e-05,0.27850618221181894,0.0008619693777203137,0.0005498402157895256,-0.5955502137701638,-0.18929747645562828,-0.7718056113583086,-0.5638151300808778,-0.5228910922213017
SOX9,2,0.003367003367003367,4.215851602023609e-06,0.28720013192564325,0.0008296473775892931,0.0005438580853649547,-0.5955502137701638,-0.18991737760718438,-0.7728146467612323,-0.5667977265099322,-0.5238443938755863
BUB1,2,0.003367003367003367,0.0,0.269096240604057,0.0007941592164906529,0.0005437460558896958,-0.5955502137701638,-0.1902034858309795,-0.7739225240828098,-0.5668535826496586,-0.5241486676237959
GPC3,2,0.003367003367003367,2.1079258010118043e-06,0.2756290522302919,0.0006828095221651469,0.0005485151912447624,-0.5955502137701638,-0.19006043171908193,-0.7773986636541147,-0.5644757665423277,-0.5243325687886163
HERC2,1,0.0016835016835016834,0.0,0.3557452300785634,0.006417865469617919,0.0003490757101030037,-0.6420165627333486,-0.1902034858309795,-0.5983604090513708,-0.6639131646008227,-0.5247113831448555
KMT2C,1,0.0016835016835016834,0.0,0.3557452300785634,0.006417865469617919,0.0003490757101030037,-0.6420165627333486,-0.1902034858309795,-0.5983604090513708,-0.6639131646008227,-0.5247113831448555
RB1CC1,1,0.0016835016835016834,0.0,0.3557452300785634,0.006417865469617919,0.0003490757101030037,-0.6420165627333486,-0.1902034858309795,-0.5983604090513708,-0.6639131646008227,-0.5247113831448555
PPM1D,1,0.0016835016835016834,0.0,0.3557452300785634,0.006417865469617919,0.0003490757101030037,-0.6420165627333486,-0.1902034858309795,-0.5983604090513708,-0.6639131646008227,-0.5247113831448555
HMGA2,1,0.0016835016835016834,0.0,0.3557452300785634,0.006417865469617919,0.0003490757101030037,-0.6420165627333486,-0.1902034858309795,-0.5983604090513708,-0.6639131646008227,-0.5247113831448555
DHFR,1,0.0016835016835016834,0.0,0.3557452300785634,0.006417865469617919,0.0003490757101030037,-0.6420165627333486,-0.1902034858309795,-0.5983604090513708,-0.6639131646008227,-0.5247113831448555
SMARCE1,2,0.003367003367003367,0.0,0.29777781535594033,0.00199082963797725,0.0004560069166002829,-0.5955502137701638,-0.1902034858309795,-0.7365646001914398,-0.6105989417374602,-0.5254261546630822
AHR,2,0.003367003367003367,2.4090580582992047e-06,0.29596108991561015,0.00173659888997568,0.0004599930384476264,-0.5955502137701638,-0.19003999541738228,-0.7445012323368974,-0.6086115238873194,-0.5265751249187463
SPDYE2B,2,0.003367003367003367,0.0,0.27865161624952745,0.0010032013927576142,0.0004974760848661323,-0.5955502137701638,-0.1902034858309795,-0.7673965988398628,-0.5899230646824303,-0.5274573789817608
TYR,2,0.003367003367003367,0.0,0.24134683180363867,0.00027533561631335466,0.0005317503232699958,-0.5955502137701638,-0.1902034858309795,-0.7901192748509889,-0.5728344668390862,-0.5285841946153172
ABCB1,1,0.0016835016835016834,0.0,0.3318518937300032,0.0054099809213128056,0.00033509403500342873,-0.6420165627333486,-0.1902034858309795,-0.6298247734835555,-0.6708842085708617,-0.5323984648253003
ELAC2,1,0.0016835016835016834,0.0,0.19632738966808136,1.3144601668794185e-05,0.0006534848553841211,-0.6420165627333486,-0.1902034858309795,-0.7983044123744221,-0.5121395379413676,-0.5343454584775749
LEF1,1,0.0016835016835016834,0.0,0.21016850930202643,1.3815809011414887e-05,0.0006385175859369567,-0.6420165627333486,-0.1902034858309795,-0.7982834584740243,-0.5196019837988585,-0.5358337568689935
KRT17,1,0.0016835016835016834,0.0,0.33205839770867773,0.004758921997145761,0.0003398815536359948,-0.6420165627333486,-0.1902034858309795,-0.6501496760641798,-0.668497226849622,-0.5359860489971773
PTHLH,1,0.0016835016835016834,0.0,0.25903778889215784,0.00015913032285747584,0.0006272495179232656,-0.6420165627333486,-0.1902034858309795,-0.7937469975979973,-0.5252200658256122,-0.5360500810991388
LAMA3,1,0.0016835016835016834,0.0,0.17954840010694653,1.9276698997211447e-06,0.0006358625486795359,-0.6420165627333486,-0.1902034858309795,-0.7986545850500392,-0.5209257437440552,-0.5361727341732357
ATP6V0A2,1,0.0016835016835016834,0.0,0.2205032417842335,4.25071840004476e-05,0.0006306056729902057,-0.6420165627333486,-0.1902034858309795,-0.797387764735854,-0.5235467395342138,-0.5364435692684304
ROS1,1,0.0016835016835016834,0.0,0.2295130516635893,6.089460551777792e-05,0.000627445282743619,-0.6420165627333486,-0.1902034858309795,-0.7968137421133599,-0.5251224605558036,-0.5366439089482495
NSD2,1,0.0016835016835016834,0.0,0.23600966170625615,9.755683293415715e-05,0.0006200386060821132,-0.6420165627333486,-0.1902034858309795,-0.7956692125278388,-0.5288153134015108,-0.5371535736002868
POLH,1,0.0016835016835016834,0.0,0.2094261558547273,1.2477497139159828e-05,0.0005808270041864897,-0.6420165627333486,-0.1902034858309795,-0.79832523819229,-0.5483656032633005,-0.541594836705535
MT-CYB,1,0.0016835016835016834,0.0,0.31668714843789025,0.003943236835110936,0.0003338137120558093,-0.6420165627333486,-0.1902034858309795,-0.6756139172248845,-0.671522557516903,-0.5416839633627744
HFE,1,0.0016835016835016834,0.0,0.23684768979930987,0.00011385414558421346,0.0005374920282368654,-0.6420165627333486,-0.1902034858309795,-0.7951604393897359,-0.569971742773337,-0.5452831048470315
SPOP,1,0.0016835016835016834,0.0,0.2467026560877693,0.0001401653391140022,0.000520217288823536,-0.6420165627333486,-0.1902034858309795,-0.7943390506867748,-0.5785846569745079,-0.5468414099466734
B2M,1,0.0016835016835016834,0.0,0.23621861226996244,0.00010308811838351065,0.0005042355674631409,-0.6420165627333486,-0.1902034858309795,-0.7954965356260554,-0.5865528926491885,-0.5486665540694656
ODC1,1,0.0016835016835016834,0.0,0.26841943919408706,0.00025668715579163303,0.0004945336488602901,-0.6420165627333486,-0.1902034858309795,-0.7907014466472938,-0.5913901171371377,-0.5486749811713032
SOX10,1,0.0016835016835016834,0.0,0.2664093085960285,0.00022142134648614218,0.0004957271263269731,-0.6420165627333486,-0.1902034858309795,-0.7918023825410425,-0.5907950679861421,-0.5487761585198538
BCOR,1,0.0016835016835016834,0.0,0.25966805115223607,0.00017169798570271233,0.0004981665323295483,-0.6420165627333486,-0.1902034858309795,-0.7933546574986393,-0.5895788184034834,-0.5488433635948414
P3R3URF,1,0.0016835016835016834,0.0,0.22114291136255493,7.10919697448066e-05,0.000504201778292613,-0.6420165627333486,-0.1902034858309795,-0.796495398524477,-0.5865697393997948,-0.5488696959992713
TWIST2,1,0.0016835016835016834,0.0,0.3028478122121709,0.002673483657758425,0.00034069649801748384,-0.6420165627333486,-0.1902034858309795,-0.7152533548750879,-0.6680909083594526,-0.548925521061325
MAP2K2,1,0.0016835016835016834,0.0,0.3023330567239916,0.0024560198282221678,0.0003492985353969571,-0.6420165627333486,-0.1902034858309795,-0.722042189166529,-0.6638020674031891,-0.5494255197283605
AIP,1,0.0016835016835016834,0.0,0.3023330567239916,0.0024560198282221678,0.0003492985353969571,-0.6420165627333486,-0.1902034858309795,-0.722042189166529,-0.6638020674031891,-0.5494255197283605
ELANE,1,0.0016835016835016834,0.0,0.285815664230233,0.002512384527926064,0.0003413983677213887,-0.6420165627333486,-0.1902034858309795,-0.7202825834105162,-0.6677409671305002,-0.5498613785226202
OCA2,1,0.0016835016835016834,0.0,0.30353688573256266,0.002580161740985839,0.0003339378766115713,-0.6420165627333486,-0.1902034858309795,-0.7181666992693247,-0.6714606510163177,-0.5501821384715454
MME,1,0.0016835016835016834,0.0,0.28720013192564325,0.002269521023611204,0.000332681781608297,-0.6420165627333486,-0.1902034858309795,-0.7278643504094154,-0.6720869202892059,-0.5522469225541412
NKX2-1,1,0.0016835016835016834,0.0,0.26338491861690283,0.0003741641201266358,0.00044377007101584535,-0.6420165627333486,-0.1902034858309795,-0.7870340245953938,-0.6167000410704212,-0.55300348154758
TFF1,1,0.0016835016835016834,0.0,0.26338491861690283,0.0003741641201266358,0.00044377007101584535,-0.6420165627333486,-0.1902034858309795,-0.7870340245953938,-0.6167000410704212,-0.55300348154758
MTHFR,1,0.0016835016835016834,0.0,0.2509961642134737,0.00015092018826915002,0.0004535113527421322,-0.6420165627333486,-0.1902034858309795,-0.7940033034091726,-0.6118431907463461,-0.5534259672455206
CASR,1,0.0016835016835016834,0.0,0.2492376670330897,0.00027411797146256734,0.00044523833573759954,-0.6420165627333486,-0.1902034858309795,-0.7901572875592883,-0.6159679873027495,-0.5534817233868244
CFTR,1,0.0016835016835016834,0.0,0.2492376670330897,0.00027411797146256734,0.00044523833573759954,-0.6420165627333486,-0.1902034858309795,-0.7901572875592883,-0.6159679873027495,-0.5534817233868244
RNASEL,1,0.0016835016835016834,0.0,0.2492376670330897,0.00027411797146256734,0.00044523833573759954,-0.6420165627333486,-0.1902034858309795,-0.7901572875592883,-0.6159679873027495,-0.5534817233868244
COL5A1,1,0.0016835016835016834,0.0,0.2868913145794866,0.0017144128347821419,0.000353960551532607,-0.6420165627333486,-0.1902034858309795,-0.7451938415520063,-0.661477659259015,-0.5535909685766212
KRT19,1,0.0016835016835016834,0.0,0.249821088538317,0.0002189037276445581,0.0004440570601225829,-0.6420165627333486,-0.1902034858309795,-0.7918809781270807,-0.616556952801831,-0.5539442546001992
TMPRSS2,1,0.0016835016835016834,0.0,0.21905494462965727,3.925890630902438e-05,0.0004409144647942551,-0.6420165627333486,-0.1902034858309795,-0.797489170192691,-0.6181238015562036,-0.5553792627641958
SPARC,1,0.0016835016835016834,0.0,0.2773481523481523,0.0012062274882429875,0.0003593696776346046,-0.6420165627333486,-0.1902034858309795,-0.7610584849474158,-0.6587807538004082,-0.5562245161639817
TGFB3,1,0.0016835016835016834,0.0,0.25753757003757,0.00043074397770115623,0.0004029416187859415,-0.6420165627333486,-0.1902034858309795,-0.7852677019930288,-0.6370564671564453,-0.5567215022443117
RARB,1,0.0016835016835016834,0.0,0.2710095709079965,0.0003264877068254581,0.0004078114063175472,-0.6420165627333486,-0.1902034858309795,-0.7885223974903354,-0.6346284674521321,-0.5568868414029104
MAP2K4,1,0.0016835016835016834,0.0,0.27169951380745677,0.00043122540001915753,0.0003989994373397186,-0.6420165627333486,-0.1902034858309795,-0.7852526728438224,-0.6390219770115789,-0.5571115983854972
KRT20,1,0.0016835016835016834,0.0,0.27393113199068025,0.00047693488627014553,0.0003956530738973193,-0.6420165627333486,-0.1902034858309795,-0.7838257039158557,-0.6406904213525154,-0.5571598934680911
ATP7A,1,0.0016835016835016834,0.0,0.2524209295732474,0.00044340430322262675,0.0003970901272931109,-0.6420165627333486,-0.1902034858309795,-0.7848724691295947,-0.6399739290625707,-0.55722594805285
TSHR,1,0.0016835016835016834,0.0,0.2524209295732474,0.00044340430322262675,0.0003970901272931109,-0.6420165627333486,-0.1902034858309795,-0.7848724691295947,-0.6399739290625707,-0.55722594805285
DNMT3B,1,0.0016835016835016834,0.0,0.2767727412436956,0.0008327853317867468,0.00037133324296941174,-0.6420165627333486,-0.1902034858309795,-0.7727166854078151,-0.6528159077148408,-0.557363187038948
GREM1,1,0.0016835016835016834,0.0,0.2811474421063462,0.0011331052034268489,0.0003467509697447874,-0.6420165627333486,-0.1902034858309795,-0.7633412327298259,-0.6650722436911775,-0.5579393636986176
HOXB13,1,0.0016835016835016834,0.0,0.28642933178628294,0.001136706640302181,0.00034565839973459985,-0.6420165627333486,-0.1902034858309795,-0.7632288022708855,-0.6656169819666072,-0.5580258252619155
DCC,1,0.0016835016835016834,0.0,0.280408746777638,0.0007212107068947576,0.00036673194633682495,-0.6420165627333486,-0.1902034858309795,-0.7761998469116693,-0.6551100420668777,-0.5585186462101263
NTRK3,1,0.0016835016835016834,0.0,0.26896060741826866,0.0009877742649475614,0.00034613785694840443,-0.6420165627333486,-0.1902034858309795,-0.7678782063537132,-0.6653779321177601,-0.5589078961087115
ZEB2,1,0.0016835016835016834,0.0,0.2773481523481523,0.000712449395893033,0.00036254525922192266,-0.6420165627333486,-0.1902034858309795,-0.7764733594709456,-0.657197458614532,-0.5589908320315125
PPP2R2A,1,0.0016835016835016834,0.0,0.2704601343729575,0.0006877016270355524,0.00036044033367686745,-0.6420165627333486,-0.1902034858309795,-0.7772459408340837,-0.6582469414857715,-0.559355244878388
CDKN3,1,0.0016835016835016834,0.0,0.2704601343729575,0.0006877016270355524,0.00036044033367686745,-0.6420165627333486,-0.1902034858309795,-0.7772459408340837,-0.6582469414857715,-0.559355244878388
CDC25B,1,0.0016835016835016834,0.0,0.2704601343729575,0.0006877016270355524,0.00036044033367686745,-0.6420165627333486,-0.1902034858309795,-0.7772459408340837,-0.6582469414857715,-0.559355244878388
SMO,1,0.0016835016835016834,0.0,0.258912103405068,0.0004060223255032764,0.00037627725883197316,-0.6420165627333486,-0.1902034858309795,-0.7860394680404673,-0.6503508989286235,-0.559534741808235
FBN1,1,0.0016835016835016834,0.0,0.24500360198248167,0.0003241511255809287,0.00035798431807792955,-0.6420165627333486,-0.1902034858309795,-0.7885953414043252,-0.659471472352736,-0.5618700311658291
