#term ID	term description	observed gene count	background gene count	strength	signal	false discovery rate	matching proteins in your network (IDs)	matching proteins in your network (labels)
GO:1902531	Regulation of intracellular signal transduction	25	1726	0.99	1.7	1.14e-18	9606.ENSP00000263253,9606.ENSP00000263341,9606.ENSP00000263967,9606.ENSP00000264498,9606.ENSP00000265171,9606.ENSP00000269305,9606.ENSP00000269571,9606.ENSP00000275493,9606.ENSP00000278616,9606.ENSP00000346839,9606.ENSP00000360266,9606.ENSP00000361021,9606.ENSP00000362680,9606.ENSP00000369497,9606.ENSP00000371067,9606.ENSP00000376345,9606.ENSP00000381185,9606.ENSP00000385675,9606.ENSP00000398698,9606.ENSP00000405330,9606.ENSP00000418960,9606.ENSP00000451828,9606.ENSP00000478887,9606.ENSP00000489597,9606.ENSP00000495360	EP300,IL1B,PIK3CA,FGF2,EGF,TP53,ERBB2,EGFR,ATM,FN1,JUN,PTEN,SRC,BRCA2,JAK2,GRB2,BCL2,IL6,TNF,ESR1,BRCA1,AKT1,MYC,PTPN11,CTNNB1
GO:0035556	Intracellular signal transduction	24	1518	1.03	1.82	1.45e-18	9606.ENSP00000227507,9606.ENSP00000263253,9606.ENSP00000263341,9606.ENSP00000263967,9606.ENSP00000264498,9606.ENSP00000265171,9606.ENSP00000269305,9606.ENSP00000269571,9606.ENSP00000275493,9606.ENSP00000278616,9606.ENSP00000360266,9606.ENSP00000361021,9606.ENSP00000362680,9606.ENSP00000369497,9606.ENSP00000371067,9606.ENSP00000376345,9606.ENSP00000381185,9606.ENSP00000398698,9606.ENSP00000418960,9606.ENSP00000428056,9606.ENSP00000451828,9606.ENSP00000478887,9606.ENSP00000489597,9606.ENSP00000495360	CCND1,EP300,IL1B,PIK3CA,FGF2,EGF,TP53,ERBB2,EGFR,ATM,JUN,PTEN,SRC,BRCA2,JAK2,GRB2,BCL2,TNF,BRCA1,PIK3R1,AKT1,MYC,PTPN11,CTNNB1
GO:0010628	Positive regulation of gene expression	22	1146	1.12	2.08	4.45e-18	9606.ENSP00000263253,9606.ENSP00000263341,9606.ENSP00000264498,9606.ENSP00000264657,9606.ENSP00000265171,9606.ENSP00000269305,9606.ENSP00000269571,9606.ENSP00000275493,9606.ENSP00000278616,9606.ENSP00000300305,9606.ENSP00000346839,9606.ENSP00000362680,9606.ENSP00000371067,9606.ENSP00000385675,9606.ENSP00000398698,9606.ENSP00000405330,9606.ENSP00000418960,9606.ENSP00000428056,9606.ENSP00000451828,9606.ENSP00000478887,9606.ENSP00000489597,9606.ENSP00000495360	EP300,IL1B,FGF2,STAT3,EGF,TP53,ERBB2,EGFR,ATM,RUNX1,FN1,SRC,JAK2,IL6,TNF,ESR1,BRCA1,PIK3R1,AKT1,MYC,PTPN11,CTNNB1
GO:0031325	Positive regulation of cellular metabolic process	28	3114	0.79	1.15	4.45e-18	9606.ENSP00000227507,9606.ENSP00000263253,9606.ENSP00000263341,9606.ENSP00000263967,9606.ENSP00000264498,9606.ENSP00000264657,9606.ENSP00000265171,9606.ENSP00000269305,9606.ENSP00000269571,9606.ENSP00000275493,9606.ENSP00000278616,9606.ENSP00000300305,9606.ENSP00000360266,9606.ENSP00000361021,9606.ENSP00000362680,9606.ENSP00000369497,9606.ENSP00000371067,9606.ENSP00000376345,9606.ENSP00000381185,9606.ENSP00000385675,9606.ENSP00000398698,9606.ENSP00000405330,9606.ENSP00000418960,9606.ENSP00000428056,9606.ENSP00000451828,9606.ENSP00000478887,9606.ENSP00000489597,9606.ENSP00000495360	CCND1,EP300,IL1B,PIK3CA,FGF2,STAT3,EGF,TP53,ERBB2,EGFR,ATM,RUNX1,JUN,PTEN,SRC,BRCA2,JAK2,GRB2,BCL2,IL6,TNF,ESR1,BRCA1,PIK3R1,AKT1,MYC,PTPN11,CTNNB1
GO:0042127	Regulation of cell population proliferation	24	1669	0.99	1.68	5.03e-18	9606.ENSP00000227507,9606.ENSP00000263341,9606.ENSP00000263967,9606.ENSP00000264498,9606.ENSP00000264657,9606.ENSP00000265171,9606.ENSP00000269305,9606.ENSP00000269571,9606.ENSP00000275493,9606.ENSP00000278616,9606.ENSP00000300305,9606.ENSP00000346839,9606.ENSP00000360266,9606.ENSP00000361021,9606.ENSP00000362680,9606.ENSP00000369497,9606.ENSP00000371067,9606.ENSP00000381185,9606.ENSP00000385675,9606.ENSP00000398698,9606.ENSP00000405330,9606.ENSP00000451828,9606.ENSP00000478887,9606.ENSP00000495360	CCND1,IL1B,PIK3CA,FGF2,STAT3,EGF,TP53,ERBB2,EGFR,ATM,RUNX1,FN1,JUN,PTEN,SRC,BRCA2,JAK2,BCL2,IL6,TNF,ESR1,AKT1,MYC,CTNNB1
GO:0051173	Positive regulation of nitrogen compound metabolic process	28	3166	0.78	1.13	5.03e-18	9606.ENSP00000227507,9606.ENSP00000263253,9606.ENSP00000263341,9606.ENSP00000263967,9606.ENSP00000264498,9606.ENSP00000264657,9606.ENSP00000265171,9606.ENSP00000269305,9606.ENSP00000269571,9606.ENSP00000275493,9606.ENSP00000278616,9606.ENSP00000300305,9606.ENSP00000346839,9606.ENSP00000360266,9606.ENSP00000361021,9606.ENSP00000362680,9606.ENSP00000369497,9606.ENSP00000371067,9606.ENSP00000381185,9606.ENSP00000385675,9606.ENSP00000398698,9606.ENSP00000405330,9606.ENSP00000418960,9606.ENSP00000428056,9606.ENSP00000451828,9606.ENSP00000478887,9606.ENSP00000489597,9606.ENSP00000495360	CCND1,EP300,IL1B,PIK3CA,FGF2,STAT3,EGF,TP53,ERBB2,EGFR,ATM,RUNX1,FN1,JUN,PTEN,SRC,BRCA2,JAK2,BCL2,IL6,TNF,ESR1,BRCA1,PIK3R1,AKT1,MYC,PTPN11,CTNNB1
GO:0009893	Positive regulation of metabolic process	29	3847	0.71	0.99	6.60e-18	9606.ENSP00000227507,9606.ENSP00000263253,9606.ENSP00000263341,9606.ENSP00000263967,9606.ENSP00000264498,9606.ENSP00000264657,9606.ENSP00000265171,9606.ENSP00000269305,9606.ENSP00000269571,9606.ENSP00000275493,9606.ENSP00000278616,9606.ENSP00000300305,9606.ENSP00000346839,9606.ENSP00000360266,9606.ENSP00000361021,9606.ENSP00000362680,9606.ENSP00000369497,9606.ENSP00000371067,9606.ENSP00000376345,9606.ENSP00000381185,9606.ENSP00000385675,9606.ENSP00000398698,9606.ENSP00000405330,9606.ENSP00000418960,9606.ENSP00000428056,9606.ENSP00000451828,9606.ENSP00000478887,9606.ENSP00000489597,9606.ENSP00000495360	CCND1,EP300,IL1B,PIK3CA,FGF2,STAT3,EGF,TP53,ERBB2,EGFR,ATM,RUNX1,FN1,JUN,PTEN,SRC,BRCA2,JAK2,GRB2,BCL2,IL6,TNF,ESR1,BRCA1,PIK3R1,AKT1,MYC,PTPN11,CTNNB1
GO:0042325	Regulation of phosphorylation	22	1251	1.08	1.94	1.09e-17	9606.ENSP00000227507,9606.ENSP00000263253,9606.ENSP00000263341,9606.ENSP00000263967,9606.ENSP00000264498,9606.ENSP00000264657,9606.ENSP00000265171,9606.ENSP00000269305,9606.ENSP00000269571,9606.ENSP00000275493,9606.ENSP00000278616,9606.ENSP00000346839,9606.ENSP00000360266,9606.ENSP00000361021,9606.ENSP00000362680,9606.ENSP00000371067,9606.ENSP00000381185,9606.ENSP00000385675,9606.ENSP00000398698,9606.ENSP00000428056,9606.ENSP00000451828,9606.ENSP00000489597	CCND1,EP300,IL1B,PIK3CA,FGF2,STAT3,EGF,TP53,ERBB2,EGFR,ATM,FN1,JUN,PTEN,SRC,JAK2,BCL2,IL6,TNF,PIK3R1,AKT1,PTPN11
GO:0009966	Regulation of signal transduction	27	2978	0.79	1.15	4.02e-17	9606.ENSP00000263253,9606.ENSP00000263341,9606.ENSP00000263967,9606.ENSP00000264498,9606.ENSP00000264657,9606.ENSP00000265171,9606.ENSP00000269305,9606.ENSP00000269571,9606.ENSP00000275493,9606.ENSP00000278616,9606.ENSP00000346839,9606.ENSP00000360266,9606.ENSP00000361021,9606.ENSP00000362680,9606.ENSP00000369497,9606.ENSP00000371067,9606.ENSP00000376345,9606.ENSP00000381185,9606.ENSP00000385675,9606.ENSP00000398698,9606.ENSP00000405330,9606.ENSP00000418960,9606.ENSP00000428056,9606.ENSP00000451828,9606.ENSP00000478887,9606.ENSP00000489597,9606.ENSP00000495360	EP300,IL1B,PIK3CA,FGF2,STAT3,EGF,TP53,ERBB2,EGFR,ATM,FN1,JUN,PTEN,SRC,BRCA2,JAK2,GRB2,BCL2,IL6,TNF,ESR1,BRCA1,PIK3R1,AKT1,MYC,PTPN11,CTNNB1
GO:0007275	Multicellular organism development	29	4209	0.67	0.91	5.24e-17	9606.ENSP00000227507,9606.ENSP00000263253,9606.ENSP00000263341,9606.ENSP00000263967,9606.ENSP00000264498,9606.ENSP00000264657,9606.ENSP00000265171,9606.ENSP00000269305,9606.ENSP00000269571,9606.ENSP00000275493,9606.ENSP00000278616,9606.ENSP00000300305,9606.ENSP00000346839,9606.ENSP00000360266,9606.ENSP00000361021,9606.ENSP00000362680,9606.ENSP00000369497,9606.ENSP00000371067,9606.ENSP00000376345,9606.ENSP00000381185,9606.ENSP00000385675,9606.ENSP00000398698,9606.ENSP00000405330,9606.ENSP00000418960,9606.ENSP00000428056,9606.ENSP00000451828,9606.ENSP00000478887,9606.ENSP00000489597,9606.ENSP00000495360	CCND1,EP300,IL1B,PIK3CA,FGF2,STAT3,EGF,TP53,ERBB2,EGFR,ATM,RUNX1,FN1,JUN,PTEN,SRC,BRCA2,JAK2,GRB2,BCL2,IL6,TNF,ESR1,BRCA1,PIK3R1,AKT1,MYC,PTPN11,CTNNB1
GO:0008284	Positive regulation of cell population proliferation	20	945	1.16	2.18	5.24e-17	9606.ENSP00000227507,9606.ENSP00000263341,9606.ENSP00000263967,9606.ENSP00000264498,9606.ENSP00000264657,9606.ENSP00000265171,9606.ENSP00000269571,9606.ENSP00000275493,9606.ENSP00000346839,9606.ENSP00000360266,9606.ENSP00000361021,9606.ENSP00000362680,9606.ENSP00000371067,9606.ENSP00000381185,9606.ENSP00000385675,9606.ENSP00000398698,9606.ENSP00000405330,9606.ENSP00000451828,9606.ENSP00000478887,9606.ENSP00000495360	CCND1,IL1B,PIK3CA,FGF2,STAT3,EGF,ERBB2,EGFR,FN1,JUN,PTEN,SRC,JAK2,BCL2,IL6,TNF,ESR1,AKT1,MYC,CTNNB1
GO:0010604	Positive regulation of macromolecule metabolic process	28	3533	0.73	1.02	5.24e-17	9606.ENSP00000227507,9606.ENSP00000263253,9606.ENSP00000263341,9606.ENSP00000263967,9606.ENSP00000264498,9606.ENSP00000264657,9606.ENSP00000265171,9606.ENSP00000269305,9606.ENSP00000269571,9606.ENSP00000275493,9606.ENSP00000278616,9606.ENSP00000300305,9606.ENSP00000346839,9606.ENSP00000360266,9606.ENSP00000361021,9606.ENSP00000362680,9606.ENSP00000369497,9606.ENSP00000371067,9606.ENSP00000381185,9606.ENSP00000385675,9606.ENSP00000398698,9606.ENSP00000405330,9606.ENSP00000418960,9606.ENSP00000428056,9606.ENSP00000451828,9606.ENSP00000478887,9606.ENSP00000489597,9606.ENSP00000495360	CCND1,EP300,IL1B,PIK3CA,FGF2,STAT3,EGF,TP53,ERBB2,EGFR,ATM,RUNX1,FN1,JUN,PTEN,SRC,BRCA2,JAK2,BCL2,IL6,TNF,ESR1,BRCA1,PIK3R1,AKT1,MYC,PTPN11,CTNNB1
GO:0048732	Gland development	16	419	1.41	3.09	1.30e-16	9606.ENSP00000227507,9606.ENSP00000263967,9606.ENSP00000264498,9606.ENSP00000265171,9606.ENSP00000275493,9606.ENSP00000278616,9606.ENSP00000360266,9606.ENSP00000361021,9606.ENSP00000362680,9606.ENSP00000371067,9606.ENSP00000381185,9606.ENSP00000385675,9606.ENSP00000398698,9606.ENSP00000405330,9606.ENSP00000451828,9606.ENSP00000495360	CCND1,PIK3CA,FGF2,EGF,EGFR,ATM,JUN,PTEN,SRC,JAK2,BCL2,IL6,TNF,ESR1,AKT1,CTNNB1
GO:0051239	Regulation of multicellular organismal process	26	2749	0.81	1.18	1.50e-16	9606.ENSP00000227507,9606.ENSP00000263341,9606.ENSP00000263967,9606.ENSP00000264498,9606.ENSP00000264657,9606.ENSP00000265171,9606.ENSP00000269305,9606.ENSP00000269571,9606.ENSP00000275493,9606.ENSP00000300305,9606.ENSP00000346839,9606.ENSP00000360266,9606.ENSP00000361021,9606.ENSP00000362680,9606.ENSP00000369497,9606.ENSP00000371067,9606.ENSP00000381185,9606.ENSP00000385675,9606.ENSP00000398698,9606.ENSP00000405330,9606.ENSP00000418960,9606.ENSP00000428056,9606.ENSP00000451828,9606.ENSP00000478887,9606.ENSP00000489597,9606.ENSP00000495360	CCND1,IL1B,PIK3CA,FGF2,STAT3,EGF,TP53,ERBB2,EGFR,RUNX1,FN1,JUN,PTEN,SRC,BRCA2,JAK2,BCL2,IL6,TNF,ESR1,BRCA1,PIK3R1,AKT1,MYC,PTPN11,CTNNB1
GO:0048513	Animal organ development	27	3246	0.75	1.06	2.09e-16	9606.ENSP00000227507,9606.ENSP00000263253,9606.ENSP00000263967,9606.ENSP00000264498,9606.ENSP00000264657,9606.ENSP00000265171,9606.ENSP00000269305,9606.ENSP00000269571,9606.ENSP00000275493,9606.ENSP00000278616,9606.ENSP00000300305,9606.ENSP00000346839,9606.ENSP00000360266,9606.ENSP00000361021,9606.ENSP00000362680,9606.ENSP00000369497,9606.ENSP00000371067,9606.ENSP00000376345,9606.ENSP00000381185,9606.ENSP00000385675,9606.ENSP00000398698,9606.ENSP00000405330,9606.ENSP00000428056,9606.ENSP00000451828,9606.ENSP00000478887,9606.ENSP00000489597,9606.ENSP00000495360	CCND1,EP300,PIK3CA,FGF2,STAT3,EGF,TP53,ERBB2,EGFR,ATM,RUNX1,FN1,JUN,PTEN,SRC,BRCA2,JAK2,GRB2,BCL2,IL6,TNF,ESR1,PIK3R1,AKT1,MYC,PTPN11,CTNNB1
GO:0008283	Cell population proliferation	18	712	1.23	2.41	2.74e-16	9606.ENSP00000227507,9606.ENSP00000264498,9606.ENSP00000264657,9606.ENSP00000265171,9606.ENSP00000269305,9606.ENSP00000269571,9606.ENSP00000275493,9606.ENSP00000300305,9606.ENSP00000360266,9606.ENSP00000361021,9606.ENSP00000362680,9606.ENSP00000369497,9606.ENSP00000381185,9606.ENSP00000385675,9606.ENSP00000398698,9606.ENSP00000405330,9606.ENSP00000451828,9606.ENSP00000495360	CCND1,FGF2,STAT3,EGF,TP53,ERBB2,EGFR,RUNX1,JUN,PTEN,SRC,BRCA2,BCL2,IL6,TNF,ESR1,AKT1,CTNNB1
GO:0051247	Positive regulation of protein metabolic process	22	1512	0.99	1.65	2.74e-16	9606.ENSP00000227507,9606.ENSP00000263341,9606.ENSP00000263967,9606.ENSP00000264498,9606.ENSP00000264657,9606.ENSP00000265171,9606.ENSP00000269305,9606.ENSP00000269571,9606.ENSP00000275493,9606.ENSP00000278616,9606.ENSP00000346839,9606.ENSP00000361021,9606.ENSP00000362680,9606.ENSP00000371067,9606.ENSP00000381185,9606.ENSP00000385675,9606.ENSP00000398698,9606.ENSP00000418960,9606.ENSP00000451828,9606.ENSP00000478887,9606.ENSP00000489597,9606.ENSP00000495360	CCND1,IL1B,PIK3CA,FGF2,STAT3,EGF,TP53,ERBB2,EGFR,ATM,FN1,PTEN,SRC,JAK2,BCL2,IL6,TNF,BRCA1,AKT1,MYC,PTPN11,CTNNB1
GO:0048731	System development	28	3867	0.69	0.94	3.19e-16	9606.ENSP00000227507,9606.ENSP00000263253,9606.ENSP00000263341,9606.ENSP00000263967,9606.ENSP00000264498,9606.ENSP00000264657,9606.ENSP00000265171,9606.ENSP00000269305,9606.ENSP00000269571,9606.ENSP00000275493,9606.ENSP00000278616,9606.ENSP00000300305,9606.ENSP00000346839,9606.ENSP00000360266,9606.ENSP00000361021,9606.ENSP00000362680,9606.ENSP00000369497,9606.ENSP00000371067,9606.ENSP00000376345,9606.ENSP00000381185,9606.ENSP00000385675,9606.ENSP00000398698,9606.ENSP00000405330,9606.ENSP00000428056,9606.ENSP00000451828,9606.ENSP00000478887,9606.ENSP00000489597,9606.ENSP00000495360	CCND1,EP300,IL1B,PIK3CA,FGF2,STAT3,EGF,TP53,ERBB2,EGFR,ATM,RUNX1,FN1,JUN,PTEN,SRC,BRCA2,JAK2,GRB2,BCL2,IL6,TNF,ESR1,PIK3R1,AKT1,MYC,PTPN11,CTNNB1
GO:0031399	Regulation of protein modification process	22	1560	0.98	1.61	4.26e-16	9606.ENSP00000227507,9606.ENSP00000263253,9606.ENSP00000263341,9606.ENSP00000263967,9606.ENSP00000264498,9606.ENSP00000265171,9606.ENSP00000269305,9606.ENSP00000269571,9606.ENSP00000275493,9606.ENSP00000278616,9606.ENSP00000346839,9606.ENSP00000360266,9606.ENSP00000361021,9606.ENSP00000362680,9606.ENSP00000371067,9606.ENSP00000381185,9606.ENSP00000385675,9606.ENSP00000398698,9606.ENSP00000418960,9606.ENSP00000451828,9606.ENSP00000489597,9606.ENSP00000495360	CCND1,EP300,IL1B,PIK3CA,FGF2,EGF,TP53,ERBB2,EGFR,ATM,FN1,JUN,PTEN,SRC,JAK2,BCL2,IL6,TNF,BRCA1,AKT1,PTPN11,CTNNB1
GO:0009628	Response to abiotic stimulus	20	1107	1.09	1.92	4.66e-16	9606.ENSP00000227507,9606.ENSP00000263253,9606.ENSP00000263341,9606.ENSP00000263967,9606.ENSP00000264498,9606.ENSP00000269305,9606.ENSP00000275493,9606.ENSP00000278616,9606.ENSP00000360266,9606.ENSP00000361021,9606.ENSP00000362680,9606.ENSP00000369497,9606.ENSP00000376345,9606.ENSP00000381185,9606.ENSP00000398698,9606.ENSP00000418960,9606.ENSP00000428056,9606.ENSP00000451828,9606.ENSP00000478887,9606.ENSP00000495360	CCND1,EP300,IL1B,PIK3CA,FGF2,TP53,EGFR,ATM,JUN,PTEN,SRC,BRCA2,GRB2,BCL2,TNF,BRCA1,PIK3R1,AKT1,MYC,CTNNB1
GO:0009719	Response to endogenous stimulus	21	1363	1.02	1.71	7.92e-16	9606.ENSP00000227507,9606.ENSP00000263253,9606.ENSP00000263967,9606.ENSP00000264498,9606.ENSP00000264657,9606.ENSP00000269305,9606.ENSP00000269571,9606.ENSP00000275493,9606.ENSP00000360266,9606.ENSP00000362680,9606.ENSP00000371067,9606.ENSP00000376345,9606.ENSP00000381185,9606.ENSP00000385675,9606.ENSP00000398698,9606.ENSP00000405330,9606.ENSP00000418960,9606.ENSP00000428056,9606.ENSP00000451828,9606.ENSP00000489597,9606.ENSP00000495360	CCND1,EP300,PIK3CA,FGF2,STAT3,TP53,ERBB2,EGFR,JUN,SRC,JAK2,GRB2,BCL2,IL6,TNF,ESR1,BRCA1,PIK3R1,AKT1,PTPN11,CTNNB1
GO:0070887	Cellular response to chemical stimulus	25	2609	0.81	1.18	1.03e-15	9606.ENSP00000227507,9606.ENSP00000263253,9606.ENSP00000263341,9606.ENSP00000263967,9606.ENSP00000264498,9606.ENSP00000264657,9606.ENSP00000269305,9606.ENSP00000269571,9606.ENSP00000275493,9606.ENSP00000278616,9606.ENSP00000360266,9606.ENSP00000361021,9606.ENSP00000362680,9606.ENSP00000371067,9606.ENSP00000376345,9606.ENSP00000381185,9606.ENSP00000385675,9606.ENSP00000398698,9606.ENSP00000405330,9606.ENSP00000418960,9606.ENSP00000428056,9606.ENSP00000451828,9606.ENSP00000478887,9606.ENSP00000489597,9606.ENSP00000495360	CCND1,EP300,IL1B,PIK3CA,FGF2,STAT3,TP53,ERBB2,EGFR,ATM,JUN,PTEN,SRC,JAK2,GRB2,BCL2,IL6,TNF,ESR1,BRCA1,PIK3R1,AKT1,MYC,PTPN11,CTNNB1
GO:0051246	Regulation of protein metabolic process	25	2622	0.81	1.18	1.12e-15	9606.ENSP00000227507,9606.ENSP00000263253,9606.ENSP00000263341,9606.ENSP00000263967,9606.ENSP00000264498,9606.ENSP00000264657,9606.ENSP00000265171,9606.ENSP00000269305,9606.ENSP00000269571,9606.ENSP00000275493,9606.ENSP00000278616,9606.ENSP00000300305,9606.ENSP00000346839,9606.ENSP00000360266,9606.ENSP00000361021,9606.ENSP00000362680,9606.ENSP00000371067,9606.ENSP00000381185,9606.ENSP00000385675,9606.ENSP00000398698,9606.ENSP00000418960,9606.ENSP00000451828,9606.ENSP00000478887,9606.ENSP00000489597,9606.ENSP00000495360	CCND1,EP300,IL1B,PIK3CA,FGF2,STAT3,EGF,TP53,ERBB2,EGFR,ATM,RUNX1,FN1,JUN,PTEN,SRC,JAK2,BCL2,IL6,TNF,BRCA1,AKT1,MYC,PTPN11,CTNNB1
GO:1902533	Positive regulation of intracellular signal transduction	19	997	1.11	1.97	1.95e-15	9606.ENSP00000263253,9606.ENSP00000263341,9606.ENSP00000263967,9606.ENSP00000264498,9606.ENSP00000265171,9606.ENSP00000269305,9606.ENSP00000269571,9606.ENSP00000275493,9606.ENSP00000278616,9606.ENSP00000346839,9606.ENSP00000360266,9606.ENSP00000361021,9606.ENSP00000362680,9606.ENSP00000371067,9606.ENSP00000385675,9606.ENSP00000398698,9606.ENSP00000478887,9606.ENSP00000489597,9606.ENSP00000495360	EP300,IL1B,PIK3CA,FGF2,EGF,TP53,ERBB2,EGFR,ATM,FN1,JUN,PTEN,SRC,JAK2,IL6,TNF,MYC,PTPN11,CTNNB1
GO:0045893	Positive regulation of transcription, DNA-templated	22	1710	0.94	1.48	2.32e-15	9606.ENSP00000263253,9606.ENSP00000263341,9606.ENSP00000264498,9606.ENSP00000264657,9606.ENSP00000265171,9606.ENSP00000269305,9606.ENSP00000269571,9606.ENSP00000275493,9606.ENSP00000278616,9606.ENSP00000300305,9606.ENSP00000360266,9606.ENSP00000362680,9606.ENSP00000369497,9606.ENSP00000371067,9606.ENSP00000385675,9606.ENSP00000398698,9606.ENSP00000405330,9606.ENSP00000418960,9606.ENSP00000428056,9606.ENSP00000451828,9606.ENSP00000478887,9606.ENSP00000495360	EP300,IL1B,FGF2,STAT3,EGF,TP53,ERBB2,EGFR,ATM,RUNX1,JUN,SRC,BRCA2,JAK2,IL6,TNF,ESR1,BRCA1,PIK3R1,AKT1,MYC,CTNNB1
GO:0031401	Positive regulation of protein modification process	19	1018	1.1	1.94	2.48e-15	9606.ENSP00000227507,9606.ENSP00000263341,9606.ENSP00000263967,9606.ENSP00000264498,9606.ENSP00000265171,9606.ENSP00000269305,9606.ENSP00000269571,9606.ENSP00000275493,9606.ENSP00000278616,9606.ENSP00000361021,9606.ENSP00000362680,9606.ENSP00000371067,9606.ENSP00000381185,9606.ENSP00000385675,9606.ENSP00000398698,9606.ENSP00000418960,9606.ENSP00000451828,9606.ENSP00000489597,9606.ENSP00000495360	CCND1,IL1B,PIK3CA,FGF2,EGF,TP53,ERBB2,EGFR,ATM,PTEN,SRC,JAK2,BCL2,IL6,TNF,BRCA1,AKT1,PTPN11,CTNNB1
GO:0071310	Cellular response to organic substance	23	2019	0.89	1.35	2.48e-15	9606.ENSP00000227507,9606.ENSP00000263253,9606.ENSP00000263341,9606.ENSP00000263967,9606.ENSP00000264498,9606.ENSP00000264657,9606.ENSP00000269305,9606.ENSP00000269571,9606.ENSP00000275493,9606.ENSP00000278616,9606.ENSP00000360266,9606.ENSP00000362680,9606.ENSP00000371067,9606.ENSP00000376345,9606.ENSP00000381185,9606.ENSP00000385675,9606.ENSP00000398698,9606.ENSP00000405330,9606.ENSP00000418960,9606.ENSP00000428056,9606.ENSP00000451828,9606.ENSP00000489597,9606.ENSP00000495360	CCND1,EP300,IL1B,PIK3CA,FGF2,STAT3,TP53,ERBB2,EGFR,ATM,JUN,SRC,JAK2,GRB2,BCL2,IL6,TNF,ESR1,BRCA1,PIK3R1,AKT1,PTPN11,CTNNB1
GO:0007166	Cell surface receptor signaling pathway	23	2040	0.88	1.34	2.93e-15	9606.ENSP00000227507,9606.ENSP00000263253,9606.ENSP00000263341,9606.ENSP00000263967,9606.ENSP00000264498,9606.ENSP00000264657,9606.ENSP00000265171,9606.ENSP00000269305,9606.ENSP00000269571,9606.ENSP00000275493,9606.ENSP00000346839,9606.ENSP00000360266,9606.ENSP00000361021,9606.ENSP00000362680,9606.ENSP00000371067,9606.ENSP00000376345,9606.ENSP00000381185,9606.ENSP00000385675,9606.ENSP00000398698,9606.ENSP00000428056,9606.ENSP00000451828,9606.ENSP00000489597,9606.ENSP00000495360	CCND1,EP300,IL1B,PIK3CA,FGF2,STAT3,EGF,TP53,ERBB2,EGFR,FN1,JUN,PTEN,SRC,JAK2,GRB2,BCL2,IL6,TNF,PIK3R1,AKT1,PTPN11,CTNNB1
GO:0001775	Cell activation	17	693	1.22	2.3	3.67e-15	9606.ENSP00000263253,9606.ENSP00000263341,9606.ENSP00000263967,9606.ENSP00000264657,9606.ENSP00000269305,9606.ENSP00000269571,9606.ENSP00000278616,9606.ENSP00000346839,9606.ENSP00000360266,9606.ENSP00000361021,9606.ENSP00000362680,9606.ENSP00000371067,9606.ENSP00000381185,9606.ENSP00000385675,9606.ENSP00000398698,9606.ENSP00000428056,9606.ENSP00000495360	EP300,IL1B,PIK3CA,STAT3,TP53,ERBB2,ATM,FN1,JUN,PTEN,SRC,JAK2,BCL2,IL6,TNF,PIK3R1,CTNNB1
GO:0009967	Positive regulation of signal transduction	21	1525	0.97	1.55	5.19e-15	9606.ENSP00000263253,9606.ENSP00000263341,9606.ENSP00000263967,9606.ENSP00000264498,9606.ENSP00000264657,9606.ENSP00000265171,9606.ENSP00000269305,9606.ENSP00000269571,9606.ENSP00000275493,9606.ENSP00000278616,9606.ENSP00000346839,9606.ENSP00000360266,9606.ENSP00000361021,9606.ENSP00000362680,9606.ENSP00000371067,9606.ENSP00000385675,9606.ENSP00000398698,9606.ENSP00000428056,9606.ENSP00000478887,9606.ENSP00000489597,9606.ENSP00000495360	EP300,IL1B,PIK3CA,FGF2,STAT3,EGF,TP53,ERBB2,EGFR,ATM,FN1,JUN,PTEN,SRC,JAK2,IL6,TNF,PIK3R1,MYC,PTPN11,CTNNB1
GO:0048584	Positive regulation of response to stimulus	23	2131	0.87	1.28	6.91e-15	9606.ENSP00000263253,9606.ENSP00000263341,9606.ENSP00000263967,9606.ENSP00000264498,9606.ENSP00000264657,9606.ENSP00000265171,9606.ENSP00000269305,9606.ENSP00000269571,9606.ENSP00000275493,9606.ENSP00000278616,9606.ENSP00000346839,9606.ENSP00000360266,9606.ENSP00000361021,9606.ENSP00000362680,9606.ENSP00000371067,9606.ENSP00000381185,9606.ENSP00000385675,9606.ENSP00000398698,9606.ENSP00000418960,9606.ENSP00000428056,9606.ENSP00000478887,9606.ENSP00000489597,9606.ENSP00000495360	EP300,IL1B,PIK3CA,FGF2,STAT3,EGF,TP53,ERBB2,EGFR,ATM,FN1,JUN,PTEN,SRC,JAK2,BCL2,IL6,TNF,BRCA1,PIK3R1,MYC,PTPN11,CTNNB1
GO:0050793	Regulation of developmental process	24	2492	0.82	1.17	7.79e-15	9606.ENSP00000227507,9606.ENSP00000263341,9606.ENSP00000263967,9606.ENSP00000264498,9606.ENSP00000264657,9606.ENSP00000265171,9606.ENSP00000269305,9606.ENSP00000269571,9606.ENSP00000275493,9606.ENSP00000300305,9606.ENSP00000346839,9606.ENSP00000361021,9606.ENSP00000362680,9606.ENSP00000371067,9606.ENSP00000381185,9606.ENSP00000385675,9606.ENSP00000398698,9606.ENSP00000405330,9606.ENSP00000418960,9606.ENSP00000428056,9606.ENSP00000451828,9606.ENSP00000478887,9606.ENSP00000489597,9606.ENSP00000495360	CCND1,IL1B,PIK3CA,FGF2,STAT3,EGF,TP53,ERBB2,EGFR,RUNX1,FN1,PTEN,SRC,JAK2,BCL2,IL6,TNF,ESR1,BRCA1,PIK3R1,AKT1,MYC,PTPN11,CTNNB1
GO:0033554	Cellular response to stress	21	1572	0.96	1.51	8.65e-15	9606.ENSP00000227507,9606.ENSP00000263253,9606.ENSP00000263341,9606.ENSP00000263967,9606.ENSP00000269305,9606.ENSP00000275493,9606.ENSP00000278616,9606.ENSP00000360266,9606.ENSP00000361021,9606.ENSP00000362680,9606.ENSP00000369497,9606.ENSP00000371067,9606.ENSP00000376345,9606.ENSP00000381185,9606.ENSP00000385675,9606.ENSP00000398698,9606.ENSP00000418960,9606.ENSP00000428056,9606.ENSP00000451828,9606.ENSP00000478887,9606.ENSP00000489597	CCND1,EP300,IL1B,PIK3CA,TP53,EGFR,ATM,JUN,PTEN,SRC,BRCA2,JAK2,GRB2,BCL2,IL6,TNF,BRCA1,PIK3R1,AKT1,MYC,PTPN11
GO:0001932	Regulation of protein phosphorylation	19	1108	1.07	1.8	8.98e-15	9606.ENSP00000227507,9606.ENSP00000263341,9606.ENSP00000263967,9606.ENSP00000264498,9606.ENSP00000265171,9606.ENSP00000269305,9606.ENSP00000269571,9606.ENSP00000275493,9606.ENSP00000278616,9606.ENSP00000346839,9606.ENSP00000360266,9606.ENSP00000361021,9606.ENSP00000362680,9606.ENSP00000371067,9606.ENSP00000381185,9606.ENSP00000385675,9606.ENSP00000398698,9606.ENSP00000451828,9606.ENSP00000489597	CCND1,IL1B,PIK3CA,FGF2,EGF,TP53,ERBB2,EGFR,ATM,FN1,JUN,PTEN,SRC,JAK2,BCL2,IL6,TNF,AKT1,PTPN11
GO:0051726	Regulation of cell cycle	19	1108	1.07	1.8	8.98e-15	9606.ENSP00000227507,9606.ENSP00000263341,9606.ENSP00000264498,9606.ENSP00000264657,9606.ENSP00000265171,9606.ENSP00000269305,9606.ENSP00000275493,9606.ENSP00000278616,9606.ENSP00000360266,9606.ENSP00000361021,9606.ENSP00000362680,9606.ENSP00000369497,9606.ENSP00000381185,9606.ENSP00000398698,9606.ENSP00000418960,9606.ENSP00000451828,9606.ENSP00000478887,9606.ENSP00000489597,9606.ENSP00000495360	CCND1,IL1B,FGF2,STAT3,EGF,TP53,EGFR,ATM,JUN,PTEN,SRC,BRCA2,BCL2,TNF,BRCA1,AKT1,MYC,PTPN11,CTNNB1
GO:0007399	Nervous system development	23	2188	0.85	1.25	1.07e-14	9606.ENSP00000227507,9606.ENSP00000263253,9606.ENSP00000263341,9606.ENSP00000264498,9606.ENSP00000264657,9606.ENSP00000265171,9606.ENSP00000269305,9606.ENSP00000269571,9606.ENSP00000275493,9606.ENSP00000278616,9606.ENSP00000300305,9606.ENSP00000346839,9606.ENSP00000360266,9606.ENSP00000361021,9606.ENSP00000362680,9606.ENSP00000369497,9606.ENSP00000371067,9606.ENSP00000381185,9606.ENSP00000385675,9606.ENSP00000398698,9606.ENSP00000451828,9606.ENSP00000489597,9606.ENSP00000495360	CCND1,EP300,IL1B,FGF2,STAT3,EGF,TP53,ERBB2,EGFR,ATM,RUNX1,FN1,JUN,PTEN,SRC,BRCA2,JAK2,BCL2,IL6,TNF,AKT1,PTPN11,CTNNB1
GO:0009653	Anatomical structure morphogenesis	23	2229	0.85	1.23	1.54e-14	9606.ENSP00000263253,9606.ENSP00000263967,9606.ENSP00000264498,9606.ENSP00000264657,9606.ENSP00000265171,9606.ENSP00000269305,9606.ENSP00000269571,9606.ENSP00000275493,9606.ENSP00000278616,9606.ENSP00000346839,9606.ENSP00000360266,9606.ENSP00000361021,9606.ENSP00000362680,9606.ENSP00000376345,9606.ENSP00000381185,9606.ENSP00000385675,9606.ENSP00000398698,9606.ENSP00000405330,9606.ENSP00000428056,9606.ENSP00000451828,9606.ENSP00000478887,9606.ENSP00000489597,9606.ENSP00000495360	EP300,PIK3CA,FGF2,STAT3,EGF,TP53,ERBB2,EGFR,ATM,FN1,JUN,PTEN,SRC,GRB2,BCL2,IL6,TNF,ESR1,PIK3R1,AKT1,MYC,PTPN11,CTNNB1
GO:0080134	Regulation of response to stress	20	1373	1.0	1.6	1.54e-14	9606.ENSP00000263253,9606.ENSP00000263341,9606.ENSP00000264498,9606.ENSP00000269305,9606.ENSP00000275493,9606.ENSP00000278616,9606.ENSP00000361021,9606.ENSP00000362680,9606.ENSP00000369497,9606.ENSP00000371067,9606.ENSP00000381185,9606.ENSP00000385675,9606.ENSP00000398698,9606.ENSP00000405330,9606.ENSP00000418960,9606.ENSP00000428056,9606.ENSP00000451828,9606.ENSP00000478887,9606.ENSP00000489597,9606.ENSP00000495360	EP300,IL1B,FGF2,TP53,EGFR,ATM,PTEN,SRC,BRCA2,JAK2,BCL2,IL6,TNF,ESR1,BRCA1,PIK3R1,AKT1,MYC,PTPN11,CTNNB1
GO:0007165	Signal transduction	28	4714	0.61	0.78	3.10e-14	9606.ENSP00000227507,9606.ENSP00000263253,9606.ENSP00000263341,9606.ENSP00000263967,9606.ENSP00000264498,9606.ENSP00000264657,9606.ENSP00000265171,9606.ENSP00000269305,9606.ENSP00000269571,9606.ENSP00000275493,9606.ENSP00000278616,9606.ENSP00000346839,9606.ENSP00000360266,9606.ENSP00000361021,9606.ENSP00000362680,9606.ENSP00000369497,9606.ENSP00000371067,9606.ENSP00000376345,9606.ENSP00000381185,9606.ENSP00000385675,9606.ENSP00000398698,9606.ENSP00000405330,9606.ENSP00000418960,9606.ENSP00000428056,9606.ENSP00000451828,9606.ENSP00000478887,9606.ENSP00000489597,9606.ENSP00000495360	CCND1,EP300,IL1B,PIK3CA,FGF2,STAT3,EGF,TP53,ERBB2,EGFR,ATM,FN1,JUN,PTEN,SRC,BRCA2,JAK2,GRB2,BCL2,IL6,TNF,ESR1,BRCA1,PIK3R1,AKT1,MYC,PTPN11,CTNNB1
GO:0002682	Regulation of immune system process	20	1438	0.98	1.54	3.31e-14	9606.ENSP00000263253,9606.ENSP00000263341,9606.ENSP00000263967,9606.ENSP00000264657,9606.ENSP00000269571,9606.ENSP00000278616,9606.ENSP00000300305,9606.ENSP00000346839,9606.ENSP00000361021,9606.ENSP00000362680,9606.ENSP00000371067,9606.ENSP00000381185,9606.ENSP00000385675,9606.ENSP00000398698,9606.ENSP00000405330,9606.ENSP00000428056,9606.ENSP00000451828,9606.ENSP00000478887,9606.ENSP00000489597,9606.ENSP00000495360	EP300,IL1B,PIK3CA,STAT3,ERBB2,ATM,RUNX1,FN1,PTEN,SRC,JAK2,BCL2,IL6,TNF,ESR1,PIK3R1,AKT1,MYC,PTPN11,CTNNB1
GO:0010033	Response to organic substance	24	2692	0.78	1.09	3.43e-14	9606.ENSP00000227507,9606.ENSP00000263253,9606.ENSP00000263341,9606.ENSP00000263967,9606.ENSP00000264498,9606.ENSP00000264657,9606.ENSP00000269305,9606.ENSP00000269571,9606.ENSP00000275493,9606.ENSP00000278616,9606.ENSP00000360266,9606.ENSP00000362680,9606.ENSP00000371067,9606.ENSP00000376345,9606.ENSP00000381185,9606.ENSP00000385675,9606.ENSP00000398698,9606.ENSP00000405330,9606.ENSP00000418960,9606.ENSP00000428056,9606.ENSP00000451828,9606.ENSP00000478887,9606.ENSP00000489597,9606.ENSP00000495360	CCND1,EP300,IL1B,PIK3CA,FGF2,STAT3,TP53,ERBB2,EGFR,ATM,JUN,SRC,JAK2,GRB2,BCL2,IL6,TNF,ESR1,BRCA1,PIK3R1,AKT1,MYC,PTPN11,CTNNB1
GO:0030097	Hemopoiesis	16	655	1.22	2.23	3.52e-14	9606.ENSP00000263253,9606.ENSP00000264657,9606.ENSP00000269305,9606.ENSP00000269571,9606.ENSP00000278616,9606.ENSP00000300305,9606.ENSP00000360266,9606.ENSP00000362680,9606.ENSP00000369497,9606.ENSP00000371067,9606.ENSP00000381185,9606.ENSP00000385675,9606.ENSP00000398698,9606.ENSP00000428056,9606.ENSP00000489597,9606.ENSP00000495360	EP300,STAT3,TP53,ERBB2,ATM,RUNX1,JUN,SRC,BRCA2,JAK2,BCL2,IL6,TNF,PIK3R1,PTPN11,CTNNB1
GO:0048522	Positive regulation of cellular process	29	5584	0.55	0.69	4.00e-14	9606.ENSP00000227507,9606.ENSP00000263253,9606.ENSP00000263341,9606.ENSP00000263967,9606.ENSP00000264498,9606.ENSP00000264657,9606.ENSP00000265171,9606.ENSP00000269305,9606.ENSP00000269571,9606.ENSP00000275493,9606.ENSP00000278616,9606.ENSP00000300305,9606.ENSP00000346839,9606.ENSP00000360266,9606.ENSP00000361021,9606.ENSP00000362680,9606.ENSP00000369497,9606.ENSP00000371067,9606.ENSP00000376345,9606.ENSP00000381185,9606.ENSP00000385675,9606.ENSP00000398698,9606.ENSP00000405330,9606.ENSP00000418960,9606.ENSP00000428056,9606.ENSP00000451828,9606.ENSP00000478887,9606.ENSP00000489597,9606.ENSP00000495360	CCND1,EP300,IL1B,PIK3CA,FGF2,STAT3,EGF,TP53,ERBB2,EGFR,ATM,RUNX1,FN1,JUN,PTEN,SRC,BRCA2,JAK2,GRB2,BCL2,IL6,TNF,ESR1,BRCA1,PIK3R1,AKT1,MYC,PTPN11,CTNNB1
GO:0060548	Negative regulation of cell death	18	1016	1.08	1.82	4.32e-14	9606.ENSP00000227507,9606.ENSP00000263341,9606.ENSP00000263967,9606.ENSP00000264498,9606.ENSP00000269305,9606.ENSP00000275493,9606.ENSP00000360266,9606.ENSP00000361021,9606.ENSP00000362680,9606.ENSP00000371067,9606.ENSP00000381185,9606.ENSP00000385675,9606.ENSP00000398698,9606.ENSP00000418960,9606.ENSP00000428056,9606.ENSP00000451828,9606.ENSP00000478887,9606.ENSP00000495360	CCND1,IL1B,PIK3CA,FGF2,TP53,EGFR,JUN,PTEN,SRC,JAK2,BCL2,IL6,TNF,BRCA1,PIK3R1,AKT1,MYC,CTNNB1
GO:0043408	Regulation of MAPK cascade	16	668	1.21	2.2	4.51e-14	9606.ENSP00000263341,9606.ENSP00000264498,9606.ENSP00000265171,9606.ENSP00000269571,9606.ENSP00000275493,9606.ENSP00000346839,9606.ENSP00000360266,9606.ENSP00000361021,9606.ENSP00000362680,9606.ENSP00000371067,9606.ENSP00000376345,9606.ENSP00000385675,9606.ENSP00000398698,9606.ENSP00000478887,9606.ENSP00000489597,9606.ENSP00000495360	IL1B,FGF2,EGF,ERBB2,EGFR,FN1,JUN,PTEN,SRC,JAK2,GRB2,IL6,TNF,MYC,PTPN11,CTNNB1
GO:0051128	Regulation of cellular component organization	23	2365	0.82	1.17	4.55e-14	9606.ENSP00000263253,9606.ENSP00000263341,9606.ENSP00000263967,9606.ENSP00000265171,9606.ENSP00000269305,9606.ENSP00000269571,9606.ENSP00000275493,9606.ENSP00000278616,9606.ENSP00000300305,9606.ENSP00000346839,9606.ENSP00000361021,9606.ENSP00000362680,9606.ENSP00000376345,9606.ENSP00000381185,9606.ENSP00000385675,9606.ENSP00000398698,9606.ENSP00000405330,9606.ENSP00000418960,9606.ENSP00000428056,9606.ENSP00000451828,9606.ENSP00000478887,9606.ENSP00000489597,9606.ENSP00000495360	EP300,IL1B,PIK3CA,EGF,TP53,ERBB2,EGFR,ATM,RUNX1,FN1,PTEN,SRC,GRB2,BCL2,IL6,TNF,ESR1,BRCA1,PIK3R1,AKT1,MYC,PTPN11,CTNNB1
GO:0030335	Positive regulation of cell migration	15	529	1.28	2.43	4.83e-14	9606.ENSP00000263341,9606.ENSP00000264498,9606.ENSP00000264657,9606.ENSP00000265171,9606.ENSP00000275493,9606.ENSP00000278616,9606.ENSP00000346839,9606.ENSP00000360266,9606.ENSP00000362680,9606.ENSP00000371067,9606.ENSP00000381185,9606.ENSP00000385675,9606.ENSP00000398698,9606.ENSP00000428056,9606.ENSP00000451828	IL1B,FGF2,STAT3,EGF,EGFR,ATM,FN1,JUN,SRC,JAK2,BCL2,IL6,TNF,PIK3R1,AKT1
GO:0043067	Regulation of programmed cell death	20	1492	0.96	1.49	5.54e-14	9606.ENSP00000227507,9606.ENSP00000263341,9606.ENSP00000263967,9606.ENSP00000264498,9606.ENSP00000269305,9606.ENSP00000275493,9606.ENSP00000278616,9606.ENSP00000360266,9606.ENSP00000361021,9606.ENSP00000362680,9606.ENSP00000371067,9606.ENSP00000381185,9606.ENSP00000385675,9606.ENSP00000398698,9606.ENSP00000405330,9606.ENSP00000418960,9606.ENSP00000428056,9606.ENSP00000451828,9606.ENSP00000478887,9606.ENSP00000495360	CCND1,IL1B,PIK3CA,FGF2,TP53,EGFR,ATM,JUN,PTEN,SRC,JAK2,BCL2,IL6,TNF,ESR1,BRCA1,PIK3R1,AKT1,MYC,CTNNB1
GO:0031323	Regulation of cellular metabolic process	29	5681	0.54	0.68	5.65e-14	9606.ENSP00000227507,9606.ENSP00000263253,9606.ENSP00000263341,9606.ENSP00000263967,9606.ENSP00000264498,9606.ENSP00000264657,9606.ENSP00000265171,9606.ENSP00000269305,9606.ENSP00000269571,9606.ENSP00000275493,9606.ENSP00000278616,9606.ENSP00000300305,9606.ENSP00000346839,9606.ENSP00000360266,9606.ENSP00000361021,9606.ENSP00000362680,9606.ENSP00000369497,9606.ENSP00000371067,9606.ENSP00000376345,9606.ENSP00000381185,9606.ENSP00000385675,9606.ENSP00000398698,9606.ENSP00000405330,9606.ENSP00000418960,9606.ENSP00000428056,9606.ENSP00000451828,9606.ENSP00000478887,9606.ENSP00000489597,9606.ENSP00000495360	CCND1,EP300,IL1B,PIK3CA,FGF2,STAT3,EGF,TP53,ERBB2,EGFR,ATM,RUNX1,FN1,JUN,PTEN,SRC,BRCA2,JAK2,GRB2,BCL2,IL6,TNF,ESR1,BRCA1,PIK3R1,AKT1,MYC,PTPN11,CTNNB1
GO:0010468	Regulation of gene expression	28	4899	0.59	0.75	6.67e-14	9606.ENSP00000227507,9606.ENSP00000263253,9606.ENSP00000263341,9606.ENSP00000263967,9606.ENSP00000264498,9606.ENSP00000264657,9606.ENSP00000265171,9606.ENSP00000269305,9606.ENSP00000269571,9606.ENSP00000275493,9606.ENSP00000278616,9606.ENSP00000300305,9606.ENSP00000346839,9606.ENSP00000360266,9606.ENSP00000361021,9606.ENSP00000362680,9606.ENSP00000369497,9606.ENSP00000371067,9606.ENSP00000381185,9606.ENSP00000385675,9606.ENSP00000398698,9606.ENSP00000405330,9606.ENSP00000418960,9606.ENSP00000428056,9606.ENSP00000451828,9606.ENSP00000478887,9606.ENSP00000489597,9606.ENSP00000495360	CCND1,EP300,IL1B,PIK3CA,FGF2,STAT3,EGF,TP53,ERBB2,EGFR,ATM,RUNX1,FN1,JUN,PTEN,SRC,BRCA2,JAK2,BCL2,IL6,TNF,ESR1,BRCA1,PIK3R1,AKT1,MYC,PTPN11,CTNNB1
GO:0043066	Negative regulation of apoptotic process	17	891	1.11	1.89	1.13e-13	9606.ENSP00000227507,9606.ENSP00000263341,9606.ENSP00000263967,9606.ENSP00000269305,9606.ENSP00000275493,9606.ENSP00000360266,9606.ENSP00000361021,9606.ENSP00000362680,9606.ENSP00000371067,9606.ENSP00000381185,9606.ENSP00000385675,9606.ENSP00000398698,9606.ENSP00000418960,9606.ENSP00000428056,9606.ENSP00000451828,9606.ENSP00000478887,9606.ENSP00000495360	CCND1,IL1B,PIK3CA,TP53,EGFR,JUN,PTEN,SRC,JAK2,BCL2,IL6,TNF,BRCA1,PIK3R1,AKT1,MYC,CTNNB1
GO:0044093	Positive regulation of molecular function	20	1587	0.93	1.41	1.56e-13	9606.ENSP00000227507,9606.ENSP00000263253,9606.ENSP00000263341,9606.ENSP00000263967,9606.ENSP00000264498,9606.ENSP00000264657,9606.ENSP00000265171,9606.ENSP00000269571,9606.ENSP00000275493,9606.ENSP00000346839,9606.ENSP00000361021,9606.ENSP00000362680,9606.ENSP00000371067,9606.ENSP00000381185,9606.ENSP00000385675,9606.ENSP00000398698,9606.ENSP00000405330,9606.ENSP00000451828,9606.ENSP00000478887,9606.ENSP00000495360	CCND1,EP300,IL1B,PIK3CA,FGF2,STAT3,EGF,ERBB2,EGFR,FN1,PTEN,SRC,JAK2,BCL2,IL6,TNF,ESR1,AKT1,MYC,CTNNB1
GO:0006950	Response to stress	25	3358	0.7	0.93	1.64e-13	9606.ENSP00000227507,9606.ENSP00000263253,9606.ENSP00000263341,9606.ENSP00000263967,9606.ENSP00000264498,9606.ENSP00000264657,9606.ENSP00000269305,9606.ENSP00000269571,9606.ENSP00000275493,9606.ENSP00000278616,9606.ENSP00000346839,9606.ENSP00000360266,9606.ENSP00000361021,9606.ENSP00000362680,9606.ENSP00000369497,9606.ENSP00000371067,9606.ENSP00000376345,9606.ENSP00000381185,9606.ENSP00000385675,9606.ENSP00000398698,9606.ENSP00000418960,9606.ENSP00000428056,9606.ENSP00000451828,9606.ENSP00000478887,9606.ENSP00000489597	CCND1,EP300,IL1B,PIK3CA,FGF2,STAT3,TP53,ERBB2,EGFR,ATM,FN1,JUN,PTEN,SRC,BRCA2,JAK2,GRB2,BCL2,IL6,TNF,BRCA1,PIK3R1,AKT1,MYC,PTPN11
GO:0001934	Positive regulation of protein phosphorylation	16	747	1.16	2.02	1.91e-13	9606.ENSP00000227507,9606.ENSP00000263341,9606.ENSP00000263967,9606.ENSP00000264498,9606.ENSP00000265171,9606.ENSP00000269305,9606.ENSP00000269571,9606.ENSP00000275493,9606.ENSP00000278616,9606.ENSP00000362680,9606.ENSP00000371067,9606.ENSP00000381185,9606.ENSP00000385675,9606.ENSP00000398698,9606.ENSP00000451828,9606.ENSP00000489597	CCND1,IL1B,PIK3CA,FGF2,EGF,TP53,ERBB2,EGFR,ATM,SRC,JAK2,BCL2,IL6,TNF,AKT1,PTPN11
GO:0002694	Regulation of leukocyte activation	15	601	1.23	2.2	2.33e-13	9606.ENSP00000263341,9606.ENSP00000263967,9606.ENSP00000269571,9606.ENSP00000278616,9606.ENSP00000300305,9606.ENSP00000346839,9606.ENSP00000361021,9606.ENSP00000362680,9606.ENSP00000371067,9606.ENSP00000381185,9606.ENSP00000385675,9606.ENSP00000398698,9606.ENSP00000451828,9606.ENSP00000489597,9606.ENSP00000495360	IL1B,PIK3CA,ERBB2,ATM,RUNX1,FN1,PTEN,SRC,JAK2,BCL2,IL6,TNF,AKT1,PTPN11,CTNNB1
GO:0010243	Response to organonitrogen compound	17	963	1.08	1.77	3.45e-13	9606.ENSP00000227507,9606.ENSP00000263341,9606.ENSP00000263967,9606.ENSP00000264657,9606.ENSP00000269305,9606.ENSP00000275493,9606.ENSP00000360266,9606.ENSP00000362680,9606.ENSP00000371067,9606.ENSP00000376345,9606.ENSP00000381185,9606.ENSP00000385675,9606.ENSP00000398698,9606.ENSP00000418960,9606.ENSP00000428056,9606.ENSP00000451828,9606.ENSP00000495360	CCND1,IL1B,PIK3CA,STAT3,TP53,EGFR,JUN,SRC,JAK2,GRB2,BCL2,IL6,TNF,BRCA1,PIK3R1,AKT1,CTNNB1
GO:0050678	Regulation of epithelial cell proliferation	13	366	1.38	2.64	3.94e-13	9606.ENSP00000227507,9606.ENSP00000264498,9606.ENSP00000264657,9606.ENSP00000265171,9606.ENSP00000269571,9606.ENSP00000275493,9606.ENSP00000360266,9606.ENSP00000361021,9606.ENSP00000369497,9606.ENSP00000398698,9606.ENSP00000451828,9606.ENSP00000478887,9606.ENSP00000495360	CCND1,FGF2,STAT3,EGF,ERBB2,EGFR,JUN,PTEN,BRCA2,TNF,AKT1,MYC,CTNNB1
GO:0030154	Cell differentiation	25	3507	0.69	0.9	4.21e-13	9606.ENSP00000227507,9606.ENSP00000263253,9606.ENSP00000263341,9606.ENSP00000264498,9606.ENSP00000264657,9606.ENSP00000269305,9606.ENSP00000269571,9606.ENSP00000275493,9606.ENSP00000278616,9606.ENSP00000300305,9606.ENSP00000346839,9606.ENSP00000360266,9606.ENSP00000361021,9606.ENSP00000362680,9606.ENSP00000369497,9606.ENSP00000371067,9606.ENSP00000376345,9606.ENSP00000381185,9606.ENSP00000385675,9606.ENSP00000398698,9606.ENSP00000405330,9606.ENSP00000428056,9606.ENSP00000451828,9606.ENSP00000489597,9606.ENSP00000495360	CCND1,EP300,IL1B,FGF2,STAT3,TP53,ERBB2,EGFR,ATM,RUNX1,FN1,JUN,PTEN,SRC,BRCA2,JAK2,GRB2,BCL2,IL6,TNF,ESR1,PIK3R1,AKT1,PTPN11,CTNNB1
GO:0043085	Positive regulation of catalytic activity	18	1191	1.01	1.59	4.51e-13	9606.ENSP00000227507,9606.ENSP00000263341,9606.ENSP00000263967,9606.ENSP00000264498,9606.ENSP00000264657,9606.ENSP00000265171,9606.ENSP00000269571,9606.ENSP00000275493,9606.ENSP00000346839,9606.ENSP00000361021,9606.ENSP00000362680,9606.ENSP00000371067,9606.ENSP00000381185,9606.ENSP00000398698,9606.ENSP00000405330,9606.ENSP00000451828,9606.ENSP00000478887,9606.ENSP00000495360	CCND1,IL1B,PIK3CA,FGF2,STAT3,EGF,ERBB2,EGFR,FN1,PTEN,SRC,JAK2,BCL2,TNF,ESR1,AKT1,MYC,CTNNB1
GO:0007346	Regulation of mitotic cell cycle	14	493	1.29	2.35	4.67e-13	9606.ENSP00000227507,9606.ENSP00000263341,9606.ENSP00000265171,9606.ENSP00000269305,9606.ENSP00000275493,9606.ENSP00000278616,9606.ENSP00000361021,9606.ENSP00000369497,9606.ENSP00000381185,9606.ENSP00000398698,9606.ENSP00000418960,9606.ENSP00000451828,9606.ENSP00000489597,9606.ENSP00000495360	CCND1,IL1B,EGF,TP53,EGFR,ATM,PTEN,BRCA2,BCL2,TNF,BRCA1,AKT1,PTPN11,CTNNB1
GO:0048519	Negative regulation of biological process	28	5313	0.55	0.69	4.80e-13	9606.ENSP00000227507,9606.ENSP00000263253,9606.ENSP00000263341,9606.ENSP00000263967,9606.ENSP00000264498,9606.ENSP00000264657,9606.ENSP00000265171,9606.ENSP00000269305,9606.ENSP00000269571,9606.ENSP00000275493,9606.ENSP00000278616,9606.ENSP00000300305,9606.ENSP00000346839,9606.ENSP00000360266,9606.ENSP00000361021,9606.ENSP00000362680,9606.ENSP00000369497,9606.ENSP00000371067,9606.ENSP00000381185,9606.ENSP00000385675,9606.ENSP00000398698,9606.ENSP00000405330,9606.ENSP00000418960,9606.ENSP00000428056,9606.ENSP00000451828,9606.ENSP00000478887,9606.ENSP00000489597,9606.ENSP00000495360	CCND1,EP300,IL1B,PIK3CA,FGF2,STAT3,EGF,TP53,ERBB2,EGFR,ATM,RUNX1,FN1,JUN,PTEN,SRC,BRCA2,JAK2,BCL2,IL6,TNF,ESR1,BRCA1,PIK3R1,AKT1,MYC,PTPN11,CTNNB1
GO:0007167	Enzyme-linked receptor protein signaling pathway	15	641	1.2	2.1	5.21e-13	9606.ENSP00000263967,9606.ENSP00000264498,9606.ENSP00000264657,9606.ENSP00000265171,9606.ENSP00000269305,9606.ENSP00000269571,9606.ENSP00000275493,9606.ENSP00000360266,9606.ENSP00000362680,9606.ENSP00000371067,9606.ENSP00000376345,9606.ENSP00000428056,9606.ENSP00000451828,9606.ENSP00000489597,9606.ENSP00000495360	PIK3CA,FGF2,STAT3,EGF,TP53,ERBB2,EGFR,JUN,SRC,JAK2,GRB2,PIK3R1,AKT1,PTPN11,CTNNB1
GO:0048468	Cell development	20	1719	0.9	1.31	5.87e-13	9606.ENSP00000263253,9606.ENSP00000263341,9606.ENSP00000264498,9606.ENSP00000269571,9606.ENSP00000278616,9606.ENSP00000300305,9606.ENSP00000346839,9606.ENSP00000360266,9606.ENSP00000361021,9606.ENSP00000362680,9606.ENSP00000369497,9606.ENSP00000371067,9606.ENSP00000381185,9606.ENSP00000385675,9606.ENSP00000398698,9606.ENSP00000405330,9606.ENSP00000428056,9606.ENSP00000451828,9606.ENSP00000489597,9606.ENSP00000495360	EP300,IL1B,FGF2,ERBB2,ATM,RUNX1,FN1,JUN,PTEN,SRC,BRCA2,JAK2,BCL2,IL6,TNF,ESR1,PIK3R1,AKT1,PTPN11,CTNNB1
GO:0009888	Tissue development	20	1723	0.9	1.31	6.07e-13	9606.ENSP00000227507,9606.ENSP00000263253,9606.ENSP00000263967,9606.ENSP00000264498,9606.ENSP00000265171,9606.ENSP00000269305,9606.ENSP00000275493,9606.ENSP00000278616,9606.ENSP00000300305,9606.ENSP00000346839,9606.ENSP00000360266,9606.ENSP00000361021,9606.ENSP00000362680,9606.ENSP00000371067,9606.ENSP00000376345,9606.ENSP00000381185,9606.ENSP00000405330,9606.ENSP00000451828,9606.ENSP00000478887,9606.ENSP00000495360	CCND1,EP300,PIK3CA,FGF2,EGF,TP53,EGFR,ATM,RUNX1,FN1,JUN,PTEN,SRC,JAK2,GRB2,BCL2,ESR1,AKT1,MYC,CTNNB1
GO:0042981	Regulation of apoptotic process	19	1462	0.95	1.42	6.43e-13	9606.ENSP00000227507,9606.ENSP00000263341,9606.ENSP00000263967,9606.ENSP00000269305,9606.ENSP00000275493,9606.ENSP00000278616,9606.ENSP00000360266,9606.ENSP00000361021,9606.ENSP00000362680,9606.ENSP00000371067,9606.ENSP00000381185,9606.ENSP00000385675,9606.ENSP00000398698,9606.ENSP00000405330,9606.ENSP00000418960,9606.ENSP00000428056,9606.ENSP00000451828,9606.ENSP00000478887,9606.ENSP00000495360	CCND1,IL1B,PIK3CA,TP53,EGFR,ATM,JUN,PTEN,SRC,JAK2,BCL2,IL6,TNF,ESR1,BRCA1,PIK3R1,AKT1,MYC,CTNNB1
GO:0002521	Leukocyte differentiation	13	396	1.35	2.5	9.07e-13	9606.ENSP00000263253,9606.ENSP00000264657,9606.ENSP00000269305,9606.ENSP00000269571,9606.ENSP00000278616,9606.ENSP00000300305,9606.ENSP00000360266,9606.ENSP00000362680,9606.ENSP00000381185,9606.ENSP00000385675,9606.ENSP00000398698,9606.ENSP00000428056,9606.ENSP00000495360	EP300,STAT3,TP53,ERBB2,ATM,RUNX1,JUN,SRC,BCL2,IL6,TNF,PIK3R1,CTNNB1
GO:0045944	Positive regulation of transcription by RNA polymerase II	18	1250	0.99	1.52	9.07e-13	9606.ENSP00000263253,9606.ENSP00000263341,9606.ENSP00000264498,9606.ENSP00000264657,9606.ENSP00000269305,9606.ENSP00000275493,9606.ENSP00000278616,9606.ENSP00000300305,9606.ENSP00000360266,9606.ENSP00000371067,9606.ENSP00000385675,9606.ENSP00000398698,9606.ENSP00000405330,9606.ENSP00000418960,9606.ENSP00000428056,9606.ENSP00000451828,9606.ENSP00000478887,9606.ENSP00000495360	EP300,IL1B,FGF2,STAT3,TP53,EGFR,ATM,RUNX1,JUN,JAK2,IL6,TNF,ESR1,BRCA1,PIK3R1,AKT1,MYC,CTNNB1
GO:0051241	Negative regulation of multicellular organismal process	17	1035	1.05	1.67	9.29e-13	9606.ENSP00000263341,9606.ENSP00000264498,9606.ENSP00000269305,9606.ENSP00000269571,9606.ENSP00000275493,9606.ENSP00000300305,9606.ENSP00000346839,9606.ENSP00000361021,9606.ENSP00000369497,9606.ENSP00000371067,9606.ENSP00000381185,9606.ENSP00000385675,9606.ENSP00000398698,9606.ENSP00000428056,9606.ENSP00000478887,9606.ENSP00000489597,9606.ENSP00000495360	IL1B,FGF2,TP53,ERBB2,EGFR,RUNX1,FN1,PTEN,BRCA2,JAK2,BCL2,IL6,TNF,PIK3R1,MYC,PTPN11,CTNNB1
GO:0006915	Apoptotic process	17	1041	1.05	1.66	1.01e-12	9606.ENSP00000263253,9606.ENSP00000263341,9606.ENSP00000263967,9606.ENSP00000269305,9606.ENSP00000278616,9606.ENSP00000360266,9606.ENSP00000361021,9606.ENSP00000369497,9606.ENSP00000371067,9606.ENSP00000381185,9606.ENSP00000385675,9606.ENSP00000398698,9606.ENSP00000418960,9606.ENSP00000428056,9606.ENSP00000451828,9606.ENSP00000478887,9606.ENSP00000495360	EP300,IL1B,PIK3CA,TP53,ATM,JUN,PTEN,BRCA2,JAK2,BCL2,IL6,TNF,BRCA1,PIK3R1,AKT1,MYC,CTNNB1
GO:0050679	Positive regulation of epithelial cell proliferation	11	207	1.56	3.08	1.08e-12	9606.ENSP00000227507,9606.ENSP00000264498,9606.ENSP00000264657,9606.ENSP00000265171,9606.ENSP00000269571,9606.ENSP00000275493,9606.ENSP00000360266,9606.ENSP00000398698,9606.ENSP00000451828,9606.ENSP00000478887,9606.ENSP00000495360	CCND1,FGF2,STAT3,EGF,ERBB2,EGFR,JUN,TNF,AKT1,MYC,CTNNB1
GO:1901701	Cellular response to oxygen-containing compound	17	1057	1.04	1.64	1.27e-12	9606.ENSP00000263341,9606.ENSP00000263967,9606.ENSP00000264657,9606.ENSP00000269305,9606.ENSP00000275493,9606.ENSP00000278616,9606.ENSP00000360266,9606.ENSP00000362680,9606.ENSP00000371067,9606.ENSP00000376345,9606.ENSP00000385675,9606.ENSP00000398698,9606.ENSP00000405330,9606.ENSP00000418960,9606.ENSP00000428056,9606.ENSP00000451828,9606.ENSP00000495360	IL1B,PIK3CA,STAT3,TP53,EGFR,ATM,JUN,SRC,JAK2,GRB2,IL6,TNF,ESR1,BRCA1,PIK3R1,AKT1,CTNNB1
GO:0051052	Regulation of DNA metabolic process	14	541	1.24	2.19	1.35e-12	9606.ENSP00000263967,9606.ENSP00000264498,9606.ENSP00000265171,9606.ENSP00000269305,9606.ENSP00000275493,9606.ENSP00000278616,9606.ENSP00000362680,9606.ENSP00000369497,9606.ENSP00000385675,9606.ENSP00000398698,9606.ENSP00000418960,9606.ENSP00000451828,9606.ENSP00000478887,9606.ENSP00000495360	PIK3CA,FGF2,EGF,TP53,EGFR,ATM,SRC,BRCA2,IL6,TNF,BRCA1,AKT1,MYC,CTNNB1
GO:0048660	Regulation of smooth muscle cell proliferation	10	142	1.68	3.37	1.48e-12	9606.ENSP00000263967,9606.ENSP00000264498,9606.ENSP00000360266,9606.ENSP00000361021,9606.ENSP00000362680,9606.ENSP00000371067,9606.ENSP00000385675,9606.ENSP00000398698,9606.ENSP00000451828,9606.ENSP00000495360	PIK3CA,FGF2,JUN,PTEN,SRC,JAK2,IL6,TNF,AKT1,CTNNB1
GO:1901700	Response to oxygen-containing compound	19	1547	0.92	1.35	1.58e-12	9606.ENSP00000227507,9606.ENSP00000263341,9606.ENSP00000263967,9606.ENSP00000264657,9606.ENSP00000269305,9606.ENSP00000275493,9606.ENSP00000278616,9606.ENSP00000360266,9606.ENSP00000362680,9606.ENSP00000371067,9606.ENSP00000376345,9606.ENSP00000381185,9606.ENSP00000385675,9606.ENSP00000398698,9606.ENSP00000405330,9606.ENSP00000418960,9606.ENSP00000428056,9606.ENSP00000451828,9606.ENSP00000495360	CCND1,IL1B,PIK3CA,STAT3,TP53,EGFR,ATM,JUN,SRC,JAK2,GRB2,BCL2,IL6,TNF,ESR1,BRCA1,PIK3R1,AKT1,CTNNB1
GO:0007173	Epidermal growth factor receptor signaling pathway	8	49	2.04	4.08	1.78e-12	9606.ENSP00000263967,9606.ENSP00000265171,9606.ENSP00000269571,9606.ENSP00000275493,9606.ENSP00000362680,9606.ENSP00000376345,9606.ENSP00000451828,9606.ENSP00000489597	PIK3CA,EGF,ERBB2,EGFR,SRC,GRB2,AKT1,PTPN11
GO:0007169	Transmembrane receptor protein tyrosine kinase signaling pathway	13	425	1.32	2.38	1.92e-12	9606.ENSP00000263967,9606.ENSP00000264498,9606.ENSP00000264657,9606.ENSP00000265171,9606.ENSP00000269571,9606.ENSP00000275493,9606.ENSP00000362680,9606.ENSP00000371067,9606.ENSP00000376345,9606.ENSP00000428056,9606.ENSP00000451828,9606.ENSP00000489597,9606.ENSP00000495360	PIK3CA,FGF2,STAT3,EGF,ERBB2,EGFR,SRC,JAK2,GRB2,PIK3R1,AKT1,PTPN11,CTNNB1
GO:0008285	Negative regulation of cell population proliferation	15	713	1.16	1.93	1.94e-12	9606.ENSP00000263341,9606.ENSP00000264498,9606.ENSP00000264657,9606.ENSP00000269305,9606.ENSP00000269571,9606.ENSP00000278616,9606.ENSP00000360266,9606.ENSP00000361021,9606.ENSP00000369497,9606.ENSP00000371067,9606.ENSP00000381185,9606.ENSP00000385675,9606.ENSP00000398698,9606.ENSP00000478887,9606.ENSP00000495360	IL1B,FGF2,STAT3,TP53,ERBB2,ATM,JUN,PTEN,BRCA2,JAK2,BCL2,IL6,TNF,MYC,CTNNB1
GO:0010564	Regulation of cell cycle process	15	716	1.15	1.93	2.04e-12	9606.ENSP00000227507,9606.ENSP00000263341,9606.ENSP00000265171,9606.ENSP00000269305,9606.ENSP00000275493,9606.ENSP00000278616,9606.ENSP00000361021,9606.ENSP00000369497,9606.ENSP00000381185,9606.ENSP00000398698,9606.ENSP00000418960,9606.ENSP00000451828,9606.ENSP00000478887,9606.ENSP00000489597,9606.ENSP00000495360	CCND1,IL1B,EGF,TP53,EGFR,ATM,PTEN,BRCA2,BCL2,TNF,BRCA1,AKT1,MYC,PTPN11,CTNNB1
GO:0045595	Regulation of cell differentiation	19	1582	0.91	1.33	2.22e-12	9606.ENSP00000227507,9606.ENSP00000263341,9606.ENSP00000264498,9606.ENSP00000264657,9606.ENSP00000269305,9606.ENSP00000269571,9606.ENSP00000275493,9606.ENSP00000300305,9606.ENSP00000346839,9606.ENSP00000361021,9606.ENSP00000371067,9606.ENSP00000381185,9606.ENSP00000385675,9606.ENSP00000398698,9606.ENSP00000428056,9606.ENSP00000451828,9606.ENSP00000478887,9606.ENSP00000489597,9606.ENSP00000495360	CCND1,IL1B,FGF2,STAT3,TP53,ERBB2,EGFR,RUNX1,FN1,PTEN,JAK2,BCL2,IL6,TNF,PIK3R1,AKT1,MYC,PTPN11,CTNNB1
GO:0071495	Cellular response to endogenous stimulus	17	1103	1.02	1.58	2.25e-12	9606.ENSP00000263967,9606.ENSP00000264498,9606.ENSP00000264657,9606.ENSP00000269305,9606.ENSP00000269571,9606.ENSP00000275493,9606.ENSP00000360266,9606.ENSP00000362680,9606.ENSP00000371067,9606.ENSP00000376345,9606.ENSP00000398698,9606.ENSP00000405330,9606.ENSP00000418960,9606.ENSP00000428056,9606.ENSP00000451828,9606.ENSP00000489597,9606.ENSP00000495360	PIK3CA,FGF2,STAT3,TP53,ERBB2,EGFR,JUN,SRC,JAK2,GRB2,TNF,ESR1,BRCA1,PIK3R1,AKT1,PTPN11,CTNNB1
GO:0051338	Regulation of transferase activity	16	912	1.08	1.72	2.71e-12	9606.ENSP00000227507,9606.ENSP00000263341,9606.ENSP00000263967,9606.ENSP00000264498,9606.ENSP00000265171,9606.ENSP00000269305,9606.ENSP00000269571,9606.ENSP00000275493,9606.ENSP00000361021,9606.ENSP00000362680,9606.ENSP00000371067,9606.ENSP00000398698,9606.ENSP00000428056,9606.ENSP00000451828,9606.ENSP00000478887,9606.ENSP00000495360	CCND1,IL1B,PIK3CA,FGF2,EGF,TP53,ERBB2,EGFR,PTEN,SRC,JAK2,TNF,PIK3R1,AKT1,MYC,CTNNB1
GO:0071214	Cellular response to abiotic stimulus	12	325	1.4	2.59	2.75e-12	9606.ENSP00000263253,9606.ENSP00000263341,9606.ENSP00000263967,9606.ENSP00000264498,9606.ENSP00000269305,9606.ENSP00000278616,9606.ENSP00000361021,9606.ENSP00000369497,9606.ENSP00000376345,9606.ENSP00000418960,9606.ENSP00000428056,9606.ENSP00000478887	EP300,IL1B,PIK3CA,FGF2,TP53,ATM,PTEN,BRCA2,GRB2,BRCA1,PIK3R1,MYC
GO:0009314	Response to radiation	13	444	1.3	2.31	2.98e-12	9606.ENSP00000227507,9606.ENSP00000263253,9606.ENSP00000269305,9606.ENSP00000275493,9606.ENSP00000278616,9606.ENSP00000369497,9606.ENSP00000376345,9606.ENSP00000381185,9606.ENSP00000398698,9606.ENSP00000418960,9606.ENSP00000428056,9606.ENSP00000451828,9606.ENSP00000478887	CCND1,EP300,TP53,EGFR,ATM,BRCA2,GRB2,BCL2,TNF,BRCA1,PIK3R1,AKT1,MYC
GO:0030334	Regulation of cell migration	16	927	1.07	1.7	3.24e-12	9606.ENSP00000263341,9606.ENSP00000264498,9606.ENSP00000264657,9606.ENSP00000265171,9606.ENSP00000275493,9606.ENSP00000278616,9606.ENSP00000346839,9606.ENSP00000360266,9606.ENSP00000361021,9606.ENSP00000362680,9606.ENSP00000371067,9606.ENSP00000381185,9606.ENSP00000385675,9606.ENSP00000398698,9606.ENSP00000428056,9606.ENSP00000451828	IL1B,FGF2,STAT3,EGF,EGFR,ATM,FN1,JUN,PTEN,SRC,JAK2,BCL2,IL6,TNF,PIK3R1,AKT1
GO:0051347	Positive regulation of transferase activity	14	586	1.21	2.06	3.29e-12	9606.ENSP00000227507,9606.ENSP00000263341,9606.ENSP00000263967,9606.ENSP00000264498,9606.ENSP00000265171,9606.ENSP00000269571,9606.ENSP00000275493,9606.ENSP00000361021,9606.ENSP00000362680,9606.ENSP00000371067,9606.ENSP00000398698,9606.ENSP00000451828,9606.ENSP00000478887,9606.ENSP00000495360	CCND1,IL1B,PIK3CA,FGF2,EGF,ERBB2,EGFR,PTEN,SRC,JAK2,TNF,AKT1,MYC,CTNNB1
GO:0009892	Negative regulation of metabolic process	23	2982	0.72	0.94	3.55e-12	9606.ENSP00000227507,9606.ENSP00000263253,9606.ENSP00000263341,9606.ENSP00000263967,9606.ENSP00000264498,9606.ENSP00000264657,9606.ENSP00000269305,9606.ENSP00000275493,9606.ENSP00000278616,9606.ENSP00000300305,9606.ENSP00000346839,9606.ENSP00000360266,9606.ENSP00000361021,9606.ENSP00000362680,9606.ENSP00000369497,9606.ENSP00000381185,9606.ENSP00000385675,9606.ENSP00000398698,9606.ENSP00000405330,9606.ENSP00000418960,9606.ENSP00000451828,9606.ENSP00000478887,9606.ENSP00000495360	CCND1,EP300,IL1B,PIK3CA,FGF2,STAT3,TP53,EGFR,ATM,RUNX1,FN1,JUN,PTEN,SRC,BRCA2,BCL2,IL6,TNF,ESR1,BRCA1,AKT1,MYC,CTNNB1
GO:2000026	Regulation of multicellular organismal development	18	1389	0.94	1.39	4.25e-12	9606.ENSP00000227507,9606.ENSP00000263341,9606.ENSP00000264498,9606.ENSP00000264657,9606.ENSP00000265171,9606.ENSP00000269305,9606.ENSP00000269571,9606.ENSP00000300305,9606.ENSP00000346839,9606.ENSP00000361021,9606.ENSP00000385675,9606.ENSP00000398698,9606.ENSP00000418960,9606.ENSP00000428056,9606.ENSP00000451828,9606.ENSP00000478887,9606.ENSP00000489597,9606.ENSP00000495360	CCND1,IL1B,FGF2,STAT3,EGF,TP53,ERBB2,RUNX1,FN1,PTEN,IL6,TNF,BRCA1,PIK3R1,AKT1,MYC,PTPN11,CTNNB1
GO:0009725	Response to hormone	15	762	1.13	1.83	4.37e-12	9606.ENSP00000227507,9606.ENSP00000263253,9606.ENSP00000263967,9606.ENSP00000264657,9606.ENSP00000362680,9606.ENSP00000371067,9606.ENSP00000376345,9606.ENSP00000381185,9606.ENSP00000385675,9606.ENSP00000398698,9606.ENSP00000405330,9606.ENSP00000418960,9606.ENSP00000428056,9606.ENSP00000451828,9606.ENSP00000489597	CCND1,EP300,PIK3CA,STAT3,SRC,JAK2,GRB2,BCL2,IL6,TNF,ESR1,BRCA1,PIK3R1,AKT1,PTPN11
GO:0006355	Regulation of transcription, DNA-templated	24	3460	0.67	0.86	4.70e-12	9606.ENSP00000227507,9606.ENSP00000263253,9606.ENSP00000263341,9606.ENSP00000264498,9606.ENSP00000264657,9606.ENSP00000265171,9606.ENSP00000269305,9606.ENSP00000269571,9606.ENSP00000275493,9606.ENSP00000278616,9606.ENSP00000300305,9606.ENSP00000360266,9606.ENSP00000361021,9606.ENSP00000362680,9606.ENSP00000369497,9606.ENSP00000371067,9606.ENSP00000385675,9606.ENSP00000398698,9606.ENSP00000405330,9606.ENSP00000418960,9606.ENSP00000428056,9606.ENSP00000451828,9606.ENSP00000478887,9606.ENSP00000495360	CCND1,EP300,IL1B,FGF2,STAT3,EGF,TP53,ERBB2,EGFR,ATM,RUNX1,JUN,PTEN,SRC,BRCA2,JAK2,IL6,TNF,ESR1,BRCA1,PIK3R1,AKT1,MYC,CTNNB1
GO:0010556	Regulation of macromolecule biosynthetic process	25	3980	0.63	0.79	5.59e-12	9606.ENSP00000227507,9606.ENSP00000263253,9606.ENSP00000263341,9606.ENSP00000264498,9606.ENSP00000264657,9606.ENSP00000265171,9606.ENSP00000269305,9606.ENSP00000269571,9606.ENSP00000275493,9606.ENSP00000278616,9606.ENSP00000300305,9606.ENSP00000360266,9606.ENSP00000361021,9606.ENSP00000362680,9606.ENSP00000369497,9606.ENSP00000371067,9606.ENSP00000381185,9606.ENSP00000385675,9606.ENSP00000398698,9606.ENSP00000405330,9606.ENSP00000418960,9606.ENSP00000428056,9606.ENSP00000451828,9606.ENSP00000478887,9606.ENSP00000495360	CCND1,EP300,IL1B,FGF2,STAT3,EGF,TP53,ERBB2,EGFR,ATM,RUNX1,JUN,PTEN,SRC,BRCA2,JAK2,BCL2,IL6,TNF,ESR1,BRCA1,PIK3R1,AKT1,MYC,CTNNB1
GO:0080090	Regulation of primary metabolic process	28	5899	0.51	0.63	5.67e-12	9606.ENSP00000227507,9606.ENSP00000263253,9606.ENSP00000263341,9606.ENSP00000263967,9606.ENSP00000264498,9606.ENSP00000264657,9606.ENSP00000265171,9606.ENSP00000269305,9606.ENSP00000269571,9606.ENSP00000275493,9606.ENSP00000278616,9606.ENSP00000300305,9606.ENSP00000346839,9606.ENSP00000360266,9606.ENSP00000361021,9606.ENSP00000362680,9606.ENSP00000369497,9606.ENSP00000371067,9606.ENSP00000381185,9606.ENSP00000385675,9606.ENSP00000398698,9606.ENSP00000405330,9606.ENSP00000418960,9606.ENSP00000428056,9606.ENSP00000451828,9606.ENSP00000478887,9606.ENSP00000489597,9606.ENSP00000495360	CCND1,EP300,IL1B,PIK3CA,FGF2,STAT3,EGF,TP53,ERBB2,EGFR,ATM,RUNX1,FN1,JUN,PTEN,SRC,BRCA2,JAK2,BCL2,IL6,TNF,ESR1,BRCA1,PIK3R1,AKT1,MYC,PTPN11,CTNNB1
GO:0030155	Regulation of cell adhesion	15	784	1.11	1.79	6.22e-12	9606.ENSP00000263341,9606.ENSP00000263967,9606.ENSP00000269571,9606.ENSP00000278616,9606.ENSP00000300305,9606.ENSP00000346839,9606.ENSP00000361021,9606.ENSP00000362680,9606.ENSP00000371067,9606.ENSP00000381185,9606.ENSP00000385675,9606.ENSP00000398698,9606.ENSP00000428056,9606.ENSP00000451828,9606.ENSP00000489597	IL1B,PIK3CA,ERBB2,ATM,RUNX1,FN1,PTEN,SRC,JAK2,BCL2,IL6,TNF,PIK3R1,AKT1,PTPN11
GO:0065009	Regulation of molecular function	23	3085	0.7	0.91	6.84e-12	9606.ENSP00000227507,9606.ENSP00000263253,9606.ENSP00000263341,9606.ENSP00000263967,9606.ENSP00000264498,9606.ENSP00000264657,9606.ENSP00000265171,9606.ENSP00000269305,9606.ENSP00000269571,9606.ENSP00000275493,9606.ENSP00000346839,9606.ENSP00000360266,9606.ENSP00000361021,9606.ENSP00000362680,9606.ENSP00000371067,9606.ENSP00000381185,9606.ENSP00000385675,9606.ENSP00000398698,9606.ENSP00000405330,9606.ENSP00000428056,9606.ENSP00000451828,9606.ENSP00000478887,9606.ENSP00000495360	CCND1,EP300,IL1B,PIK3CA,FGF2,STAT3,EGF,TP53,ERBB2,EGFR,FN1,JUN,PTEN,SRC,JAK2,BCL2,IL6,TNF,ESR1,PIK3R1,AKT1,MYC,CTNNB1
GO:0043410	Positive regulation of MAPK cascade	13	481	1.26	2.18	7.17e-12	9606.ENSP00000263341,9606.ENSP00000264498,9606.ENSP00000265171,9606.ENSP00000269571,9606.ENSP00000275493,9606.ENSP00000360266,9606.ENSP00000361021,9606.ENSP00000362680,9606.ENSP00000371067,9606.ENSP00000385675,9606.ENSP00000398698,9606.ENSP00000489597,9606.ENSP00000495360	IL1B,FGF2,EGF,ERBB2,EGFR,JUN,PTEN,SRC,JAK2,IL6,TNF,PTPN11,CTNNB1
GO:0019219	Regulation of nucleobase-containing compound metabolic process	25	4074	0.62	0.78	9.21e-12	9606.ENSP00000227507,9606.ENSP00000263253,9606.ENSP00000263341,9606.ENSP00000263967,9606.ENSP00000264498,9606.ENSP00000264657,9606.ENSP00000265171,9606.ENSP00000269305,9606.ENSP00000269571,9606.ENSP00000275493,9606.ENSP00000278616,9606.ENSP00000300305,9606.ENSP00000360266,9606.ENSP00000361021,9606.ENSP00000362680,9606.ENSP00000369497,9606.ENSP00000371067,9606.ENSP00000385675,9606.ENSP00000398698,9606.ENSP00000405330,9606.ENSP00000418960,9606.ENSP00000428056,9606.ENSP00000451828,9606.ENSP00000478887,9606.ENSP00000495360	CCND1,EP300,IL1B,PIK3CA,FGF2,STAT3,EGF,TP53,ERBB2,EGFR,ATM,RUNX1,JUN,PTEN,SRC,BRCA2,JAK2,IL6,TNF,ESR1,BRCA1,PIK3R1,AKT1,MYC,CTNNB1
GO:0050790	Regulation of catalytic activity	21	2370	0.78	1.04	9.65e-12	9606.ENSP00000227507,9606.ENSP00000263341,9606.ENSP00000263967,9606.ENSP00000264498,9606.ENSP00000264657,9606.ENSP00000265171,9606.ENSP00000269305,9606.ENSP00000269571,9606.ENSP00000275493,9606.ENSP00000346839,9606.ENSP00000360266,9606.ENSP00000361021,9606.ENSP00000362680,9606.ENSP00000371067,9606.ENSP00000381185,9606.ENSP00000398698,9606.ENSP00000405330,9606.ENSP00000428056,9606.ENSP00000451828,9606.ENSP00000478887,9606.ENSP00000495360	CCND1,IL1B,PIK3CA,FGF2,STAT3,EGF,TP53,ERBB2,EGFR,FN1,JUN,PTEN,SRC,JAK2,BCL2,TNF,ESR1,PIK3R1,AKT1,MYC,CTNNB1
GO:0010605	Negative regulation of macromolecule metabolic process	22	2760	0.73	0.96	1.15e-11	9606.ENSP00000227507,9606.ENSP00000263253,9606.ENSP00000263341,9606.ENSP00000263967,9606.ENSP00000264498,9606.ENSP00000264657,9606.ENSP00000269305,9606.ENSP00000275493,9606.ENSP00000278616,9606.ENSP00000300305,9606.ENSP00000346839,9606.ENSP00000360266,9606.ENSP00000361021,9606.ENSP00000362680,9606.ENSP00000369497,9606.ENSP00000385675,9606.ENSP00000398698,9606.ENSP00000405330,9606.ENSP00000418960,9606.ENSP00000451828,9606.ENSP00000478887,9606.ENSP00000495360	CCND1,EP300,IL1B,PIK3CA,FGF2,STAT3,TP53,EGFR,ATM,RUNX1,FN1,JUN,PTEN,SRC,BRCA2,IL6,TNF,ESR1,BRCA1,AKT1,MYC,CTNNB1
GO:0070848	Response to growth factor	13	503	1.24	2.11	1.20e-11	9606.ENSP00000263967,9606.ENSP00000264498,9606.ENSP00000264657,9606.ENSP00000269305,9606.ENSP00000269571,9606.ENSP00000275493,9606.ENSP00000360266,9606.ENSP00000362680,9606.ENSP00000376345,9606.ENSP00000451828,9606.ENSP00000478887,9606.ENSP00000489597,9606.ENSP00000495360	PIK3CA,FGF2,STAT3,TP53,ERBB2,EGFR,JUN,SRC,GRB2,AKT1,MYC,PTPN11,CTNNB1
GO:0031326	Regulation of cellular biosynthetic process	25	4143	0.61	0.76	1.34e-11	9606.ENSP00000227507,9606.ENSP00000263253,9606.ENSP00000263341,9606.ENSP00000264498,9606.ENSP00000264657,9606.ENSP00000265171,9606.ENSP00000269305,9606.ENSP00000269571,9606.ENSP00000275493,9606.ENSP00000278616,9606.ENSP00000300305,9606.ENSP00000360266,9606.ENSP00000361021,9606.ENSP00000362680,9606.ENSP00000369497,9606.ENSP00000371067,9606.ENSP00000381185,9606.ENSP00000385675,9606.ENSP00000398698,9606.ENSP00000405330,9606.ENSP00000418960,9606.ENSP00000428056,9606.ENSP00000451828,9606.ENSP00000478887,9606.ENSP00000495360	CCND1,EP300,IL1B,FGF2,STAT3,EGF,TP53,ERBB2,EGFR,ATM,RUNX1,JUN,PTEN,SRC,BRCA2,JAK2,BCL2,IL6,TNF,ESR1,BRCA1,PIK3R1,AKT1,MYC,CTNNB1
GO:0051249	Regulation of lymphocyte activation	13	508	1.24	2.09	1.34e-11	9606.ENSP00000263341,9606.ENSP00000263967,9606.ENSP00000269571,9606.ENSP00000278616,9606.ENSP00000300305,9606.ENSP00000361021,9606.ENSP00000362680,9606.ENSP00000371067,9606.ENSP00000381185,9606.ENSP00000385675,9606.ENSP00000451828,9606.ENSP00000489597,9606.ENSP00000495360	IL1B,PIK3CA,ERBB2,ATM,RUNX1,PTEN,SRC,JAK2,BCL2,IL6,AKT1,PTPN11,CTNNB1
GO:0051240	Positive regulation of multicellular organismal process	18	1505	0.91	1.3	1.43e-11	9606.ENSP00000227507,9606.ENSP00000263341,9606.ENSP00000264498,9606.ENSP00000264657,9606.ENSP00000265171,9606.ENSP00000300305,9606.ENSP00000346839,9606.ENSP00000362680,9606.ENSP00000371067,9606.ENSP00000381185,9606.ENSP00000385675,9606.ENSP00000398698,9606.ENSP00000418960,9606.ENSP00000428056,9606.ENSP00000451828,9606.ENSP00000478887,9606.ENSP00000489597,9606.ENSP00000495360	CCND1,IL1B,FGF2,STAT3,EGF,RUNX1,FN1,SRC,JAK2,BCL2,IL6,TNF,BRCA1,PIK3R1,AKT1,MYC,PTPN11,CTNNB1
GO:0048523	Negative regulation of cellular process	26	4736	0.57	0.7	1.52e-11	9606.ENSP00000227507,9606.ENSP00000263253,9606.ENSP00000263341,9606.ENSP00000263967,9606.ENSP00000264498,9606.ENSP00000264657,9606.ENSP00000269305,9606.ENSP00000269571,9606.ENSP00000275493,9606.ENSP00000278616,9606.ENSP00000300305,9606.ENSP00000360266,9606.ENSP00000361021,9606.ENSP00000362680,9606.ENSP00000369497,9606.ENSP00000371067,9606.ENSP00000381185,9606.ENSP00000385675,9606.ENSP00000398698,9606.ENSP00000405330,9606.ENSP00000418960,9606.ENSP00000428056,9606.ENSP00000451828,9606.ENSP00000478887,9606.ENSP00000489597,9606.ENSP00000495360	CCND1,EP300,IL1B,PIK3CA,FGF2,STAT3,TP53,ERBB2,EGFR,ATM,RUNX1,JUN,PTEN,SRC,BRCA2,JAK2,BCL2,IL6,TNF,ESR1,BRCA1,PIK3R1,AKT1,MYC,PTPN11,CTNNB1
GO:0002376	Immune system process	20	2121	0.81	1.09	1.92e-11	9606.ENSP00000263253,9606.ENSP00000263341,9606.ENSP00000263967,9606.ENSP00000264657,9606.ENSP00000269305,9606.ENSP00000269571,9606.ENSP00000278616,9606.ENSP00000300305,9606.ENSP00000360266,9606.ENSP00000361021,9606.ENSP00000362680,9606.ENSP00000369497,9606.ENSP00000371067,9606.ENSP00000381185,9606.ENSP00000385675,9606.ENSP00000398698,9606.ENSP00000428056,9606.ENSP00000451828,9606.ENSP00000489597,9606.ENSP00000495360	EP300,IL1B,PIK3CA,STAT3,TP53,ERBB2,ATM,RUNX1,JUN,PTEN,SRC,BRCA2,JAK2,BCL2,IL6,TNF,PIK3R1,AKT1,PTPN11,CTNNB1
GO:0045596	Negative regulation of cell differentiation	14	685	1.14	1.83	2.17e-11	9606.ENSP00000227507,9606.ENSP00000263341,9606.ENSP00000264657,9606.ENSP00000269305,9606.ENSP00000269571,9606.ENSP00000275493,9606.ENSP00000300305,9606.ENSP00000361021,9606.ENSP00000385675,9606.ENSP00000398698,9606.ENSP00000428056,9606.ENSP00000478887,9606.ENSP00000489597,9606.ENSP00000495360	CCND1,IL1B,STAT3,TP53,ERBB2,EGFR,RUNX1,PTEN,IL6,TNF,PIK3R1,MYC,PTPN11,CTNNB1
GO:0060429	Epithelium development	16	1069	1.01	1.5	2.28e-11	9606.ENSP00000227507,9606.ENSP00000263253,9606.ENSP00000264498,9606.ENSP00000265171,9606.ENSP00000269305,9606.ENSP00000275493,9606.ENSP00000278616,9606.ENSP00000360266,9606.ENSP00000362680,9606.ENSP00000371067,9606.ENSP00000376345,9606.ENSP00000381185,9606.ENSP00000405330,9606.ENSP00000451828,9606.ENSP00000478887,9606.ENSP00000495360	CCND1,EP300,FGF2,EGF,TP53,EGFR,ATM,JUN,SRC,JAK2,GRB2,BCL2,ESR1,AKT1,MYC,CTNNB1
GO:0035295	Tube development	15	880	1.06	1.63	2.79e-11	9606.ENSP00000263253,9606.ENSP00000263967,9606.ENSP00000264498,9606.ENSP00000265171,9606.ENSP00000275493,9606.ENSP00000346839,9606.ENSP00000360266,9606.ENSP00000361021,9606.ENSP00000362680,9606.ENSP00000381185,9606.ENSP00000398698,9606.ENSP00000405330,9606.ENSP00000451828,9606.ENSP00000478887,9606.ENSP00000495360	EP300,PIK3CA,FGF2,EGF,EGFR,FN1,JUN,PTEN,SRC,BCL2,TNF,ESR1,AKT1,MYC,CTNNB1
GO:0008630	Intrinsic apoptotic signaling pathway in response to DNA damage	8	75	1.86	3.45	2.84e-11	9606.ENSP00000263253,9606.ENSP00000269305,9606.ENSP00000278616,9606.ENSP00000369497,9606.ENSP00000381185,9606.ENSP00000398698,9606.ENSP00000418960,9606.ENSP00000428056	EP300,TP53,ATM,BRCA2,BCL2,TNF,BRCA1,PIK3R1
GO:0080135	Regulation of cellular response to stress	14	712	1.13	1.77	3.50e-11	9606.ENSP00000263253,9606.ENSP00000263341,9606.ENSP00000269305,9606.ENSP00000275493,9606.ENSP00000278616,9606.ENSP00000361021,9606.ENSP00000369497,9606.ENSP00000381185,9606.ENSP00000398698,9606.ENSP00000418960,9606.ENSP00000428056,9606.ENSP00000451828,9606.ENSP00000478887,9606.ENSP00000495360	EP300,IL1B,TP53,EGFR,ATM,PTEN,BRCA2,BCL2,TNF,BRCA1,PIK3R1,AKT1,MYC,CTNNB1
GO:0051054	Positive regulation of DNA metabolic process	11	304	1.39	2.42	3.89e-11	9606.ENSP00000264498,9606.ENSP00000265171,9606.ENSP00000275493,9606.ENSP00000278616,9606.ENSP00000362680,9606.ENSP00000385675,9606.ENSP00000398698,9606.ENSP00000418960,9606.ENSP00000451828,9606.ENSP00000478887,9606.ENSP00000495360	FGF2,EGF,EGFR,ATM,SRC,IL6,TNF,BRCA1,AKT1,MYC,CTNNB1
GO:0045321	Leukocyte activation	13	574	1.19	1.91	5.50e-11	9606.ENSP00000263253,9606.ENSP00000264657,9606.ENSP00000269305,9606.ENSP00000269571,9606.ENSP00000278616,9606.ENSP00000360266,9606.ENSP00000361021,9606.ENSP00000371067,9606.ENSP00000381185,9606.ENSP00000385675,9606.ENSP00000398698,9606.ENSP00000428056,9606.ENSP00000495360	EP300,STAT3,TP53,ERBB2,ATM,JUN,PTEN,JAK2,BCL2,IL6,TNF,PIK3R1,CTNNB1
GO:0071417	Cellular response to organonitrogen compound	13	574	1.19	1.91	5.50e-11	9606.ENSP00000263967,9606.ENSP00000264657,9606.ENSP00000269305,9606.ENSP00000275493,9606.ENSP00000360266,9606.ENSP00000362680,9606.ENSP00000371067,9606.ENSP00000376345,9606.ENSP00000398698,9606.ENSP00000418960,9606.ENSP00000428056,9606.ENSP00000451828,9606.ENSP00000495360	PIK3CA,STAT3,TP53,EGFR,JUN,SRC,JAK2,GRB2,TNF,BRCA1,PIK3R1,AKT1,CTNNB1
GO:0048608	Reproductive structure development	12	436	1.27	2.11	5.86e-11	9606.ENSP00000227507,9606.ENSP00000275493,9606.ENSP00000278616,9606.ENSP00000361021,9606.ENSP00000362680,9606.ENSP00000369497,9606.ENSP00000376345,9606.ENSP00000381185,9606.ENSP00000405330,9606.ENSP00000451828,9606.ENSP00000489597,9606.ENSP00000495360	CCND1,EGFR,ATM,PTEN,SRC,BRCA2,GRB2,BCL2,ESR1,AKT1,PTPN11,CTNNB1
GO:0031324	Negative regulation of cellular metabolic process	20	2265	0.78	1.02	6.07e-11	9606.ENSP00000227507,9606.ENSP00000263253,9606.ENSP00000263341,9606.ENSP00000263967,9606.ENSP00000264657,9606.ENSP00000269305,9606.ENSP00000278616,9606.ENSP00000300305,9606.ENSP00000360266,9606.ENSP00000361021,9606.ENSP00000362680,9606.ENSP00000369497,9606.ENSP00000381185,9606.ENSP00000385675,9606.ENSP00000398698,9606.ENSP00000405330,9606.ENSP00000418960,9606.ENSP00000451828,9606.ENSP00000478887,9606.ENSP00000495360	CCND1,EP300,IL1B,PIK3CA,STAT3,TP53,ATM,RUNX1,JUN,PTEN,SRC,BRCA2,BCL2,IL6,TNF,ESR1,BRCA1,AKT1,MYC,CTNNB1
GO:0051093	Negative regulation of developmental process	15	933	1.04	1.55	6.07e-11	9606.ENSP00000227507,9606.ENSP00000263341,9606.ENSP00000264657,9606.ENSP00000269305,9606.ENSP00000269571,9606.ENSP00000275493,9606.ENSP00000300305,9606.ENSP00000361021,9606.ENSP00000381185,9606.ENSP00000385675,9606.ENSP00000398698,9606.ENSP00000428056,9606.ENSP00000478887,9606.ENSP00000489597,9606.ENSP00000495360	CCND1,IL1B,STAT3,TP53,ERBB2,EGFR,RUNX1,PTEN,BCL2,IL6,TNF,PIK3R1,MYC,PTPN11,CTNNB1
GO:0097190	Apoptotic signaling pathway	11	318	1.37	2.35	6.07e-11	9606.ENSP00000263253,9606.ENSP00000263341,9606.ENSP00000269305,9606.ENSP00000278616,9606.ENSP00000369497,9606.ENSP00000371067,9606.ENSP00000381185,9606.ENSP00000398698,9606.ENSP00000418960,9606.ENSP00000428056,9606.ENSP00000495360	EP300,IL1B,TP53,ATM,BRCA2,JAK2,BCL2,TNF,BRCA1,PIK3R1,CTNNB1
GO:0048661	Positive regulation of smooth muscle cell proliferation	8	85	1.81	3.26	6.79e-11	9606.ENSP00000263967,9606.ENSP00000264498,9606.ENSP00000360266,9606.ENSP00000362680,9606.ENSP00000371067,9606.ENSP00000385675,9606.ENSP00000398698,9606.ENSP00000451828	PIK3CA,FGF2,JUN,SRC,JAK2,IL6,TNF,AKT1
GO:0009411	Response to UV	9	150	1.61	2.86	9.47e-11	9606.ENSP00000227507,9606.ENSP00000263253,9606.ENSP00000269305,9606.ENSP00000275493,9606.ENSP00000369497,9606.ENSP00000381185,9606.ENSP00000428056,9606.ENSP00000451828,9606.ENSP00000478887	CCND1,EP300,TP53,EGFR,BRCA2,BCL2,PIK3R1,AKT1,MYC
GO:0071363	Cellular response to growth factor stimulus	12	473	1.24	1.99	1.43e-10	9606.ENSP00000263967,9606.ENSP00000264498,9606.ENSP00000264657,9606.ENSP00000269305,9606.ENSP00000269571,9606.ENSP00000275493,9606.ENSP00000360266,9606.ENSP00000362680,9606.ENSP00000376345,9606.ENSP00000451828,9606.ENSP00000489597,9606.ENSP00000495360	PIK3CA,FGF2,STAT3,TP53,ERBB2,EGFR,JUN,SRC,GRB2,AKT1,PTPN11,CTNNB1
GO:0042063	Gliogenesis	10	248	1.44	2.44	1.86e-10	9606.ENSP00000263341,9606.ENSP00000264498,9606.ENSP00000264657,9606.ENSP00000269305,9606.ENSP00000269571,9606.ENSP00000361021,9606.ENSP00000398698,9606.ENSP00000451828,9606.ENSP00000489597,9606.ENSP00000495360	IL1B,FGF2,STAT3,TP53,ERBB2,PTEN,TNF,AKT1,PTPN11,CTNNB1
GO:0045785	Positive regulation of cell adhesion	12	485	1.23	1.95	1.87e-10	9606.ENSP00000263341,9606.ENSP00000263967,9606.ENSP00000269571,9606.ENSP00000278616,9606.ENSP00000300305,9606.ENSP00000346839,9606.ENSP00000362680,9606.ENSP00000371067,9606.ENSP00000385675,9606.ENSP00000398698,9606.ENSP00000451828,9606.ENSP00000489597	IL1B,PIK3CA,ERBB2,ATM,RUNX1,FN1,SRC,JAK2,IL6,TNF,AKT1,PTPN11
GO:0097193	Intrinsic apoptotic signaling pathway	9	166	1.57	2.7	2.19e-10	9606.ENSP00000263253,9606.ENSP00000269305,9606.ENSP00000278616,9606.ENSP00000369497,9606.ENSP00000371067,9606.ENSP00000381185,9606.ENSP00000398698,9606.ENSP00000418960,9606.ENSP00000428056	EP300,TP53,ATM,BRCA2,JAK2,BCL2,TNF,BRCA1,PIK3R1
GO:0033993	Response to lipid	14	827	1.06	1.57	2.31e-10	9606.ENSP00000227507,9606.ENSP00000263341,9606.ENSP00000263967,9606.ENSP00000264657,9606.ENSP00000275493,9606.ENSP00000278616,9606.ENSP00000362680,9606.ENSP00000371067,9606.ENSP00000381185,9606.ENSP00000385675,9606.ENSP00000398698,9606.ENSP00000405330,9606.ENSP00000451828,9606.ENSP00000495360	CCND1,IL1B,PIK3CA,STAT3,EGFR,ATM,SRC,JAK2,BCL2,IL6,TNF,ESR1,AKT1,CTNNB1
GO:2001233	Regulation of apoptotic signaling pathway	11	365	1.31	2.14	2.42e-10	9606.ENSP00000263341,9606.ENSP00000269305,9606.ENSP00000361021,9606.ENSP00000362680,9606.ENSP00000371067,9606.ENSP00000381185,9606.ENSP00000398698,9606.ENSP00000418960,9606.ENSP00000451828,9606.ENSP00000478887,9606.ENSP00000495360	IL1B,TP53,PTEN,SRC,JAK2,BCL2,TNF,BRCA1,AKT1,MYC,CTNNB1
GO:0007417	Central nervous system development	15	1035	0.99	1.42	2.46e-10	9606.ENSP00000263341,9606.ENSP00000264498,9606.ENSP00000264657,9606.ENSP00000265171,9606.ENSP00000269305,9606.ENSP00000269571,9606.ENSP00000275493,9606.ENSP00000278616,9606.ENSP00000361021,9606.ENSP00000362680,9606.ENSP00000369497,9606.ENSP00000381185,9606.ENSP00000398698,9606.ENSP00000489597,9606.ENSP00000495360	IL1B,FGF2,STAT3,EGF,TP53,ERBB2,EGFR,ATM,PTEN,SRC,BRCA2,BCL2,TNF,PTPN11,CTNNB1
GO:1903037	Regulation of leukocyte cell-cell adhesion	11	368	1.31	2.12	2.61e-10	9606.ENSP00000263341,9606.ENSP00000263967,9606.ENSP00000269571,9606.ENSP00000300305,9606.ENSP00000361021,9606.ENSP00000362680,9606.ENSP00000371067,9606.ENSP00000385675,9606.ENSP00000398698,9606.ENSP00000451828,9606.ENSP00000489597	IL1B,PIK3CA,ERBB2,RUNX1,PTEN,SRC,JAK2,IL6,TNF,AKT1,PTPN11
GO:0051130	Positive regulation of cellular component organization	15	1049	0.99	1.4	2.94e-10	9606.ENSP00000263253,9606.ENSP00000263341,9606.ENSP00000263967,9606.ENSP00000265171,9606.ENSP00000269305,9606.ENSP00000278616,9606.ENSP00000300305,9606.ENSP00000346839,9606.ENSP00000362680,9606.ENSP00000376345,9606.ENSP00000385675,9606.ENSP00000398698,9606.ENSP00000405330,9606.ENSP00000428056,9606.ENSP00000495360	EP300,IL1B,PIK3CA,EGF,TP53,ATM,RUNX1,FN1,SRC,GRB2,IL6,TNF,ESR1,PIK3R1,CTNNB1
GO:0050863	Regulation of T cell activation	11	376	1.3	2.09	3.23e-10	9606.ENSP00000263341,9606.ENSP00000263967,9606.ENSP00000269571,9606.ENSP00000300305,9606.ENSP00000361021,9606.ENSP00000362680,9606.ENSP00000371067,9606.ENSP00000385675,9606.ENSP00000451828,9606.ENSP00000489597,9606.ENSP00000495360	IL1B,PIK3CA,ERBB2,RUNX1,PTEN,SRC,JAK2,IL6,AKT1,PTPN11,CTNNB1
GO:0035239	Tube morphogenesis	13	669	1.12	1.69	3.25e-10	9606.ENSP00000263967,9606.ENSP00000264498,9606.ENSP00000265171,9606.ENSP00000275493,9606.ENSP00000346839,9606.ENSP00000360266,9606.ENSP00000361021,9606.ENSP00000362680,9606.ENSP00000381185,9606.ENSP00000405330,9606.ENSP00000451828,9606.ENSP00000478887,9606.ENSP00000495360	PIK3CA,FGF2,EGF,EGFR,FN1,JUN,PTEN,SRC,BCL2,ESR1,AKT1,MYC,CTNNB1
GO:0022008	Neurogenesis	16	1290	0.93	1.28	3.27e-10	9606.ENSP00000227507,9606.ENSP00000263341,9606.ENSP00000264498,9606.ENSP00000264657,9606.ENSP00000269305,9606.ENSP00000269571,9606.ENSP00000300305,9606.ENSP00000360266,9606.ENSP00000361021,9606.ENSP00000371067,9606.ENSP00000381185,9606.ENSP00000385675,9606.ENSP00000398698,9606.ENSP00000451828,9606.ENSP00000489597,9606.ENSP00000495360	CCND1,IL1B,FGF2,STAT3,TP53,ERBB2,RUNX1,JUN,PTEN,JAK2,BCL2,IL6,TNF,AKT1,PTPN11,CTNNB1
GO:0051091	Positive regulation of DNA-binding transcription factor activity	10	267	1.41	2.33	3.51e-10	9606.ENSP00000263253,9606.ENSP00000263341,9606.ENSP00000264657,9606.ENSP00000361021,9606.ENSP00000371067,9606.ENSP00000385675,9606.ENSP00000398698,9606.ENSP00000405330,9606.ENSP00000451828,9606.ENSP00000495360	EP300,IL1B,STAT3,PTEN,JAK2,IL6,TNF,ESR1,AKT1,CTNNB1
GO:0014066	Regulation of phosphatidylinositol 3-kinase signaling	8	109	1.7	2.89	4.05e-10	9606.ENSP00000264498,9606.ENSP00000265171,9606.ENSP00000275493,9606.ENSP00000346839,9606.ENSP00000361021,9606.ENSP00000362680,9606.ENSP00000371067,9606.ENSP00000398698	FGF2,EGF,EGFR,FN1,PTEN,SRC,JAK2,TNF
GO:0062197	Cellular response to chemical stress	10	272	1.4	2.3	4.15e-10	9606.ENSP00000263967,9606.ENSP00000269305,9606.ENSP00000275493,9606.ENSP00000278616,9606.ENSP00000360266,9606.ENSP00000362680,9606.ENSP00000371067,9606.ENSP00000381185,9606.ENSP00000385675,9606.ENSP00000451828	PIK3CA,TP53,EGFR,ATM,JUN,SRC,JAK2,BCL2,IL6,AKT1
GO:1903798	Regulation of miRNA maturation	6	26	2.2	3.5	4.42e-10	9606.ENSP00000264657,9606.ENSP00000269305,9606.ENSP00000275493,9606.ENSP00000385675,9606.ENSP00000398698,9606.ENSP00000405330	STAT3,TP53,EGFR,IL6,TNF,ESR1
GO:0051094	Positive regulation of developmental process	16	1332	0.91	1.24	5.15e-10	9606.ENSP00000227507,9606.ENSP00000263341,9606.ENSP00000264498,9606.ENSP00000264657,9606.ENSP00000265171,9606.ENSP00000300305,9606.ENSP00000346839,9606.ENSP00000362680,9606.ENSP00000371067,9606.ENSP00000381185,9606.ENSP00000385675,9606.ENSP00000398698,9606.ENSP00000418960,9606.ENSP00000451828,9606.ENSP00000478887,9606.ENSP00000495360	CCND1,IL1B,FGF2,STAT3,EGF,RUNX1,FN1,SRC,JAK2,BCL2,IL6,TNF,BRCA1,AKT1,MYC,CTNNB1
GO:0010001	Glial cell differentiation	9	188	1.51	2.51	5.87e-10	9606.ENSP00000263341,9606.ENSP00000264498,9606.ENSP00000264657,9606.ENSP00000269571,9606.ENSP00000361021,9606.ENSP00000398698,9606.ENSP00000451828,9606.ENSP00000489597,9606.ENSP00000495360	IL1B,FGF2,STAT3,ERBB2,PTEN,TNF,AKT1,PTPN11,CTNNB1
GO:0010648	Negative regulation of cell communication	16	1348	0.91	1.23	6.06e-10	9606.ENSP00000263341,9606.ENSP00000264498,9606.ENSP00000269305,9606.ENSP00000275493,9606.ENSP00000278616,9606.ENSP00000361021,9606.ENSP00000362680,9606.ENSP00000381185,9606.ENSP00000385675,9606.ENSP00000398698,9606.ENSP00000405330,9606.ENSP00000418960,9606.ENSP00000451828,9606.ENSP00000478887,9606.ENSP00000489597,9606.ENSP00000495360	IL1B,FGF2,TP53,EGFR,ATM,PTEN,SRC,BCL2,IL6,TNF,ESR1,BRCA1,AKT1,MYC,PTPN11,CTNNB1
GO:0023057	Negative regulation of signaling	16	1354	0.9	1.22	6.44e-10	9606.ENSP00000263341,9606.ENSP00000264498,9606.ENSP00000269305,9606.ENSP00000275493,9606.ENSP00000278616,9606.ENSP00000361021,9606.ENSP00000362680,9606.ENSP00000381185,9606.ENSP00000385675,9606.ENSP00000398698,9606.ENSP00000405330,9606.ENSP00000418960,9606.ENSP00000451828,9606.ENSP00000478887,9606.ENSP00000489597,9606.ENSP00000495360	IL1B,FGF2,TP53,EGFR,ATM,PTEN,SRC,BCL2,IL6,TNF,ESR1,BRCA1,AKT1,MYC,PTPN11,CTNNB1
GO:0016477	Cell migration	14	903	1.02	1.46	6.72e-10	9606.ENSP00000263341,9606.ENSP00000263967,9606.ENSP00000264498,9606.ENSP00000275493,9606.ENSP00000346839,9606.ENSP00000361021,9606.ENSP00000362680,9606.ENSP00000381185,9606.ENSP00000385675,9606.ENSP00000398698,9606.ENSP00000428056,9606.ENSP00000451828,9606.ENSP00000489597,9606.ENSP00000495360	IL1B,PIK3CA,FGF2,EGFR,FN1,PTEN,SRC,BCL2,IL6,TNF,PIK3R1,AKT1,PTPN11,CTNNB1
GO:0048589	Developmental growth	11	412	1.26	1.96	7.85e-10	9606.ENSP00000263253,9606.ENSP00000269305,9606.ENSP00000278616,9606.ENSP00000300305,9606.ENSP00000361021,9606.ENSP00000362680,9606.ENSP00000369497,9606.ENSP00000381185,9606.ENSP00000405330,9606.ENSP00000489597,9606.ENSP00000495360	EP300,TP53,ATM,RUNX1,PTEN,SRC,BRCA2,BCL2,ESR1,PTPN11,CTNNB1
GO:0022603	Regulation of anatomical structure morphogenesis	14	920	1.01	1.44	8.46e-10	9606.ENSP00000263341,9606.ENSP00000264498,9606.ENSP00000264657,9606.ENSP00000265171,9606.ENSP00000269571,9606.ENSP00000300305,9606.ENSP00000346839,9606.ENSP00000361021,9606.ENSP00000362680,9606.ENSP00000385675,9606.ENSP00000398698,9606.ENSP00000405330,9606.ENSP00000418960,9606.ENSP00000495360	IL1B,FGF2,STAT3,EGF,ERBB2,RUNX1,FN1,PTEN,SRC,IL6,TNF,ESR1,BRCA1,CTNNB1
GO:0045860	Positive regulation of protein kinase activity	11	416	1.25	1.95	8.56e-10	9606.ENSP00000227507,9606.ENSP00000263341,9606.ENSP00000263967,9606.ENSP00000264498,9606.ENSP00000265171,9606.ENSP00000269571,9606.ENSP00000275493,9606.ENSP00000362680,9606.ENSP00000371067,9606.ENSP00000398698,9606.ENSP00000451828	CCND1,IL1B,PIK3CA,FGF2,EGF,ERBB2,EGFR,SRC,JAK2,TNF,AKT1
GO:0070372	Regulation of ERK1 and ERK2 cascade	10	299	1.36	2.16	9.61e-10	9606.ENSP00000263341,9606.ENSP00000264498,9606.ENSP00000269571,9606.ENSP00000275493,9606.ENSP00000346839,9606.ENSP00000360266,9606.ENSP00000361021,9606.ENSP00000362680,9606.ENSP00000398698,9606.ENSP00000489597	IL1B,FGF2,ERBB2,EGFR,FN1,JUN,PTEN,SRC,TNF,PTPN11
GO:0060341	Regulation of cellular localization	14	963	0.99	1.38	1.52e-09	9606.ENSP00000263341,9606.ENSP00000265171,9606.ENSP00000269571,9606.ENSP00000275493,9606.ENSP00000361021,9606.ENSP00000362680,9606.ENSP00000371067,9606.ENSP00000381185,9606.ENSP00000385675,9606.ENSP00000398698,9606.ENSP00000428056,9606.ENSP00000451828,9606.ENSP00000489597,9606.ENSP00000495360	IL1B,EGF,ERBB2,EGFR,PTEN,SRC,JAK2,BCL2,IL6,TNF,PIK3R1,AKT1,PTPN11,CTNNB1
GO:0043523	Regulation of neuron apoptotic process	9	216	1.45	2.31	1.84e-09	9606.ENSP00000227507,9606.ENSP00000263967,9606.ENSP00000269305,9606.ENSP00000278616,9606.ENSP00000360266,9606.ENSP00000371067,9606.ENSP00000381185,9606.ENSP00000398698,9606.ENSP00000495360	CCND1,PIK3CA,TP53,ATM,JUN,JAK2,BCL2,TNF,CTNNB1
GO:0043549	Regulation of kinase activity	13	778	1.06	1.5	1.87e-09	9606.ENSP00000227507,9606.ENSP00000263341,9606.ENSP00000263967,9606.ENSP00000264498,9606.ENSP00000265171,9606.ENSP00000269571,9606.ENSP00000275493,9606.ENSP00000361021,9606.ENSP00000362680,9606.ENSP00000371067,9606.ENSP00000398698,9606.ENSP00000428056,9606.ENSP00000451828	CCND1,IL1B,PIK3CA,FGF2,EGF,ERBB2,EGFR,PTEN,SRC,JAK2,TNF,PIK3R1,AKT1
GO:1903131	Mononuclear cell differentiation	10	321	1.33	2.06	1.87e-09	9606.ENSP00000263253,9606.ENSP00000264657,9606.ENSP00000269305,9606.ENSP00000269571,9606.ENSP00000278616,9606.ENSP00000360266,9606.ENSP00000381185,9606.ENSP00000385675,9606.ENSP00000428056,9606.ENSP00000495360	EP300,STAT3,TP53,ERBB2,ATM,JUN,BCL2,IL6,PIK3R1,CTNNB1
GO:1901214	Regulation of neuron death	10	324	1.32	2.04	2.02e-09	9606.ENSP00000227507,9606.ENSP00000263967,9606.ENSP00000269305,9606.ENSP00000278616,9606.ENSP00000360266,9606.ENSP00000371067,9606.ENSP00000381185,9606.ENSP00000398698,9606.ENSP00000451828,9606.ENSP00000495360	CCND1,PIK3CA,TP53,ATM,JUN,JAK2,BCL2,TNF,AKT1,CTNNB1
GO:0051172	Negative regulation of nitrogen compound metabolic process	19	2403	0.73	0.9	2.14e-09	9606.ENSP00000227507,9606.ENSP00000263253,9606.ENSP00000263341,9606.ENSP00000264657,9606.ENSP00000269305,9606.ENSP00000275493,9606.ENSP00000278616,9606.ENSP00000300305,9606.ENSP00000360266,9606.ENSP00000361021,9606.ENSP00000362680,9606.ENSP00000369497,9606.ENSP00000385675,9606.ENSP00000398698,9606.ENSP00000405330,9606.ENSP00000418960,9606.ENSP00000451828,9606.ENSP00000478887,9606.ENSP00000495360	CCND1,EP300,IL1B,STAT3,TP53,EGFR,ATM,RUNX1,JUN,PTEN,SRC,BRCA2,IL6,TNF,ESR1,BRCA1,AKT1,MYC,CTNNB1
GO:0009887	Animal organ morphogenesis	14	997	0.98	1.34	2.33e-09	9606.ENSP00000263253,9606.ENSP00000264498,9606.ENSP00000264657,9606.ENSP00000269305,9606.ENSP00000275493,9606.ENSP00000360266,9606.ENSP00000361021,9606.ENSP00000362680,9606.ENSP00000381185,9606.ENSP00000385675,9606.ENSP00000398698,9606.ENSP00000405330,9606.ENSP00000478887,9606.ENSP00000495360	EP300,FGF2,STAT3,TP53,EGFR,JUN,PTEN,SRC,BCL2,IL6,TNF,ESR1,MYC,CTNNB1
GO:0071902	Positive regulation of protein serine/threonine kinase activity	9	226	1.43	2.25	2.63e-09	9606.ENSP00000227507,9606.ENSP00000263341,9606.ENSP00000264498,9606.ENSP00000265171,9606.ENSP00000269571,9606.ENSP00000275493,9606.ENSP00000362680,9606.ENSP00000398698,9606.ENSP00000451828	CCND1,IL1B,FGF2,EGF,ERBB2,EGFR,SRC,TNF,AKT1
GO:0010212	Response to ionizing radiation	8	143	1.58	2.51	2.84e-09	9606.ENSP00000227507,9606.ENSP00000269305,9606.ENSP00000278616,9606.ENSP00000369497,9606.ENSP00000376345,9606.ENSP00000381185,9606.ENSP00000418960,9606.ENSP00000478887	CCND1,TP53,ATM,BRCA2,GRB2,BCL2,BRCA1,MYC
GO:0009968	Negative regulation of signal transduction	15	1252	0.91	1.2	3.06e-09	9606.ENSP00000263341,9606.ENSP00000264498,9606.ENSP00000269305,9606.ENSP00000275493,9606.ENSP00000278616,9606.ENSP00000361021,9606.ENSP00000362680,9606.ENSP00000381185,9606.ENSP00000385675,9606.ENSP00000398698,9606.ENSP00000405330,9606.ENSP00000418960,9606.ENSP00000451828,9606.ENSP00000478887,9606.ENSP00000495360	IL1B,FGF2,TP53,EGFR,ATM,PTEN,SRC,BCL2,IL6,TNF,ESR1,BRCA1,AKT1,MYC,CTNNB1
GO:0060964	Regulation of miRNA-mediated gene silencing	6	42	1.99	2.97	5.18e-09	9606.ENSP00000264657,9606.ENSP00000269305,9606.ENSP00000275493,9606.ENSP00000385675,9606.ENSP00000398698,9606.ENSP00000405330	STAT3,TP53,EGFR,IL6,TNF,ESR1
GO:0045859	Regulation of protein kinase activity	12	663	1.09	1.53	5.36e-09	9606.ENSP00000227507,9606.ENSP00000263341,9606.ENSP00000263967,9606.ENSP00000264498,9606.ENSP00000265171,9606.ENSP00000269571,9606.ENSP00000275493,9606.ENSP00000361021,9606.ENSP00000362680,9606.ENSP00000371067,9606.ENSP00000398698,9606.ENSP00000451828	CCND1,IL1B,PIK3CA,FGF2,EGF,ERBB2,EGFR,PTEN,SRC,JAK2,TNF,AKT1
GO:0032880	Regulation of protein localization	13	852	1.02	1.39	5.37e-09	9606.ENSP00000263341,9606.ENSP00000265171,9606.ENSP00000269571,9606.ENSP00000275493,9606.ENSP00000362680,9606.ENSP00000371067,9606.ENSP00000381185,9606.ENSP00000385675,9606.ENSP00000398698,9606.ENSP00000428056,9606.ENSP00000451828,9606.ENSP00000489597,9606.ENSP00000495360	IL1B,EGF,ERBB2,EGFR,SRC,JAK2,BCL2,IL6,TNF,PIK3R1,AKT1,PTPN11,CTNNB1
GO:0048145	Regulation of fibroblast proliferation	7	89	1.73	2.67	5.52e-09	9606.ENSP00000269305,9606.ENSP00000275493,9606.ENSP00000346839,9606.ENSP00000360266,9606.ENSP00000405330,9606.ENSP00000478887,9606.ENSP00000495360	TP53,EGFR,FN1,JUN,ESR1,MYC,CTNNB1
GO:0014070	Response to organic cyclic compound	13	861	1.01	1.37	6.05e-09	9606.ENSP00000227507,9606.ENSP00000263341,9606.ENSP00000263967,9606.ENSP00000264657,9606.ENSP00000275493,9606.ENSP00000362680,9606.ENSP00000371067,9606.ENSP00000381185,9606.ENSP00000385675,9606.ENSP00000398698,9606.ENSP00000405330,9606.ENSP00000418960,9606.ENSP00000495360	CCND1,IL1B,PIK3CA,STAT3,EGFR,SRC,JAK2,BCL2,IL6,TNF,ESR1,BRCA1,CTNNB1
GO:0061138	Morphogenesis of a branching epithelium	8	162	1.53	2.34	6.98e-09	9606.ENSP00000264498,9606.ENSP00000265171,9606.ENSP00000362680,9606.ENSP00000376345,9606.ENSP00000381185,9606.ENSP00000405330,9606.ENSP00000478887,9606.ENSP00000495360	FGF2,EGF,SRC,GRB2,BCL2,ESR1,MYC,CTNNB1
GO:1903799	Negative regulation of miRNA maturation	5	16	2.33	3.17	7.00e-09	9606.ENSP00000264657,9606.ENSP00000269305,9606.ENSP00000385675,9606.ENSP00000398698,9606.ENSP00000405330	STAT3,TP53,IL6,TNF,ESR1
GO:0006357	Regulation of transcription by RNA polymerase II	19	2586	0.7	0.84	7.18e-09	9606.ENSP00000227507,9606.ENSP00000263253,9606.ENSP00000263341,9606.ENSP00000264498,9606.ENSP00000264657,9606.ENSP00000269305,9606.ENSP00000275493,9606.ENSP00000278616,9606.ENSP00000300305,9606.ENSP00000360266,9606.ENSP00000371067,9606.ENSP00000385675,9606.ENSP00000398698,9606.ENSP00000405330,9606.ENSP00000418960,9606.ENSP00000428056,9606.ENSP00000451828,9606.ENSP00000478887,9606.ENSP00000495360	CCND1,EP300,IL1B,FGF2,STAT3,TP53,EGFR,ATM,RUNX1,JUN,JAK2,IL6,TNF,ESR1,BRCA1,PIK3R1,AKT1,MYC,CTNNB1
GO:0045862	Positive regulation of proteolysis	10	375	1.26	1.84	7.42e-09	9606.ENSP00000263341,9606.ENSP00000264657,9606.ENSP00000265171,9606.ENSP00000346839,9606.ENSP00000361021,9606.ENSP00000362680,9606.ENSP00000371067,9606.ENSP00000398698,9606.ENSP00000451828,9606.ENSP00000478887	IL1B,STAT3,EGF,FN1,PTEN,SRC,JAK2,TNF,AKT1,MYC
GO:0030099	Myeloid cell differentiation	9	263	1.37	2.04	8.85e-09	9606.ENSP00000263253,9606.ENSP00000300305,9606.ENSP00000360266,9606.ENSP00000362680,9606.ENSP00000371067,9606.ENSP00000398698,9606.ENSP00000428056,9606.ENSP00000489597,9606.ENSP00000495360	EP300,RUNX1,JUN,SRC,JAK2,TNF,PIK3R1,PTPN11,CTNNB1
GO:0002696	Positive regulation of leukocyte activation	10	384	1.25	1.81	9.13e-09	9606.ENSP00000263341,9606.ENSP00000263967,9606.ENSP00000300305,9606.ENSP00000362680,9606.ENSP00000371067,9606.ENSP00000381185,9606.ENSP00000385675,9606.ENSP00000398698,9606.ENSP00000451828,9606.ENSP00000489597	IL1B,PIK3CA,RUNX1,SRC,JAK2,BCL2,IL6,TNF,AKT1,PTPN11
GO:0071900	Regulation of protein serine/threonine kinase activity	10	386	1.25	1.81	9.55e-09	9606.ENSP00000227507,9606.ENSP00000263341,9606.ENSP00000264498,9606.ENSP00000265171,9606.ENSP00000269571,9606.ENSP00000275493,9606.ENSP00000361021,9606.ENSP00000362680,9606.ENSP00000398698,9606.ENSP00000451828	CCND1,IL1B,FGF2,EGF,ERBB2,EGFR,PTEN,SRC,TNF,AKT1
GO:0050673	Epithelial cell proliferation	8	170	1.5	2.27	9.63e-09	9606.ENSP00000227507,9606.ENSP00000264498,9606.ENSP00000265171,9606.ENSP00000275493,9606.ENSP00000385675,9606.ENSP00000398698,9606.ENSP00000405330,9606.ENSP00000495360	CCND1,FGF2,EGF,EGFR,IL6,TNF,ESR1,CTNNB1
GO:0072359	Circulatory system development	13	901	0.99	1.32	9.92e-09	9606.ENSP00000263253,9606.ENSP00000263967,9606.ENSP00000264498,9606.ENSP00000265171,9606.ENSP00000269305,9606.ENSP00000269571,9606.ENSP00000278616,9606.ENSP00000346839,9606.ENSP00000360266,9606.ENSP00000361021,9606.ENSP00000451828,9606.ENSP00000489597,9606.ENSP00000495360	EP300,PIK3CA,FGF2,EGF,TP53,ERBB2,ATM,FN1,JUN,PTEN,AKT1,PTPN11,CTNNB1
GO:1902895	Positive regulation of miRNA transcription	6	48	1.93	2.83	9.96e-09	9606.ENSP00000264498,9606.ENSP00000264657,9606.ENSP00000269305,9606.ENSP00000360266,9606.ENSP00000398698,9606.ENSP00000478887	FGF2,STAT3,TP53,JUN,TNF,MYC
GO:1903039	Positive regulation of leukocyte cell-cell adhesion	9	274	1.35	1.98	1.22e-08	9606.ENSP00000263341,9606.ENSP00000263967,9606.ENSP00000300305,9606.ENSP00000362680,9606.ENSP00000371067,9606.ENSP00000385675,9606.ENSP00000398698,9606.ENSP00000451828,9606.ENSP00000489597	IL1B,PIK3CA,RUNX1,SRC,JAK2,IL6,TNF,AKT1,PTPN11
GO:0030098	Lymphocyte differentiation	9	279	1.34	1.96	1.41e-08	9606.ENSP00000263253,9606.ENSP00000264657,9606.ENSP00000269305,9606.ENSP00000269571,9606.ENSP00000278616,9606.ENSP00000381185,9606.ENSP00000385675,9606.ENSP00000428056,9606.ENSP00000495360	EP300,STAT3,TP53,ERBB2,ATM,BCL2,IL6,PIK3R1,CTNNB1
GO:0048646	Anatomical structure formation involved in morphogenesis	13	938	0.97	1.28	1.58e-08	9606.ENSP00000263253,9606.ENSP00000263967,9606.ENSP00000264498,9606.ENSP00000265171,9606.ENSP00000269305,9606.ENSP00000278616,9606.ENSP00000346839,9606.ENSP00000360266,9606.ENSP00000361021,9606.ENSP00000376345,9606.ENSP00000451828,9606.ENSP00000489597,9606.ENSP00000495360	EP300,PIK3CA,FGF2,EGF,TP53,ATM,FN1,JUN,PTEN,GRB2,AKT1,PTPN11,CTNNB1
GO:0071478	Cellular response to radiation	8	183	1.47	2.18	1.63e-08	9606.ENSP00000263253,9606.ENSP00000269305,9606.ENSP00000278616,9606.ENSP00000369497,9606.ENSP00000376345,9606.ENSP00000418960,9606.ENSP00000428056,9606.ENSP00000478887	EP300,TP53,ATM,BRCA2,GRB2,BRCA1,PIK3R1,MYC
GO:0030162	Regulation of proteolysis	12	739	1.04	1.4	1.64e-08	9606.ENSP00000263341,9606.ENSP00000264657,9606.ENSP00000265171,9606.ENSP00000269305,9606.ENSP00000300305,9606.ENSP00000346839,9606.ENSP00000361021,9606.ENSP00000362680,9606.ENSP00000371067,9606.ENSP00000398698,9606.ENSP00000451828,9606.ENSP00000478887	IL1B,STAT3,EGF,TP53,RUNX1,FN1,PTEN,SRC,JAK2,TNF,AKT1,MYC
GO:0043491	Protein kinase B signaling	6	53	1.89	2.72	1.67e-08	9606.ENSP00000263341,9606.ENSP00000263967,9606.ENSP00000264498,9606.ENSP00000361021,9606.ENSP00000398698,9606.ENSP00000451828	IL1B,PIK3CA,FGF2,PTEN,TNF,AKT1
GO:0006974	Cellular response to DNA damage stimulus	12	744	1.04	1.39	1.75e-08	9606.ENSP00000227507,9606.ENSP00000263253,9606.ENSP00000269305,9606.ENSP00000278616,9606.ENSP00000369497,9606.ENSP00000376345,9606.ENSP00000381185,9606.ENSP00000398698,9606.ENSP00000418960,9606.ENSP00000428056,9606.ENSP00000478887,9606.ENSP00000489597	CCND1,EP300,TP53,ATM,BRCA2,GRB2,BCL2,TNF,BRCA1,PIK3R1,MYC,PTPN11
GO:0045765	Regulation of angiogenesis	9	288	1.33	1.92	1.80e-08	9606.ENSP00000263341,9606.ENSP00000264498,9606.ENSP00000264657,9606.ENSP00000269571,9606.ENSP00000300305,9606.ENSP00000385675,9606.ENSP00000398698,9606.ENSP00000418960,9606.ENSP00000495360	IL1B,FGF2,STAT3,ERBB2,RUNX1,IL6,TNF,BRCA1,CTNNB1
GO:0036293	Response to decreased oxygen levels	9	291	1.32	1.91	1.95e-08	9606.ENSP00000263253,9606.ENSP00000269305,9606.ENSP00000278616,9606.ENSP00000361021,9606.ENSP00000362680,9606.ENSP00000381185,9606.ENSP00000398698,9606.ENSP00000451828,9606.ENSP00000478887	EP300,TP53,ATM,PTEN,SRC,BCL2,TNF,AKT1,MYC
GO:0033043	Regulation of organelle organization	14	1190	0.9	1.15	1.98e-08	9606.ENSP00000263253,9606.ENSP00000263341,9606.ENSP00000263967,9606.ENSP00000265171,9606.ENSP00000269305,9606.ENSP00000278616,9606.ENSP00000362680,9606.ENSP00000376345,9606.ENSP00000398698,9606.ENSP00000418960,9606.ENSP00000428056,9606.ENSP00000451828,9606.ENSP00000478887,9606.ENSP00000495360	EP300,IL1B,PIK3CA,EGF,TP53,ATM,SRC,GRB2,TNF,BRCA1,PIK3R1,AKT1,MYC,CTNNB1
GO:0044087	Regulation of cellular component biogenesis	13	971	0.96	1.24	2.26e-08	9606.ENSP00000263253,9606.ENSP00000263341,9606.ENSP00000263967,9606.ENSP00000269305,9606.ENSP00000278616,9606.ENSP00000361021,9606.ENSP00000362680,9606.ENSP00000376345,9606.ENSP00000398698,9606.ENSP00000405330,9606.ENSP00000418960,9606.ENSP00000428056,9606.ENSP00000489597	EP300,IL1B,PIK3CA,TP53,ATM,PTEN,SRC,GRB2,TNF,ESR1,BRCA1,PIK3R1,PTPN11
GO:0050731	Positive regulation of peptidyl-tyrosine phosphorylation	8	194	1.45	2.11	2.40e-08	9606.ENSP00000265171,9606.ENSP00000269305,9606.ENSP00000275493,9606.ENSP00000362680,9606.ENSP00000371067,9606.ENSP00000385675,9606.ENSP00000398698,9606.ENSP00000489597	EGF,TP53,EGFR,SRC,JAK2,IL6,TNF,PTPN11
GO:1901987	Regulation of cell cycle phase transition	10	431	1.2	1.67	2.46e-08	9606.ENSP00000227507,9606.ENSP00000269305,9606.ENSP00000275493,9606.ENSP00000278616,9606.ENSP00000361021,9606.ENSP00000369497,9606.ENSP00000381185,9606.ENSP00000418960,9606.ENSP00000451828,9606.ENSP00000489597	CCND1,TP53,EGFR,ATM,PTEN,BRCA2,BCL2,BRCA1,AKT1,PTPN11
GO:0002683	Negative regulation of immune system process	10	433	1.2	1.66	2.56e-08	9606.ENSP00000269571,9606.ENSP00000278616,9606.ENSP00000300305,9606.ENSP00000361021,9606.ENSP00000362680,9606.ENSP00000398698,9606.ENSP00000428056,9606.ENSP00000451828,9606.ENSP00000478887,9606.ENSP00000495360	ERBB2,ATM,RUNX1,PTEN,SRC,TNF,PIK3R1,AKT1,MYC,CTNNB1
GO:1901653	Cellular response to peptide	9	302	1.31	1.86	2.57e-08	9606.ENSP00000263967,9606.ENSP00000264657,9606.ENSP00000269305,9606.ENSP00000362680,9606.ENSP00000371067,9606.ENSP00000376345,9606.ENSP00000398698,9606.ENSP00000428056,9606.ENSP00000451828	PIK3CA,STAT3,TP53,SRC,JAK2,GRB2,TNF,PIK3R1,AKT1
GO:0043406	Positive regulation of MAP kinase activity	7	116	1.61	2.34	2.70e-08	9606.ENSP00000263341,9606.ENSP00000264498,9606.ENSP00000265171,9606.ENSP00000269571,9606.ENSP00000275493,9606.ENSP00000362680,9606.ENSP00000398698	IL1B,FGF2,EGF,ERBB2,EGFR,SRC,TNF
GO:0009894	Regulation of catabolic process	13	988	0.95	1.22	2.72e-08	9606.ENSP00000263253,9606.ENSP00000263341,9606.ENSP00000263967,9606.ENSP00000264657,9606.ENSP00000265171,9606.ENSP00000269305,9606.ENSP00000275493,9606.ENSP00000278616,9606.ENSP00000361021,9606.ENSP00000381185,9606.ENSP00000385675,9606.ENSP00000398698,9606.ENSP00000451828	EP300,IL1B,PIK3CA,STAT3,EGF,TP53,EGFR,ATM,PTEN,BCL2,IL6,TNF,AKT1
GO:0031329	Regulation of cellular catabolic process	12	789	1.01	1.33	3.16e-08	9606.ENSP00000263253,9606.ENSP00000263341,9606.ENSP00000263967,9606.ENSP00000264657,9606.ENSP00000265171,9606.ENSP00000269305,9606.ENSP00000278616,9606.ENSP00000361021,9606.ENSP00000381185,9606.ENSP00000385675,9606.ENSP00000398698,9606.ENSP00000451828	EP300,IL1B,PIK3CA,STAT3,EGF,TP53,ATM,PTEN,BCL2,IL6,TNF,AKT1
GO:0061180	Mammary gland epithelium development	6	61	1.82	2.57	3.38e-08	9606.ENSP00000227507,9606.ENSP00000264498,9606.ENSP00000362680,9606.ENSP00000371067,9606.ENSP00000405330,9606.ENSP00000451828	CCND1,FGF2,SRC,JAK2,ESR1,AKT1
GO:1904705	Regulation of vascular associated smooth muscle cell proliferation	6	61	1.82	2.57	3.38e-08	9606.ENSP00000264498,9606.ENSP00000360266,9606.ENSP00000361021,9606.ENSP00000362680,9606.ENSP00000371067,9606.ENSP00000398698	FGF2,JUN,PTEN,SRC,JAK2,TNF
GO:0003006	Developmental process involved in reproduction	13	1023	0.94	1.19	4.03e-08	9606.ENSP00000227507,9606.ENSP00000263341,9606.ENSP00000275493,9606.ENSP00000278616,9606.ENSP00000361021,9606.ENSP00000362680,9606.ENSP00000369497,9606.ENSP00000376345,9606.ENSP00000381185,9606.ENSP00000405330,9606.ENSP00000451828,9606.ENSP00000489597,9606.ENSP00000495360	CCND1,IL1B,EGFR,ATM,PTEN,SRC,BRCA2,GRB2,BCL2,ESR1,AKT1,PTPN11,CTNNB1
GO:0046649	Lymphocyte activation	10	457	1.17	1.6	4.05e-08	9606.ENSP00000263253,9606.ENSP00000264657,9606.ENSP00000269305,9606.ENSP00000269571,9606.ENSP00000278616,9606.ENSP00000361021,9606.ENSP00000381185,9606.ENSP00000385675,9606.ENSP00000428056,9606.ENSP00000495360	EP300,STAT3,TP53,ERBB2,ATM,PTEN,BCL2,IL6,PIK3R1,CTNNB1
GO:2000278	Regulation of DNA biosynthetic process	7	124	1.58	2.26	4.05e-08	9606.ENSP00000264498,9606.ENSP00000269305,9606.ENSP00000278616,9606.ENSP00000362680,9606.ENSP00000398698,9606.ENSP00000478887,9606.ENSP00000495360	FGF2,TP53,ATM,SRC,TNF,MYC,CTNNB1
GO:0045930	Negative regulation of mitotic cell cycle	8	214	1.4	1.98	4.75e-08	9606.ENSP00000227507,9606.ENSP00000269305,9606.ENSP00000278616,9606.ENSP00000361021,9606.ENSP00000381185,9606.ENSP00000398698,9606.ENSP00000418960,9606.ENSP00000495360	CCND1,TP53,ATM,PTEN,BCL2,TNF,BRCA1,CTNNB1
GO:0060322	Head development	12	823	1.0	1.28	4.87e-08	9606.ENSP00000263253,9606.ENSP00000264498,9606.ENSP00000265171,9606.ENSP00000269305,9606.ENSP00000275493,9606.ENSP00000278616,9606.ENSP00000361021,9606.ENSP00000362680,9606.ENSP00000369497,9606.ENSP00000381185,9606.ENSP00000489597,9606.ENSP00000495360	EP300,FGF2,EGF,TP53,EGFR,ATM,PTEN,SRC,BRCA2,BCL2,PTPN11,CTNNB1
GO:0030879	Mammary gland development	7	128	1.57	2.23	4.91e-08	9606.ENSP00000227507,9606.ENSP00000264498,9606.ENSP00000265171,9606.ENSP00000362680,9606.ENSP00000371067,9606.ENSP00000405330,9606.ENSP00000451828	CCND1,FGF2,EGF,SRC,JAK2,ESR1,AKT1
GO:0045934	Negative regulation of nucleobase-containing compound metabolic process	15	1562	0.81	0.99	5.10e-08	9606.ENSP00000227507,9606.ENSP00000263253,9606.ENSP00000264657,9606.ENSP00000269305,9606.ENSP00000278616,9606.ENSP00000300305,9606.ENSP00000360266,9606.ENSP00000362680,9606.ENSP00000369497,9606.ENSP00000385675,9606.ENSP00000398698,9606.ENSP00000405330,9606.ENSP00000418960,9606.ENSP00000478887,9606.ENSP00000495360	CCND1,EP300,STAT3,TP53,ATM,RUNX1,JUN,SRC,BRCA2,IL6,TNF,ESR1,BRCA1,MYC,CTNNB1
GO:0051251	Positive regulation of lymphocyte activation	9	336	1.26	1.73	5.98e-08	9606.ENSP00000263341,9606.ENSP00000263967,9606.ENSP00000300305,9606.ENSP00000362680,9606.ENSP00000371067,9606.ENSP00000381185,9606.ENSP00000385675,9606.ENSP00000451828,9606.ENSP00000489597	IL1B,PIK3CA,RUNX1,SRC,JAK2,BCL2,IL6,AKT1,PTPN11
GO:0001819	Positive regulation of cytokine production	10	482	1.15	1.54	6.53e-08	9606.ENSP00000263341,9606.ENSP00000264657,9606.ENSP00000300305,9606.ENSP00000362680,9606.ENSP00000371067,9606.ENSP00000385675,9606.ENSP00000398698,9606.ENSP00000418960,9606.ENSP00000428056,9606.ENSP00000489597	IL1B,STAT3,RUNX1,SRC,JAK2,IL6,TNF,BRCA1,PIK3R1,PTPN11
GO:0034599	Cellular response to oxidative stress	8	224	1.38	1.93	6.57e-08	9606.ENSP00000269305,9606.ENSP00000275493,9606.ENSP00000360266,9606.ENSP00000362680,9606.ENSP00000371067,9606.ENSP00000381185,9606.ENSP00000385675,9606.ENSP00000451828	TP53,EGFR,JUN,SRC,JAK2,BCL2,IL6,AKT1
GO:0048754	Branching morphogenesis of an epithelial tube	7	134	1.55	2.17	6.57e-08	9606.ENSP00000264498,9606.ENSP00000265171,9606.ENSP00000362680,9606.ENSP00000381185,9606.ENSP00000405330,9606.ENSP00000478887,9606.ENSP00000495360	FGF2,EGF,SRC,BCL2,ESR1,MYC,CTNNB1
GO:0042770	Signal transduction in response to DNA damage	7	135	1.55	2.16	6.85e-08	9606.ENSP00000227507,9606.ENSP00000269305,9606.ENSP00000278616,9606.ENSP00000369497,9606.ENSP00000376345,9606.ENSP00000418960,9606.ENSP00000489597	CCND1,TP53,ATM,BRCA2,GRB2,BRCA1,PTPN11
GO:0045787	Positive regulation of cell cycle	9	349	1.24	1.68	8.09e-08	9606.ENSP00000227507,9606.ENSP00000263341,9606.ENSP00000265171,9606.ENSP00000275493,9606.ENSP00000362680,9606.ENSP00000369497,9606.ENSP00000398698,9606.ENSP00000451828,9606.ENSP00000489597	CCND1,IL1B,EGF,EGFR,SRC,BRCA2,TNF,AKT1,PTPN11
GO:2000573	Positive regulation of DNA biosynthetic process	6	73	1.75	2.38	8.62e-08	9606.ENSP00000264498,9606.ENSP00000278616,9606.ENSP00000362680,9606.ENSP00000398698,9606.ENSP00000478887,9606.ENSP00000495360	FGF2,ATM,SRC,TNF,MYC,CTNNB1
GO:0040008	Regulation of growth	11	671	1.05	1.35	8.70e-08	9606.ENSP00000263967,9606.ENSP00000264498,9606.ENSP00000264657,9606.ENSP00000269305,9606.ENSP00000269571,9606.ENSP00000275493,9606.ENSP00000300305,9606.ENSP00000346839,9606.ENSP00000361021,9606.ENSP00000381185,9606.ENSP00000451828	PIK3CA,FGF2,STAT3,TP53,ERBB2,EGFR,RUNX1,FN1,PTEN,BCL2,AKT1
GO:0002684	Positive regulation of immune system process	12	874	0.97	1.22	9.10e-08	9606.ENSP00000263253,9606.ENSP00000263341,9606.ENSP00000263967,9606.ENSP00000300305,9606.ENSP00000362680,9606.ENSP00000371067,9606.ENSP00000381185,9606.ENSP00000385675,9606.ENSP00000398698,9606.ENSP00000428056,9606.ENSP00000451828,9606.ENSP00000489597	EP300,IL1B,PIK3CA,RUNX1,SRC,JAK2,BCL2,IL6,TNF,PIK3R1,AKT1,PTPN11
GO:0033135	Regulation of peptidyl-serine phosphorylation	7	143	1.52	2.1	9.80e-08	9606.ENSP00000263967,9606.ENSP00000275493,9606.ENSP00000361021,9606.ENSP00000381185,9606.ENSP00000385675,9606.ENSP00000398698,9606.ENSP00000451828	PIK3CA,EGFR,PTEN,BCL2,IL6,TNF,AKT1
GO:0060284	Regulation of cell development	10	506	1.13	1.48	9.93e-08	9606.ENSP00000263341,9606.ENSP00000264498,9606.ENSP00000269305,9606.ENSP00000346839,9606.ENSP00000361021,9606.ENSP00000381185,9606.ENSP00000385675,9606.ENSP00000398698,9606.ENSP00000451828,9606.ENSP00000495360	IL1B,FGF2,TP53,FN1,PTEN,BCL2,IL6,TNF,AKT1,CTNNB1
GO:0043065	Positive regulation of apoptotic process	10	507	1.13	1.48	1.00e-07	9606.ENSP00000269305,9606.ENSP00000278616,9606.ENSP00000360266,9606.ENSP00000361021,9606.ENSP00000362680,9606.ENSP00000371067,9606.ENSP00000385675,9606.ENSP00000398698,9606.ENSP00000478887,9606.ENSP00000495360	TP53,ATM,JUN,PTEN,SRC,JAK2,IL6,TNF,MYC,CTNNB1
GO:0045786	Negative regulation of cell cycle	9	359	1.23	1.65	1.00e-07	9606.ENSP00000227507,9606.ENSP00000269305,9606.ENSP00000278616,9606.ENSP00000361021,9606.ENSP00000381185,9606.ENSP00000398698,9606.ENSP00000418960,9606.ENSP00000489597,9606.ENSP00000495360	CCND1,TP53,ATM,PTEN,BCL2,TNF,BRCA1,PTPN11,CTNNB1
GO:0050670	Regulation of lymphocyte proliferation	8	242	1.35	1.84	1.13e-07	9606.ENSP00000263341,9606.ENSP00000269571,9606.ENSP00000278616,9606.ENSP00000361021,9606.ENSP00000371067,9606.ENSP00000381185,9606.ENSP00000385675,9606.ENSP00000495360	IL1B,ERBB2,ATM,PTEN,JAK2,BCL2,IL6,CTNNB1
GO:0051129	Negative regulation of cellular component organization	11	691	1.03	1.32	1.15e-07	9606.ENSP00000263253,9606.ENSP00000263341,9606.ENSP00000263967,9606.ENSP00000269305,9606.ENSP00000278616,9606.ENSP00000361021,9606.ENSP00000362680,9606.ENSP00000398698,9606.ENSP00000418960,9606.ENSP00000428056,9606.ENSP00000451828	EP300,IL1B,PIK3CA,TP53,ATM,PTEN,SRC,TNF,BRCA1,PIK3R1,AKT1
GO:0048699	Generation of neurons	13	1131	0.89	1.09	1.23e-07	9606.ENSP00000227507,9606.ENSP00000264498,9606.ENSP00000264657,9606.ENSP00000269305,9606.ENSP00000269571,9606.ENSP00000300305,9606.ENSP00000360266,9606.ENSP00000361021,9606.ENSP00000371067,9606.ENSP00000381185,9606.ENSP00000385675,9606.ENSP00000489597,9606.ENSP00000495360	CCND1,FGF2,STAT3,TP53,ERBB2,RUNX1,JUN,PTEN,JAK2,BCL2,IL6,PTPN11,CTNNB1
GO:0019221	Cytokine-mediated signaling pathway	9	369	1.22	1.62	1.24e-07	9606.ENSP00000263341,9606.ENSP00000264657,9606.ENSP00000269305,9606.ENSP00000362680,9606.ENSP00000371067,9606.ENSP00000385675,9606.ENSP00000398698,9606.ENSP00000451828,9606.ENSP00000489597	IL1B,STAT3,TP53,SRC,JAK2,IL6,TNF,AKT1,PTPN11
GO:0014068	Positive regulation of phosphatidylinositol 3-kinase signaling	6	79	1.71	2.3	1.28e-07	9606.ENSP00000264498,9606.ENSP00000265171,9606.ENSP00000346839,9606.ENSP00000362680,9606.ENSP00000371067,9606.ENSP00000398698	FGF2,EGF,FN1,SRC,JAK2,TNF
GO:0050870	Positive regulation of T cell activation	8	251	1.34	1.79	1.46e-07	9606.ENSP00000263341,9606.ENSP00000263967,9606.ENSP00000300305,9606.ENSP00000362680,9606.ENSP00000371067,9606.ENSP00000385675,9606.ENSP00000451828,9606.ENSP00000489597	IL1B,PIK3CA,RUNX1,SRC,JAK2,IL6,AKT1,PTPN11
GO:2001236	Regulation of extrinsic apoptotic signaling pathway	7	153	1.49	2.02	1.47e-07	9606.ENSP00000263341,9606.ENSP00000361021,9606.ENSP00000362680,9606.ENSP00000381185,9606.ENSP00000398698,9606.ENSP00000418960,9606.ENSP00000451828	IL1B,PTEN,SRC,BCL2,TNF,BRCA1,AKT1
GO:0031099	Regeneration	7	154	1.49	2.01	1.54e-07	9606.ENSP00000227507,9606.ENSP00000300305,9606.ENSP00000360266,9606.ENSP00000371067,9606.ENSP00000381185,9606.ENSP00000385675,9606.ENSP00000398698	CCND1,RUNX1,JUN,JAK2,BCL2,IL6,TNF
GO:1904707	Positive regulation of vascular associated smooth muscle cell proliferation	5	36	1.97	2.47	1.85e-07	9606.ENSP00000264498,9606.ENSP00000360266,9606.ENSP00000362680,9606.ENSP00000371067,9606.ENSP00000398698	FGF2,JUN,SRC,JAK2,TNF
GO:0007507	Heart development	10	548	1.09	1.39	2.00e-07	9606.ENSP00000263253,9606.ENSP00000264498,9606.ENSP00000269305,9606.ENSP00000269571,9606.ENSP00000278616,9606.ENSP00000346839,9606.ENSP00000360266,9606.ENSP00000361021,9606.ENSP00000489597,9606.ENSP00000495360	EP300,FGF2,TP53,ERBB2,ATM,FN1,JUN,PTEN,PTPN11,CTNNB1
GO:0043170	Macromolecule metabolic process	24	5781	0.45	0.51	2.08e-07	9606.ENSP00000227507,9606.ENSP00000263253,9606.ENSP00000263341,9606.ENSP00000264498,9606.ENSP00000264657,9606.ENSP00000265171,9606.ENSP00000269305,9606.ENSP00000269571,9606.ENSP00000275493,9606.ENSP00000278616,9606.ENSP00000346839,9606.ENSP00000361021,9606.ENSP00000362680,9606.ENSP00000369497,9606.ENSP00000371067,9606.ENSP00000381185,9606.ENSP00000385675,9606.ENSP00000398698,9606.ENSP00000405330,9606.ENSP00000418960,9606.ENSP00000428056,9606.ENSP00000451828,9606.ENSP00000489597,9606.ENSP00000495360	CCND1,EP300,IL1B,FGF2,STAT3,EGF,TP53,ERBB2,EGFR,ATM,FN1,PTEN,SRC,BRCA2,JAK2,BCL2,IL6,TNF,ESR1,BRCA1,PIK3R1,AKT1,PTPN11,CTNNB1
GO:0001817	Regulation of cytokine production	11	739	1.0	1.25	2.19e-07	9606.ENSP00000263341,9606.ENSP00000264657,9606.ENSP00000300305,9606.ENSP00000346839,9606.ENSP00000362680,9606.ENSP00000371067,9606.ENSP00000385675,9606.ENSP00000398698,9606.ENSP00000418960,9606.ENSP00000428056,9606.ENSP00000489597	IL1B,STAT3,RUNX1,FN1,SRC,JAK2,IL6,TNF,BRCA1,PIK3R1,PTPN11
GO:0065008	Regulation of biological quality	20	3654	0.57	0.64	2.24e-07	9606.ENSP00000227507,9606.ENSP00000263253,9606.ENSP00000263341,9606.ENSP00000263967,9606.ENSP00000264657,9606.ENSP00000269305,9606.ENSP00000346839,9606.ENSP00000361021,9606.ENSP00000362680,9606.ENSP00000371067,9606.ENSP00000376345,9606.ENSP00000381185,9606.ENSP00000385675,9606.ENSP00000398698,9606.ENSP00000405330,9606.ENSP00000428056,9606.ENSP00000451828,9606.ENSP00000478887,9606.ENSP00000489597,9606.ENSP00000495360	CCND1,EP300,IL1B,PIK3CA,STAT3,TP53,FN1,PTEN,SRC,JAK2,GRB2,BCL2,IL6,TNF,ESR1,PIK3R1,AKT1,MYC,PTPN11,CTNNB1
GO:2000045	Regulation of G1/S transition of mitotic cell cycle	7	164	1.46	1.94	2.28e-07	9606.ENSP00000227507,9606.ENSP00000269305,9606.ENSP00000275493,9606.ENSP00000278616,9606.ENSP00000361021,9606.ENSP00000381185,9606.ENSP00000451828	CCND1,TP53,EGFR,ATM,PTEN,BCL2,AKT1
GO:0051896	Regulation of protein kinase B signaling	7	166	1.46	1.92	2.46e-07	9606.ENSP00000263967,9606.ENSP00000264498,9606.ENSP00000265171,9606.ENSP00000275493,9606.ENSP00000361021,9606.ENSP00000362680,9606.ENSP00000398698	PIK3CA,FGF2,EGF,EGFR,PTEN,SRC,TNF
GO:0016310	Phosphorylation	12	966	0.93	1.12	2.55e-07	9606.ENSP00000227507,9606.ENSP00000263967,9606.ENSP00000264657,9606.ENSP00000265171,9606.ENSP00000269571,9606.ENSP00000275493,9606.ENSP00000278616,9606.ENSP00000362680,9606.ENSP00000371067,9606.ENSP00000381185,9606.ENSP00000428056,9606.ENSP00000451828	CCND1,PIK3CA,STAT3,EGF,ERBB2,EGFR,ATM,SRC,JAK2,BCL2,PIK3R1,AKT1
GO:0031960	Response to corticosteroid	7	167	1.45	1.92	2.55e-07	9606.ENSP00000227507,9606.ENSP00000263967,9606.ENSP00000362680,9606.ENSP00000371067,9606.ENSP00000381185,9606.ENSP00000385675,9606.ENSP00000398698	CCND1,PIK3CA,SRC,JAK2,BCL2,IL6,TNF
GO:0050999	Regulation of nitric-oxide synthase activity	5	40	1.93	2.38	2.91e-07	9606.ENSP00000263341,9606.ENSP00000275493,9606.ENSP00000398698,9606.ENSP00000405330,9606.ENSP00000451828	IL1B,EGFR,TNF,ESR1,AKT1
GO:0030217	T cell differentiation	7	171	1.44	1.89	2.96e-07	9606.ENSP00000264657,9606.ENSP00000269305,9606.ENSP00000269571,9606.ENSP00000381185,9606.ENSP00000385675,9606.ENSP00000428056,9606.ENSP00000495360	STAT3,TP53,ERBB2,BCL2,IL6,PIK3R1,CTNNB1
GO:0001666	Response to hypoxia	8	278	1.29	1.67	3.01e-07	9606.ENSP00000263253,9606.ENSP00000269305,9606.ENSP00000278616,9606.ENSP00000361021,9606.ENSP00000362680,9606.ENSP00000381185,9606.ENSP00000398698,9606.ENSP00000478887	EP300,TP53,ATM,PTEN,SRC,BCL2,TNF,MYC
GO:0007548	Sex differentiation	8	282	1.28	1.66	3.34e-07	9606.ENSP00000227507,9606.ENSP00000278616,9606.ENSP00000362680,9606.ENSP00000369497,9606.ENSP00000381185,9606.ENSP00000405330,9606.ENSP00000489597,9606.ENSP00000495360	CCND1,ATM,SRC,BRCA2,BCL2,ESR1,PTPN11,CTNNB1
GO:0000003	Reproduction	14	1514	0.8	0.92	3.44e-07	9606.ENSP00000227507,9606.ENSP00000263341,9606.ENSP00000264657,9606.ENSP00000275493,9606.ENSP00000278616,9606.ENSP00000361021,9606.ENSP00000362680,9606.ENSP00000369497,9606.ENSP00000376345,9606.ENSP00000381185,9606.ENSP00000405330,9606.ENSP00000451828,9606.ENSP00000489597,9606.ENSP00000495360	CCND1,IL1B,STAT3,EGFR,ATM,PTEN,SRC,BRCA2,GRB2,BCL2,ESR1,AKT1,PTPN11,CTNNB1
GO:0007420	Brain development	11	775	0.98	1.2	3.44e-07	9606.ENSP00000264498,9606.ENSP00000265171,9606.ENSP00000269305,9606.ENSP00000275493,9606.ENSP00000278616,9606.ENSP00000361021,9606.ENSP00000362680,9606.ENSP00000369497,9606.ENSP00000381185,9606.ENSP00000489597,9606.ENSP00000495360	FGF2,EGF,TP53,EGFR,ATM,PTEN,SRC,BRCA2,BCL2,PTPN11,CTNNB1
GO:0048545	Response to steroid hormone	8	285	1.28	1.65	3.59e-07	9606.ENSP00000227507,9606.ENSP00000263967,9606.ENSP00000362680,9606.ENSP00000371067,9606.ENSP00000381185,9606.ENSP00000385675,9606.ENSP00000398698,9606.ENSP00000405330	CCND1,PIK3CA,SRC,JAK2,BCL2,IL6,TNF,ESR1
GO:0009410	Response to xenobiotic stimulus	9	422	1.16	1.47	3.60e-07	9606.ENSP00000227507,9606.ENSP00000263341,9606.ENSP00000269305,9606.ENSP00000360266,9606.ENSP00000362680,9606.ENSP00000381185,9606.ENSP00000398698,9606.ENSP00000478887,9606.ENSP00000495360	CCND1,IL1B,TP53,JUN,SRC,BCL2,TNF,MYC,CTNNB1
GO:0051345	Positive regulation of hydrolase activity	10	589	1.06	1.31	3.72e-07	9606.ENSP00000264498,9606.ENSP00000264657,9606.ENSP00000269571,9606.ENSP00000275493,9606.ENSP00000346839,9606.ENSP00000371067,9606.ENSP00000398698,9606.ENSP00000405330,9606.ENSP00000451828,9606.ENSP00000478887	FGF2,STAT3,ERBB2,EGFR,FN1,JAK2,TNF,ESR1,AKT1,MYC
GO:2001237	Negative regulation of extrinsic apoptotic signaling pathway	6	97	1.62	2.08	3.79e-07	9606.ENSP00000263341,9606.ENSP00000362680,9606.ENSP00000381185,9606.ENSP00000398698,9606.ENSP00000418960,9606.ENSP00000451828	IL1B,SRC,BCL2,TNF,BRCA1,AKT1
GO:0007162	Negative regulation of cell adhesion	8	289	1.27	1.63	3.92e-07	9606.ENSP00000269571,9606.ENSP00000300305,9606.ENSP00000361021,9606.ENSP00000362680,9606.ENSP00000371067,9606.ENSP00000428056,9606.ENSP00000451828,9606.ENSP00000489597	ERBB2,RUNX1,PTEN,SRC,JAK2,PIK3R1,AKT1,PTPN11
GO:0045429	Positive regulation of nitric oxide biosynthetic process	5	43	1.9	2.32	3.92e-07	9606.ENSP00000263341,9606.ENSP00000371067,9606.ENSP00000398698,9606.ENSP00000405330,9606.ENSP00000451828	IL1B,JAK2,TNF,ESR1,AKT1
GO:0014065	Phosphatidylinositol 3-kinase signaling	5	45	1.88	2.27	4.79e-07	9606.ENSP00000263967,9606.ENSP00000269571,9606.ENSP00000361021,9606.ENSP00000428056,9606.ENSP00000451828	PIK3CA,ERBB2,PTEN,PIK3R1,AKT1
GO:0034097	Response to cytokine	11	804	0.97	1.16	4.81e-07	9606.ENSP00000263341,9606.ENSP00000264657,9606.ENSP00000269305,9606.ENSP00000362680,9606.ENSP00000371067,9606.ENSP00000381185,9606.ENSP00000385675,9606.ENSP00000398698,9606.ENSP00000418960,9606.ENSP00000451828,9606.ENSP00000489597	IL1B,STAT3,TP53,SRC,JAK2,BCL2,IL6,TNF,BRCA1,AKT1,PTPN11
GO:0042110	T cell activation	8	298	1.26	1.6	4.85e-07	9606.ENSP00000264657,9606.ENSP00000269305,9606.ENSP00000269571,9606.ENSP00000361021,9606.ENSP00000381185,9606.ENSP00000385675,9606.ENSP00000428056,9606.ENSP00000495360	STAT3,TP53,ERBB2,PTEN,BCL2,IL6,PIK3R1,CTNNB1
GO:0006796	Phosphate-containing compound metabolic process	15	1877	0.73	0.83	5.21e-07	9606.ENSP00000227507,9606.ENSP00000263967,9606.ENSP00000264498,9606.ENSP00000264657,9606.ENSP00000265171,9606.ENSP00000269571,9606.ENSP00000275493,9606.ENSP00000278616,9606.ENSP00000361021,9606.ENSP00000362680,9606.ENSP00000371067,9606.ENSP00000381185,9606.ENSP00000428056,9606.ENSP00000451828,9606.ENSP00000489597	CCND1,PIK3CA,FGF2,STAT3,EGF,ERBB2,EGFR,ATM,PTEN,SRC,JAK2,BCL2,PIK3R1,AKT1,PTPN11
GO:0016043	Cellular component organization	23	5436	0.46	0.52	5.22e-07	9606.ENSP00000263253,9606.ENSP00000263967,9606.ENSP00000265171,9606.ENSP00000269305,9606.ENSP00000269571,9606.ENSP00000275493,9606.ENSP00000278616,9606.ENSP00000346839,9606.ENSP00000360266,9606.ENSP00000361021,9606.ENSP00000362680,9606.ENSP00000369497,9606.ENSP00000371067,9606.ENSP00000376345,9606.ENSP00000381185,9606.ENSP00000385675,9606.ENSP00000398698,9606.ENSP00000405330,9606.ENSP00000418960,9606.ENSP00000451828,9606.ENSP00000478887,9606.ENSP00000489597,9606.ENSP00000495360	EP300,PIK3CA,EGF,TP53,ERBB2,EGFR,ATM,FN1,JUN,PTEN,SRC,BRCA2,JAK2,GRB2,BCL2,IL6,TNF,ESR1,BRCA1,AKT1,MYC,PTPN11,CTNNB1
GO:0009611	Response to wounding	9	444	1.14	1.41	5.30e-07	9606.ENSP00000263967,9606.ENSP00000264498,9606.ENSP00000269571,9606.ENSP00000346839,9606.ENSP00000360266,9606.ENSP00000362680,9606.ENSP00000371067,9606.ENSP00000381185,9606.ENSP00000385675	PIK3CA,FGF2,ERBB2,FN1,JUN,SRC,JAK2,BCL2,IL6
GO:0042113	B cell activation	7	189	1.4	1.78	5.39e-07	9606.ENSP00000263253,9606.ENSP00000269305,9606.ENSP00000278616,9606.ENSP00000361021,9606.ENSP00000381185,9606.ENSP00000385675,9606.ENSP00000428056	EP300,TP53,ATM,PTEN,BCL2,IL6,PIK3R1
GO:0022612	Gland morphogenesis	6	104	1.59	2.01	5.41e-07	9606.ENSP00000275493,9606.ENSP00000362680,9606.ENSP00000381185,9606.ENSP00000385675,9606.ENSP00000398698,9606.ENSP00000405330	EGFR,SRC,BCL2,IL6,TNF,ESR1
GO:0070102	interleukin-6-mediated signaling pathway	4	14	2.29	2.46	5.46e-07	9606.ENSP00000264657,9606.ENSP00000362680,9606.ENSP00000371067,9606.ENSP00000385675	STAT3,SRC,JAK2,IL6
GO:0051960	Regulation of nervous system development	9	447	1.14	1.41	5.55e-07	9606.ENSP00000263341,9606.ENSP00000264498,9606.ENSP00000269305,9606.ENSP00000346839,9606.ENSP00000361021,9606.ENSP00000385675,9606.ENSP00000398698,9606.ENSP00000451828,9606.ENSP00000495360	IL1B,FGF2,TP53,FN1,PTEN,IL6,TNF,AKT1,CTNNB1
GO:1901796	Regulation of signal transduction by p53 class mediator	6	105	1.59	2.0	5.65e-07	9606.ENSP00000263253,9606.ENSP00000269305,9606.ENSP00000278616,9606.ENSP00000381185,9606.ENSP00000451828,9606.ENSP00000478887	EP300,TP53,ATM,BCL2,AKT1,MYC
GO:1905953	Negative regulation of lipid localization	5	47	1.86	2.24	5.65e-07	9606.ENSP00000265171,9606.ENSP00000385675,9606.ENSP00000398698,9606.ENSP00000451828,9606.ENSP00000489597	EGF,IL6,TNF,AKT1,PTPN11
GO:0009790	Embryo development	12	1049	0.89	1.04	5.79e-07	9606.ENSP00000263253,9606.ENSP00000264498,9606.ENSP00000269305,9606.ENSP00000275493,9606.ENSP00000278616,9606.ENSP00000346839,9606.ENSP00000369497,9606.ENSP00000376345,9606.ENSP00000398698,9606.ENSP00000418960,9606.ENSP00000451828,9606.ENSP00000495360	EP300,FGF2,TP53,EGFR,ATM,FN1,BRCA2,GRB2,TNF,BRCA1,AKT1,CTNNB1
GO:0002009	Morphogenesis of an epithelium	9	457	1.13	1.38	6.57e-07	9606.ENSP00000264498,9606.ENSP00000265171,9606.ENSP00000275493,9606.ENSP00000362680,9606.ENSP00000376345,9606.ENSP00000381185,9606.ENSP00000405330,9606.ENSP00000478887,9606.ENSP00000495360	FGF2,EGF,EGFR,SRC,GRB2,BCL2,ESR1,MYC,CTNNB1
GO:0030182	Neuron differentiation	12	1062	0.89	1.03	6.57e-07	9606.ENSP00000227507,9606.ENSP00000264498,9606.ENSP00000264657,9606.ENSP00000269571,9606.ENSP00000300305,9606.ENSP00000360266,9606.ENSP00000361021,9606.ENSP00000371067,9606.ENSP00000381185,9606.ENSP00000385675,9606.ENSP00000489597,9606.ENSP00000495360	CCND1,FGF2,STAT3,ERBB2,RUNX1,JUN,PTEN,JAK2,BCL2,IL6,PTPN11,CTNNB1
GO:1903829	Positive regulation of protein localization	9	461	1.12	1.37	7.03e-07	9606.ENSP00000263341,9606.ENSP00000265171,9606.ENSP00000269571,9606.ENSP00000275493,9606.ENSP00000362680,9606.ENSP00000371067,9606.ENSP00000398698,9606.ENSP00000428056,9606.ENSP00000451828	IL1B,EGF,ERBB2,EGFR,SRC,JAK2,TNF,PIK3R1,AKT1
GO:0033138	Positive regulation of peptidyl-serine phosphorylation	6	110	1.57	1.95	7.20e-07	9606.ENSP00000263967,9606.ENSP00000275493,9606.ENSP00000381185,9606.ENSP00000385675,9606.ENSP00000398698,9606.ENSP00000451828	PIK3CA,EGFR,BCL2,IL6,TNF,AKT1
GO:0048638	Regulation of developmental growth	8	321	1.23	1.52	8.09e-07	9606.ENSP00000263967,9606.ENSP00000264498,9606.ENSP00000264657,9606.ENSP00000300305,9606.ENSP00000346839,9606.ENSP00000361021,9606.ENSP00000381185,9606.ENSP00000451828	PIK3CA,FGF2,STAT3,RUNX1,FN1,PTEN,BCL2,AKT1
GO:0051897	Positive regulation of protein kinase B signaling	6	113	1.56	1.93	8.35e-07	9606.ENSP00000263967,9606.ENSP00000264498,9606.ENSP00000265171,9606.ENSP00000275493,9606.ENSP00000362680,9606.ENSP00000398698	PIK3CA,FGF2,EGF,EGFR,SRC,TNF
GO:0036211	Protein modification process	17	2674	0.64	0.7	8.72e-07	9606.ENSP00000227507,9606.ENSP00000263253,9606.ENSP00000265171,9606.ENSP00000269571,9606.ENSP00000275493,9606.ENSP00000278616,9606.ENSP00000346839,9606.ENSP00000361021,9606.ENSP00000362680,9606.ENSP00000369497,9606.ENSP00000371067,9606.ENSP00000381185,9606.ENSP00000418960,9606.ENSP00000428056,9606.ENSP00000451828,9606.ENSP00000489597,9606.ENSP00000495360	CCND1,EP300,EGF,ERBB2,EGFR,ATM,FN1,PTEN,SRC,BRCA2,JAK2,BCL2,BRCA1,PIK3R1,AKT1,PTPN11,CTNNB1
GO:0001525	Angiogenesis	8	325	1.22	1.51	8.78e-07	9606.ENSP00000263967,9606.ENSP00000264498,9606.ENSP00000265171,9606.ENSP00000346839,9606.ENSP00000360266,9606.ENSP00000361021,9606.ENSP00000451828,9606.ENSP00000495360	PIK3CA,FGF2,EGF,FN1,JUN,PTEN,AKT1,CTNNB1
GO:0009895	Negative regulation of catabolic process	8	329	1.22	1.49	9.61e-07	9606.ENSP00000263341,9606.ENSP00000263967,9606.ENSP00000264657,9606.ENSP00000269305,9606.ENSP00000275493,9606.ENSP00000381185,9606.ENSP00000398698,9606.ENSP00000451828	IL1B,PIK3CA,STAT3,TP53,EGFR,BCL2,TNF,AKT1
GO:0062012	Regulation of small molecule metabolic process	8	330	1.22	1.49	9.80e-07	9606.ENSP00000263253,9606.ENSP00000263341,9606.ENSP00000264657,9606.ENSP00000269305,9606.ENSP00000362680,9606.ENSP00000398698,9606.ENSP00000418960,9606.ENSP00000451828	EP300,IL1B,STAT3,TP53,SRC,TNF,BRCA1,AKT1
GO:1901990	Regulation of mitotic cell cycle phase transition	8	332	1.21	1.48	1.02e-06	9606.ENSP00000227507,9606.ENSP00000269305,9606.ENSP00000275493,9606.ENSP00000278616,9606.ENSP00000361021,9606.ENSP00000381185,9606.ENSP00000418960,9606.ENSP00000451828	CCND1,TP53,EGFR,ATM,PTEN,BCL2,BRCA1,AKT1
GO:0048146	Positive regulation of fibroblast proliferation	5	54	1.8	2.12	1.03e-06	9606.ENSP00000275493,9606.ENSP00000346839,9606.ENSP00000360266,9606.ENSP00000405330,9606.ENSP00000478887	EGFR,FN1,JUN,ESR1,MYC
GO:0045597	Positive regulation of cell differentiation	11	876	0.93	1.08	1.06e-06	9606.ENSP00000263341,9606.ENSP00000264498,9606.ENSP00000264657,9606.ENSP00000300305,9606.ENSP00000346839,9606.ENSP00000371067,9606.ENSP00000381185,9606.ENSP00000385675,9606.ENSP00000398698,9606.ENSP00000451828,9606.ENSP00000495360	IL1B,FGF2,STAT3,RUNX1,FN1,JAK2,BCL2,IL6,TNF,AKT1,CTNNB1
GO:0010332	Response to gamma radiation	5	55	1.79	2.1	1.11e-06	9606.ENSP00000269305,9606.ENSP00000278616,9606.ENSP00000369497,9606.ENSP00000381185,9606.ENSP00000478887	TP53,ATM,BRCA2,BCL2,MYC
GO:0032870	Cellular response to hormone stimulus	9	489	1.1	1.31	1.11e-06	9606.ENSP00000263967,9606.ENSP00000264657,9606.ENSP00000362680,9606.ENSP00000371067,9606.ENSP00000376345,9606.ENSP00000405330,9606.ENSP00000428056,9606.ENSP00000451828,9606.ENSP00000489597	PIK3CA,STAT3,SRC,JAK2,GRB2,ESR1,PIK3R1,AKT1,PTPN11
GO:0070374	Positive regulation of ERK1 and ERK2 cascade	7	213	1.35	1.66	1.11e-06	9606.ENSP00000264498,9606.ENSP00000275493,9606.ENSP00000360266,9606.ENSP00000361021,9606.ENSP00000362680,9606.ENSP00000398698,9606.ENSP00000489597	FGF2,EGFR,JUN,PTEN,SRC,TNF,PTPN11
GO:0009612	Response to mechanical stimulus	7	214	1.35	1.65	1.14e-06	9606.ENSP00000263341,9606.ENSP00000263967,9606.ENSP00000264498,9606.ENSP00000360266,9606.ENSP00000362680,9606.ENSP00000398698,9606.ENSP00000495360	IL1B,PIK3CA,FGF2,JUN,SRC,TNF,CTNNB1
GO:0009792	Embryo development ending in birth or egg hatching	10	676	1.0	1.18	1.19e-06	9606.ENSP00000263253,9606.ENSP00000264498,9606.ENSP00000269305,9606.ENSP00000275493,9606.ENSP00000278616,9606.ENSP00000369497,9606.ENSP00000376345,9606.ENSP00000418960,9606.ENSP00000451828,9606.ENSP00000495360	EP300,FGF2,TP53,EGFR,ATM,BRCA2,GRB2,BRCA1,AKT1,CTNNB1
GO:0038128	ERBB2 signaling pathway	4	18	2.18	2.3	1.20e-06	9606.ENSP00000265171,9606.ENSP00000269571,9606.ENSP00000275493,9606.ENSP00000362680	EGF,ERBB2,EGFR,SRC
GO:0000165	MAPK cascade	7	219	1.34	1.63	1.32e-06	9606.ENSP00000263341,9606.ENSP00000264498,9606.ENSP00000265171,9606.ENSP00000275493,9606.ENSP00000398698,9606.ENSP00000478887,9606.ENSP00000495360	IL1B,FGF2,EGF,EGFR,TNF,MYC,CTNNB1
GO:1901215	Negative regulation of neuron death	7	219	1.34	1.63	1.32e-06	9606.ENSP00000227507,9606.ENSP00000263967,9606.ENSP00000360266,9606.ENSP00000371067,9606.ENSP00000381185,9606.ENSP00000451828,9606.ENSP00000495360	CCND1,PIK3CA,JUN,JAK2,BCL2,AKT1,CTNNB1
GO:0010629	Negative regulation of gene expression	11	899	0.92	1.06	1.34e-06	9606.ENSP00000263967,9606.ENSP00000264498,9606.ENSP00000264657,9606.ENSP00000269305,9606.ENSP00000278616,9606.ENSP00000346839,9606.ENSP00000385675,9606.ENSP00000398698,9606.ENSP00000405330,9606.ENSP00000451828,9606.ENSP00000495360	PIK3CA,FGF2,STAT3,TP53,ATM,FN1,IL6,TNF,ESR1,AKT1,CTNNB1
GO:0071396	Cellular response to lipid	9	502	1.09	1.29	1.36e-06	9606.ENSP00000263341,9606.ENSP00000275493,9606.ENSP00000278616,9606.ENSP00000362680,9606.ENSP00000371067,9606.ENSP00000385675,9606.ENSP00000398698,9606.ENSP00000405330,9606.ENSP00000451828	IL1B,EGFR,ATM,SRC,JAK2,IL6,TNF,ESR1,AKT1
GO:1901988	Negative regulation of cell cycle phase transition	7	225	1.32	1.6	1.55e-06	9606.ENSP00000227507,9606.ENSP00000269305,9606.ENSP00000278616,9606.ENSP00000361021,9606.ENSP00000381185,9606.ENSP00000418960,9606.ENSP00000489597	CCND1,TP53,ATM,PTEN,BCL2,BRCA1,PTPN11
GO:0051253	Negative regulation of RNA metabolic process	13	1434	0.79	0.88	1.64e-06	9606.ENSP00000227507,9606.ENSP00000263253,9606.ENSP00000264657,9606.ENSP00000269305,9606.ENSP00000300305,9606.ENSP00000360266,9606.ENSP00000362680,9606.ENSP00000385675,9606.ENSP00000398698,9606.ENSP00000405330,9606.ENSP00000418960,9606.ENSP00000478887,9606.ENSP00000495360	CCND1,EP300,STAT3,TP53,RUNX1,JUN,SRC,IL6,TNF,ESR1,BRCA1,MYC,CTNNB1
GO:0030183	B cell differentiation	6	129	1.5	1.79	1.67e-06	9606.ENSP00000263253,9606.ENSP00000269305,9606.ENSP00000278616,9606.ENSP00000381185,9606.ENSP00000385675,9606.ENSP00000428056	EP300,TP53,ATM,BCL2,IL6,PIK3R1
GO:0010632	Regulation of epithelial cell migration	7	229	1.32	1.58	1.73e-06	9606.ENSP00000264498,9606.ENSP00000265171,9606.ENSP00000360266,9606.ENSP00000361021,9606.ENSP00000362680,9606.ENSP00000398698,9606.ENSP00000451828	FGF2,EGF,JUN,PTEN,SRC,TNF,AKT1
GO:0000902	Cell morphogenesis	10	708	0.98	1.13	1.77e-06	9606.ENSP00000263253,9606.ENSP00000269571,9606.ENSP00000275493,9606.ENSP00000346839,9606.ENSP00000361021,9606.ENSP00000362680,9606.ENSP00000381185,9606.ENSP00000428056,9606.ENSP00000489597,9606.ENSP00000495360	EP300,ERBB2,EGFR,FN1,PTEN,SRC,BCL2,PIK3R1,PTPN11,CTNNB1
GO:2001234	Negative regulation of apoptotic signaling pathway	7	230	1.32	1.58	1.77e-06	9606.ENSP00000263341,9606.ENSP00000362680,9606.ENSP00000381185,9606.ENSP00000398698,9606.ENSP00000418960,9606.ENSP00000451828,9606.ENSP00000495360	IL1B,SRC,BCL2,TNF,BRCA1,AKT1,CTNNB1
GO:0043467	Regulation of generation of precursor metabolites and energy	6	131	1.49	1.78	1.80e-06	9606.ENSP00000263253,9606.ENSP00000263967,9606.ENSP00000264657,9606.ENSP00000269305,9606.ENSP00000398698,9606.ENSP00000451828	EP300,PIK3CA,STAT3,TP53,TNF,AKT1
GO:0071345	Cellular response to cytokine stimulus	10	711	0.98	1.13	1.83e-06	9606.ENSP00000263341,9606.ENSP00000264657,9606.ENSP00000269305,9606.ENSP00000362680,9606.ENSP00000371067,9606.ENSP00000385675,9606.ENSP00000398698,9606.ENSP00000418960,9606.ENSP00000451828,9606.ENSP00000489597	IL1B,STAT3,TP53,SRC,JAK2,IL6,TNF,BRCA1,AKT1,PTPN11
GO:0071216	Cellular response to biotic stimulus	7	232	1.31	1.57	1.86e-06	9606.ENSP00000263341,9606.ENSP00000269305,9606.ENSP00000362680,9606.ENSP00000371067,9606.ENSP00000385675,9606.ENSP00000398698,9606.ENSP00000451828	IL1B,TP53,SRC,JAK2,IL6,TNF,AKT1
GO:0002573	Myeloid leukocyte differentiation	6	134	1.48	1.76	2.03e-06	9606.ENSP00000300305,9606.ENSP00000360266,9606.ENSP00000362680,9606.ENSP00000398698,9606.ENSP00000428056,9606.ENSP00000495360	RUNX1,JUN,SRC,TNF,PIK3R1,CTNNB1
GO:0050767	Regulation of neurogenesis	8	368	1.17	1.38	2.08e-06	9606.ENSP00000263341,9606.ENSP00000264498,9606.ENSP00000269305,9606.ENSP00000346839,9606.ENSP00000361021,9606.ENSP00000385675,9606.ENSP00000398698,9606.ENSP00000495360	IL1B,FGF2,TP53,FN1,PTEN,IL6,TNF,CTNNB1
GO:0032879	Regulation of localization	15	2103	0.69	0.74	2.09e-06	9606.ENSP00000263341,9606.ENSP00000264498,9606.ENSP00000265171,9606.ENSP00000269571,9606.ENSP00000275493,9606.ENSP00000361021,9606.ENSP00000362680,9606.ENSP00000371067,9606.ENSP00000381185,9606.ENSP00000385675,9606.ENSP00000398698,9606.ENSP00000428056,9606.ENSP00000451828,9606.ENSP00000489597,9606.ENSP00000495360	IL1B,FGF2,EGF,ERBB2,EGFR,PTEN,SRC,JAK2,BCL2,IL6,TNF,PIK3R1,AKT1,PTPN11,CTNNB1
GO:0036294	Cellular response to decreased oxygen levels	6	136	1.48	1.74	2.17e-06	9606.ENSP00000269305,9606.ENSP00000361021,9606.ENSP00000362680,9606.ENSP00000381185,9606.ENSP00000451828,9606.ENSP00000478887	TP53,PTEN,SRC,BCL2,AKT1,MYC
GO:0048871	Multicellular organismal homeostasis	8	372	1.16	1.37	2.22e-06	9606.ENSP00000263341,9606.ENSP00000263967,9606.ENSP00000264657,9606.ENSP00000362680,9606.ENSP00000381185,9606.ENSP00000385675,9606.ENSP00000489597,9606.ENSP00000495360	IL1B,PIK3CA,STAT3,SRC,BCL2,IL6,PTPN11,CTNNB1
GO:1905330	Regulation of morphogenesis of an epithelium	5	65	1.72	1.96	2.25e-06	9606.ENSP00000264498,9606.ENSP00000265171,9606.ENSP00000398698,9606.ENSP00000405330,9606.ENSP00000495360	FGF2,EGF,TNF,ESR1,CTNNB1
GO:0008152	Metabolic process	26	7988	0.34	0.41	2.27e-06	9606.ENSP00000227507,9606.ENSP00000263253,9606.ENSP00000263341,9606.ENSP00000263967,9606.ENSP00000264498,9606.ENSP00000264657,9606.ENSP00000265171,9606.ENSP00000269305,9606.ENSP00000269571,9606.ENSP00000275493,9606.ENSP00000278616,9606.ENSP00000346839,9606.ENSP00000361021,9606.ENSP00000362680,9606.ENSP00000369497,9606.ENSP00000371067,9606.ENSP00000381185,9606.ENSP00000385675,9606.ENSP00000398698,9606.ENSP00000405330,9606.ENSP00000418960,9606.ENSP00000428056,9606.ENSP00000451828,9606.ENSP00000478887,9606.ENSP00000489597,9606.ENSP00000495360	CCND1,EP300,IL1B,PIK3CA,FGF2,STAT3,EGF,TP53,ERBB2,EGFR,ATM,FN1,PTEN,SRC,BRCA2,JAK2,BCL2,IL6,TNF,ESR1,BRCA1,PIK3R1,AKT1,MYC,PTPN11,CTNNB1
GO:0071375	Cellular response to peptide hormone stimulus	7	240	1.3	1.54	2.27e-06	9606.ENSP00000263967,9606.ENSP00000264657,9606.ENSP00000362680,9606.ENSP00000371067,9606.ENSP00000376345,9606.ENSP00000428056,9606.ENSP00000451828	PIK3CA,STAT3,SRC,JAK2,GRB2,PIK3R1,AKT1
GO:0001936	Regulation of endothelial cell proliferation	6	138	1.47	1.73	2.33e-06	9606.ENSP00000264498,9606.ENSP00000264657,9606.ENSP00000265171,9606.ENSP00000360266,9606.ENSP00000398698,9606.ENSP00000451828	FGF2,STAT3,EGF,JUN,TNF,AKT1
GO:0006468	Protein phosphorylation	10	736	0.97	1.1	2.42e-06	9606.ENSP00000227507,9606.ENSP00000265171,9606.ENSP00000269571,9606.ENSP00000275493,9606.ENSP00000278616,9606.ENSP00000362680,9606.ENSP00000371067,9606.ENSP00000381185,9606.ENSP00000428056,9606.ENSP00000451828	CCND1,EGF,ERBB2,EGFR,ATM,SRC,JAK2,BCL2,PIK3R1,AKT1
GO:0032101	Regulation of response to external stimulus	11	964	0.89	0.99	2.55e-06	9606.ENSP00000263253,9606.ENSP00000263341,9606.ENSP00000264498,9606.ENSP00000278616,9606.ENSP00000361021,9606.ENSP00000362680,9606.ENSP00000371067,9606.ENSP00000385675,9606.ENSP00000398698,9606.ENSP00000405330,9606.ENSP00000489597	EP300,IL1B,FGF2,ATM,PTEN,SRC,JAK2,IL6,TNF,ESR1,PTPN11
GO:0050768	Negative regulation of neurogenesis	6	143	1.45	1.7	2.82e-06	9606.ENSP00000263341,9606.ENSP00000269305,9606.ENSP00000361021,9606.ENSP00000385675,9606.ENSP00000398698,9606.ENSP00000495360	IL1B,TP53,PTEN,IL6,TNF,CTNNB1
GO:0000904	Cell morphogenesis involved in differentiation	9	554	1.04	1.19	2.89e-06	9606.ENSP00000263253,9606.ENSP00000269571,9606.ENSP00000346839,9606.ENSP00000361021,9606.ENSP00000362680,9606.ENSP00000381185,9606.ENSP00000428056,9606.ENSP00000489597,9606.ENSP00000495360	EP300,ERBB2,FN1,PTEN,SRC,BCL2,PIK3R1,PTPN11,CTNNB1
GO:0051384	Response to glucocorticoid	6	144	1.45	1.69	2.92e-06	9606.ENSP00000227507,9606.ENSP00000263967,9606.ENSP00000371067,9606.ENSP00000381185,9606.ENSP00000385675,9606.ENSP00000398698	CCND1,PIK3CA,JAK2,BCL2,IL6,TNF
GO:0002360	T cell lineage commitment	4	24	2.05	2.1	3.05e-06	9606.ENSP00000264657,9606.ENSP00000269305,9606.ENSP00000381185,9606.ENSP00000385675	STAT3,TP53,BCL2,IL6
GO:2000637	Positive regulation of miRNA-mediated gene silencing	4	24	2.05	2.1	3.05e-06	9606.ENSP00000264657,9606.ENSP00000269305,9606.ENSP00000275493,9606.ENSP00000385675	STAT3,TP53,EGFR,IL6
GO:0010827	Regulation of glucose transmembrane transport	5	73	1.67	1.86	3.73e-06	9606.ENSP00000263341,9606.ENSP00000398698,9606.ENSP00000428056,9606.ENSP00000451828,9606.ENSP00000489597	IL1B,TNF,PIK3R1,AKT1,PTPN11
GO:0051336	Regulation of hydrolase activity	11	1011	0.87	0.95	3.97e-06	9606.ENSP00000264498,9606.ENSP00000264657,9606.ENSP00000269571,9606.ENSP00000275493,9606.ENSP00000346839,9606.ENSP00000362680,9606.ENSP00000371067,9606.ENSP00000398698,9606.ENSP00000405330,9606.ENSP00000451828,9606.ENSP00000478887	FGF2,STAT3,ERBB2,EGFR,FN1,SRC,JAK2,TNF,ESR1,AKT1,MYC
GO:0030902	Hindbrain development	6	154	1.42	1.62	4.18e-06	9606.ENSP00000264498,9606.ENSP00000265171,9606.ENSP00000269305,9606.ENSP00000381185,9606.ENSP00000489597,9606.ENSP00000495360	FGF2,EGF,TP53,BCL2,PTPN11,CTNNB1
GO:0071479	Cellular response to ionizing radiation	5	75	1.66	1.83	4.20e-06	9606.ENSP00000269305,9606.ENSP00000278616,9606.ENSP00000369497,9606.ENSP00000376345,9606.ENSP00000418960	TP53,ATM,BRCA2,GRB2,BRCA1
GO:2000134	Negative regulation of G1/S transition of mitotic cell cycle	5	75	1.66	1.83	4.20e-06	9606.ENSP00000227507,9606.ENSP00000269305,9606.ENSP00000278616,9606.ENSP00000361021,9606.ENSP00000381185	CCND1,TP53,ATM,PTEN,BCL2
GO:0043254	Regulation of protein-containing complex assembly	8	413	1.12	1.27	4.58e-06	9606.ENSP00000263253,9606.ENSP00000269305,9606.ENSP00000278616,9606.ENSP00000362680,9606.ENSP00000376345,9606.ENSP00000398698,9606.ENSP00000405330,9606.ENSP00000489597	EP300,TP53,ATM,SRC,GRB2,TNF,ESR1,PTPN11
GO:0072089	Stem cell proliferation	5	78	1.64	1.8	5.01e-06	9606.ENSP00000264498,9606.ENSP00000269305,9606.ENSP00000300305,9606.ENSP00000369497,9606.ENSP00000495360	FGF2,TP53,RUNX1,BRCA2,CTNNB1
GO:0071704	Organic substance metabolic process	25	7522	0.35	0.41	5.35e-06	9606.ENSP00000227507,9606.ENSP00000263253,9606.ENSP00000263341,9606.ENSP00000263967,9606.ENSP00000264498,9606.ENSP00000264657,9606.ENSP00000265171,9606.ENSP00000269305,9606.ENSP00000269571,9606.ENSP00000275493,9606.ENSP00000278616,9606.ENSP00000346839,9606.ENSP00000361021,9606.ENSP00000362680,9606.ENSP00000369497,9606.ENSP00000371067,9606.ENSP00000381185,9606.ENSP00000385675,9606.ENSP00000398698,9606.ENSP00000405330,9606.ENSP00000418960,9606.ENSP00000428056,9606.ENSP00000451828,9606.ENSP00000489597,9606.ENSP00000495360	CCND1,EP300,IL1B,PIK3CA,FGF2,STAT3,EGF,TP53,ERBB2,EGFR,ATM,FN1,PTEN,SRC,BRCA2,JAK2,BCL2,IL6,TNF,ESR1,BRCA1,PIK3R1,AKT1,PTPN11,CTNNB1
GO:0045892	Negative regulation of transcription, DNA-templated	12	1322	0.79	0.84	5.92e-06	9606.ENSP00000227507,9606.ENSP00000263253,9606.ENSP00000264657,9606.ENSP00000269305,9606.ENSP00000300305,9606.ENSP00000360266,9606.ENSP00000362680,9606.ENSP00000398698,9606.ENSP00000405330,9606.ENSP00000418960,9606.ENSP00000478887,9606.ENSP00000495360	CCND1,EP300,STAT3,TP53,RUNX1,JUN,SRC,TNF,ESR1,BRCA1,MYC,CTNNB1
GO:0009890	Negative regulation of biosynthetic process	13	1622	0.74	0.78	6.10e-06	9606.ENSP00000227507,9606.ENSP00000263253,9606.ENSP00000264657,9606.ENSP00000269305,9606.ENSP00000300305,9606.ENSP00000360266,9606.ENSP00000362680,9606.ENSP00000385675,9606.ENSP00000398698,9606.ENSP00000405330,9606.ENSP00000418960,9606.ENSP00000478887,9606.ENSP00000495360	CCND1,EP300,STAT3,TP53,RUNX1,JUN,SRC,IL6,TNF,ESR1,BRCA1,MYC,CTNNB1
GO:1901991	Negative regulation of mitotic cell cycle phase transition	6	167	1.39	1.55	6.41e-06	9606.ENSP00000227507,9606.ENSP00000269305,9606.ENSP00000278616,9606.ENSP00000361021,9606.ENSP00000381185,9606.ENSP00000418960	CCND1,TP53,ATM,PTEN,BCL2,BRCA1
GO:1905952	Regulation of lipid localization	6	167	1.39	1.55	6.41e-06	9606.ENSP00000263341,9606.ENSP00000265171,9606.ENSP00000385675,9606.ENSP00000398698,9606.ENSP00000451828,9606.ENSP00000489597	IL1B,EGF,IL6,TNF,AKT1,PTPN11
GO:1901889	Negative regulation of cell junction assembly	4	30	1.96	1.95	6.45e-06	9606.ENSP00000263341,9606.ENSP00000361021,9606.ENSP00000362680,9606.ENSP00000398698	IL1B,PTEN,SRC,TNF
GO:0000302	Response to reactive oxygen species	6	169	1.38	1.54	6.79e-06	9606.ENSP00000275493,9606.ENSP00000360266,9606.ENSP00000362680,9606.ENSP00000381185,9606.ENSP00000385675,9606.ENSP00000451828	EGFR,JUN,SRC,BCL2,IL6,AKT1
GO:0010165	Response to X-ray	4	31	1.94	1.93	7.20e-06	9606.ENSP00000227507,9606.ENSP00000269305,9606.ENSP00000278616,9606.ENSP00000369497	CCND1,TP53,ATM,BRCA2
GO:0050776	Regulation of immune response	10	844	0.91	0.98	7.80e-06	9606.ENSP00000263253,9606.ENSP00000263341,9606.ENSP00000263967,9606.ENSP00000362680,9606.ENSP00000371067,9606.ENSP00000381185,9606.ENSP00000385675,9606.ENSP00000398698,9606.ENSP00000405330,9606.ENSP00000489597	EP300,IL1B,PIK3CA,SRC,JAK2,BCL2,IL6,TNF,ESR1,PTPN11
GO:0010507	Negative regulation of autophagy	5	87	1.59	1.71	8.05e-06	9606.ENSP00000263967,9606.ENSP00000264657,9606.ENSP00000269305,9606.ENSP00000381185,9606.ENSP00000451828	PIK3CA,STAT3,TP53,BCL2,AKT1
GO:0009605	Response to external stimulus	15	2355	0.64	0.66	8.32e-06	9606.ENSP00000227507,9606.ENSP00000263341,9606.ENSP00000263967,9606.ENSP00000264498,9606.ENSP00000269305,9606.ENSP00000269571,9606.ENSP00000360266,9606.ENSP00000361021,9606.ENSP00000362680,9606.ENSP00000371067,9606.ENSP00000381185,9606.ENSP00000385675,9606.ENSP00000398698,9606.ENSP00000451828,9606.ENSP00000495360	CCND1,IL1B,PIK3CA,FGF2,TP53,ERBB2,JUN,PTEN,SRC,JAK2,BCL2,IL6,TNF,AKT1,CTNNB1
GO:0031347	Regulation of defense response	9	638	0.98	1.06	8.60e-06	9606.ENSP00000263253,9606.ENSP00000263341,9606.ENSP00000278616,9606.ENSP00000362680,9606.ENSP00000371067,9606.ENSP00000385675,9606.ENSP00000398698,9606.ENSP00000405330,9606.ENSP00000489597	EP300,IL1B,ATM,SRC,JAK2,IL6,TNF,ESR1,PTPN11
GO:0032770	Positive regulation of monooxygenase activity	4	33	1.92	1.89	8.94e-06	9606.ENSP00000263341,9606.ENSP00000398698,9606.ENSP00000405330,9606.ENSP00000451828	IL1B,TNF,ESR1,AKT1
GO:0060416	Response to growth hormone	4	33	1.92	1.89	8.94e-06	9606.ENSP00000264657,9606.ENSP00000371067,9606.ENSP00000428056,9606.ENSP00000451828	STAT3,JAK2,PIK3R1,AKT1
GO:0010720	Positive regulation of cell development	7	304	1.19	1.31	9.67e-06	9606.ENSP00000263341,9606.ENSP00000264498,9606.ENSP00000346839,9606.ENSP00000381185,9606.ENSP00000385675,9606.ENSP00000398698,9606.ENSP00000495360	IL1B,FGF2,FN1,BCL2,IL6,TNF,CTNNB1
GO:0150077	Regulation of neuroinflammatory response	4	34	1.9	1.87	9.86e-06	9606.ENSP00000263341,9606.ENSP00000278616,9606.ENSP00000385675,9606.ENSP00000398698	IL1B,ATM,IL6,TNF
GO:0006952	Defense response	12	1394	0.77	0.8	9.96e-06	9606.ENSP00000263253,9606.ENSP00000263341,9606.ENSP00000264657,9606.ENSP00000269305,9606.ENSP00000346839,9606.ENSP00000360266,9606.ENSP00000362680,9606.ENSP00000371067,9606.ENSP00000381185,9606.ENSP00000385675,9606.ENSP00000398698,9606.ENSP00000451828	EP300,IL1B,STAT3,TP53,FN1,JUN,SRC,JAK2,BCL2,IL6,TNF,AKT1
GO:0048863	Stem cell differentiation	6	183	1.35	1.47	1.03e-05	9606.ENSP00000264498,9606.ENSP00000269305,9606.ENSP00000346839,9606.ENSP00000381185,9606.ENSP00000405330,9606.ENSP00000495360	FGF2,TP53,FN1,BCL2,ESR1,CTNNB1
GO:0043009	Chordate embryonic development	9	654	0.97	1.04	1.04e-05	9606.ENSP00000263253,9606.ENSP00000269305,9606.ENSP00000275493,9606.ENSP00000278616,9606.ENSP00000369497,9606.ENSP00000376345,9606.ENSP00000418960,9606.ENSP00000451828,9606.ENSP00000495360	EP300,TP53,EGFR,ATM,BRCA2,GRB2,BRCA1,AKT1,CTNNB1
GO:0042592	Homeostatic process	12	1406	0.76	0.8	1.08e-05	9606.ENSP00000263341,9606.ENSP00000263967,9606.ENSP00000264657,9606.ENSP00000362680,9606.ENSP00000371067,9606.ENSP00000381185,9606.ENSP00000385675,9606.ENSP00000428056,9606.ENSP00000451828,9606.ENSP00000478887,9606.ENSP00000489597,9606.ENSP00000495360	IL1B,PIK3CA,STAT3,SRC,JAK2,BCL2,IL6,PIK3R1,AKT1,MYC,PTPN11,CTNNB1
GO:0060251	Regulation of glial cell proliferation	4	35	1.89	1.85	1.08e-05	9606.ENSP00000263341,9606.ENSP00000269305,9606.ENSP00000385675,9606.ENSP00000398698	IL1B,TP53,IL6,TNF
GO:0048477	Oogenesis	5	94	1.56	1.64	1.12e-05	9606.ENSP00000278616,9606.ENSP00000362680,9606.ENSP00000369497,9606.ENSP00000381185,9606.ENSP00000495360	ATM,SRC,BRCA2,BCL2,CTNNB1
GO:0042129	Regulation of T cell proliferation	6	187	1.34	1.45	1.15e-05	9606.ENSP00000263341,9606.ENSP00000269571,9606.ENSP00000361021,9606.ENSP00000371067,9606.ENSP00000385675,9606.ENSP00000495360	IL1B,ERBB2,PTEN,JAK2,IL6,CTNNB1
GO:0008585	Female gonad development	5	95	1.55	1.63	1.18e-05	9606.ENSP00000278616,9606.ENSP00000362680,9606.ENSP00000369497,9606.ENSP00000381185,9606.ENSP00000405330	ATM,SRC,BRCA2,BCL2,ESR1
GO:2001240	Negative regulation of extrinsic apoptotic signaling pathway in absence of ligand	4	36	1.88	1.83	1.19e-05	9606.ENSP00000263341,9606.ENSP00000381185,9606.ENSP00000398698,9606.ENSP00000451828	IL1B,BCL2,TNF,AKT1
GO:0001938	Positive regulation of endothelial cell proliferation	5	96	1.55	1.63	1.21e-05	9606.ENSP00000264498,9606.ENSP00000264657,9606.ENSP00000265171,9606.ENSP00000360266,9606.ENSP00000451828	FGF2,STAT3,EGF,JUN,AKT1
GO:0006109	Regulation of carbohydrate metabolic process	6	189	1.33	1.44	1.21e-05	9606.ENSP00000263253,9606.ENSP00000264657,9606.ENSP00000265171,9606.ENSP00000269305,9606.ENSP00000362680,9606.ENSP00000451828	EP300,STAT3,EGF,TP53,SRC,AKT1
GO:0010573	Vascular endothelial growth factor production	3	7	2.46	1.98	1.21e-05	9606.ENSP00000263341,9606.ENSP00000385675,9606.ENSP00000398698	IL1B,IL6,TNF
GO:0046777	Protein autophosphorylation	6	189	1.33	1.44	1.21e-05	9606.ENSP00000269571,9606.ENSP00000275493,9606.ENSP00000278616,9606.ENSP00000362680,9606.ENSP00000371067,9606.ENSP00000451828	ERBB2,EGFR,ATM,SRC,JAK2,AKT1
GO:2001020	Regulation of response to DNA damage stimulus	7	316	1.18	1.27	1.21e-05	9606.ENSP00000269305,9606.ENSP00000275493,9606.ENSP00000278616,9606.ENSP00000369497,9606.ENSP00000381185,9606.ENSP00000418960,9606.ENSP00000478887	TP53,EGFR,ATM,BRCA2,BCL2,BRCA1,MYC
GO:1901576	Organic substance biosynthetic process	15	2438	0.62	0.64	1.24e-05	9606.ENSP00000263253,9606.ENSP00000263341,9606.ENSP00000263967,9606.ENSP00000264498,9606.ENSP00000264657,9606.ENSP00000269305,9606.ENSP00000278616,9606.ENSP00000361021,9606.ENSP00000362680,9606.ENSP00000371067,9606.ENSP00000405330,9606.ENSP00000418960,9606.ENSP00000428056,9606.ENSP00000451828,9606.ENSP00000495360	EP300,IL1B,PIK3CA,FGF2,STAT3,TP53,ATM,PTEN,SRC,JAK2,ESR1,BRCA1,PIK3R1,AKT1,CTNNB1
GO:0061900	Glial cell activation	4	37	1.87	1.81	1.29e-05	9606.ENSP00000263341,9606.ENSP00000360266,9606.ENSP00000371067,9606.ENSP00000398698	IL1B,JUN,JAK2,TNF
GO:0018193	Peptidyl-amino acid modification	10	900	0.88	0.92	1.31e-05	9606.ENSP00000263253,9606.ENSP00000265171,9606.ENSP00000269571,9606.ENSP00000275493,9606.ENSP00000278616,9606.ENSP00000362680,9606.ENSP00000369497,9606.ENSP00000371067,9606.ENSP00000381185,9606.ENSP00000451828	EP300,EGF,ERBB2,EGFR,ATM,SRC,BRCA2,JAK2,BCL2,AKT1
GO:0010631	Epithelial cell migration	5	98	1.54	1.61	1.33e-05	9606.ENSP00000263967,9606.ENSP00000264498,9606.ENSP00000361021,9606.ENSP00000451828,9606.ENSP00000489597	PIK3CA,FGF2,PTEN,AKT1,PTPN11
GO:0032755	Positive regulation of interleukin-6 production	5	98	1.54	1.61	1.33e-05	9606.ENSP00000263341,9606.ENSP00000264657,9606.ENSP00000385675,9606.ENSP00000398698,9606.ENSP00000489597	IL1B,STAT3,IL6,TNF,PTPN11
GO:0031334	Positive regulation of protein-containing complex assembly	6	193	1.32	1.42	1.34e-05	9606.ENSP00000269305,9606.ENSP00000278616,9606.ENSP00000362680,9606.ENSP00000376345,9606.ENSP00000398698,9606.ENSP00000405330	TP53,ATM,SRC,GRB2,TNF,ESR1
GO:0071222	Cellular response to lipopolysaccharide	6	195	1.32	1.41	1.41e-05	9606.ENSP00000263341,9606.ENSP00000362680,9606.ENSP00000371067,9606.ENSP00000385675,9606.ENSP00000398698,9606.ENSP00000451828	IL1B,SRC,JAK2,IL6,TNF,AKT1
GO:0042593	Glucose homeostasis	6	196	1.32	1.41	1.45e-05	9606.ENSP00000263967,9606.ENSP00000264657,9606.ENSP00000385675,9606.ENSP00000428056,9606.ENSP00000451828,9606.ENSP00000489597	PIK3CA,STAT3,IL6,PIK3R1,AKT1,PTPN11
GO:0051049	Regulation of transport	13	1763	0.7	0.72	1.45e-05	9606.ENSP00000263341,9606.ENSP00000265171,9606.ENSP00000269571,9606.ENSP00000361021,9606.ENSP00000362680,9606.ENSP00000371067,9606.ENSP00000381185,9606.ENSP00000385675,9606.ENSP00000398698,9606.ENSP00000428056,9606.ENSP00000451828,9606.ENSP00000489597,9606.ENSP00000495360	IL1B,EGF,ERBB2,PTEN,SRC,JAK2,BCL2,IL6,TNF,PIK3R1,AKT1,PTPN11,CTNNB1
GO:0001667	Ameboidal-type cell migration	6	197	1.32	1.4	1.49e-05	9606.ENSP00000263967,9606.ENSP00000264498,9606.ENSP00000346839,9606.ENSP00000361021,9606.ENSP00000451828,9606.ENSP00000489597	PIK3CA,FGF2,FN1,PTEN,AKT1,PTPN11
GO:0014013	Regulation of gliogenesis	5	101	1.53	1.58	1.50e-05	9606.ENSP00000263341,9606.ENSP00000269305,9606.ENSP00000385675,9606.ENSP00000398698,9606.ENSP00000495360	IL1B,TP53,IL6,TNF,CTNNB1
GO:0032760	Positive regulation of tumor necrosis factor production	5	101	1.53	1.58	1.50e-05	9606.ENSP00000264657,9606.ENSP00000371067,9606.ENSP00000385675,9606.ENSP00000428056,9606.ENSP00000489597	STAT3,JAK2,IL6,PIK3R1,PTPN11
GO:0038134	ERBB2-EGFR signaling pathway	3	8	2.41	1.93	1.59e-05	9606.ENSP00000265171,9606.ENSP00000269571,9606.ENSP00000275493	EGF,ERBB2,EGFR
GO:0044089	Positive regulation of cellular component biogenesis	8	500	1.04	1.09	1.66e-05	9606.ENSP00000263967,9606.ENSP00000269305,9606.ENSP00000278616,9606.ENSP00000362680,9606.ENSP00000376345,9606.ENSP00000398698,9606.ENSP00000405330,9606.ENSP00000428056	PIK3CA,TP53,ATM,SRC,GRB2,TNF,ESR1,PIK3R1
GO:2000008	Regulation of protein localization to cell surface	4	40	1.83	1.76	1.67e-05	9606.ENSP00000265171,9606.ENSP00000398698,9606.ENSP00000451828,9606.ENSP00000495360	EGF,TNF,AKT1,CTNNB1
GO:0050778	Positive regulation of immune response	8	502	1.03	1.09	1.70e-05	9606.ENSP00000263253,9606.ENSP00000263341,9606.ENSP00000263967,9606.ENSP00000362680,9606.ENSP00000371067,9606.ENSP00000381185,9606.ENSP00000385675,9606.ENSP00000398698	EP300,IL1B,PIK3CA,SRC,JAK2,BCL2,IL6,TNF
GO:0062014	Negative regulation of small molecule metabolic process	5	104	1.51	1.56	1.70e-05	9606.ENSP00000263253,9606.ENSP00000264657,9606.ENSP00000269305,9606.ENSP00000418960,9606.ENSP00000451828	EP300,STAT3,TP53,BRCA1,AKT1
GO:1905477	Positive regulation of protein localization to membrane	5	104	1.51	1.56	1.70e-05	9606.ENSP00000269571,9606.ENSP00000275493,9606.ENSP00000398698,9606.ENSP00000428056,9606.ENSP00000451828	ERBB2,EGFR,TNF,PIK3R1,AKT1
GO:0051223	Regulation of protein transport	8	503	1.03	1.09	1.71e-05	9606.ENSP00000263341,9606.ENSP00000269571,9606.ENSP00000362680,9606.ENSP00000371067,9606.ENSP00000385675,9606.ENSP00000398698,9606.ENSP00000428056,9606.ENSP00000489597	IL1B,ERBB2,SRC,JAK2,IL6,TNF,PIK3R1,PTPN11
GO:0000077	DNA damage checkpoint signaling	5	105	1.51	1.55	1.76e-05	9606.ENSP00000227507,9606.ENSP00000269305,9606.ENSP00000278616,9606.ENSP00000418960,9606.ENSP00000489597	CCND1,TP53,ATM,BRCA1,PTPN11
GO:0010638	Positive regulation of organelle organization	8	508	1.03	1.08	1.82e-05	9606.ENSP00000263341,9606.ENSP00000265171,9606.ENSP00000269305,9606.ENSP00000278616,9606.ENSP00000362680,9606.ENSP00000376345,9606.ENSP00000398698,9606.ENSP00000495360	IL1B,EGF,TP53,ATM,SRC,GRB2,TNF,CTNNB1
GO:0071407	Cellular response to organic cyclic compound	8	508	1.03	1.08	1.82e-05	9606.ENSP00000263341,9606.ENSP00000275493,9606.ENSP00000362680,9606.ENSP00000371067,9606.ENSP00000398698,9606.ENSP00000405330,9606.ENSP00000418960,9606.ENSP00000495360	IL1B,EGFR,SRC,JAK2,TNF,ESR1,BRCA1,CTNNB1
GO:1904035	Regulation of epithelial cell apoptotic process	5	106	1.51	1.55	1.82e-05	9606.ENSP00000371067,9606.ENSP00000381185,9606.ENSP00000385675,9606.ENSP00000398698,9606.ENSP00000405330	JAK2,BCL2,IL6,TNF,ESR1
GO:0044419	Biological process involved in interspecies interaction between organisms	12	1490	0.74	0.76	1.83e-05	9606.ENSP00000263253,9606.ENSP00000263341,9606.ENSP00000269305,9606.ENSP00000275493,9606.ENSP00000346839,9606.ENSP00000360266,9606.ENSP00000362680,9606.ENSP00000371067,9606.ENSP00000381185,9606.ENSP00000385675,9606.ENSP00000398698,9606.ENSP00000451828	EP300,IL1B,TP53,EGFR,FN1,JUN,SRC,JAK2,BCL2,IL6,TNF,AKT1
GO:1902106	Negative regulation of leukocyte differentiation	5	107	1.5	1.54	1.89e-05	9606.ENSP00000269571,9606.ENSP00000300305,9606.ENSP00000428056,9606.ENSP00000478887,9606.ENSP00000495360	ERBB2,RUNX1,PIK3R1,MYC,CTNNB1
GO:0031295	T cell costimulation	4	42	1.81	1.73	1.93e-05	9606.ENSP00000263967,9606.ENSP00000362680,9606.ENSP00000451828,9606.ENSP00000489597	PIK3CA,SRC,AKT1,PTPN11
GO:0071364	Cellular response to epidermal growth factor stimulus	4	42	1.81	1.73	1.93e-05	9606.ENSP00000269571,9606.ENSP00000275493,9606.ENSP00000451828,9606.ENSP00000489597	ERBB2,EGFR,AKT1,PTPN11
GO:0010506	Regulation of autophagy	7	346	1.14	1.2	2.01e-05	9606.ENSP00000263253,9606.ENSP00000263967,9606.ENSP00000264657,9606.ENSP00000269305,9606.ENSP00000278616,9606.ENSP00000381185,9606.ENSP00000451828	EP300,PIK3CA,STAT3,TP53,ATM,BCL2,AKT1
GO:0006351	Transcription, DNA-templated	8	518	1.02	1.07	2.06e-05	9606.ENSP00000263253,9606.ENSP00000264498,9606.ENSP00000264657,9606.ENSP00000269305,9606.ENSP00000371067,9606.ENSP00000405330,9606.ENSP00000428056,9606.ENSP00000495360	EP300,FGF2,STAT3,TP53,JAK2,ESR1,PIK3R1,CTNNB1
GO:1902532	Negative regulation of intracellular signal transduction	8	519	1.02	1.06	2.09e-05	9606.ENSP00000263341,9606.ENSP00000278616,9606.ENSP00000361021,9606.ENSP00000362680,9606.ENSP00000381185,9606.ENSP00000405330,9606.ENSP00000451828,9606.ENSP00000478887	IL1B,ATM,PTEN,SRC,BCL2,ESR1,AKT1,MYC
GO:0010639	Negative regulation of organelle organization	7	351	1.13	1.18	2.19e-05	9606.ENSP00000263967,9606.ENSP00000269305,9606.ENSP00000278616,9606.ENSP00000362680,9606.ENSP00000418960,9606.ENSP00000428056,9606.ENSP00000451828	PIK3CA,TP53,ATM,SRC,BRCA1,PIK3R1,AKT1
GO:0000079	Regulation of cyclin-dependent protein serine/threonine kinase activity	5	111	1.49	1.51	2.21e-05	9606.ENSP00000227507,9606.ENSP00000275493,9606.ENSP00000361021,9606.ENSP00000362680,9606.ENSP00000451828	CCND1,EGFR,PTEN,SRC,AKT1
GO:0031058	Positive regulation of histone modification	5	111	1.49	1.51	2.21e-05	9606.ENSP00000263341,9606.ENSP00000269305,9606.ENSP00000278616,9606.ENSP00000418960,9606.ENSP00000495360	IL1B,TP53,ATM,BRCA1,CTNNB1
GO:0045637	Regulation of myeloid cell differentiation	6	214	1.28	1.33	2.21e-05	9606.ENSP00000264657,9606.ENSP00000300305,9606.ENSP00000398698,9606.ENSP00000428056,9606.ENSP00000478887,9606.ENSP00000495360	STAT3,RUNX1,TNF,PIK3R1,MYC,CTNNB1
GO:0000122	Negative regulation of transcription by RNA polymerase II	10	971	0.84	0.86	2.36e-05	9606.ENSP00000227507,9606.ENSP00000263253,9606.ENSP00000264657,9606.ENSP00000269305,9606.ENSP00000300305,9606.ENSP00000360266,9606.ENSP00000398698,9606.ENSP00000405330,9606.ENSP00000478887,9606.ENSP00000495360	CCND1,EP300,STAT3,TP53,RUNX1,JUN,TNF,ESR1,MYC,CTNNB1
GO:0010810	Regulation of cell-substrate adhesion	6	217	1.27	1.32	2.36e-05	9606.ENSP00000346839,9606.ENSP00000361021,9606.ENSP00000362680,9606.ENSP00000371067,9606.ENSP00000381185,9606.ENSP00000428056	FN1,PTEN,SRC,JAK2,BCL2,PIK3R1
GO:0097191	Extrinsic apoptotic signaling pathway	5	113	1.48	1.5	2.36e-05	9606.ENSP00000263341,9606.ENSP00000371067,9606.ENSP00000381185,9606.ENSP00000398698,9606.ENSP00000428056	IL1B,JAK2,BCL2,TNF,PIK3R1
GO:0006366	Transcription by RNA polymerase II	7	357	1.12	1.17	2.38e-05	9606.ENSP00000263253,9606.ENSP00000264498,9606.ENSP00000264657,9606.ENSP00000371067,9606.ENSP00000405330,9606.ENSP00000428056,9606.ENSP00000495360	EP300,FGF2,STAT3,JAK2,ESR1,PIK3R1,CTNNB1
GO:0001658	Branching involved in ureteric bud morphogenesis	4	45	1.78	1.68	2.39e-05	9606.ENSP00000264498,9606.ENSP00000381185,9606.ENSP00000478887,9606.ENSP00000495360	FGF2,BCL2,MYC,CTNNB1
GO:0071887	Leukocyte apoptotic process	4	45	1.78	1.68	2.39e-05	9606.ENSP00000269305,9606.ENSP00000381185,9606.ENSP00000385675,9606.ENSP00000451828	TP53,BCL2,IL6,AKT1
GO:0010035	Response to inorganic substance	8	532	1.01	1.04	2.41e-05	9606.ENSP00000227507,9606.ENSP00000263967,9606.ENSP00000275493,9606.ENSP00000360266,9606.ENSP00000362680,9606.ENSP00000381185,9606.ENSP00000385675,9606.ENSP00000451828	CCND1,PIK3CA,EGFR,JUN,SRC,BCL2,IL6,AKT1
GO:0007049	Cell cycle	11	1246	0.78	0.79	2.48e-05	9606.ENSP00000227507,9606.ENSP00000263253,9606.ENSP00000269305,9606.ENSP00000278616,9606.ENSP00000362680,9606.ENSP00000369497,9606.ENSP00000381185,9606.ENSP00000418960,9606.ENSP00000478887,9606.ENSP00000489597,9606.ENSP00000495360	CCND1,EP300,TP53,ATM,SRC,BRCA2,BCL2,BRCA1,MYC,PTPN11,CTNNB1
GO:0006954	Inflammatory response	8	538	1.0	1.04	2.59e-05	9606.ENSP00000263341,9606.ENSP00000264657,9606.ENSP00000346839,9606.ENSP00000360266,9606.ENSP00000371067,9606.ENSP00000385675,9606.ENSP00000398698,9606.ENSP00000451828	IL1B,STAT3,FN1,JUN,JAK2,IL6,TNF,AKT1
GO:0034976	Response to endoplasmic reticulum stress	6	223	1.26	1.3	2.68e-05	9606.ENSP00000227507,9606.ENSP00000263253,9606.ENSP00000269305,9606.ENSP00000360266,9606.ENSP00000381185,9606.ENSP00000428056	CCND1,EP300,TP53,JUN,BCL2,PIK3R1
GO:0045737	Positive regulation of cyclin-dependent protein serine/threonine kinase activity	4	47	1.76	1.65	2.75e-05	9606.ENSP00000227507,9606.ENSP00000275493,9606.ENSP00000362680,9606.ENSP00000451828	CCND1,EGFR,SRC,AKT1
GO:0034614	Cellular response to reactive oxygen species	5	118	1.46	1.46	2.80e-05	9606.ENSP00000275493,9606.ENSP00000360266,9606.ENSP00000362680,9606.ENSP00000385675,9606.ENSP00000451828	EGFR,JUN,SRC,IL6,AKT1
GO:0008406	Gonad development	6	226	1.26	1.29	2.87e-05	9606.ENSP00000227507,9606.ENSP00000278616,9606.ENSP00000362680,9606.ENSP00000369497,9606.ENSP00000381185,9606.ENSP00000405330	CCND1,ATM,SRC,BRCA2,BCL2,ESR1
GO:0050769	Positive regulation of neurogenesis	6	227	1.25	1.28	2.94e-05	9606.ENSP00000263341,9606.ENSP00000264498,9606.ENSP00000346839,9606.ENSP00000385675,9606.ENSP00000398698,9606.ENSP00000495360	IL1B,FGF2,FN1,IL6,TNF,CTNNB1
GO:0031641	Regulation of myelination	4	48	1.75	1.64	2.96e-05	9606.ENSP00000361021,9606.ENSP00000398698,9606.ENSP00000451828,9606.ENSP00000495360	PTEN,TNF,AKT1,CTNNB1
GO:0050727	Regulation of inflammatory response	7	371	1.11	1.14	2.96e-05	9606.ENSP00000263341,9606.ENSP00000278616,9606.ENSP00000362680,9606.ENSP00000371067,9606.ENSP00000385675,9606.ENSP00000398698,9606.ENSP00000405330	IL1B,ATM,SRC,JAK2,IL6,TNF,ESR1
GO:0032355	Response to estradiol	5	121	1.45	1.44	3.13e-05	9606.ENSP00000227507,9606.ENSP00000264657,9606.ENSP00000275493,9606.ENSP00000405330,9606.ENSP00000495360	CCND1,STAT3,EGFR,ESR1,CTNNB1
GO:0045931	Positive regulation of mitotic cell cycle	5	121	1.45	1.44	3.13e-05	9606.ENSP00000227507,9606.ENSP00000275493,9606.ENSP00000369497,9606.ENSP00000451828,9606.ENSP00000489597	CCND1,EGFR,BRCA2,AKT1,PTPN11
GO:0051098	Regulation of binding	7	375	1.1	1.13	3.15e-05	9606.ENSP00000263253,9606.ENSP00000265171,9606.ENSP00000360266,9606.ENSP00000362680,9606.ENSP00000371067,9606.ENSP00000451828,9606.ENSP00000495360	EP300,EGF,JUN,SRC,JAK2,AKT1,CTNNB1
GO:0048599	Oocyte development	4	49	1.74	1.63	3.16e-05	9606.ENSP00000278616,9606.ENSP00000369497,9606.ENSP00000381185,9606.ENSP00000495360	ATM,BRCA2,BCL2,CTNNB1
GO:0002761	Regulation of myeloid leukocyte differentiation	5	123	1.44	1.43	3.35e-05	9606.ENSP00000300305,9606.ENSP00000398698,9606.ENSP00000428056,9606.ENSP00000478887,9606.ENSP00000495360	RUNX1,TNF,PIK3R1,MYC,CTNNB1
GO:0051101	Regulation of DNA binding	5	124	1.44	1.42	3.47e-05	9606.ENSP00000263253,9606.ENSP00000265171,9606.ENSP00000360266,9606.ENSP00000371067,9606.ENSP00000495360	EP300,EGF,JUN,JAK2,CTNNB1
GO:0051972	Regulation of telomerase activity	4	51	1.73	1.6	3.64e-05	9606.ENSP00000269305,9606.ENSP00000362680,9606.ENSP00000478887,9606.ENSP00000495360	TP53,SRC,MYC,CTNNB1
GO:0051179	Localization	19	4512	0.46	0.48	3.65e-05	9606.ENSP00000227507,9606.ENSP00000263341,9606.ENSP00000263967,9606.ENSP00000264498,9606.ENSP00000264657,9606.ENSP00000269305,9606.ENSP00000275493,9606.ENSP00000278616,9606.ENSP00000362680,9606.ENSP00000369497,9606.ENSP00000376345,9606.ENSP00000381185,9606.ENSP00000385675,9606.ENSP00000398698,9606.ENSP00000405330,9606.ENSP00000428056,9606.ENSP00000451828,9606.ENSP00000478887,9606.ENSP00000495360	CCND1,IL1B,PIK3CA,FGF2,STAT3,TP53,EGFR,ATM,SRC,BRCA2,GRB2,BCL2,IL6,TNF,ESR1,PIK3R1,AKT1,MYC,CTNNB1
GO:0006661	Phosphatidylinositol biosynthetic process	5	126	1.43	1.41	3.71e-05	9606.ENSP00000263967,9606.ENSP00000264498,9606.ENSP00000278616,9606.ENSP00000361021,9606.ENSP00000428056	PIK3CA,FGF2,ATM,PTEN,PIK3R1
GO:1903800	Positive regulation of miRNA maturation	3	12	2.23	1.75	3.81e-05	9606.ENSP00000269305,9606.ENSP00000275493,9606.ENSP00000385675	TP53,EGFR,IL6
GO:0071456	Cellular response to hypoxia	5	128	1.42	1.4	3.98e-05	9606.ENSP00000269305,9606.ENSP00000361021,9606.ENSP00000362680,9606.ENSP00000381185,9606.ENSP00000478887	TP53,PTEN,SRC,BCL2,MYC
GO:0051248	Negative regulation of protein metabolic process	10	1038	0.82	0.81	4.02e-05	9606.ENSP00000263341,9606.ENSP00000269305,9606.ENSP00000275493,9606.ENSP00000360266,9606.ENSP00000361021,9606.ENSP00000362680,9606.ENSP00000398698,9606.ENSP00000418960,9606.ENSP00000451828,9606.ENSP00000495360	IL1B,TP53,EGFR,JUN,PTEN,SRC,TNF,BRCA1,AKT1,CTNNB1
GO:0001541	Ovarian follicle development	4	53	1.71	1.57	4.15e-05	9606.ENSP00000278616,9606.ENSP00000362680,9606.ENSP00000381185,9606.ENSP00000405330	ATM,SRC,BCL2,ESR1
GO:0002762	Negative regulation of myeloid leukocyte differentiation	4	53	1.71	1.57	4.15e-05	9606.ENSP00000300305,9606.ENSP00000428056,9606.ENSP00000478887,9606.ENSP00000495360	RUNX1,PIK3R1,MYC,CTNNB1
GO:2001235	Positive regulation of apoptotic signaling pathway	5	130	1.42	1.39	4.24e-05	9606.ENSP00000269305,9606.ENSP00000361021,9606.ENSP00000371067,9606.ENSP00000398698,9606.ENSP00000478887	TP53,PTEN,JAK2,TNF,MYC
GO:0001889	Liver development	5	131	1.41	1.38	4.39e-05	9606.ENSP00000227507,9606.ENSP00000263967,9606.ENSP00000360266,9606.ENSP00000385675,9606.ENSP00000398698	CCND1,PIK3CA,JUN,IL6,TNF
GO:0048565	Digestive tract development	5	131	1.41	1.38	4.39e-05	9606.ENSP00000275493,9606.ENSP00000362680,9606.ENSP00000381185,9606.ENSP00000398698,9606.ENSP00000495360	EGFR,SRC,BCL2,TNF,CTNNB1
GO:0030316	Osteoclast differentiation	4	54	1.7	1.56	4.40e-05	9606.ENSP00000362680,9606.ENSP00000398698,9606.ENSP00000428056,9606.ENSP00000495360	SRC,TNF,PIK3R1,CTNNB1
GO:0043525	Positive regulation of neuron apoptotic process	4	54	1.7	1.56	4.40e-05	9606.ENSP00000269305,9606.ENSP00000278616,9606.ENSP00000398698,9606.ENSP00000495360	TP53,ATM,TNF,CTNNB1
GO:0046324	Regulation of glucose import	4	55	1.69	1.55	4.70e-05	9606.ENSP00000398698,9606.ENSP00000428056,9606.ENSP00000451828,9606.ENSP00000489597	TNF,PIK3R1,AKT1,PTPN11
GO:0090068	Positive regulation of cell cycle process	6	251	1.21	1.2	4.92e-05	9606.ENSP00000227507,9606.ENSP00000263341,9606.ENSP00000265171,9606.ENSP00000275493,9606.ENSP00000398698,9606.ENSP00000451828	CCND1,IL1B,EGF,EGFR,TNF,AKT1
GO:0044249	Cellular biosynthetic process	14	2362	0.6	0.6	4.97e-05	9606.ENSP00000263253,9606.ENSP00000263967,9606.ENSP00000264498,9606.ENSP00000264657,9606.ENSP00000269305,9606.ENSP00000278616,9606.ENSP00000361021,9606.ENSP00000362680,9606.ENSP00000371067,9606.ENSP00000405330,9606.ENSP00000418960,9606.ENSP00000428056,9606.ENSP00000451828,9606.ENSP00000495360	EP300,PIK3CA,FGF2,STAT3,TP53,ATM,PTEN,SRC,JAK2,ESR1,BRCA1,PIK3R1,AKT1,CTNNB1
GO:0048678	Response to axon injury	4	56	1.69	1.54	4.99e-05	9606.ENSP00000264498,9606.ENSP00000360266,9606.ENSP00000371067,9606.ENSP00000381185	FGF2,JUN,JAK2,BCL2
GO:0007610	Behavior	8	598	0.96	0.95	5.26e-05	9606.ENSP00000263253,9606.ENSP00000264657,9606.ENSP00000269305,9606.ENSP00000275493,9606.ENSP00000361021,9606.ENSP00000362680,9606.ENSP00000381185,9606.ENSP00000451828	EP300,STAT3,TP53,EGFR,PTEN,SRC,BCL2,AKT1
GO:1903706	Regulation of hemopoiesis	7	410	1.06	1.06	5.35e-05	9606.ENSP00000264657,9606.ENSP00000269571,9606.ENSP00000300305,9606.ENSP00000398698,9606.ENSP00000428056,9606.ENSP00000478887,9606.ENSP00000495360	STAT3,ERBB2,RUNX1,TNF,PIK3R1,MYC,CTNNB1
GO:0070141	Response to UV-A	3	14	2.16	1.68	5.46e-05	9606.ENSP00000227507,9606.ENSP00000275493,9606.ENSP00000451828	CCND1,EGFR,AKT1
GO:0044403	Biological process involved in symbiotic interaction	6	257	1.2	1.18	5.54e-05	9606.ENSP00000263253,9606.ENSP00000275493,9606.ENSP00000346839,9606.ENSP00000360266,9606.ENSP00000362680,9606.ENSP00000371067	EP300,EGFR,FN1,JUN,SRC,JAK2
GO:0031331	Positive regulation of cellular catabolic process	7	413	1.06	1.05	5.58e-05	9606.ENSP00000263341,9606.ENSP00000265171,9606.ENSP00000278616,9606.ENSP00000361021,9606.ENSP00000385675,9606.ENSP00000398698,9606.ENSP00000451828	IL1B,EGF,ATM,PTEN,IL6,TNF,AKT1
GO:0008543	Fibroblast growth factor receptor signaling pathway	4	58	1.67	1.51	5.62e-05	9606.ENSP00000264498,9606.ENSP00000376345,9606.ENSP00000489597,9606.ENSP00000495360	FGF2,GRB2,PTPN11,CTNNB1
GO:0043388	Positive regulation of DNA binding	4	58	1.67	1.51	5.62e-05	9606.ENSP00000263253,9606.ENSP00000265171,9606.ENSP00000371067,9606.ENSP00000495360	EP300,EGF,JAK2,CTNNB1
GO:0045927	Positive regulation of growth	6	259	1.2	1.18	5.75e-05	9606.ENSP00000264498,9606.ENSP00000269571,9606.ENSP00000275493,9606.ENSP00000346839,9606.ENSP00000381185,9606.ENSP00000451828	FGF2,ERBB2,EGFR,FN1,BCL2,AKT1
GO:0048666	Neuron development	9	840	0.86	0.84	6.29e-05	9606.ENSP00000269571,9606.ENSP00000300305,9606.ENSP00000360266,9606.ENSP00000361021,9606.ENSP00000371067,9606.ENSP00000381185,9606.ENSP00000385675,9606.ENSP00000489597,9606.ENSP00000495360	ERBB2,RUNX1,JUN,PTEN,JAK2,BCL2,IL6,PTPN11,CTNNB1
GO:1903078	Positive regulation of protein localization to plasma membrane	4	60	1.66	1.49	6.33e-05	9606.ENSP00000275493,9606.ENSP00000398698,9606.ENSP00000428056,9606.ENSP00000451828	EGFR,TNF,PIK3R1,AKT1
GO:2000377	Regulation of reactive oxygen species metabolic process	5	143	1.38	1.31	6.40e-05	9606.ENSP00000269305,9606.ENSP00000376345,9606.ENSP00000381185,9606.ENSP00000398698,9606.ENSP00000418960	TP53,GRB2,BCL2,TNF,BRCA1
GO:0150078	Positive regulation of neuroinflammatory response	3	15	2.13	1.65	6.43e-05	9606.ENSP00000263341,9606.ENSP00000385675,9606.ENSP00000398698	IL1B,IL6,TNF
GO:0045936	Negative regulation of phosphate metabolic process	7	424	1.05	1.03	6.51e-05	9606.ENSP00000263341,9606.ENSP00000264657,9606.ENSP00000269305,9606.ENSP00000360266,9606.ENSP00000361021,9606.ENSP00000398698,9606.ENSP00000451828	IL1B,STAT3,TP53,JUN,PTEN,TNF,AKT1
GO:0009059	Macromolecule biosynthetic process	11	1394	0.73	0.71	6.67e-05	9606.ENSP00000263253,9606.ENSP00000263341,9606.ENSP00000264498,9606.ENSP00000264657,9606.ENSP00000269305,9606.ENSP00000362680,9606.ENSP00000371067,9606.ENSP00000405330,9606.ENSP00000428056,9606.ENSP00000451828,9606.ENSP00000495360	EP300,IL1B,FGF2,STAT3,TP53,SRC,JAK2,ESR1,PIK3R1,AKT1,CTNNB1
GO:0032731	Positive regulation of interleukin-1 beta production	4	61	1.65	1.48	6.67e-05	9606.ENSP00000264657,9606.ENSP00000371067,9606.ENSP00000385675,9606.ENSP00000398698	STAT3,JAK2,IL6,TNF
GO:0048708	Astrocyte differentiation	4	61	1.65	1.48	6.67e-05	9606.ENSP00000263341,9606.ENSP00000264657,9606.ENSP00000398698,9606.ENSP00000489597	IL1B,STAT3,TNF,PTPN11
GO:0048511	Rhythmic process	6	270	1.18	1.14	7.12e-05	9606.ENSP00000263253,9606.ENSP00000269305,9606.ENSP00000361021,9606.ENSP00000362680,9606.ENSP00000398698,9606.ENSP00000405330	EP300,TP53,PTEN,SRC,TNF,ESR1
GO:0051051	Negative regulation of transport	7	432	1.04	1.01	7.27e-05	9606.ENSP00000263341,9606.ENSP00000265171,9606.ENSP00000361021,9606.ENSP00000381185,9606.ENSP00000398698,9606.ENSP00000451828,9606.ENSP00000489597	IL1B,EGF,PTEN,BCL2,TNF,AKT1,PTPN11
GO:0032869	Cellular response to insulin stimulus	5	148	1.36	1.29	7.40e-05	9606.ENSP00000263967,9606.ENSP00000362680,9606.ENSP00000376345,9606.ENSP00000428056,9606.ENSP00000451828	PIK3CA,SRC,GRB2,PIK3R1,AKT1
GO:0033077	T cell differentiation in thymus	4	63	1.63	1.46	7.45e-05	9606.ENSP00000269305,9606.ENSP00000269571,9606.ENSP00000381185,9606.ENSP00000495360	TP53,ERBB2,BCL2,CTNNB1
GO:0000278	Mitotic cell cycle	8	631	0.94	0.91	7.48e-05	9606.ENSP00000227507,9606.ENSP00000269305,9606.ENSP00000278616,9606.ENSP00000369497,9606.ENSP00000381185,9606.ENSP00000418960,9606.ENSP00000478887,9606.ENSP00000489597	CCND1,TP53,ATM,BRCA2,BCL2,BRCA1,MYC,PTPN11
GO:0030856	Regulation of epithelial cell differentiation	5	149	1.36	1.28	7.60e-05	9606.ENSP00000227507,9606.ENSP00000263341,9606.ENSP00000264498,9606.ENSP00000398698,9606.ENSP00000495360	CCND1,IL1B,FGF2,TNF,CTNNB1
GO:0010634	Positive regulation of epithelial cell migration	5	150	1.35	1.28	7.82e-05	9606.ENSP00000264498,9606.ENSP00000265171,9606.ENSP00000360266,9606.ENSP00000362680,9606.ENSP00000451828	FGF2,EGF,JUN,SRC,AKT1
GO:0008286	Insulin receptor signaling pathway	4	64	1.63	1.45	7.83e-05	9606.ENSP00000263967,9606.ENSP00000376345,9606.ENSP00000428056,9606.ENSP00000451828	PIK3CA,GRB2,PIK3R1,AKT1
GO:0044238	Primary metabolic process	23	7156	0.34	0.38	7.83e-05	9606.ENSP00000227507,9606.ENSP00000263253,9606.ENSP00000263967,9606.ENSP00000264498,9606.ENSP00000264657,9606.ENSP00000265171,9606.ENSP00000269305,9606.ENSP00000269571,9606.ENSP00000275493,9606.ENSP00000278616,9606.ENSP00000346839,9606.ENSP00000361021,9606.ENSP00000362680,9606.ENSP00000369497,9606.ENSP00000371067,9606.ENSP00000381185,9606.ENSP00000398698,9606.ENSP00000405330,9606.ENSP00000418960,9606.ENSP00000428056,9606.ENSP00000451828,9606.ENSP00000489597,9606.ENSP00000495360	CCND1,EP300,PIK3CA,FGF2,STAT3,EGF,TP53,ERBB2,EGFR,ATM,FN1,PTEN,SRC,BRCA2,JAK2,BCL2,TNF,ESR1,BRCA1,PIK3R1,AKT1,PTPN11,CTNNB1
GO:0032757	Positive regulation of interleukin-8 production	4	65	1.62	1.44	8.27e-05	9606.ENSP00000263341,9606.ENSP00000264657,9606.ENSP00000385675,9606.ENSP00000398698	IL1B,STAT3,IL6,TNF
GO:0046626	Regulation of insulin receptor signaling pathway	4	65	1.62	1.44	8.27e-05	9606.ENSP00000263341,9606.ENSP00000362680,9606.ENSP00000428056,9606.ENSP00000489597	IL1B,SRC,PIK3R1,PTPN11
GO:0043524	Negative regulation of neuron apoptotic process	5	153	1.35	1.26	8.50e-05	9606.ENSP00000227507,9606.ENSP00000263967,9606.ENSP00000360266,9606.ENSP00000371067,9606.ENSP00000381185	CCND1,PIK3CA,JUN,JAK2,BCL2
GO:0050796	Regulation of insulin secretion	5	153	1.35	1.26	8.50e-05	9606.ENSP00000263341,9606.ENSP00000371067,9606.ENSP00000385675,9606.ENSP00000398698,9606.ENSP00000489597	IL1B,JAK2,IL6,TNF,PTPN11
GO:0002363	Alpha-beta T cell lineage commitment	3	17	2.08	1.59	8.61e-05	9606.ENSP00000264657,9606.ENSP00000381185,9606.ENSP00000385675	STAT3,BCL2,IL6
GO:0052547	Regulation of peptidase activity	7	446	1.03	0.99	8.70e-05	9606.ENSP00000264657,9606.ENSP00000346839,9606.ENSP00000362680,9606.ENSP00000371067,9606.ENSP00000398698,9606.ENSP00000451828,9606.ENSP00000478887	STAT3,FN1,SRC,JAK2,TNF,AKT1,MYC
GO:0045834	Positive regulation of lipid metabolic process	5	155	1.34	1.25	8.95e-05	9606.ENSP00000263341,9606.ENSP00000264498,9606.ENSP00000362680,9606.ENSP00000398698,9606.ENSP00000451828	IL1B,FGF2,SRC,TNF,AKT1
GO:0048609	Multicellular organismal reproductive process	9	883	0.84	0.81	8.96e-05	9606.ENSP00000278616,9606.ENSP00000361021,9606.ENSP00000362680,9606.ENSP00000369497,9606.ENSP00000381185,9606.ENSP00000405330,9606.ENSP00000451828,9606.ENSP00000489597,9606.ENSP00000495360	ATM,PTEN,SRC,BRCA2,BCL2,ESR1,AKT1,PTPN11,CTNNB1
GO:1901224	Positive regulation of NIK/NF-kappaB signaling	4	67	1.61	1.42	9.11e-05	9606.ENSP00000263253,9606.ENSP00000263341,9606.ENSP00000275493,9606.ENSP00000398698	EP300,IL1B,EGFR,TNF
GO:0044237	Cellular metabolic process	22	6568	0.36	0.39	9.28e-05	9606.ENSP00000227507,9606.ENSP00000263253,9606.ENSP00000263967,9606.ENSP00000264498,9606.ENSP00000264657,9606.ENSP00000265171,9606.ENSP00000269305,9606.ENSP00000269571,9606.ENSP00000275493,9606.ENSP00000278616,9606.ENSP00000361021,9606.ENSP00000362680,9606.ENSP00000369497,9606.ENSP00000371067,9606.ENSP00000381185,9606.ENSP00000405330,9606.ENSP00000418960,9606.ENSP00000428056,9606.ENSP00000451828,9606.ENSP00000478887,9606.ENSP00000489597,9606.ENSP00000495360	CCND1,EP300,PIK3CA,FGF2,STAT3,EGF,TP53,ERBB2,EGFR,ATM,PTEN,SRC,BRCA2,JAK2,BCL2,ESR1,BRCA1,PIK3R1,AKT1,MYC,PTPN11,CTNNB1
GO:0032103	Positive regulation of response to external stimulus	7	453	1.02	0.98	9.48e-05	9606.ENSP00000263253,9606.ENSP00000263341,9606.ENSP00000264498,9606.ENSP00000362680,9606.ENSP00000371067,9606.ENSP00000385675,9606.ENSP00000398698	EP300,IL1B,FGF2,SRC,JAK2,IL6,TNF
GO:0007249	I-kappaB kinase/NF-kappaB signaling	4	68	1.6	1.41	9.54e-05	9606.ENSP00000263341,9606.ENSP00000398698,9606.ENSP00000451828,9606.ENSP00000495360	IL1B,TNF,AKT1,CTNNB1
GO:0001503	Ossification	6	287	1.15	1.1	9.58e-05	9606.ENSP00000264498,9606.ENSP00000275493,9606.ENSP00000300305,9606.ENSP00000381185,9606.ENSP00000451828,9606.ENSP00000495360	FGF2,EGFR,RUNX1,BCL2,AKT1,CTNNB1
GO:0010675	Regulation of cellular carbohydrate metabolic process	5	158	1.33	1.24	9.64e-05	9606.ENSP00000263253,9606.ENSP00000264657,9606.ENSP00000269305,9606.ENSP00000362680,9606.ENSP00000451828	EP300,STAT3,TP53,SRC,AKT1
GO:0030336	Negative regulation of cell migration	6	288	1.15	1.09	9.73e-05	9606.ENSP00000264498,9606.ENSP00000264657,9606.ENSP00000361021,9606.ENSP00000381185,9606.ENSP00000398698,9606.ENSP00000451828	FGF2,STAT3,PTEN,BCL2,TNF,AKT1
GO:0043369	CD4-positive or CD8-positive, alpha-beta T cell lineage commitment	3	18	2.05	1.56	9.79e-05	9606.ENSP00000264657,9606.ENSP00000381185,9606.ENSP00000385675	STAT3,BCL2,IL6
GO:0060252	Positive regulation of glial cell proliferation	3	18	2.05	1.56	9.79e-05	9606.ENSP00000263341,9606.ENSP00000385675,9606.ENSP00000398698	IL1B,IL6,TNF
GO:0043542	Endothelial cell migration	4	69	1.6	1.4	9.97e-05	9606.ENSP00000263967,9606.ENSP00000264498,9606.ENSP00000361021,9606.ENSP00000451828	PIK3CA,FGF2,PTEN,AKT1
GO:0006807	Nitrogen compound metabolic process	22	6643	0.35	0.39	0.00011	9606.ENSP00000227507,9606.ENSP00000263253,9606.ENSP00000263341,9606.ENSP00000264498,9606.ENSP00000264657,9606.ENSP00000265171,9606.ENSP00000269305,9606.ENSP00000269571,9606.ENSP00000275493,9606.ENSP00000278616,9606.ENSP00000346839,9606.ENSP00000361021,9606.ENSP00000362680,9606.ENSP00000369497,9606.ENSP00000371067,9606.ENSP00000381185,9606.ENSP00000405330,9606.ENSP00000418960,9606.ENSP00000428056,9606.ENSP00000451828,9606.ENSP00000489597,9606.ENSP00000495360	CCND1,EP300,IL1B,FGF2,STAT3,EGF,TP53,ERBB2,EGFR,ATM,FN1,PTEN,SRC,BRCA2,JAK2,BCL2,ESR1,BRCA1,PIK3R1,AKT1,PTPN11,CTNNB1
GO:0031175	Neuron projection development	8	674	0.91	0.86	0.00011	9606.ENSP00000269571,9606.ENSP00000360266,9606.ENSP00000361021,9606.ENSP00000371067,9606.ENSP00000381185,9606.ENSP00000385675,9606.ENSP00000489597,9606.ENSP00000495360	ERBB2,JUN,PTEN,JAK2,BCL2,IL6,PTPN11,CTNNB1
GO:0031349	Positive regulation of defense response	6	296	1.14	1.07	0.00011	9606.ENSP00000263253,9606.ENSP00000263341,9606.ENSP00000362680,9606.ENSP00000371067,9606.ENSP00000385675,9606.ENSP00000398698	EP300,IL1B,SRC,JAK2,IL6,TNF
GO:0034654	Nucleobase-containing compound biosynthetic process	9	913	0.83	0.78	0.00011	9606.ENSP00000263253,9606.ENSP00000264498,9606.ENSP00000264657,9606.ENSP00000269305,9606.ENSP00000362680,9606.ENSP00000371067,9606.ENSP00000405330,9606.ENSP00000428056,9606.ENSP00000495360	EP300,FGF2,STAT3,TP53,SRC,JAK2,ESR1,PIK3R1,CTNNB1
GO:0043627	Response to estrogen	4	71	1.58	1.38	0.00011	9606.ENSP00000227507,9606.ENSP00000263253,9606.ENSP00000405330,9606.ENSP00000418960	CCND1,EP300,ESR1,BRCA1
GO:0051050	Positive regulation of transport	9	915	0.82	0.78	0.00011	9606.ENSP00000263341,9606.ENSP00000265171,9606.ENSP00000269571,9606.ENSP00000362680,9606.ENSP00000371067,9606.ENSP00000398698,9606.ENSP00000428056,9606.ENSP00000451828,9606.ENSP00000489597	IL1B,EGF,ERBB2,SRC,JAK2,TNF,PIK3R1,AKT1,PTPN11
GO:2000811	Negative regulation of anoikis	3	19	2.03	1.54	0.00011	9606.ENSP00000263967,9606.ENSP00000362680,9606.ENSP00000381185	PIK3CA,SRC,BCL2
GO:0030307	Positive regulation of cell growth	5	166	1.31	1.2	0.00012	9606.ENSP00000269571,9606.ENSP00000275493,9606.ENSP00000346839,9606.ENSP00000381185,9606.ENSP00000451828	ERBB2,EGFR,FN1,BCL2,AKT1
GO:0045766	Positive regulation of angiogenesis	5	166	1.31	1.2	0.00012	9606.ENSP00000263341,9606.ENSP00000264498,9606.ENSP00000264657,9606.ENSP00000300305,9606.ENSP00000418960	IL1B,FGF2,STAT3,RUNX1,BRCA1
GO:0007281	Germ cell development	6	307	1.12	1.05	0.00013	9606.ENSP00000278616,9606.ENSP00000362680,9606.ENSP00000369497,9606.ENSP00000381185,9606.ENSP00000451828,9606.ENSP00000495360	ATM,SRC,BRCA2,BCL2,AKT1,CTNNB1
GO:0034103	Regulation of tissue remodeling	4	75	1.56	1.35	0.00013	9606.ENSP00000269305,9606.ENSP00000300305,9606.ENSP00000362680,9606.ENSP00000385675	TP53,RUNX1,SRC,IL6
GO:0051222	Positive regulation of protein transport	6	303	1.13	1.05	0.00013	9606.ENSP00000263341,9606.ENSP00000269571,9606.ENSP00000362680,9606.ENSP00000371067,9606.ENSP00000398698,9606.ENSP00000428056	IL1B,ERBB2,SRC,JAK2,TNF,PIK3R1
GO:0060749	Mammary gland alveolus development	3	20	2.01	1.51	0.00013	9606.ENSP00000227507,9606.ENSP00000265171,9606.ENSP00000405330	CCND1,EGF,ESR1
GO:2001242	Regulation of intrinsic apoptotic signaling pathway	5	169	1.3	1.19	0.00013	9606.ENSP00000269305,9606.ENSP00000362680,9606.ENSP00000381185,9606.ENSP00000451828,9606.ENSP00000478887	TP53,SRC,BCL2,AKT1,MYC
GO:0006996	Organelle organization	16	3470	0.5	0.49	0.00014	9606.ENSP00000263253,9606.ENSP00000263967,9606.ENSP00000269305,9606.ENSP00000278616,9606.ENSP00000361021,9606.ENSP00000362680,9606.ENSP00000369497,9606.ENSP00000371067,9606.ENSP00000376345,9606.ENSP00000381185,9606.ENSP00000398698,9606.ENSP00000405330,9606.ENSP00000418960,9606.ENSP00000451828,9606.ENSP00000478887,9606.ENSP00000495360	EP300,PIK3CA,TP53,ATM,PTEN,SRC,BRCA2,JAK2,GRB2,BCL2,TNF,ESR1,BRCA1,AKT1,MYC,CTNNB1
GO:0060396	Growth hormone receptor signaling pathway	3	21	1.99	1.49	0.00014	9606.ENSP00000264657,9606.ENSP00000371067,9606.ENSP00000428056	STAT3,JAK2,PIK3R1
GO:0018108	Peptidyl-tyrosine phosphorylation	5	176	1.29	1.16	0.00015	9606.ENSP00000265171,9606.ENSP00000269571,9606.ENSP00000275493,9606.ENSP00000362680,9606.ENSP00000371067	EGF,ERBB2,EGFR,SRC,JAK2
GO:0046425	Regulation of receptor signaling pathway via JAK-STAT	4	78	1.54	1.32	0.00015	9606.ENSP00000265171,9606.ENSP00000371067,9606.ENSP00000385675,9606.ENSP00000398698	EGF,JAK2,IL6,TNF
GO:0071356	Cellular response to tumor necrosis factor	5	175	1.29	1.16	0.00015	9606.ENSP00000269305,9606.ENSP00000371067,9606.ENSP00000398698,9606.ENSP00000418960,9606.ENSP00000451828	TP53,JAK2,TNF,BRCA1,AKT1
GO:1901564	Organonitrogen compound metabolic process	19	4981	0.41	0.43	0.00015	9606.ENSP00000227507,9606.ENSP00000263253,9606.ENSP00000263341,9606.ENSP00000264498,9606.ENSP00000265171,9606.ENSP00000269571,9606.ENSP00000275493,9606.ENSP00000278616,9606.ENSP00000346839,9606.ENSP00000361021,9606.ENSP00000362680,9606.ENSP00000369497,9606.ENSP00000371067,9606.ENSP00000381185,9606.ENSP00000418960,9606.ENSP00000428056,9606.ENSP00000451828,9606.ENSP00000489597,9606.ENSP00000495360	CCND1,EP300,IL1B,FGF2,EGF,ERBB2,EGFR,ATM,FN1,PTEN,SRC,BRCA2,JAK2,BCL2,BRCA1,PIK3R1,AKT1,PTPN11,CTNNB1
GO:1902105	Regulation of leukocyte differentiation	6	315	1.11	1.03	0.00015	9606.ENSP00000269571,9606.ENSP00000300305,9606.ENSP00000398698,9606.ENSP00000428056,9606.ENSP00000478887,9606.ENSP00000495360	ERBB2,RUNX1,TNF,PIK3R1,MYC,CTNNB1
GO:0002526	Acute inflammatory response	4	80	1.53	1.31	0.00016	9606.ENSP00000263341,9606.ENSP00000346839,9606.ENSP00000385675,9606.ENSP00000398698	IL1B,FN1,IL6,TNF
GO:0044773	Mitotic DNA damage checkpoint signaling	4	81	1.53	1.3	0.00017	9606.ENSP00000227507,9606.ENSP00000269305,9606.ENSP00000278616,9606.ENSP00000418960	CCND1,TP53,ATM,BRCA1
GO:0031400	Negative regulation of protein modification process	7	506	0.97	0.9	0.00018	9606.ENSP00000263341,9606.ENSP00000360266,9606.ENSP00000361021,9606.ENSP00000398698,9606.ENSP00000418960,9606.ENSP00000451828,9606.ENSP00000495360	IL1B,JUN,PTEN,TNF,BRCA1,AKT1,CTNNB1
GO:1901522	Positive regulation of transcription from RNA polymerase II promoter involved in cellular response to chemical stimulus	3	23	1.95	1.44	0.00018	9606.ENSP00000263253,9606.ENSP00000269305,9606.ENSP00000360266	EP300,TP53,JUN
GO:0001501	Skeletal system development	7	513	0.97	0.89	0.00019	9606.ENSP00000263253,9606.ENSP00000264498,9606.ENSP00000269305,9606.ENSP00000300305,9606.ENSP00000362680,9606.ENSP00000489597,9606.ENSP00000495360	EP300,FGF2,TP53,RUNX1,SRC,PTPN11,CTNNB1
GO:0031647	Regulation of protein stability	6	328	1.09	0.99	0.00019	9606.ENSP00000263253,9606.ENSP00000269305,9606.ENSP00000361021,9606.ENSP00000362680,9606.ENSP00000381185,9606.ENSP00000428056	EP300,TP53,PTEN,SRC,BCL2,PIK3R1
GO:0051000	Positive regulation of nitric-oxide synthase activity	3	24	1.93	1.42	0.00020	9606.ENSP00000398698,9606.ENSP00000405330,9606.ENSP00000451828	TNF,ESR1,AKT1
GO:1900017	Positive regulation of cytokine production involved in inflammatory response	3	24	1.93	1.42	0.00020	9606.ENSP00000264657,9606.ENSP00000385675,9606.ENSP00000398698	STAT3,IL6,TNF
GO:0042060	Wound healing	6	336	1.08	0.98	0.00021	9606.ENSP00000263967,9606.ENSP00000264498,9606.ENSP00000269571,9606.ENSP00000346839,9606.ENSP00000362680,9606.ENSP00000385675	PIK3CA,FGF2,ERBB2,FN1,SRC,IL6
GO:0031103	Axon regeneration	3	25	1.91	1.4	0.00022	9606.ENSP00000360266,9606.ENSP00000371067,9606.ENSP00000381185	JUN,JAK2,BCL2
GO:0044030	Regulation of DNA methylation	3	25	1.91	1.4	0.00022	9606.ENSP00000263967,9606.ENSP00000418960,9606.ENSP00000478887	PIK3CA,BRCA1,MYC
GO:0010952	Positive regulation of peptidase activity	5	195	1.24	1.09	0.00023	9606.ENSP00000264657,9606.ENSP00000346839,9606.ENSP00000371067,9606.ENSP00000398698,9606.ENSP00000478887	STAT3,FN1,JAK2,TNF,MYC
GO:0022408	Negative regulation of cell-cell adhesion	5	194	1.24	1.09	0.00023	9606.ENSP00000269571,9606.ENSP00000300305,9606.ENSP00000361021,9606.ENSP00000371067,9606.ENSP00000451828	ERBB2,RUNX1,PTEN,JAK2,AKT1
GO:0031589	Cell-substrate adhesion	5	195	1.24	1.09	0.00023	9606.ENSP00000346839,9606.ENSP00000362680,9606.ENSP00000381185,9606.ENSP00000428056,9606.ENSP00000495360	FN1,SRC,BCL2,PIK3R1,CTNNB1
GO:0032386	Regulation of intracellular transport	6	341	1.08	0.97	0.00023	9606.ENSP00000263341,9606.ENSP00000269571,9606.ENSP00000362680,9606.ENSP00000371067,9606.ENSP00000428056,9606.ENSP00000489597	IL1B,ERBB2,SRC,JAK2,PIK3R1,PTPN11
GO:0035264	Multicellular organism growth	4	88	1.49	1.24	0.00023	9606.ENSP00000263253,9606.ENSP00000269305,9606.ENSP00000278616,9606.ENSP00000489597	EP300,TP53,ATM,PTPN11
GO:0001655	Urogenital system development	6	347	1.07	0.96	0.00024	9606.ENSP00000264498,9606.ENSP00000361021,9606.ENSP00000381185,9606.ENSP00000405330,9606.ENSP00000478887,9606.ENSP00000495360	FGF2,PTEN,BCL2,ESR1,MYC,CTNNB1
GO:0019216	Regulation of lipid metabolic process	6	346	1.07	0.96	0.00024	9606.ENSP00000263341,9606.ENSP00000264498,9606.ENSP00000362680,9606.ENSP00000398698,9606.ENSP00000418960,9606.ENSP00000451828	IL1B,FGF2,SRC,TNF,BRCA1,AKT1
GO:0034644	Cellular response to UV	4	90	1.48	1.23	0.00024	9606.ENSP00000263253,9606.ENSP00000269305,9606.ENSP00000428056,9606.ENSP00000478887	EP300,TP53,PIK3R1,MYC
GO:0035994	Response to muscle stretch	3	26	1.89	1.39	0.00024	9606.ENSP00000263967,9606.ENSP00000360266,9606.ENSP00000495360	PIK3CA,JUN,CTNNB1
GO:0046620	Regulation of organ growth	4	90	1.48	1.23	0.00024	9606.ENSP00000264498,9606.ENSP00000300305,9606.ENSP00000361021,9606.ENSP00000451828	FGF2,RUNX1,PTEN,AKT1
GO:0050995	Negative regulation of lipid catabolic process	3	26	1.89	1.39	0.00024	9606.ENSP00000263341,9606.ENSP00000398698,9606.ENSP00000451828	IL1B,TNF,AKT1
GO:2000177	Regulation of neural precursor cell proliferation	4	90	1.48	1.23	0.00024	9606.ENSP00000264498,9606.ENSP00000265171,9606.ENSP00000269305,9606.ENSP00000495360	FGF2,EGF,TP53,CTNNB1
GO:1900182	Positive regulation of protein localization to nucleus	4	91	1.48	1.22	0.00025	9606.ENSP00000362680,9606.ENSP00000371067,9606.ENSP00000428056,9606.ENSP00000451828	SRC,JAK2,PIK3R1,AKT1
GO:1903047	Mitotic cell cycle process	7	537	0.95	0.85	0.00025	9606.ENSP00000227507,9606.ENSP00000269305,9606.ENSP00000278616,9606.ENSP00000369497,9606.ENSP00000381185,9606.ENSP00000418960,9606.ENSP00000478887	CCND1,TP53,ATM,BRCA2,BCL2,BRCA1,MYC
GO:2000112	Regulation of cellular macromolecule biosynthetic process	7	539	0.95	0.85	0.00025	9606.ENSP00000269571,9606.ENSP00000381185,9606.ENSP00000385675,9606.ENSP00000398698,9606.ENSP00000451828,9606.ENSP00000478887,9606.ENSP00000495360	ERBB2,BCL2,IL6,TNF,AKT1,MYC,CTNNB1
GO:0002675	Positive regulation of acute inflammatory response	3	27	1.88	1.37	0.00026	9606.ENSP00000263341,9606.ENSP00000385675,9606.ENSP00000398698	IL1B,IL6,TNF
GO:0098609	Cell-cell adhesion	7	542	0.94	0.85	0.00026	9606.ENSP00000263341,9606.ENSP00000275493,9606.ENSP00000346839,9606.ENSP00000362680,9606.ENSP00000381185,9606.ENSP00000398698,9606.ENSP00000495360	IL1B,EGFR,FN1,SRC,BCL2,TNF,CTNNB1
GO:0032147	Activation of protein kinase activity	5	203	1.22	1.06	0.00027	9606.ENSP00000263967,9606.ENSP00000265171,9606.ENSP00000275493,9606.ENSP00000362680,9606.ENSP00000371067	PIK3CA,EGF,EGFR,SRC,JAK2
GO:0072331	Signal transduction by p53 class mediator	4	93	1.47	1.21	0.00027	9606.ENSP00000263253,9606.ENSP00000269305,9606.ENSP00000278616,9606.ENSP00000369497	EP300,TP53,ATM,BRCA2
GO:0043281	Regulation of cysteine-type endopeptidase activity involved in apoptotic process	5	205	1.22	1.06	0.00028	9606.ENSP00000362680,9606.ENSP00000371067,9606.ENSP00000398698,9606.ENSP00000451828,9606.ENSP00000478887	SRC,JAK2,TNF,AKT1,MYC
GO:0046486	Glycerolipid metabolic process	6	357	1.06	0.94	0.00028	9606.ENSP00000263967,9606.ENSP00000264498,9606.ENSP00000278616,9606.ENSP00000361021,9606.ENSP00000428056,9606.ENSP00000489597	PIK3CA,FGF2,ATM,PTEN,PIK3R1,PTPN11
GO:0010717	Regulation of epithelial to mesenchymal transition	4	95	1.46	1.2	0.00029	9606.ENSP00000263341,9606.ENSP00000361021,9606.ENSP00000385675,9606.ENSP00000495360	IL1B,PTEN,IL6,CTNNB1
GO:0007179	Transforming growth factor beta receptor signaling pathway	4	96	1.45	1.19	0.00030	9606.ENSP00000264657,9606.ENSP00000269305,9606.ENSP00000360266,9606.ENSP00000362680	STAT3,TP53,JUN,SRC
GO:1901654	Response to ketone	5	207	1.22	1.05	0.00030	9606.ENSP00000227507,9606.ENSP00000263967,9606.ENSP00000362680,9606.ENSP00000371067,9606.ENSP00000451828	CCND1,PIK3CA,SRC,JAK2,AKT1
GO:0010575	Positive regulation of vascular endothelial growth factor production	3	29	1.85	1.34	0.00031	9606.ENSP00000263341,9606.ENSP00000385675,9606.ENSP00000418960	IL1B,IL6,BRCA1
GO:0030168	Platelet activation	4	97	1.45	1.18	0.00031	9606.ENSP00000263967,9606.ENSP00000346839,9606.ENSP00000362680,9606.ENSP00000385675	PIK3CA,FN1,SRC,IL6
GO:0070231	T cell apoptotic process	3	29	1.85	1.34	0.00031	9606.ENSP00000269305,9606.ENSP00000381185,9606.ENSP00000451828	TP53,BCL2,AKT1
GO:0035265	Organ growth	4	98	1.44	1.18	0.00032	9606.ENSP00000361021,9606.ENSP00000381185,9606.ENSP00000405330,9606.ENSP00000489597	PTEN,BCL2,ESR1,PTPN11
GO:0061351	Neural precursor cell proliferation	4	98	1.44	1.18	0.00032	9606.ENSP00000264498,9606.ENSP00000265171,9606.ENSP00000269305,9606.ENSP00000495360	FGF2,EGF,TP53,CTNNB1
GO:0032369	Negative regulation of lipid transport	3	30	1.83	1.32	0.00034	9606.ENSP00000265171,9606.ENSP00000451828,9606.ENSP00000489597	EGF,AKT1,PTPN11
GO:0097421	Liver regeneration	3	30	1.83	1.32	0.00034	9606.ENSP00000227507,9606.ENSP00000385675,9606.ENSP00000398698	CCND1,IL6,TNF
GO:0001774	Microglial cell activation	3	31	1.82	1.3	0.00037	9606.ENSP00000360266,9606.ENSP00000371067,9606.ENSP00000398698	JUN,JAK2,TNF
GO:0007423	Sensory organ development	7	577	0.92	0.8	0.00037	9606.ENSP00000264498,9606.ENSP00000264657,9606.ENSP00000275493,9606.ENSP00000360266,9606.ENSP00000381185,9606.ENSP00000489597,9606.ENSP00000495360	FGF2,STAT3,EGFR,JUN,BCL2,PTPN11,CTNNB1
GO:0032204	Regulation of telomere maintenance	4	103	1.42	1.15	0.00038	9606.ENSP00000278616,9606.ENSP00000362680,9606.ENSP00000478887,9606.ENSP00000495360	ATM,SRC,MYC,CTNNB1
GO:0010906	Regulation of glucose metabolic process	4	104	1.42	1.14	0.00040	9606.ENSP00000263253,9606.ENSP00000269305,9606.ENSP00000362680,9606.ENSP00000451828	EP300,TP53,SRC,AKT1
GO:0031571	Mitotic G1 DNA damage checkpoint signaling	3	32	1.8	1.29	0.00040	9606.ENSP00000227507,9606.ENSP00000269305,9606.ENSP00000278616	CCND1,TP53,ATM
GO:0042771	Intrinsic apoptotic signaling pathway in response to DNA damage by p53 class mediator	3	32	1.8	1.29	0.00040	9606.ENSP00000263253,9606.ENSP00000269305,9606.ENSP00000369497	EP300,TP53,BRCA2
GO:0098751	Bone cell development	3	32	1.8	1.29	0.00040	9606.ENSP00000263253,9606.ENSP00000362680,9606.ENSP00000489597	EP300,SRC,PTPN11
GO:1902253	Regulation of intrinsic apoptotic signaling pathway by p53 class mediator	3	32	1.8	1.29	0.00040	9606.ENSP00000269305,9606.ENSP00000381185,9606.ENSP00000478887	TP53,BCL2,MYC
GO:0090263	Positive regulation of canonical Wnt signaling pathway	4	105	1.41	1.13	0.00041	9606.ENSP00000264498,9606.ENSP00000265171,9606.ENSP00000275493,9606.ENSP00000362680	FGF2,EGF,EGFR,SRC
GO:0010467	Gene expression	12	2101	0.59	0.54	0.00043	9606.ENSP00000263253,9606.ENSP00000263341,9606.ENSP00000264498,9606.ENSP00000264657,9606.ENSP00000269305,9606.ENSP00000371067,9606.ENSP00000385675,9606.ENSP00000398698,9606.ENSP00000405330,9606.ENSP00000428056,9606.ENSP00000451828,9606.ENSP00000495360	EP300,IL1B,FGF2,STAT3,TP53,JAK2,IL6,TNF,ESR1,PIK3R1,AKT1,CTNNB1
GO:0045833	Negative regulation of lipid metabolic process	4	107	1.4	1.12	0.00044	9606.ENSP00000263341,9606.ENSP00000398698,9606.ENSP00000418960,9606.ENSP00000451828	IL1B,TNF,BRCA1,AKT1
GO:0001701	In utero embryonic development	6	393	1.02	0.87	0.00045	9606.ENSP00000269305,9606.ENSP00000275493,9606.ENSP00000369497,9606.ENSP00000376345,9606.ENSP00000451828,9606.ENSP00000495360	TP53,EGFR,BRCA2,GRB2,AKT1,CTNNB1
GO:0022402	Cell cycle process	8	835	0.81	0.71	0.00045	9606.ENSP00000227507,9606.ENSP00000269305,9606.ENSP00000278616,9606.ENSP00000369497,9606.ENSP00000381185,9606.ENSP00000418960,9606.ENSP00000478887,9606.ENSP00000495360	CCND1,TP53,ATM,BRCA2,BCL2,BRCA1,MYC,CTNNB1
GO:0051702	Biological process involved in interaction with symbiont	4	108	1.4	1.12	0.00045	9606.ENSP00000263253,9606.ENSP00000346839,9606.ENSP00000360266,9606.ENSP00000371067	EP300,FN1,JUN,JAK2
GO:0060559	Positive regulation of calcidiol 1-monooxygenase activity	2	3	2.66	1.37	0.00045	9606.ENSP00000263341,9606.ENSP00000398698	IL1B,TNF
GO:2000635	Negative regulation of primary miRNA processing	2	3	2.66	1.37	0.00045	9606.ENSP00000264657,9606.ENSP00000385675	STAT3,IL6
GO:0033157	Regulation of intracellular protein transport	5	231	1.17	0.97	0.00047	9606.ENSP00000263341,9606.ENSP00000269571,9606.ENSP00000371067,9606.ENSP00000428056,9606.ENSP00000489597	IL1B,ERBB2,JAK2,PIK3R1,PTPN11
GO:0002824	Positive regulation of adaptive immune response based on somatic recombination of immune receptors built from immunoglobulin superfamily domains	4	110	1.39	1.1	0.00048	9606.ENSP00000263341,9606.ENSP00000371067,9606.ENSP00000385675,9606.ENSP00000398698	IL1B,JAK2,IL6,TNF
GO:0016242	Negative regulation of macroautophagy	3	35	1.77	1.25	0.00049	9606.ENSP00000263967,9606.ENSP00000269305,9606.ENSP00000451828	PIK3CA,TP53,AKT1
GO:0045601	Regulation of endothelial cell differentiation	3	35	1.77	1.25	0.00049	9606.ENSP00000263341,9606.ENSP00000398698,9606.ENSP00000495360	IL1B,TNF,CTNNB1
GO:1902749	Regulation of cell cycle G2/M phase transition	4	111	1.39	1.1	0.00049	9606.ENSP00000227507,9606.ENSP00000269305,9606.ENSP00000278616,9606.ENSP00000418960	CCND1,TP53,ATM,BRCA1
GO:0046822	Regulation of nucleocytoplasmic transport	4	112	1.38	1.09	0.00051	9606.ENSP00000263341,9606.ENSP00000371067,9606.ENSP00000428056,9606.ENSP00000489597	IL1B,JAK2,PIK3R1,PTPN11
GO:0061564	Axon development	6	402	1.01	0.85	0.00051	9606.ENSP00000269571,9606.ENSP00000360266,9606.ENSP00000361021,9606.ENSP00000371067,9606.ENSP00000381185,9606.ENSP00000489597	ERBB2,JUN,PTEN,JAK2,BCL2,PTPN11
GO:0001894	Tissue homeostasis	5	238	1.15	0.96	0.00053	9606.ENSP00000362680,9606.ENSP00000381185,9606.ENSP00000385675,9606.ENSP00000489597,9606.ENSP00000495360	SRC,BCL2,IL6,PTPN11,CTNNB1
GO:0001953	Negative regulation of cell-matrix adhesion	3	36	1.75	1.23	0.00053	9606.ENSP00000361021,9606.ENSP00000362680,9606.ENSP00000428056	PTEN,SRC,PIK3R1
GO:0046326	Positive regulation of glucose import	3	36	1.75	1.23	0.00053	9606.ENSP00000428056,9606.ENSP00000451828,9606.ENSP00000489597	PIK3R1,AKT1,PTPN11
GO:0071276	Cellular response to cadmium ion	3	36	1.75	1.23	0.00053	9606.ENSP00000275493,9606.ENSP00000360266,9606.ENSP00000451828	EGFR,JUN,AKT1
GO:1905332	Positive regulation of morphogenesis of an epithelium	3	36	1.75	1.23	0.00053	9606.ENSP00000264498,9606.ENSP00000265171,9606.ENSP00000495360	FGF2,EGF,CTNNB1
GO:0021782	Glial cell development	4	114	1.38	1.08	0.00054	9606.ENSP00000263341,9606.ENSP00000361021,9606.ENSP00000398698,9606.ENSP00000451828	IL1B,PTEN,TNF,AKT1
GO:0006606	Protein import into nucleus	4	115	1.37	1.08	0.00055	9606.ENSP00000264657,9606.ENSP00000269305,9606.ENSP00000428056,9606.ENSP00000451828	STAT3,TP53,PIK3R1,AKT1
GO:0044092	Negative regulation of molecular function	9	1143	0.73	0.64	0.00055	9606.ENSP00000263341,9606.ENSP00000269305,9606.ENSP00000360266,9606.ENSP00000361021,9606.ENSP00000362680,9606.ENSP00000371067,9606.ENSP00000398698,9606.ENSP00000405330,9606.ENSP00000451828	IL1B,TP53,JUN,PTEN,SRC,JAK2,TNF,ESR1,AKT1
GO:0006006	Glucose metabolic process	4	116	1.37	1.07	0.00057	9606.ENSP00000263967,9606.ENSP00000269305,9606.ENSP00000398698,9606.ENSP00000451828	PIK3CA,TP53,TNF,AKT1
GO:1902745	Positive regulation of lamellipodium organization	3	37	1.74	1.22	0.00057	9606.ENSP00000263967,9606.ENSP00000362680,9606.ENSP00000428056	PIK3CA,SRC,PIK3R1
GO:0052548	Regulation of endopeptidase activity	6	414	0.99	0.84	0.00058	9606.ENSP00000264657,9606.ENSP00000362680,9606.ENSP00000371067,9606.ENSP00000398698,9606.ENSP00000451828,9606.ENSP00000478887	STAT3,SRC,JAK2,TNF,AKT1,MYC
GO:0043200	Response to amino acid	4	117	1.37	1.07	0.00059	9606.ENSP00000263967,9606.ENSP00000275493,9606.ENSP00000381185,9606.ENSP00000398698	PIK3CA,EGFR,BCL2,TNF
GO:0007088	Regulation of mitotic nuclear division	4	118	1.36	1.06	0.00060	9606.ENSP00000263341,9606.ENSP00000265171,9606.ENSP00000278616,9606.ENSP00000398698	IL1B,EGF,ATM,TNF
GO:0007044	Cell-substrate junction assembly	3	39	1.72	1.19	0.00064	9606.ENSP00000346839,9606.ENSP00000362680,9606.ENSP00000381185	FN1,SRC,BCL2
GO:0030730	Sequestering of triglyceride	2	4	2.53	1.31	0.00064	9606.ENSP00000263341,9606.ENSP00000398698	IL1B,TNF
GO:0031663	Lipopolysaccharide-mediated signaling pathway	3	39	1.72	1.19	0.00064	9606.ENSP00000263341,9606.ENSP00000398698,9606.ENSP00000451828	IL1B,TNF,AKT1
GO:0046668	Regulation of retinal cell programmed cell death	2	4	2.53	1.31	0.00064	9606.ENSP00000264498,9606.ENSP00000381185	FGF2,BCL2
GO:0050900	Leukocyte migration	5	249	1.13	0.93	0.00064	9606.ENSP00000263341,9606.ENSP00000362680,9606.ENSP00000385675,9606.ENSP00000398698,9606.ENSP00000428056	IL1B,SRC,IL6,TNF,PIK3R1
GO:0051234	Establishment of localization	16	3946	0.44	0.42	0.00064	9606.ENSP00000227507,9606.ENSP00000263967,9606.ENSP00000264498,9606.ENSP00000264657,9606.ENSP00000269305,9606.ENSP00000275493,9606.ENSP00000278616,9606.ENSP00000362680,9606.ENSP00000369497,9606.ENSP00000376345,9606.ENSP00000381185,9606.ENSP00000385675,9606.ENSP00000428056,9606.ENSP00000451828,9606.ENSP00000478887,9606.ENSP00000495360	CCND1,PIK3CA,FGF2,STAT3,TP53,EGFR,ATM,SRC,BRCA2,GRB2,BCL2,IL6,PIK3R1,AKT1,MYC,CTNNB1
GO:0060043	Regulation of cardiac muscle cell proliferation	3	39	1.72	1.19	0.00064	9606.ENSP00000264498,9606.ENSP00000300305,9606.ENSP00000361021	FGF2,RUNX1,PTEN
GO:0120035	Regulation of plasma membrane bounded cell projection organization	7	635	0.87	0.74	0.00064	9606.ENSP00000263253,9606.ENSP00000263967,9606.ENSP00000346839,9606.ENSP00000361021,9606.ENSP00000362680,9606.ENSP00000428056,9606.ENSP00000451828	EP300,PIK3CA,FN1,PTEN,SRC,PIK3R1,AKT1
GO:1902692	Regulation of neuroblast proliferation	3	39	1.72	1.19	0.00064	9606.ENSP00000264498,9606.ENSP00000269305,9606.ENSP00000495360	FGF2,TP53,CTNNB1
GO:0045165	Cell fate commitment	5	250	1.13	0.92	0.00065	9606.ENSP00000264657,9606.ENSP00000269305,9606.ENSP00000381185,9606.ENSP00000385675,9606.ENSP00000495360	STAT3,TP53,BCL2,IL6,CTNNB1
GO:0090304	Nucleic acid metabolic process	12	2203	0.57	0.51	0.00065	9606.ENSP00000263253,9606.ENSP00000264498,9606.ENSP00000264657,9606.ENSP00000269305,9606.ENSP00000278616,9606.ENSP00000362680,9606.ENSP00000369497,9606.ENSP00000371067,9606.ENSP00000405330,9606.ENSP00000418960,9606.ENSP00000428056,9606.ENSP00000495360	EP300,FGF2,STAT3,TP53,ATM,SRC,BRCA2,JAK2,ESR1,BRCA1,PIK3R1,CTNNB1
GO:0060828	Regulation of canonical Wnt signaling pathway	5	251	1.13	0.92	0.00066	9606.ENSP00000264498,9606.ENSP00000265171,9606.ENSP00000275493,9606.ENSP00000362680,9606.ENSP00000495360	FGF2,EGF,EGFR,SRC,CTNNB1
GO:0001952	Regulation of cell-matrix adhesion	4	122	1.35	1.04	0.00067	9606.ENSP00000361021,9606.ENSP00000362680,9606.ENSP00000381185,9606.ENSP00000428056	PTEN,SRC,BCL2,PIK3R1
GO:0044271	Cellular nitrogen compound biosynthetic process	10	1494	0.66	0.57	0.00067	9606.ENSP00000263253,9606.ENSP00000264498,9606.ENSP00000264657,9606.ENSP00000269305,9606.ENSP00000362680,9606.ENSP00000371067,9606.ENSP00000405330,9606.ENSP00000428056,9606.ENSP00000451828,9606.ENSP00000495360	EP300,FGF2,STAT3,TP53,SRC,JAK2,ESR1,PIK3R1,AKT1,CTNNB1
GO:0097305	Response to alcohol	5	252	1.13	0.92	0.00067	9606.ENSP00000227507,9606.ENSP00000398698,9606.ENSP00000418960,9606.ENSP00000451828,9606.ENSP00000495360	CCND1,TNF,BRCA1,AKT1,CTNNB1
GO:0001558	Regulation of cell growth	6	428	0.98	0.81	0.00068	9606.ENSP00000269305,9606.ENSP00000269571,9606.ENSP00000275493,9606.ENSP00000346839,9606.ENSP00000381185,9606.ENSP00000451828	TP53,ERBB2,EGFR,FN1,BCL2,AKT1
GO:0010863	Positive regulation of phospholipase C activity	3	40	1.71	1.18	0.00068	9606.ENSP00000264498,9606.ENSP00000275493,9606.ENSP00000405330	FGF2,EGFR,ESR1
GO:0046651	Lymphocyte proliferation	4	124	1.34	1.03	0.00071	9606.ENSP00000269305,9606.ENSP00000269571,9606.ENSP00000361021,9606.ENSP00000381185	TP53,ERBB2,PTEN,BCL2
GO:0048872	Homeostasis of number of cells	5	256	1.12	0.91	0.00071	9606.ENSP00000371067,9606.ENSP00000381185,9606.ENSP00000385675,9606.ENSP00000451828,9606.ENSP00000489597	JAK2,BCL2,IL6,AKT1,PTPN11
GO:0045667	Regulation of osteoblast differentiation	4	125	1.34	1.03	0.00073	9606.ENSP00000264498,9606.ENSP00000385675,9606.ENSP00000398698,9606.ENSP00000495360	FGF2,IL6,TNF,CTNNB1
GO:0048878	Chemical homeostasis	8	904	0.78	0.66	0.00073	9606.ENSP00000263967,9606.ENSP00000264657,9606.ENSP00000381185,9606.ENSP00000385675,9606.ENSP00000428056,9606.ENSP00000451828,9606.ENSP00000478887,9606.ENSP00000489597	PIK3CA,STAT3,BCL2,IL6,PIK3R1,AKT1,MYC,PTPN11
GO:0006953	Acute-phase response	3	42	1.69	1.16	0.00077	9606.ENSP00000263341,9606.ENSP00000346839,9606.ENSP00000385675	IL1B,FN1,IL6
GO:0034763	Negative regulation of transmembrane transport	4	127	1.33	1.02	0.00077	9606.ENSP00000263341,9606.ENSP00000381185,9606.ENSP00000398698,9606.ENSP00000451828	IL1B,BCL2,TNF,AKT1
GO:0008625	Extrinsic apoptotic signaling pathway via death domain receptors	3	43	1.68	1.15	0.00082	9606.ENSP00000381185,9606.ENSP00000398698,9606.ENSP00000428056	BCL2,TNF,PIK3R1
GO:0030330	DNA damage response, signal transduction by p53 class mediator	3	44	1.67	1.14	0.00086	9606.ENSP00000269305,9606.ENSP00000278616,9606.ENSP00000369497	TP53,ATM,BRCA2
GO:0033129	Positive regulation of histone phosphorylation	2	5	2.43	1.25	0.00086	9606.ENSP00000263341,9606.ENSP00000278616	IL1B,ATM
GO:0035987	Endodermal cell differentiation	3	44	1.67	1.14	0.00086	9606.ENSP00000346839,9606.ENSP00000376345,9606.ENSP00000495360	FN1,GRB2,CTNNB1
GO:0045899	Positive regulation of RNA polymerase II transcription preinitiation complex assembly	2	5	2.43	1.25	0.00086	9606.ENSP00000269305,9606.ENSP00000405330	TP53,ESR1
GO:0051902	Negative regulation of mitochondrial depolarization	2	5	2.43	1.25	0.00086	9606.ENSP00000362680,9606.ENSP00000381185	SRC,BCL2
GO:0071681	Cellular response to indole-3-methanol	2	5	2.43	1.25	0.00086	9606.ENSP00000418960,9606.ENSP00000495360	BRCA1,CTNNB1
GO:1900087	Positive regulation of G1/S transition of mitotic cell cycle	3	44	1.67	1.14	0.00086	9606.ENSP00000227507,9606.ENSP00000275493,9606.ENSP00000451828	CCND1,EGFR,AKT1
GO:2000378	Negative regulation of reactive oxygen species metabolic process	3	44	1.67	1.14	0.00086	9606.ENSP00000269305,9606.ENSP00000381185,9606.ENSP00000418960	TP53,BCL2,BRCA1
GO:0007010	Cytoskeleton organization	9	1229	0.7	0.59	0.00090	9606.ENSP00000263967,9606.ENSP00000362680,9606.ENSP00000369497,9606.ENSP00000371067,9606.ENSP00000376345,9606.ENSP00000381185,9606.ENSP00000398698,9606.ENSP00000418960,9606.ENSP00000495360	PIK3CA,SRC,BRCA2,JAK2,GRB2,BCL2,TNF,BRCA1,CTNNB1
GO:0009755	Hormone-mediated signaling pathway	4	133	1.31	0.99	0.00090	9606.ENSP00000362680,9606.ENSP00000371067,9606.ENSP00000405330,9606.ENSP00000489597	SRC,JAK2,ESR1,PTPN11
GO:0045840	Positive regulation of mitotic nuclear division	3	45	1.66	1.12	0.00091	9606.ENSP00000263341,9606.ENSP00000265171,9606.ENSP00000398698	IL1B,EGF,TNF
GO:0046427	Positive regulation of receptor signaling pathway via JAK-STAT	3	45	1.66	1.12	0.00091	9606.ENSP00000371067,9606.ENSP00000385675,9606.ENSP00000398698	JAK2,IL6,TNF
GO:0048568	Embryonic organ development	6	454	0.95	0.78	0.00091	9606.ENSP00000269305,9606.ENSP00000275493,9606.ENSP00000376345,9606.ENSP00000398698,9606.ENSP00000451828,9606.ENSP00000495360	TP53,EGFR,GRB2,TNF,AKT1,CTNNB1
GO:0034329	Cell junction assembly	5	273	1.09	0.87	0.00093	9606.ENSP00000346839,9606.ENSP00000361021,9606.ENSP00000362680,9606.ENSP00000381185,9606.ENSP00000495360	FN1,PTEN,SRC,BCL2,CTNNB1
GO:0051348	Negative regulation of transferase activity	5	274	1.09	0.87	0.00094	9606.ENSP00000263341,9606.ENSP00000269305,9606.ENSP00000361021,9606.ENSP00000362680,9606.ENSP00000451828	IL1B,TP53,PTEN,SRC,AKT1
GO:0006275	Regulation of DNA replication	4	136	1.3	0.98	0.00097	9606.ENSP00000265171,9606.ENSP00000269305,9606.ENSP00000275493,9606.ENSP00000369497	EGF,TP53,EGFR,BRCA2
GO:0007160	Cell-matrix adhesion	4	136	1.3	0.98	0.00097	9606.ENSP00000346839,9606.ENSP00000362680,9606.ENSP00000381185,9606.ENSP00000495360	FN1,SRC,BCL2,CTNNB1
GO:0031667	Response to nutrient levels	6	461	0.95	0.77	0.00098	9606.ENSP00000227507,9606.ENSP00000269305,9606.ENSP00000362680,9606.ENSP00000381185,9606.ENSP00000398698,9606.ENSP00000451828	CCND1,TP53,SRC,BCL2,TNF,AKT1
GO:0007623	Circadian rhythm	4	139	1.29	0.97	0.0010	9606.ENSP00000263253,9606.ENSP00000269305,9606.ENSP00000361021,9606.ENSP00000398698	EP300,TP53,PTEN,TNF
GO:0032368	Regulation of lipid transport	4	139	1.29	0.97	0.0010	9606.ENSP00000263341,9606.ENSP00000265171,9606.ENSP00000451828,9606.ENSP00000489597	IL1B,EGF,AKT1,PTPN11
GO:0048806	Genitalia development	3	47	1.64	1.11	0.0010	9606.ENSP00000405330,9606.ENSP00000489597,9606.ENSP00000495360	ESR1,PTPN11,CTNNB1
GO:0002326	B cell lineage commitment	2	6	2.35	1.2	0.0011	9606.ENSP00000269305,9606.ENSP00000381185	TP53,BCL2
GO:0007155	Cell adhesion	8	965	0.75	0.62	0.0011	9606.ENSP00000263341,9606.ENSP00000275493,9606.ENSP00000346839,9606.ENSP00000362680,9606.ENSP00000381185,9606.ENSP00000398698,9606.ENSP00000428056,9606.ENSP00000495360	IL1B,EGFR,FN1,SRC,BCL2,TNF,PIK3R1,CTNNB1
GO:0030850	Prostate gland development	3	48	1.63	1.09	0.0011	9606.ENSP00000361021,9606.ENSP00000405330,9606.ENSP00000495360	PTEN,ESR1,CTNNB1
GO:0048538	Thymus development	3	49	1.62	1.09	0.0011	9606.ENSP00000278616,9606.ENSP00000381185,9606.ENSP00000495360	ATM,BCL2,CTNNB1
GO:0048546	Digestive tract morphogenesis	3	48	1.63	1.09	0.0011	9606.ENSP00000275493,9606.ENSP00000381185,9606.ENSP00000495360	EGFR,BCL2,CTNNB1
GO:0050864	Regulation of B cell activation	4	140	1.29	0.96	0.0011	9606.ENSP00000278616,9606.ENSP00000361021,9606.ENSP00000381185,9606.ENSP00000385675	ATM,PTEN,BCL2,IL6
GO:0051276	Chromosome organization	8	968	0.75	0.62	0.0011	9606.ENSP00000263253,9606.ENSP00000269305,9606.ENSP00000278616,9606.ENSP00000369497,9606.ENSP00000371067,9606.ENSP00000405330,9606.ENSP00000418960,9606.ENSP00000478887	EP300,TP53,ATM,BRCA2,JAK2,ESR1,BRCA1,MYC
GO:0061046	Regulation of branching involved in lung morphogenesis	2	6	2.35	1.2	0.0011	9606.ENSP00000398698,9606.ENSP00000495360	TNF,CTNNB1
GO:1903038	Negative regulation of leukocyte cell-cell adhesion	4	140	1.29	0.96	0.0011	9606.ENSP00000269571,9606.ENSP00000300305,9606.ENSP00000361021,9606.ENSP00000451828	ERBB2,RUNX1,PTEN,AKT1
GO:0007405	Neuroblast proliferation	3	50	1.61	1.07	0.0012	9606.ENSP00000264498,9606.ENSP00000269305,9606.ENSP00000495360	FGF2,TP53,CTNNB1
GO:0045727	Positive regulation of translation	4	144	1.28	0.94	0.0012	9606.ENSP00000269571,9606.ENSP00000385675,9606.ENSP00000398698,9606.ENSP00000478887	ERBB2,IL6,TNF,MYC
GO:0050729	Positive regulation of inflammatory response	4	145	1.27	0.94	0.0012	9606.ENSP00000263341,9606.ENSP00000371067,9606.ENSP00000385675,9606.ENSP00000398698	IL1B,JAK2,IL6,TNF
GO:0010718	Positive regulation of epithelial to mesenchymal transition	3	51	1.6	1.06	0.0013	9606.ENSP00000263341,9606.ENSP00000385675,9606.ENSP00000495360	IL1B,IL6,CTNNB1
GO:0030522	Intracellular receptor signaling pathway	4	148	1.26	0.93	0.0013	9606.ENSP00000264657,9606.ENSP00000362680,9606.ENSP00000371067,9606.ENSP00000405330	STAT3,SRC,JAK2,ESR1
GO:0034330	Cell junction organization	6	492	0.92	0.73	0.0013	9606.ENSP00000269571,9606.ENSP00000346839,9606.ENSP00000361021,9606.ENSP00000362680,9606.ENSP00000381185,9606.ENSP00000495360	ERBB2,FN1,PTEN,SRC,BCL2,CTNNB1
GO:0050671	Positive regulation of lymphocyte proliferation	4	147	1.27	0.93	0.0013	9606.ENSP00000263341,9606.ENSP00000371067,9606.ENSP00000381185,9606.ENSP00000385675	IL1B,JAK2,BCL2,IL6
GO:0051053	Negative regulation of DNA metabolic process	4	149	1.26	0.93	0.0013	9606.ENSP00000269305,9606.ENSP00000278616,9606.ENSP00000362680,9606.ENSP00000369497	TP53,ATM,SRC,BRCA2
GO:0060688	Regulation of morphogenesis of a branching structure	3	51	1.6	1.06	0.0013	9606.ENSP00000398698,9606.ENSP00000405330,9606.ENSP00000495360	TNF,ESR1,CTNNB1
GO:0062013	Positive regulation of small molecule metabolic process	4	147	1.27	0.93	0.0013	9606.ENSP00000263341,9606.ENSP00000362680,9606.ENSP00000398698,9606.ENSP00000451828	IL1B,SRC,TNF,AKT1
GO:0031622	Positive regulation of fever generation	2	7	2.29	1.16	0.0014	9606.ENSP00000263341,9606.ENSP00000398698	IL1B,TNF
GO:0072540	T-helper 17 cell lineage commitment	2	7	2.29	1.16	0.0014	9606.ENSP00000264657,9606.ENSP00000385675	STAT3,IL6
GO:1903626	Positive regulation of DNA catabolic process	2	7	2.29	1.16	0.0014	9606.ENSP00000278616,9606.ENSP00000385675	ATM,IL6
GO:1903721	Positive regulation of I-kappaB phosphorylation	2	7	2.29	1.16	0.0014	9606.ENSP00000398698,9606.ENSP00000451828	TNF,AKT1
GO:2000179	Positive regulation of neural precursor cell proliferation	3	54	1.58	1.04	0.0014	9606.ENSP00000264498,9606.ENSP00000265171,9606.ENSP00000495360	FGF2,EGF,CTNNB1
GO:0006955	Immune response	9	1321	0.67	0.55	0.0015	9606.ENSP00000263341,9606.ENSP00000264657,9606.ENSP00000269305,9606.ENSP00000362680,9606.ENSP00000371067,9606.ENSP00000381185,9606.ENSP00000385675,9606.ENSP00000398698,9606.ENSP00000428056	IL1B,STAT3,TP53,SRC,JAK2,BCL2,IL6,TNF,PIK3R1
GO:0032210	Regulation of telomere maintenance via telomerase	3	55	1.57	1.03	0.0015	9606.ENSP00000278616,9606.ENSP00000362680,9606.ENSP00000495360	ATM,SRC,CTNNB1
GO:0043470	Regulation of carbohydrate catabolic process	3	55	1.57	1.03	0.0015	9606.ENSP00000263253,9606.ENSP00000264657,9606.ENSP00000269305	EP300,STAT3,TP53
GO:0070371	ERK1 and ERK2 cascade	3	55	1.57	1.03	0.0015	9606.ENSP00000264498,9606.ENSP00000265171,9606.ENSP00000478887	FGF2,EGF,MYC
GO:0002764	Immune response-regulating signaling pathway	5	312	1.04	0.79	0.0016	9606.ENSP00000263253,9606.ENSP00000263967,9606.ENSP00000362680,9606.ENSP00000381185,9606.ENSP00000398698	EP300,PIK3CA,SRC,BCL2,TNF
GO:0030518	Intracellular steroid hormone receptor signaling pathway	3	56	1.56	1.02	0.0016	9606.ENSP00000362680,9606.ENSP00000371067,9606.ENSP00000405330	SRC,JAK2,ESR1
GO:0033209	Tumor necrosis factor-mediated signaling pathway	3	56	1.56	1.02	0.0016	9606.ENSP00000269305,9606.ENSP00000371067,9606.ENSP00000398698	TP53,JAK2,TNF
GO:0050890	Cognition	5	313	1.04	0.79	0.0016	9606.ENSP00000263253,9606.ENSP00000275493,9606.ENSP00000361021,9606.ENSP00000362680,9606.ENSP00000398698	EP300,EGFR,PTEN,SRC,TNF
GO:0051092	Positive regulation of NF-kappaB transcription factor activity	4	157	1.24	0.89	0.0016	9606.ENSP00000263253,9606.ENSP00000263341,9606.ENSP00000264657,9606.ENSP00000398698	EP300,IL1B,STAT3,TNF
GO:0008637	Apoptotic mitochondrial changes	3	58	1.55	1.0	0.0017	9606.ENSP00000269305,9606.ENSP00000381185,9606.ENSP00000451828	TP53,BCL2,AKT1
GO:0021930	Cerebellar granule cell precursor proliferation	2	8	2.23	1.12	0.0017	9606.ENSP00000264498,9606.ENSP00000265171	FGF2,EGF
GO:0021940	Positive regulation of cerebellar granule cell precursor proliferation	2	8	2.23	1.12	0.0017	9606.ENSP00000264498,9606.ENSP00000265171	FGF2,EGF
GO:0034248	Regulation of cellular amide metabolic process	6	516	0.9	0.7	0.0017	9606.ENSP00000269305,9606.ENSP00000269571,9606.ENSP00000385675,9606.ENSP00000398698,9606.ENSP00000451828,9606.ENSP00000478887	TP53,ERBB2,IL6,TNF,AKT1,MYC
GO:0034446	Substrate adhesion-dependent cell spreading	3	58	1.55	1.0	0.0017	9606.ENSP00000346839,9606.ENSP00000362680,9606.ENSP00000428056	FN1,SRC,PIK3R1
GO:0045912	Negative regulation of carbohydrate metabolic process	3	58	1.55	1.0	0.0017	9606.ENSP00000263253,9606.ENSP00000264657,9606.ENSP00000269305	EP300,STAT3,TP53
GO:0048639	Positive regulation of developmental growth	4	161	1.23	0.88	0.0017	9606.ENSP00000264498,9606.ENSP00000346839,9606.ENSP00000381185,9606.ENSP00000451828	FGF2,FN1,BCL2,AKT1
GO:0090287	Regulation of cellular response to growth factor stimulus	5	314	1.03	0.78	0.0017	9606.ENSP00000263253,9606.ENSP00000263341,9606.ENSP00000264498,9606.ENSP00000269305,9606.ENSP00000495360	EP300,IL1B,FGF2,TP53,CTNNB1
GO:0090316	Positive regulation of intracellular protein transport	4	160	1.23	0.88	0.0017	9606.ENSP00000263341,9606.ENSP00000269571,9606.ENSP00000371067,9606.ENSP00000428056	IL1B,ERBB2,JAK2,PIK3R1
GO:1905278	Positive regulation of epithelial tube formation	2	8	2.23	1.12	0.0017	9606.ENSP00000264498,9606.ENSP00000265171	FGF2,EGF
GO:0010817	Regulation of hormone levels	6	525	0.89	0.69	0.0018	9606.ENSP00000263341,9606.ENSP00000371067,9606.ENSP00000385675,9606.ENSP00000398698,9606.ENSP00000405330,9606.ENSP00000489597	IL1B,JAK2,IL6,TNF,ESR1,PTPN11
GO:0043551	Regulation of phosphatidylinositol 3-kinase activity	3	59	1.54	0.99	0.0018	9606.ENSP00000264498,9606.ENSP00000362680,9606.ENSP00000428056	FGF2,SRC,PIK3R1
GO:0051048	Negative regulation of secretion	4	164	1.22	0.87	0.0018	9606.ENSP00000263341,9606.ENSP00000265171,9606.ENSP00000398698,9606.ENSP00000489597	IL1B,EGF,TNF,PTPN11
GO:0007369	Gastrulation	4	167	1.21	0.86	0.0019	9606.ENSP00000269305,9606.ENSP00000346839,9606.ENSP00000376345,9606.ENSP00000495360	TP53,FN1,GRB2,CTNNB1
GO:0009607	Response to biotic stimulus	9	1375	0.65	0.53	0.0019	9606.ENSP00000263253,9606.ENSP00000263341,9606.ENSP00000269305,9606.ENSP00000362680,9606.ENSP00000371067,9606.ENSP00000381185,9606.ENSP00000385675,9606.ENSP00000398698,9606.ENSP00000451828	EP300,IL1B,TP53,SRC,JAK2,BCL2,IL6,TNF,AKT1
GO:0046661	Male sex differentiation	4	168	1.21	0.86	0.0019	9606.ENSP00000227507,9606.ENSP00000381185,9606.ENSP00000405330,9606.ENSP00000495360	CCND1,BCL2,ESR1,CTNNB1
GO:0051250	Negative regulation of lymphocyte activation	4	166	1.21	0.86	0.0019	9606.ENSP00000269571,9606.ENSP00000278616,9606.ENSP00000300305,9606.ENSP00000361021	ERBB2,ATM,RUNX1,PTEN
GO:0090398	Cellular senescence	3	60	1.53	0.99	0.0019	9606.ENSP00000269305,9606.ENSP00000278616,9606.ENSP00000369497	TP53,ATM,BRCA2
GO:2001022	Positive regulation of response to DNA damage stimulus	4	168	1.21	0.86	0.0019	9606.ENSP00000275493,9606.ENSP00000278616,9606.ENSP00000418960,9606.ENSP00000478887	EGFR,ATM,BRCA1,MYC
GO:0006725	Cellular aromatic compound metabolic process	13	2936	0.48	0.42	0.0020	9606.ENSP00000263253,9606.ENSP00000264498,9606.ENSP00000264657,9606.ENSP00000269305,9606.ENSP00000278616,9606.ENSP00000362680,9606.ENSP00000369497,9606.ENSP00000371067,9606.ENSP00000381185,9606.ENSP00000405330,9606.ENSP00000418960,9606.ENSP00000428056,9606.ENSP00000495360	EP300,FGF2,STAT3,TP53,ATM,SRC,BRCA2,JAK2,BCL2,ESR1,BRCA1,PIK3R1,CTNNB1
GO:0007565	Female pregnancy	4	170	1.2	0.85	0.0020	9606.ENSP00000263341,9606.ENSP00000381185,9606.ENSP00000405330,9606.ENSP00000451828	IL1B,BCL2,ESR1,AKT1
GO:0010594	Regulation of endothelial cell migration	4	169	1.21	0.86	0.0020	9606.ENSP00000264498,9606.ENSP00000265171,9606.ENSP00000398698,9606.ENSP00000451828	FGF2,EGF,TNF,AKT1
GO:0007267	Cell-cell signaling	8	1079	0.7	0.56	0.0021	9606.ENSP00000227507,9606.ENSP00000263341,9606.ENSP00000264498,9606.ENSP00000361021,9606.ENSP00000371067,9606.ENSP00000385675,9606.ENSP00000451828,9606.ENSP00000495360	CCND1,IL1B,FGF2,PTEN,JAK2,IL6,AKT1,CTNNB1
GO:0046890	Regulation of lipid biosynthetic process	4	172	1.2	0.85	0.0021	9606.ENSP00000263341,9606.ENSP00000398698,9606.ENSP00000418960,9606.ENSP00000451828	IL1B,TNF,BRCA1,AKT1
GO:0072594	Establishment of protein localization to organelle	5	335	1.01	0.75	0.0021	9606.ENSP00000264657,9606.ENSP00000269305,9606.ENSP00000369497,9606.ENSP00000428056,9606.ENSP00000451828	STAT3,TP53,BRCA2,PIK3R1,AKT1
GO:0001756	Somitogenesis	3	64	1.5	0.96	0.0022	9606.ENSP00000263253,9606.ENSP00000269305,9606.ENSP00000278616	EP300,TP53,ATM
GO:0010950	Positive regulation of endopeptidase activity	4	174	1.19	0.84	0.0022	9606.ENSP00000264657,9606.ENSP00000371067,9606.ENSP00000398698,9606.ENSP00000478887	STAT3,JAK2,TNF,MYC
GO:0030036	Actin cytoskeleton organization	6	547	0.87	0.66	0.0022	9606.ENSP00000263967,9606.ENSP00000362680,9606.ENSP00000371067,9606.ENSP00000376345,9606.ENSP00000381185,9606.ENSP00000398698	PIK3CA,SRC,JAK2,GRB2,BCL2,TNF
GO:0046824	Positive regulation of nucleocytoplasmic transport	3	64	1.5	0.96	0.0022	9606.ENSP00000263341,9606.ENSP00000371067,9606.ENSP00000428056	IL1B,JAK2,PIK3R1
GO:0061098	Positive regulation of protein tyrosine kinase activity	3	64	1.5	0.96	0.0022	9606.ENSP00000265171,9606.ENSP00000275493,9606.ENSP00000362680	EGF,EGFR,SRC
GO:0070228	Regulation of lymphocyte apoptotic process	3	64	1.5	0.96	0.0022	9606.ENSP00000269305,9606.ENSP00000361021,9606.ENSP00000381185	TP53,PTEN,BCL2
GO:0042531	Positive regulation of tyrosine phosphorylation of STAT protein	3	65	1.5	0.95	0.0023	9606.ENSP00000371067,9606.ENSP00000385675,9606.ENSP00000398698	JAK2,IL6,TNF
GO:0046854	Phosphatidylinositol phosphate biosynthetic process	3	66	1.49	0.95	0.0023	9606.ENSP00000263967,9606.ENSP00000278616,9606.ENSP00000428056	PIK3CA,ATM,PIK3R1
GO:0060397	Growth hormone receptor signaling pathway via JAK-STAT	2	10	2.13	1.06	0.0023	9606.ENSP00000264657,9606.ENSP00000371067	STAT3,JAK2
GO:1900076	Regulation of cellular response to insulin stimulus	3	65	1.5	0.95	0.0023	9606.ENSP00000263341,9606.ENSP00000362680,9606.ENSP00000489597	IL1B,SRC,PTPN11
GO:2000144	Positive regulation of DNA-templated transcription, initiation	3	66	1.49	0.95	0.0023	9606.ENSP00000269305,9606.ENSP00000360266,9606.ENSP00000405330	TP53,JUN,ESR1
GO:0010469	Regulation of signaling receptor activity	4	179	1.18	0.83	0.0024	9606.ENSP00000265171,9606.ENSP00000362680,9606.ENSP00000371067,9606.ENSP00000398698	EGF,SRC,JAK2,TNF
GO:0030888	Regulation of B cell proliferation	3	67	1.48	0.94	0.0024	9606.ENSP00000278616,9606.ENSP00000361021,9606.ENSP00000381185	ATM,PTEN,BCL2
GO:0031346	Positive regulation of cell projection organization	5	347	0.99	0.73	0.0024	9606.ENSP00000263253,9606.ENSP00000263967,9606.ENSP00000346839,9606.ENSP00000362680,9606.ENSP00000428056	EP300,PIK3CA,FN1,SRC,PIK3R1
GO:0010633	Negative regulation of epithelial cell migration	3	68	1.48	0.93	0.0025	9606.ENSP00000264498,9606.ENSP00000361021,9606.ENSP00000398698	FGF2,PTEN,TNF
GO:0014823	Response to activity	3	68	1.48	0.93	0.0025	9606.ENSP00000263967,9606.ENSP00000385675,9606.ENSP00000398698	PIK3CA,IL6,TNF
GO:0040014	Regulation of multicellular organism growth	3	68	1.48	0.93	0.0025	9606.ENSP00000263967,9606.ENSP00000264657,9606.ENSP00000381185	PIK3CA,STAT3,BCL2
GO:0045669	Positive regulation of osteoblast differentiation	3	68	1.48	0.93	0.0025	9606.ENSP00000264498,9606.ENSP00000385675,9606.ENSP00000495360	FGF2,IL6,CTNNB1
GO:0150116	Regulation of cell-substrate junction organization	3	68	1.48	0.93	0.0025	9606.ENSP00000361021,9606.ENSP00000362680,9606.ENSP00000428056	PTEN,SRC,PIK3R1
GO:0031642	Negative regulation of myelination	2	11	2.09	1.03	0.0026	9606.ENSP00000361021,9606.ENSP00000398698	PTEN,TNF
GO:0061045	Negative regulation of wound healing	3	69	1.47	0.92	0.0026	9606.ENSP00000264498,9606.ENSP00000361021,9606.ENSP00000398698	FGF2,PTEN,TNF
GO:0071803	Positive regulation of podosome assembly	2	11	2.09	1.03	0.0026	9606.ENSP00000362680,9606.ENSP00000398698	SRC,TNF
GO:0009615	Response to virus	5	356	0.98	0.71	0.0027	9606.ENSP00000362680,9606.ENSP00000371067,9606.ENSP00000381185,9606.ENSP00000385675,9606.ENSP00000398698	SRC,JAK2,BCL2,IL6,TNF
GO:0045670	Regulation of osteoclast differentiation	3	70	1.46	0.92	0.0027	9606.ENSP00000398698,9606.ENSP00000428056,9606.ENSP00000495360	TNF,PIK3R1,CTNNB1
GO:0008610	Lipid biosynthetic process	6	577	0.85	0.64	0.0028	9606.ENSP00000263967,9606.ENSP00000264498,9606.ENSP00000278616,9606.ENSP00000361021,9606.ENSP00000418960,9606.ENSP00000428056	PIK3CA,FGF2,ATM,PTEN,BRCA1,PIK3R1
GO:0032722	Positive regulation of chemokine production	3	71	1.46	0.91	0.0028	9606.ENSP00000263341,9606.ENSP00000385675,9606.ENSP00000398698	IL1B,IL6,TNF
GO:0032872	Regulation of stress-activated MAPK cascade	4	189	1.16	0.8	0.0028	9606.ENSP00000263341,9606.ENSP00000275493,9606.ENSP00000398698,9606.ENSP00000478887	IL1B,EGFR,TNF,MYC
GO:0051302	Regulation of cell division	4	188	1.16	0.8	0.0028	9606.ENSP00000263341,9606.ENSP00000264498,9606.ENSP00000369497,9606.ENSP00000478887	IL1B,FGF2,BRCA2,MYC
GO:0051881	Regulation of mitochondrial membrane potential	3	71	1.46	0.91	0.0028	9606.ENSP00000362680,9606.ENSP00000381185,9606.ENSP00000451828	SRC,BCL2,AKT1
GO:0010038	Response to metal ion	5	362	0.97	0.7	0.0029	9606.ENSP00000227507,9606.ENSP00000275493,9606.ENSP00000360266,9606.ENSP00000381185,9606.ENSP00000451828	CCND1,EGFR,JUN,BCL2,AKT1
GO:0042098	T cell proliferation	3	72	1.45	0.9	0.0029	9606.ENSP00000269305,9606.ENSP00000269571,9606.ENSP00000361021	TP53,ERBB2,PTEN
GO:0014842	Regulation of skeletal muscle satellite cell proliferation	2	12	2.05	1.01	0.0030	9606.ENSP00000264498,9606.ENSP00000371067	FGF2,JAK2
GO:0018105	Peptidyl-serine phosphorylation	4	193	1.15	0.79	0.0030	9606.ENSP00000278616,9606.ENSP00000362680,9606.ENSP00000381185,9606.ENSP00000451828	ATM,SRC,BCL2,AKT1
GO:0033555	Multicellular organismal response to stress	3	73	1.45	0.9	0.0030	9606.ENSP00000361021,9606.ENSP00000381185,9606.ENSP00000451828	PTEN,BCL2,AKT1
GO:0034762	Regulation of transmembrane transport	6	587	0.84	0.63	0.0030	9606.ENSP00000263341,9606.ENSP00000381185,9606.ENSP00000398698,9606.ENSP00000428056,9606.ENSP00000451828,9606.ENSP00000489597	IL1B,BCL2,TNF,PIK3R1,AKT1,PTPN11
GO:0043276	Anoikis	2	12	2.05	1.01	0.0030	9606.ENSP00000263967,9606.ENSP00000451828	PIK3CA,AKT1
GO:0060333	Interferon-gamma-mediated signaling pathway	2	12	2.05	1.01	0.0030	9606.ENSP00000269305,9606.ENSP00000371067	TP53,JAK2
GO:0060736	Prostate gland growth	2	12	2.05	1.01	0.0030	9606.ENSP00000361021,9606.ENSP00000405330	PTEN,ESR1
GO:1901731	Positive regulation of platelet aggregation	2	12	2.05	1.01	0.0030	9606.ENSP00000371067,9606.ENSP00000385675	JAK2,IL6
GO:1903201	Regulation of oxidative stress-induced cell death	3	73	1.45	0.9	0.0030	9606.ENSP00000398698,9606.ENSP00000451828,9606.ENSP00000495360	TNF,AKT1,CTNNB1
GO:0007265	Ras protein signal transduction	4	194	1.15	0.78	0.0031	9606.ENSP00000264498,9606.ENSP00000269305,9606.ENSP00000360266,9606.ENSP00000376345	FGF2,TP53,JUN,GRB2
GO:0032890	Regulation of organic acid transport	3	74	1.44	0.89	0.0031	9606.ENSP00000263341,9606.ENSP00000398698,9606.ENSP00000451828	IL1B,TNF,AKT1
GO:0033143	Regulation of intracellular steroid hormone receptor signaling pathway	3	74	1.44	0.89	0.0031	9606.ENSP00000263253,9606.ENSP00000362680,9606.ENSP00000418960	EP300,SRC,BRCA1
GO:0042326	Negative regulation of phosphorylation	5	368	0.97	0.69	0.0031	9606.ENSP00000263341,9606.ENSP00000264657,9606.ENSP00000360266,9606.ENSP00000361021,9606.ENSP00000451828	IL1B,STAT3,JUN,PTEN,AKT1
GO:0061515	Myeloid cell development	3	74	1.44	0.89	0.0031	9606.ENSP00000263253,9606.ENSP00000362680,9606.ENSP00000489597	EP300,SRC,PTPN11
GO:0002429	Immune response-activating cell surface receptor signaling pathway	4	197	1.14	0.78	0.0032	9606.ENSP00000263253,9606.ENSP00000263967,9606.ENSP00000362680,9606.ENSP00000381185	EP300,PIK3CA,SRC,BCL2
GO:0043154	Negative regulation of cysteine-type endopeptidase activity involved in apoptotic process	3	75	1.43	0.89	0.0032	9606.ENSP00000362680,9606.ENSP00000398698,9606.ENSP00000451828	SRC,TNF,AKT1
GO:0045913	Positive regulation of carbohydrate metabolic process	3	75	1.43	0.89	0.0032	9606.ENSP00000265171,9606.ENSP00000362680,9606.ENSP00000451828	EGF,SRC,AKT1
GO:0050878	Regulation of body fluid levels	5	371	0.96	0.69	0.0032	9606.ENSP00000227507,9606.ENSP00000263967,9606.ENSP00000346839,9606.ENSP00000362680,9606.ENSP00000385675	CCND1,PIK3CA,FN1,SRC,IL6
GO:0002286	T cell activation involved in immune response	3	76	1.43	0.88	0.0033	9606.ENSP00000264657,9606.ENSP00000269305,9606.ENSP00000385675	STAT3,TP53,IL6
GO:0033084	Regulation of immature T cell proliferation in thymus	2	13	2.02	0.98	0.0034	9606.ENSP00000263341,9606.ENSP00000269571	IL1B,ERBB2
GO:0048011	Neurotrophin TRK receptor signaling pathway	2	13	2.02	0.98	0.0034	9606.ENSP00000362680,9606.ENSP00000489597	SRC,PTPN11
GO:0061029	Eyelid development in camera-type eye	2	13	2.02	0.98	0.0034	9606.ENSP00000275493,9606.ENSP00000360266	EGFR,JUN
GO:0097398	Cellular response to interleukin-17	2	13	2.02	0.98	0.0034	9606.ENSP00000263341,9606.ENSP00000264657	IL1B,STAT3
GO:0001654	Eye development	5	382	0.95	0.68	0.0035	9606.ENSP00000264657,9606.ENSP00000275493,9606.ENSP00000360266,9606.ENSP00000381185,9606.ENSP00000495360	STAT3,EGFR,JUN,BCL2,CTNNB1
GO:0032729	Positive regulation of interferon-gamma production	3	78	1.42	0.87	0.0035	9606.ENSP00000263341,9606.ENSP00000371067,9606.ENSP00000398698	IL1B,JAK2,TNF
GO:0006302	Double-strand break repair	4	204	1.12	0.76	0.0036	9606.ENSP00000269305,9606.ENSP00000278616,9606.ENSP00000369497,9606.ENSP00000418960	TP53,ATM,BRCA2,BRCA1
GO:0048709	Oligodendrocyte differentiation	3	79	1.41	0.86	0.0036	9606.ENSP00000269571,9606.ENSP00000361021,9606.ENSP00000495360	ERBB2,PTEN,CTNNB1
GO:0001942	Hair follicle development	3	80	1.41	0.86	0.0037	9606.ENSP00000275493,9606.ENSP00000381185,9606.ENSP00000495360	EGFR,BCL2,CTNNB1
GO:0006325	Chromatin organization	6	612	0.82	0.6	0.0037	9606.ENSP00000263253,9606.ENSP00000269305,9606.ENSP00000371067,9606.ENSP00000405330,9606.ENSP00000418960,9606.ENSP00000478887	EP300,TP53,JAK2,ESR1,BRCA1,MYC
GO:0006978	DNA damage response, signal transduction by p53 class mediator resulting in transcription of p21 class mediator	2	14	1.99	0.96	0.0038	9606.ENSP00000269305,9606.ENSP00000369497	TP53,BRCA2
GO:0019953	Sexual reproduction	7	885	0.73	0.55	0.0038	9606.ENSP00000264657,9606.ENSP00000278616,9606.ENSP00000362680,9606.ENSP00000369497,9606.ENSP00000381185,9606.ENSP00000451828,9606.ENSP00000495360	STAT3,ATM,SRC,BRCA2,BCL2,AKT1,CTNNB1
GO:0030855	Epithelial cell differentiation	6	617	0.82	0.6	0.0038	9606.ENSP00000264498,9606.ENSP00000360266,9606.ENSP00000362680,9606.ENSP00000405330,9606.ENSP00000451828,9606.ENSP00000495360	FGF2,JUN,SRC,ESR1,AKT1,CTNNB1
GO:0051974	Negative regulation of telomerase activity	2	14	1.99	0.96	0.0038	9606.ENSP00000269305,9606.ENSP00000362680	TP53,SRC
GO:0072091	Regulation of stem cell proliferation	3	81	1.4	0.85	0.0038	9606.ENSP00000264498,9606.ENSP00000269305,9606.ENSP00000495360	FGF2,TP53,CTNNB1
GO:0030900	Forebrain development	5	391	0.94	0.66	0.0039	9606.ENSP00000264498,9606.ENSP00000275493,9606.ENSP00000361021,9606.ENSP00000362680,9606.ENSP00000495360	FGF2,EGFR,PTEN,SRC,CTNNB1
GO:0051046	Regulation of secretion	6	620	0.82	0.6	0.0039	9606.ENSP00000263341,9606.ENSP00000265171,9606.ENSP00000371067,9606.ENSP00000385675,9606.ENSP00000398698,9606.ENSP00000489597	IL1B,EGF,JAK2,IL6,TNF,PTPN11
GO:0009987	Cellular process	29	14826	0.12	0.23	0.0040	9606.ENSP00000227507,9606.ENSP00000263253,9606.ENSP00000263341,9606.ENSP00000263967,9606.ENSP00000264498,9606.ENSP00000264657,9606.ENSP00000265171,9606.ENSP00000269305,9606.ENSP00000269571,9606.ENSP00000275493,9606.ENSP00000278616,9606.ENSP00000300305,9606.ENSP00000346839,9606.ENSP00000360266,9606.ENSP00000361021,9606.ENSP00000362680,9606.ENSP00000369497,9606.ENSP00000371067,9606.ENSP00000376345,9606.ENSP00000381185,9606.ENSP00000385675,9606.ENSP00000398698,9606.ENSP00000405330,9606.ENSP00000418960,9606.ENSP00000428056,9606.ENSP00000451828,9606.ENSP00000478887,9606.ENSP00000489597,9606.ENSP00000495360	CCND1,EP300,IL1B,PIK3CA,FGF2,STAT3,EGF,TP53,ERBB2,EGFR,ATM,RUNX1,FN1,JUN,PTEN,SRC,BRCA2,JAK2,GRB2,BCL2,IL6,TNF,ESR1,BRCA1,PIK3R1,AKT1,MYC,PTPN11,CTNNB1
GO:1901360	Organic cyclic compound metabolic process	13	3181	0.44	0.38	0.0040	9606.ENSP00000263253,9606.ENSP00000264498,9606.ENSP00000264657,9606.ENSP00000269305,9606.ENSP00000278616,9606.ENSP00000362680,9606.ENSP00000369497,9606.ENSP00000371067,9606.ENSP00000381185,9606.ENSP00000405330,9606.ENSP00000418960,9606.ENSP00000428056,9606.ENSP00000495360	EP300,FGF2,STAT3,TP53,ATM,SRC,BRCA2,JAK2,BCL2,ESR1,BRCA1,PIK3R1,CTNNB1
GO:0016570	Histone modification	5	396	0.93	0.65	0.0041	9606.ENSP00000263253,9606.ENSP00000278616,9606.ENSP00000369497,9606.ENSP00000371067,9606.ENSP00000418960	EP300,ATM,BRCA2,JAK2,BRCA1
GO:0071229	Cellular response to acid chemical	3	83	1.39	0.84	0.0041	9606.ENSP00000263967,9606.ENSP00000275493,9606.ENSP00000398698	PIK3CA,EGFR,TNF
GO:0006629	Lipid metabolic process	8	1210	0.65	0.5	0.0042	9606.ENSP00000263967,9606.ENSP00000264498,9606.ENSP00000278616,9606.ENSP00000361021,9606.ENSP00000405330,9606.ENSP00000418960,9606.ENSP00000428056,9606.ENSP00000489597	PIK3CA,FGF2,ATM,PTEN,ESR1,BRCA1,PIK3R1,PTPN11
GO:0007422	Peripheral nervous system development	3	84	1.38	0.84	0.0042	9606.ENSP00000269571,9606.ENSP00000300305,9606.ENSP00000451828	ERBB2,RUNX1,AKT1
GO:0010225	Response to UV-C	2	15	1.96	0.94	0.0042	9606.ENSP00000269305,9606.ENSP00000369497	TP53,BRCA2
GO:0016070	RNA metabolic process	9	1550	0.6	0.47	0.0042	9606.ENSP00000263253,9606.ENSP00000264498,9606.ENSP00000264657,9606.ENSP00000269305,9606.ENSP00000278616,9606.ENSP00000371067,9606.ENSP00000405330,9606.ENSP00000428056,9606.ENSP00000495360	EP300,FGF2,STAT3,TP53,ATM,JAK2,ESR1,PIK3R1,CTNNB1
GO:0033598	Mammary gland epithelial cell proliferation	2	15	1.96	0.94	0.0042	9606.ENSP00000227507,9606.ENSP00000405330	CCND1,ESR1
GO:0034116	Positive regulation of heterotypic cell-cell adhesion	2	15	1.96	0.94	0.0042	9606.ENSP00000263341,9606.ENSP00000398698	IL1B,TNF
GO:0050821	Protein stabilization	4	215	1.1	0.73	0.0042	9606.ENSP00000263253,9606.ENSP00000269305,9606.ENSP00000361021,9606.ENSP00000428056	EP300,TP53,PTEN,PIK3R1
GO:1905114	Cell surface receptor signaling pathway involved in cell-cell signaling	5	400	0.93	0.65	0.0042	9606.ENSP00000227507,9606.ENSP00000264498,9606.ENSP00000361021,9606.ENSP00000451828,9606.ENSP00000495360	CCND1,FGF2,PTEN,AKT1,CTNNB1
GO:0009952	Anterior/posterior pattern specification	4	216	1.1	0.73	0.0043	9606.ENSP00000263253,9606.ENSP00000269305,9606.ENSP00000278616,9606.ENSP00000495360	EP300,TP53,ATM,CTNNB1
GO:0060348	Bone development	4	216	1.1	0.73	0.0043	9606.ENSP00000263253,9606.ENSP00000269305,9606.ENSP00000362680,9606.ENSP00000489597	EP300,TP53,SRC,PTPN11
GO:0000082	G1/S transition of mitotic cell cycle	3	86	1.37	0.83	0.0044	9606.ENSP00000227507,9606.ENSP00000381185,9606.ENSP00000478887	CCND1,BCL2,MYC
GO:0046889	Positive regulation of lipid biosynthetic process	3	86	1.37	0.83	0.0044	9606.ENSP00000263341,9606.ENSP00000398698,9606.ENSP00000451828	IL1B,TNF,AKT1
GO:0044255	Cellular lipid metabolic process	7	918	0.71	0.53	0.0045	9606.ENSP00000263967,9606.ENSP00000264498,9606.ENSP00000278616,9606.ENSP00000361021,9606.ENSP00000418960,9606.ENSP00000428056,9606.ENSP00000489597	PIK3CA,FGF2,ATM,PTEN,BRCA1,PIK3R1,PTPN11
GO:0001759	Organ induction	2	16	1.93	0.92	0.0046	9606.ENSP00000264498,9606.ENSP00000495360	FGF2,CTNNB1
GO:0001892	Embryonic placenta development	3	87	1.37	0.82	0.0046	9606.ENSP00000275493,9606.ENSP00000376345,9606.ENSP00000451828	EGFR,GRB2,AKT1
GO:0033028	Myeloid cell apoptotic process	2	16	1.93	0.92	0.0046	9606.ENSP00000381185,9606.ENSP00000385675	BCL2,IL6
GO:0033599	Regulation of mammary gland epithelial cell proliferation	2	16	1.93	0.92	0.0046	9606.ENSP00000227507,9606.ENSP00000369497	CCND1,BRCA2
GO:0048864	Stem cell development	3	87	1.37	0.82	0.0046	9606.ENSP00000264498,9606.ENSP00000346839,9606.ENSP00000381185	FGF2,FN1,BCL2
GO:0070727	Cellular macromolecule localization	10	1948	0.54	0.43	0.0046	9606.ENSP00000264657,9606.ENSP00000269305,9606.ENSP00000275493,9606.ENSP00000278616,9606.ENSP00000369497,9606.ENSP00000398698,9606.ENSP00000405330,9606.ENSP00000428056,9606.ENSP00000451828,9606.ENSP00000495360	STAT3,TP53,EGFR,ATM,BRCA2,TNF,ESR1,PIK3R1,AKT1,CTNNB1
GO:0090399	Replicative senescence	2	16	1.93	0.92	0.0046	9606.ENSP00000269305,9606.ENSP00000278616	TP53,ATM
GO:1903140	Regulation of establishment of endothelial barrier	2	16	1.93	0.92	0.0046	9606.ENSP00000263341,9606.ENSP00000398698	IL1B,TNF
GO:0007098	Centrosome cycle	3	88	1.36	0.82	0.0047	9606.ENSP00000369497,9606.ENSP00000418960,9606.ENSP00000495360	BRCA2,BRCA1,CTNNB1
GO:0033036	Macromolecule localization	11	2356	0.5	0.41	0.0047	9606.ENSP00000263341,9606.ENSP00000264657,9606.ENSP00000269305,9606.ENSP00000275493,9606.ENSP00000278616,9606.ENSP00000369497,9606.ENSP00000398698,9606.ENSP00000405330,9606.ENSP00000428056,9606.ENSP00000451828,9606.ENSP00000495360	IL1B,STAT3,TP53,EGFR,ATM,BRCA2,TNF,ESR1,PIK3R1,AKT1,CTNNB1
GO:0061448	Connective tissue development	4	222	1.09	0.72	0.0047	9606.ENSP00000263967,9606.ENSP00000264498,9606.ENSP00000300305,9606.ENSP00000495360	PIK3CA,FGF2,RUNX1,CTNNB1
GO:0001776	Leukocyte homeostasis	3	90	1.35	0.81	0.0050	9606.ENSP00000381185,9606.ENSP00000385675,9606.ENSP00000451828	BCL2,IL6,AKT1
GO:0043535	Regulation of blood vessel endothelial cell migration	3	90	1.35	0.81	0.0050	9606.ENSP00000264498,9606.ENSP00000398698,9606.ENSP00000451828	FGF2,TNF,AKT1
GO:0043217	Myelin maintenance	2	17	1.9	0.91	0.0051	9606.ENSP00000361021,9606.ENSP00000451828	PTEN,AKT1
GO:0043923	Positive regulation by host of viral transcription	2	17	1.9	0.91	0.0051	9606.ENSP00000263253,9606.ENSP00000360266	EP300,JUN
GO:0048009	Insulin-like growth factor receptor signaling pathway	2	17	1.9	0.91	0.0051	9606.ENSP00000428056,9606.ENSP00000451828	PIK3R1,AKT1
GO:0048143	Astrocyte activation	2	17	1.9	0.91	0.0051	9606.ENSP00000263341,9606.ENSP00000398698	IL1B,TNF
GO:0050672	Negative regulation of lymphocyte proliferation	3	91	1.35	0.8	0.0051	9606.ENSP00000269571,9606.ENSP00000278616,9606.ENSP00000361021	ERBB2,ATM,PTEN
GO:0051044	Positive regulation of membrane protein ectodomain proteolysis	2	17	1.9	0.91	0.0051	9606.ENSP00000263341,9606.ENSP00000398698	IL1B,TNF
GO:0051402	Neuron apoptotic process	3	91	1.35	0.8	0.0051	9606.ENSP00000269305,9606.ENSP00000278616,9606.ENSP00000381185	TP53,ATM,BCL2
GO:0051895	Negative regulation of focal adhesion assembly	2	17	1.9	0.91	0.0051	9606.ENSP00000361021,9606.ENSP00000362680	PTEN,SRC
GO:1900034	Regulation of cellular response to heat	2	17	1.9	0.91	0.0051	9606.ENSP00000263253,9606.ENSP00000278616	EP300,ATM
GO:0002685	Regulation of leukocyte migration	4	231	1.07	0.7	0.0053	9606.ENSP00000385675,9606.ENSP00000398698,9606.ENSP00000428056,9606.ENSP00000451828	IL6,TNF,PIK3R1,AKT1
GO:0009791	Post-embryonic development	3	94	1.34	0.79	0.0055	9606.ENSP00000278616,9606.ENSP00000371067,9606.ENSP00000381185	ATM,JAK2,BCL2
GO:0019217	Regulation of fatty acid metabolic process	3	94	1.34	0.79	0.0055	9606.ENSP00000263341,9606.ENSP00000418960,9606.ENSP00000451828	IL1B,BRCA1,AKT1
GO:0042391	Regulation of membrane potential	5	428	0.9	0.61	0.0055	9606.ENSP00000361021,9606.ENSP00000362680,9606.ENSP00000381185,9606.ENSP00000398698,9606.ENSP00000451828	PTEN,SRC,BCL2,TNF,AKT1
GO:0006810	Transport	14	3785	0.4	0.35	0.0056	9606.ENSP00000227507,9606.ENSP00000263967,9606.ENSP00000264498,9606.ENSP00000264657,9606.ENSP00000269305,9606.ENSP00000275493,9606.ENSP00000362680,9606.ENSP00000376345,9606.ENSP00000381185,9606.ENSP00000385675,9606.ENSP00000428056,9606.ENSP00000451828,9606.ENSP00000478887,9606.ENSP00000495360	CCND1,PIK3CA,FGF2,STAT3,TP53,EGFR,SRC,GRB2,BCL2,IL6,PIK3R1,AKT1,MYC,CTNNB1
GO:0008593	Regulation of Notch signaling pathway	3	95	1.33	0.78	0.0056	9606.ENSP00000264657,9606.ENSP00000362680,9606.ENSP00000451828	STAT3,SRC,AKT1
GO:0010829	Negative regulation of glucose transmembrane transport	2	18	1.88	0.89	0.0056	9606.ENSP00000263341,9606.ENSP00000398698	IL1B,TNF
GO:0030220	Platelet formation	2	18	1.88	0.89	0.0056	9606.ENSP00000263253,9606.ENSP00000489597	EP300,PTPN11
GO:0038083	Peptidyl-tyrosine autophosphorylation	2	18	1.88	0.89	0.0056	9606.ENSP00000275493,9606.ENSP00000362680	EGFR,SRC
GO:0060644	Mammary gland epithelial cell differentiation	2	18	1.88	0.89	0.0056	9606.ENSP00000264498,9606.ENSP00000451828	FGF2,AKT1
GO:1903978	Regulation of microglial cell activation	2	18	1.88	0.89	0.0056	9606.ENSP00000278616,9606.ENSP00000385675	ATM,IL6
GO:1905564	Positive regulation of vascular endothelial cell proliferation	2	18	1.88	0.89	0.0056	9606.ENSP00000264498,9606.ENSP00000264657	FGF2,STAT3
GO:2000010	Positive regulation of protein localization to cell surface	2	18	1.88	0.89	0.0056	9606.ENSP00000398698,9606.ENSP00000451828	TNF,AKT1
GO:0097306	Cellular response to alcohol	3	96	1.33	0.78	0.0058	9606.ENSP00000418960,9606.ENSP00000451828,9606.ENSP00000495360	BRCA1,AKT1,CTNNB1
GO:0050804	Modulation of chemical synaptic transmission	5	436	0.89	0.61	0.0059	9606.ENSP00000263341,9606.ENSP00000361021,9606.ENSP00000362680,9606.ENSP00000371067,9606.ENSP00000398698	IL1B,PTEN,SRC,JAK2,TNF
GO:0030889	Negative regulation of B cell proliferation	2	19	1.85	0.87	0.0061	9606.ENSP00000278616,9606.ENSP00000361021	ATM,PTEN
GO:2000269	Regulation of fibroblast apoptotic process	2	19	1.85	0.87	0.0061	9606.ENSP00000263967,9606.ENSP00000269305	PIK3CA,TP53
GO:0010389	Regulation of G2/M transition of mitotic cell cycle	3	99	1.31	0.77	0.0062	9606.ENSP00000227507,9606.ENSP00000278616,9606.ENSP00000418960	CCND1,ATM,BRCA1
GO:0043255	Regulation of carbohydrate biosynthetic process	3	99	1.31	0.77	0.0062	9606.ENSP00000263253,9606.ENSP00000265171,9606.ENSP00000451828	EP300,EGF,AKT1
GO:0007229	Integrin-mediated signaling pathway	3	100	1.31	0.76	0.0064	9606.ENSP00000346839,9606.ENSP00000362680,9606.ENSP00000489597	FN1,SRC,PTPN11
GO:0045639	Positive regulation of myeloid cell differentiation	3	100	1.31	0.76	0.0064	9606.ENSP00000264657,9606.ENSP00000300305,9606.ENSP00000398698	STAT3,RUNX1,TNF
GO:0060070	Canonical Wnt signaling pathway	3	100	1.31	0.76	0.0064	9606.ENSP00000264498,9606.ENSP00000361021,9606.ENSP00000495360	FGF2,PTEN,CTNNB1
GO:0002042	Cell migration involved in sprouting angiogenesis	2	20	1.83	0.86	0.0066	9606.ENSP00000264498,9606.ENSP00000451828	FGF2,AKT1
GO:0006977	DNA damage response, signal transduction by p53 class mediator resulting in cell cycle arrest	2	20	1.83	0.86	0.0066	9606.ENSP00000269305,9606.ENSP00000278616	TP53,ATM
GO:0008631	Intrinsic apoptotic signaling pathway in response to oxidative stress	2	20	1.83	0.86	0.0066	9606.ENSP00000371067,9606.ENSP00000381185	JAK2,BCL2
GO:0060218	Hematopoietic stem cell differentiation	2	20	1.83	0.86	0.0066	9606.ENSP00000269305,9606.ENSP00000381185	TP53,BCL2
GO:0070266	Necroptotic process	2	20	1.83	0.86	0.0066	9606.ENSP00000269305,9606.ENSP00000398698	TP53,TNF
GO:0098542	Defense response to other organism	7	989	0.68	0.49	0.0066	9606.ENSP00000263341,9606.ENSP00000269305,9606.ENSP00000362680,9606.ENSP00000371067,9606.ENSP00000381185,9606.ENSP00000385675,9606.ENSP00000398698	IL1B,TP53,SRC,JAK2,BCL2,IL6,TNF
GO:2001243	Negative regulation of intrinsic apoptotic signaling pathway	3	101	1.3	0.76	0.0066	9606.ENSP00000362680,9606.ENSP00000381185,9606.ENSP00000451828	SRC,BCL2,AKT1
GO:0043269	Regulation of ion transport	6	700	0.77	0.53	0.0067	9606.ENSP00000263341,9606.ENSP00000265171,9606.ENSP00000381185,9606.ENSP00000398698,9606.ENSP00000451828,9606.ENSP00000495360	IL1B,EGF,BCL2,TNF,AKT1,CTNNB1
GO:0042542	Response to hydrogen peroxide	3	103	1.3	0.75	0.0069	9606.ENSP00000362680,9606.ENSP00000381185,9606.ENSP00000385675	SRC,BCL2,IL6
GO:1901655	Cellular response to ketone	3	103	1.3	0.75	0.0069	9606.ENSP00000362680,9606.ENSP00000371067,9606.ENSP00000451828	SRC,JAK2,AKT1
GO:0006417	Regulation of translation	5	456	0.87	0.58	0.0070	9606.ENSP00000269571,9606.ENSP00000385675,9606.ENSP00000398698,9606.ENSP00000451828,9606.ENSP00000478887	ERBB2,IL6,TNF,AKT1,MYC
GO:0001836	Release of cytochrome c from mitochondria	2	21	1.81	0.84	0.0071	9606.ENSP00000269305,9606.ENSP00000381185	TP53,BCL2
GO:0008340	Determination of adult lifespan	2	21	1.81	0.84	0.0071	9606.ENSP00000269305,9606.ENSP00000278616	TP53,ATM
GO:0010888	Negative regulation of lipid storage	2	21	1.81	0.84	0.0071	9606.ENSP00000385675,9606.ENSP00000398698	IL6,TNF
GO:0048643	Positive regulation of skeletal muscle tissue development	2	21	1.81	0.84	0.0071	9606.ENSP00000381185,9606.ENSP00000495360	BCL2,CTNNB1
GO:0051707	Response to other organism	8	1328	0.61	0.45	0.0071	9606.ENSP00000263341,9606.ENSP00000269305,9606.ENSP00000362680,9606.ENSP00000371067,9606.ENSP00000381185,9606.ENSP00000385675,9606.ENSP00000398698,9606.ENSP00000451828	IL1B,TP53,SRC,JAK2,BCL2,IL6,TNF,AKT1
GO:1903320	Regulation of protein modification by small protein conjugation or removal	4	254	1.03	0.65	0.0071	9606.ENSP00000361021,9606.ENSP00000418960,9606.ENSP00000451828,9606.ENSP00000495360	PTEN,BRCA1,AKT1,CTNNB1
GO:0002065	Columnar/cuboidal epithelial cell differentiation	3	105	1.29	0.74	0.0072	9606.ENSP00000264498,9606.ENSP00000362680,9606.ENSP00000495360	FGF2,SRC,CTNNB1
GO:0033365	Protein localization to organelle	6	713	0.76	0.53	0.0072	9606.ENSP00000264657,9606.ENSP00000269305,9606.ENSP00000369497,9606.ENSP00000405330,9606.ENSP00000428056,9606.ENSP00000451828	STAT3,TP53,BRCA2,ESR1,PIK3R1,AKT1
GO:0043122	Regulation of I-kappaB kinase/NF-kappaB signaling	4	255	1.03	0.65	0.0072	9606.ENSP00000263341,9606.ENSP00000398698,9606.ENSP00000405330,9606.ENSP00000495360	IL1B,TNF,ESR1,CTNNB1
GO:0071346	Cellular response to interferon-gamma	3	105	1.29	0.74	0.0072	9606.ENSP00000269305,9606.ENSP00000371067,9606.ENSP00000398698	TP53,JAK2,TNF
GO:0021700	Developmental maturation	4	256	1.03	0.65	0.0073	9606.ENSP00000361021,9606.ENSP00000369497,9606.ENSP00000381185,9606.ENSP00000495360	PTEN,BRCA2,BCL2,CTNNB1
GO:0010595	Positive regulation of endothelial cell migration	3	107	1.28	0.73	0.0075	9606.ENSP00000264498,9606.ENSP00000265171,9606.ENSP00000451828	FGF2,EGF,AKT1
GO:0002223	Stimulatory C-type lectin receptor signaling pathway	2	22	1.79	0.83	0.0076	9606.ENSP00000263253,9606.ENSP00000362680	EP300,SRC
GO:0002902	Regulation of B cell apoptotic process	2	22	1.79	0.83	0.0076	9606.ENSP00000361021,9606.ENSP00000381185	PTEN,BCL2
GO:0002922	Positive regulation of humoral immune response	2	22	1.79	0.83	0.0076	9606.ENSP00000263341,9606.ENSP00000398698	IL1B,TNF
GO:0035855	Megakaryocyte development	2	22	1.79	0.83	0.0076	9606.ENSP00000263253,9606.ENSP00000489597	EP300,PTPN11
GO:0044321	Response to leptin	2	22	1.79	0.83	0.0076	9606.ENSP00000227507,9606.ENSP00000264657	CCND1,STAT3
GO:0046628	Positive regulation of insulin receptor signaling pathway	2	22	1.79	0.83	0.0076	9606.ENSP00000362680,9606.ENSP00000489597	SRC,PTPN11
GO:0060444	Branching involved in mammary gland duct morphogenesis	2	22	1.79	0.83	0.0076	9606.ENSP00000362680,9606.ENSP00000405330	SRC,ESR1
GO:0042102	Positive regulation of T cell proliferation	3	108	1.28	0.73	0.0077	9606.ENSP00000263341,9606.ENSP00000371067,9606.ENSP00000385675	IL1B,JAK2,IL6
GO:0005975	Carbohydrate metabolic process	5	470	0.86	0.57	0.0078	9606.ENSP00000263967,9606.ENSP00000269305,9606.ENSP00000361021,9606.ENSP00000398698,9606.ENSP00000451828	PIK3CA,TP53,PTEN,TNF,AKT1
GO:0002053	Positive regulation of mesenchymal cell proliferation	2	23	1.77	0.81	0.0082	9606.ENSP00000478887,9606.ENSP00000495360	MYC,CTNNB1
GO:0010623	Programmed cell death involved in cell development	2	23	1.77	0.81	0.0082	9606.ENSP00000263341,9606.ENSP00000381185	IL1B,BCL2
GO:0030212	Hyaluronan metabolic process	2	23	1.77	0.81	0.0082	9606.ENSP00000263341,9606.ENSP00000264498	IL1B,FGF2
GO:0032891	Negative regulation of organic acid transport	2	23	1.77	0.81	0.0082	9606.ENSP00000398698,9606.ENSP00000451828	TNF,AKT1
GO:0035518	Histone H2A monoubiquitination	2	23	1.77	0.81	0.0082	9606.ENSP00000369497,9606.ENSP00000418960	BRCA2,BRCA1
GO:0045822	Negative regulation of heart contraction	2	23	1.77	0.81	0.0082	9606.ENSP00000371067,9606.ENSP00000398698	JAK2,TNF
GO:0060065	Uterus development	2	23	1.77	0.81	0.0082	9606.ENSP00000362680,9606.ENSP00000405330	SRC,ESR1
GO:1904996	Positive regulation of leukocyte adhesion to vascular endothelial cell	2	23	1.77	0.81	0.0082	9606.ENSP00000385675,9606.ENSP00000398698	IL6,TNF
GO:2000647	Negative regulation of stem cell proliferation	2	23	1.77	0.81	0.0082	9606.ENSP00000264498,9606.ENSP00000269305	FGF2,TP53
GO:0034641	Cellular nitrogen compound metabolic process	13	3463	0.41	0.34	0.0083	9606.ENSP00000263253,9606.ENSP00000264498,9606.ENSP00000264657,9606.ENSP00000269305,9606.ENSP00000278616,9606.ENSP00000362680,9606.ENSP00000369497,9606.ENSP00000371067,9606.ENSP00000405330,9606.ENSP00000418960,9606.ENSP00000428056,9606.ENSP00000451828,9606.ENSP00000495360	EP300,FGF2,STAT3,TP53,ATM,SRC,BRCA2,JAK2,ESR1,BRCA1,PIK3R1,AKT1,CTNNB1
GO:0048812	Neuron projection morphogenesis	5	477	0.85	0.56	0.0083	9606.ENSP00000269571,9606.ENSP00000361021,9606.ENSP00000381185,9606.ENSP00000489597,9606.ENSP00000495360	ERBB2,PTEN,BCL2,PTPN11,CTNNB1
GO:2000060	Positive regulation of ubiquitin-dependent protein catabolic process	3	112	1.26	0.71	0.0084	9606.ENSP00000265171,9606.ENSP00000361021,9606.ENSP00000451828	EGF,PTEN,AKT1
GO:0071901	Negative regulation of protein serine/threonine kinase activity	3	113	1.26	0.71	0.0086	9606.ENSP00000263341,9606.ENSP00000361021,9606.ENSP00000451828	IL1B,PTEN,AKT1
GO:0000724	Double-strand break repair via homologous recombination	3	114	1.25	0.7	0.0088	9606.ENSP00000278616,9606.ENSP00000369497,9606.ENSP00000418960	ATM,BRCA2,BRCA1
GO:0007611	Learning or memory	4	271	1.0	0.62	0.0088	9606.ENSP00000263253,9606.ENSP00000275493,9606.ENSP00000361021,9606.ENSP00000362680	EP300,EGFR,PTEN,SRC
GO:0009651	Response to salt stress	2	24	1.75	0.8	0.0088	9606.ENSP00000269305,9606.ENSP00000398698	TP53,TNF
GO:0022037	Metencephalon development	3	114	1.25	0.7	0.0088	9606.ENSP00000269305,9606.ENSP00000381185,9606.ENSP00000489597	TP53,BCL2,PTPN11
GO:0032331	Negative regulation of chondrocyte differentiation	2	24	1.75	0.8	0.0088	9606.ENSP00000489597,9606.ENSP00000495360	PTPN11,CTNNB1
GO:0042552	Myelination	3	114	1.25	0.7	0.0088	9606.ENSP00000269571,9606.ENSP00000361021,9606.ENSP00000451828	ERBB2,PTEN,AKT1
GO:0048512	Circadian behavior	2	24	1.75	0.8	0.0088	9606.ENSP00000269305,9606.ENSP00000361021	TP53,PTEN
GO:0071425	Hematopoietic stem cell proliferation	2	24	1.75	0.8	0.0088	9606.ENSP00000300305,9606.ENSP00000369497	RUNX1,BRCA2
GO:0002708	Positive regulation of lymphocyte mediated immunity	3	116	1.24	0.7	0.0091	9606.ENSP00000263341,9606.ENSP00000385675,9606.ENSP00000398698	IL1B,IL6,TNF
GO:2000679	Positive regulation of transcription regulatory region DNA binding	2	25	1.74	0.79	0.0094	9606.ENSP00000263253,9606.ENSP00000495360	EP300,CTNNB1
GO:0002718	Regulation of cytokine production involved in immune response	3	120	1.23	0.68	0.0100	9606.ENSP00000263341,9606.ENSP00000385675,9606.ENSP00000398698	IL1B,IL6,TNF
GO:0002726	Positive regulation of T cell cytokine production	2	26	1.72	0.78	0.0100	9606.ENSP00000263341,9606.ENSP00000385675	IL1B,IL6
GO:0045453	Bone resorption	2	26	1.72	0.78	0.0100	9606.ENSP00000362680,9606.ENSP00000495360	SRC,CTNNB1
GO:0016055	Wnt signaling pathway	4	284	0.98	0.6	0.0102	9606.ENSP00000227507,9606.ENSP00000264498,9606.ENSP00000361021,9606.ENSP00000495360	CCND1,FGF2,PTEN,CTNNB1
GO:0043086	Negative regulation of catalytic activity	6	771	0.72	0.49	0.0103	9606.ENSP00000263341,9606.ENSP00000269305,9606.ENSP00000361021,9606.ENSP00000362680,9606.ENSP00000398698,9606.ENSP00000451828	IL1B,TP53,PTEN,SRC,TNF,AKT1
GO:0090066	Regulation of anatomical structure size	5	505	0.83	0.53	0.0104	9606.ENSP00000263967,9606.ENSP00000346839,9606.ENSP00000361021,9606.ENSP00000376345,9606.ENSP00000398698	PIK3CA,FN1,PTEN,GRB2,TNF
GO:0002052	Positive regulation of neuroblast proliferation	2	27	1.7	0.77	0.0106	9606.ENSP00000264498,9606.ENSP00000495360	FGF2,CTNNB1
GO:0007435	Salivary gland morphogenesis	2	27	1.7	0.77	0.0106	9606.ENSP00000275493,9606.ENSP00000398698	EGFR,TNF
GO:0051571	Positive regulation of histone H3-K4 methylation	2	27	1.7	0.77	0.0106	9606.ENSP00000418960,9606.ENSP00000495360	BRCA1,CTNNB1
GO:2000001	Regulation of DNA damage checkpoint	2	27	1.7	0.77	0.0106	9606.ENSP00000369497,9606.ENSP00000418960	BRCA2,BRCA1
GO:0032740	Positive regulation of interleukin-17 production	2	28	1.69	0.75	0.0113	9606.ENSP00000371067,9606.ENSP00000385675	JAK2,IL6
GO:0048041	Focal adhesion assembly	2	28	1.69	0.75	0.0113	9606.ENSP00000362680,9606.ENSP00000381185	SRC,BCL2
GO:1903055	Positive regulation of extracellular matrix organization	2	28	1.69	0.75	0.0113	9606.ENSP00000300305,9606.ENSP00000385675	RUNX1,IL6
GO:2000027	Regulation of animal organ morphogenesis	3	127	1.21	0.66	0.0115	9606.ENSP00000264498,9606.ENSP00000398698,9606.ENSP00000495360	FGF2,TNF,CTNNB1
GO:0010592	Positive regulation of lamellipodium assembly	2	29	1.67	0.74	0.0120	9606.ENSP00000263967,9606.ENSP00000428056	PIK3CA,PIK3R1
GO:0043280	Positive regulation of cysteine-type endopeptidase activity involved in apoptotic process	3	129	1.2	0.65	0.0120	9606.ENSP00000371067,9606.ENSP00000398698,9606.ENSP00000478887	JAK2,TNF,MYC
GO:0050868	Negative regulation of T cell activation	3	129	1.2	0.65	0.0120	9606.ENSP00000269571,9606.ENSP00000300305,9606.ENSP00000361021	ERBB2,RUNX1,PTEN
GO:0071480	Cellular response to gamma radiation	2	29	1.67	0.74	0.0120	9606.ENSP00000269305,9606.ENSP00000278616	TP53,ATM
GO:0051641	Cellular localization	11	2677	0.45	0.35	0.0121	9606.ENSP00000264657,9606.ENSP00000269305,9606.ENSP00000275493,9606.ENSP00000278616,9606.ENSP00000369497,9606.ENSP00000381185,9606.ENSP00000398698,9606.ENSP00000405330,9606.ENSP00000428056,9606.ENSP00000451828,9606.ENSP00000495360	STAT3,TP53,EGFR,ATM,BRCA2,BCL2,TNF,ESR1,PIK3R1,AKT1,CTNNB1
GO:0050830	Defense response to Gram-positive bacterium	3	130	1.2	0.65	0.0122	9606.ENSP00000263341,9606.ENSP00000385675,9606.ENSP00000398698	IL1B,IL6,TNF
GO:0002209	Behavioral defense response	2	30	1.66	0.73	0.0127	9606.ENSP00000263253,9606.ENSP00000381185	EP300,BCL2
GO:0048873	Homeostasis of number of cells within a tissue	2	30	1.66	0.73	0.0127	9606.ENSP00000381185,9606.ENSP00000489597	BCL2,PTPN11
GO:1901798	Positive regulation of signal transduction by p53 class mediator	2	30	1.66	0.73	0.0127	9606.ENSP00000278616,9606.ENSP00000478887	ATM,MYC
GO:0035303	Regulation of dephosphorylation	3	133	1.19	0.64	0.0129	9606.ENSP00000362680,9606.ENSP00000371067,9606.ENSP00000398698	SRC,JAK2,TNF
GO:0040011	Locomotion	5	537	0.8	0.5	0.0132	9606.ENSP00000263253,9606.ENSP00000263341,9606.ENSP00000264498,9606.ENSP00000269571,9606.ENSP00000385675	EP300,IL1B,FGF2,ERBB2,IL6
GO:0001659	Temperature homeostasis	2	31	1.64	0.72	0.0134	9606.ENSP00000263341,9606.ENSP00000264657	IL1B,STAT3
GO:0010039	Response to iron ion	2	31	1.64	0.72	0.0134	9606.ENSP00000227507,9606.ENSP00000381185	CCND1,BCL2
GO:0031069	Hair follicle morphogenesis	2	31	1.64	0.72	0.0134	9606.ENSP00000381185,9606.ENSP00000495360	BCL2,CTNNB1
GO:0045598	Regulation of fat cell differentiation	3	135	1.18	0.63	0.0134	9606.ENSP00000385675,9606.ENSP00000398698,9606.ENSP00000451828	IL6,TNF,AKT1
GO:0060325	Face morphogenesis	2	31	1.64	0.72	0.0134	9606.ENSP00000263253,9606.ENSP00000489597	EP300,PTPN11
GO:1903203	Regulation of oxidative stress-induced neuron death	2	31	1.64	0.72	0.0134	9606.ENSP00000398698,9606.ENSP00000495360	TNF,CTNNB1
GO:0008156	Negative regulation of DNA replication	2	32	1.63	0.71	0.0141	9606.ENSP00000269305,9606.ENSP00000369497	TP53,BRCA2
GO:0040036	Regulation of fibroblast growth factor receptor signaling pathway	2	32	1.63	0.71	0.0141	9606.ENSP00000264498,9606.ENSP00000495360	FGF2,CTNNB1
GO:0097529	Myeloid leukocyte migration	3	138	1.17	0.62	0.0141	9606.ENSP00000263341,9606.ENSP00000385675,9606.ENSP00000428056	IL1B,IL6,PIK3R1
GO:0050680	Negative regulation of epithelial cell proliferation	3	139	1.17	0.62	0.0143	9606.ENSP00000361021,9606.ENSP00000369497,9606.ENSP00000398698	PTEN,BRCA2,TNF
GO:0046328	Regulation of JNK cascade	3	140	1.16	0.62	0.0146	9606.ENSP00000263341,9606.ENSP00000275493,9606.ENSP00000398698	IL1B,EGFR,TNF
GO:0071496	Cellular response to external stimulus	4	317	0.93	0.55	0.0146	9606.ENSP00000263341,9606.ENSP00000264498,9606.ENSP00000269305,9606.ENSP00000381185	IL1B,FGF2,TP53,BCL2
GO:0001649	Osteoblast differentiation	3	141	1.16	0.62	0.0148	9606.ENSP00000264498,9606.ENSP00000451828,9606.ENSP00000495360	FGF2,AKT1,CTNNB1
GO:0016572	Histone phosphorylation	2	33	1.61	0.7	0.0148	9606.ENSP00000278616,9606.ENSP00000371067	ATM,JAK2
GO:0033032	Regulation of myeloid cell apoptotic process	2	33	1.61	0.7	0.0148	9606.ENSP00000361021,9606.ENSP00000381185	PTEN,BCL2
GO:0045671	Negative regulation of osteoclast differentiation	2	33	1.61	0.7	0.0148	9606.ENSP00000428056,9606.ENSP00000495360	PIK3R1,CTNNB1
GO:0046825	Regulation of protein export from nucleus	2	33	1.61	0.7	0.0148	9606.ENSP00000263341,9606.ENSP00000489597	IL1B,PTPN11
GO:0090279	Regulation of calcium ion import	2	33	1.61	0.7	0.0148	9606.ENSP00000265171,9606.ENSP00000495360	EGF,CTNNB1
GO:0008544	Epidermis development	4	320	0.93	0.54	0.0150	9606.ENSP00000264498,9606.ENSP00000275493,9606.ENSP00000381185,9606.ENSP00000495360	FGF2,EGFR,BCL2,CTNNB1
GO:0007095	Mitotic G2 DNA damage checkpoint signaling	2	34	1.6	0.69	0.0156	9606.ENSP00000278616,9606.ENSP00000418960	ATM,BRCA1
GO:0032212	Positive regulation of telomere maintenance via telomerase	2	34	1.6	0.69	0.0156	9606.ENSP00000278616,9606.ENSP00000495360	ATM,CTNNB1
GO:0034405	Response to fluid shear stress	2	34	1.6	0.69	0.0156	9606.ENSP00000362680,9606.ENSP00000451828	SRC,AKT1
GO:0048008	Platelet-derived growth factor receptor signaling pathway	2	34	1.6	0.69	0.0156	9606.ENSP00000371067,9606.ENSP00000489597	JAK2,PTPN11
GO:0048144	Fibroblast proliferation	2	34	1.6	0.69	0.0156	9606.ENSP00000269305,9606.ENSP00000405330	TP53,ESR1
GO:0048147	Negative regulation of fibroblast proliferation	2	34	1.6	0.69	0.0156	9606.ENSP00000269305,9606.ENSP00000478887	TP53,MYC
GO:0051973	Positive regulation of telomerase activity	2	34	1.6	0.69	0.0156	9606.ENSP00000478887,9606.ENSP00000495360	MYC,CTNNB1
GO:0070059	Intrinsic apoptotic signaling pathway in response to endoplasmic reticulum stress	2	34	1.6	0.69	0.0156	9606.ENSP00000269305,9606.ENSP00000381185	TP53,BCL2
GO:2000191	Regulation of fatty acid transport	2	34	1.6	0.69	0.0156	9606.ENSP00000263341,9606.ENSP00000451828	IL1B,AKT1
GO:0001933	Negative regulation of protein phosphorylation	4	326	0.92	0.53	0.0159	9606.ENSP00000263341,9606.ENSP00000360266,9606.ENSP00000361021,9606.ENSP00000451828	IL1B,JUN,PTEN,AKT1
GO:0008584	Male gonad development	3	145	1.15	0.6	0.0159	9606.ENSP00000227507,9606.ENSP00000381185,9606.ENSP00000405330	CCND1,BCL2,ESR1
GO:0031644	Regulation of nervous system process	3	145	1.15	0.6	0.0159	9606.ENSP00000361021,9606.ENSP00000362680,9606.ENSP00000398698	PTEN,SRC,TNF
GO:0043537	Negative regulation of blood vessel endothelial cell migration	2	35	1.59	0.69	0.0162	9606.ENSP00000264498,9606.ENSP00000398698	FGF2,TNF
GO:0043552	Positive regulation of phosphatidylinositol 3-kinase activity	2	35	1.59	0.69	0.0162	9606.ENSP00000264498,9606.ENSP00000362680	FGF2,SRC
GO:0044057	Regulation of system process	5	567	0.78	0.48	0.0162	9606.ENSP00000361021,9606.ENSP00000362680,9606.ENSP00000371067,9606.ENSP00000398698,9606.ENSP00000489597	PTEN,SRC,JAK2,TNF,PTPN11
GO:0008104	Protein localization	9	1943	0.5	0.36	0.0170	9606.ENSP00000264657,9606.ENSP00000269305,9606.ENSP00000275493,9606.ENSP00000369497,9606.ENSP00000398698,9606.ENSP00000405330,9606.ENSP00000428056,9606.ENSP00000451828,9606.ENSP00000495360	STAT3,TP53,EGFR,BRCA2,TNF,ESR1,PIK3R1,AKT1,CTNNB1
GO:0010665	Regulation of cardiac muscle cell apoptotic process	2	36	1.58	0.68	0.0170	9606.ENSP00000269305,9606.ENSP00000371067	TP53,JAK2
GO:0014911	Positive regulation of smooth muscle cell migration	2	36	1.58	0.68	0.0170	9606.ENSP00000362680,9606.ENSP00000381185	SRC,BCL2
GO:0032743	Positive regulation of interleukin-2 production	2	36	1.58	0.68	0.0170	9606.ENSP00000263341,9606.ENSP00000300305	IL1B,RUNX1
GO:0032885	Regulation of polysaccharide biosynthetic process	2	36	1.58	0.68	0.0170	9606.ENSP00000265171,9606.ENSP00000451828	EGF,AKT1
GO:0032965	Regulation of collagen biosynthetic process	2	36	1.58	0.68	0.0170	9606.ENSP00000300305,9606.ENSP00000385675	RUNX1,IL6
GO:0033146	Regulation of intracellular estrogen receptor signaling pathway	2	36	1.58	0.68	0.0170	9606.ENSP00000362680,9606.ENSP00000418960	SRC,BRCA1
GO:0097192	Extrinsic apoptotic signaling pathway in absence of ligand	2	36	1.58	0.68	0.0170	9606.ENSP00000263341,9606.ENSP00000381185	IL1B,BCL2
GO:0043010	Camera-type eye development	4	334	0.91	0.52	0.0171	9606.ENSP00000264657,9606.ENSP00000275493,9606.ENSP00000360266,9606.ENSP00000495360	STAT3,EGFR,JUN,CTNNB1
GO:0002687	Positive regulation of leukocyte migration	3	151	1.13	0.59	0.0175	9606.ENSP00000385675,9606.ENSP00000398698,9606.ENSP00000428056	IL6,TNF,PIK3R1
GO:0045861	Negative regulation of proteolysis	4	339	0.9	0.52	0.0179	9606.ENSP00000269305,9606.ENSP00000362680,9606.ENSP00000398698,9606.ENSP00000451828	TP53,SRC,TNF,AKT1
GO:0010821	Regulation of mitochondrion organization	3	153	1.12	0.58	0.0180	9606.ENSP00000263253,9606.ENSP00000269305,9606.ENSP00000451828	EP300,TP53,AKT1
GO:0032205	Negative regulation of telomere maintenance	2	38	1.55	0.66	0.0186	9606.ENSP00000278616,9606.ENSP00000362680	ATM,SRC
GO:0048598	Embryonic morphogenesis	5	590	0.76	0.46	0.0188	9606.ENSP00000264498,9606.ENSP00000269305,9606.ENSP00000346839,9606.ENSP00000376345,9606.ENSP00000495360	FGF2,TP53,FN1,GRB2,CTNNB1
GO:0010762	Regulation of fibroblast migration	2	39	1.54	0.65	0.0194	9606.ENSP00000264498,9606.ENSP00000451828	FGF2,AKT1
GO:0010907	Positive regulation of glucose metabolic process	2	39	1.54	0.65	0.0194	9606.ENSP00000362680,9606.ENSP00000451828	SRC,AKT1
GO:0043516	Regulation of DNA damage response, signal transduction by p53 class mediator	2	39	1.54	0.65	0.0194	9606.ENSP00000269305,9606.ENSP00000278616	TP53,ATM
GO:0045922	Negative regulation of fatty acid metabolic process	2	39	1.54	0.65	0.0194	9606.ENSP00000418960,9606.ENSP00000451828	BRCA1,AKT1
GO:0051385	Response to mineralocorticoid	2	39	1.54	0.65	0.0194	9606.ENSP00000227507,9606.ENSP00000362680	CCND1,SRC
GO:0048592	Eye morphogenesis	3	159	1.11	0.57	0.0198	9606.ENSP00000264657,9606.ENSP00000381185,9606.ENSP00000495360	STAT3,BCL2,CTNNB1
GO:0032733	Positive regulation of interleukin-10 production	2	40	1.53	0.65	0.0202	9606.ENSP00000264657,9606.ENSP00000385675	STAT3,IL6
GO:0043029	T cell homeostasis	2	40	1.53	0.65	0.0202	9606.ENSP00000381185,9606.ENSP00000451828	BCL2,AKT1
GO:0045740	Positive regulation of DNA replication	2	40	1.53	0.65	0.0202	9606.ENSP00000265171,9606.ENSP00000275493	EGF,EGFR
GO:0071392	Cellular response to estradiol stimulus	2	40	1.53	0.65	0.0202	9606.ENSP00000275493,9606.ENSP00000405330	EGFR,ESR1
GO:0051494	Negative regulation of cytoskeleton organization	3	161	1.1	0.56	0.0205	9606.ENSP00000263967,9606.ENSP00000418960,9606.ENSP00000428056	PIK3CA,BRCA1,PIK3R1
GO:0014014	Negative regulation of gliogenesis	2	41	1.52	0.64	0.0211	9606.ENSP00000269305,9606.ENSP00000495360	TP53,CTNNB1
GO:0035066	Positive regulation of histone acetylation	2	41	1.52	0.64	0.0211	9606.ENSP00000263341,9606.ENSP00000418960	IL1B,BRCA1
GO:0042304	Regulation of fatty acid biosynthetic process	2	41	1.52	0.64	0.0211	9606.ENSP00000263341,9606.ENSP00000418960	IL1B,BRCA1
GO:0051100	Negative regulation of binding	3	164	1.09	0.56	0.0214	9606.ENSP00000360266,9606.ENSP00000371067,9606.ENSP00000451828	JUN,JAK2,AKT1
GO:0002831	Regulation of response to biotic stimulus	4	361	0.88	0.49	0.0219	9606.ENSP00000263253,9606.ENSP00000263341,9606.ENSP00000362680,9606.ENSP00000489597	EP300,IL1B,SRC,PTPN11
GO:0002861	Regulation of inflammatory response to antigenic stimulus	2	42	1.51	0.63	0.0219	9606.ENSP00000362680,9606.ENSP00000398698	SRC,TNF
GO:0031952	Regulation of protein autophosphorylation	2	42	1.51	0.63	0.0219	9606.ENSP00000360266,9606.ENSP00000362680	JUN,SRC
GO:0035924	Cellular response to vascular endothelial growth factor stimulus	2	42	1.51	0.63	0.0219	9606.ENSP00000263967,9606.ENSP00000451828	PIK3CA,AKT1
GO:0042307	Positive regulation of protein import into nucleus	2	42	1.51	0.63	0.0219	9606.ENSP00000371067,9606.ENSP00000428056	JAK2,PIK3R1
GO:0043647	Inositol phosphate metabolic process	2	42	1.51	0.63	0.0219	9606.ENSP00000264498,9606.ENSP00000361021	FGF2,PTEN
GO:0048469	Cell maturation	3	166	1.09	0.55	0.0219	9606.ENSP00000369497,9606.ENSP00000381185,9606.ENSP00000495360	BRCA2,BCL2,CTNNB1
GO:0051235	Maintenance of location	3	166	1.09	0.55	0.0219	9606.ENSP00000263341,9606.ENSP00000398698,9606.ENSP00000451828	IL1B,TNF,AKT1
GO:1904037	Positive regulation of epithelial cell apoptotic process	2	42	1.51	0.63	0.0219	9606.ENSP00000371067,9606.ENSP00000385675	JAK2,IL6
GO:0003008	System process	9	2029	0.48	0.34	0.0221	9606.ENSP00000263253,9606.ENSP00000263341,9606.ENSP00000263967,9606.ENSP00000275493,9606.ENSP00000361021,9606.ENSP00000362680,9606.ENSP00000381185,9606.ENSP00000398698,9606.ENSP00000451828	EP300,IL1B,PIK3CA,EGFR,PTEN,SRC,BCL2,TNF,AKT1
GO:0007409	Axonogenesis	4	363	0.87	0.49	0.0221	9606.ENSP00000269571,9606.ENSP00000361021,9606.ENSP00000381185,9606.ENSP00000489597	ERBB2,PTEN,BCL2,PTPN11
GO:0051216	Cartilage development	3	167	1.09	0.55	0.0222	9606.ENSP00000264498,9606.ENSP00000300305,9606.ENSP00000495360	FGF2,RUNX1,CTNNB1
GO:0010559	Regulation of glycoprotein biosynthetic process	2	43	1.5	0.62	0.0226	9606.ENSP00000381185,9606.ENSP00000495360	BCL2,CTNNB1
GO:0043409	Negative regulation of MAPK cascade	3	168	1.08	0.55	0.0226	9606.ENSP00000263341,9606.ENSP00000361021,9606.ENSP00000478887	IL1B,PTEN,MYC
GO:0045124	Regulation of bone resorption	2	43	1.5	0.62	0.0226	9606.ENSP00000362680,9606.ENSP00000385675	SRC,IL6
GO:0046622	Positive regulation of organ growth	2	43	1.5	0.62	0.0226	9606.ENSP00000264498,9606.ENSP00000451828	FGF2,AKT1
GO:0070232	Regulation of T cell apoptotic process	2	43	1.5	0.62	0.0226	9606.ENSP00000269305,9606.ENSP00000381185	TP53,BCL2
GO:0097009	Energy homeostasis	2	43	1.5	0.62	0.0226	9606.ENSP00000263967,9606.ENSP00000264657	PIK3CA,STAT3
GO:0042176	Regulation of protein catabolic process	4	367	0.87	0.48	0.0229	9606.ENSP00000263341,9606.ENSP00000275493,9606.ENSP00000398698,9606.ENSP00000451828	IL1B,EGFR,TNF,AKT1
GO:0048762	Mesenchymal cell differentiation	3	170	1.08	0.54	0.0232	9606.ENSP00000346839,9606.ENSP00000381185,9606.ENSP00000495360	FN1,BCL2,CTNNB1
GO:0032535	Regulation of cellular component size	4	370	0.87	0.48	0.0235	9606.ENSP00000263967,9606.ENSP00000346839,9606.ENSP00000361021,9606.ENSP00000376345	PIK3CA,FN1,PTEN,GRB2
GO:0051602	Response to electrical stimulus	2	44	1.49	0.62	0.0235	9606.ENSP00000361021,9606.ENSP00000362680	PTEN,SRC
GO:0071548	Response to dexamethasone	2	44	1.49	0.62	0.0235	9606.ENSP00000263967,9606.ENSP00000371067	PIK3CA,JAK2
GO:0019725	Cellular homeostasis	5	628	0.73	0.43	0.0237	9606.ENSP00000263967,9606.ENSP00000381185,9606.ENSP00000385675,9606.ENSP00000428056,9606.ENSP00000478887	PIK3CA,BCL2,IL6,PIK3R1,MYC
GO:0031297	Replication fork processing	2	45	1.48	0.61	0.0244	9606.ENSP00000369497,9606.ENSP00000418960	BRCA2,BRCA1
GO:0002252	Immune effector process	4	375	0.86	0.47	0.0245	9606.ENSP00000264657,9606.ENSP00000269305,9606.ENSP00000362680,9606.ENSP00000385675	STAT3,TP53,SRC,IL6
GO:0045747	Positive regulation of Notch signaling pathway	2	46	1.47	0.6	0.0254	9606.ENSP00000264657,9606.ENSP00000362680	STAT3,SRC
GO:1903202	Negative regulation of oxidative stress-induced cell death	2	46	1.47	0.6	0.0254	9606.ENSP00000451828,9606.ENSP00000495360	AKT1,CTNNB1
GO:2000772	Regulation of cellular senescence	2	46	1.47	0.6	0.0254	9606.ENSP00000269305,9606.ENSP00000361021	TP53,PTEN
GO:0006110	Regulation of glycolytic process	2	47	1.46	0.6	0.0263	9606.ENSP00000263253,9606.ENSP00000264657	EP300,STAT3
GO:0021543	Pallium development	3	179	1.06	0.52	0.0263	9606.ENSP00000275493,9606.ENSP00000361021,9606.ENSP00000495360	EGFR,PTEN,CTNNB1
GO:0034332	Adherens junction organization	2	47	1.46	0.6	0.0263	9606.ENSP00000362680,9606.ENSP00000495360	SRC,CTNNB1
GO:0045581	Negative regulation of T cell differentiation	2	47	1.46	0.6	0.0263	9606.ENSP00000269571,9606.ENSP00000300305	ERBB2,RUNX1
GO:0060711	Labyrinthine layer development	2	47	1.46	0.6	0.0263	9606.ENSP00000376345,9606.ENSP00000451828	GRB2,AKT1
GO:0090199	Regulation of release of cytochrome c from mitochondria	2	47	1.46	0.6	0.0263	9606.ENSP00000269305,9606.ENSP00000451828	TP53,AKT1
GO:1902041	Regulation of extrinsic apoptotic signaling pathway via death domain receptors	2	47	1.46	0.6	0.0263	9606.ENSP00000361021,9606.ENSP00000418960	PTEN,BRCA1
GO:2000273	Positive regulation of signaling receptor activity	2	47	1.46	0.6	0.0263	9606.ENSP00000265171,9606.ENSP00000371067	EGF,JAK2
GO:0030324	Lung development	3	180	1.05	0.52	0.0267	9606.ENSP00000263253,9606.ENSP00000264498,9606.ENSP00000495360	EP300,FGF2,CTNNB1
GO:0006470	Protein dephosphorylation	3	181	1.05	0.52	0.0271	9606.ENSP00000361021,9606.ENSP00000381185,9606.ENSP00000489597	PTEN,BCL2,PTPN11
GO:0021795	Cerebral cortex cell migration	2	48	1.45	0.59	0.0271	9606.ENSP00000275493,9606.ENSP00000495360	EGFR,CTNNB1
GO:0022602	Ovulation cycle process	2	48	1.45	0.59	0.0271	9606.ENSP00000362680,9606.ENSP00000405330	SRC,ESR1
GO:0030857	Negative regulation of epithelial cell differentiation	2	48	1.45	0.59	0.0271	9606.ENSP00000227507,9606.ENSP00000495360	CCND1,CTNNB1
GO:0032102	Negative regulation of response to external stimulus	4	387	0.85	0.46	0.0271	9606.ENSP00000264498,9606.ENSP00000361021,9606.ENSP00000362680,9606.ENSP00000398698	FGF2,PTEN,SRC,TNF
GO:0035094	Response to nicotine	2	48	1.45	0.59	0.0271	9606.ENSP00000381185,9606.ENSP00000398698	BCL2,TNF
GO:0043457	Regulation of cellular respiration	2	48	1.45	0.59	0.0271	9606.ENSP00000263967,9606.ENSP00000398698	PIK3CA,TNF
GO:0048483	Autonomic nervous system development	2	48	1.45	0.59	0.0271	9606.ENSP00000346839,9606.ENSP00000495360	FN1,CTNNB1
GO:0071466	Cellular response to xenobiotic stimulus	3	181	1.05	0.52	0.0271	9606.ENSP00000263341,9606.ENSP00000269305,9606.ENSP00000478887	IL1B,TP53,MYC
GO:2000648	Positive regulation of stem cell proliferation	2	48	1.45	0.59	0.0271	9606.ENSP00000264498,9606.ENSP00000495360	FGF2,CTNNB1
GO:0043618	Regulation of transcription from RNA polymerase II promoter in response to stress	2	49	1.44	0.58	0.0280	9606.ENSP00000269305,9606.ENSP00000360266	TP53,JUN
GO:0046677	Response to antibiotic	2	49	1.44	0.58	0.0280	9606.ENSP00000269305,9606.ENSP00000371067	TP53,JAK2
GO:0009299	mRNA transcription	2	50	1.43	0.58	0.0290	9606.ENSP00000264657,9606.ENSP00000269305	STAT3,TP53
GO:0031648	Protein destabilization	2	50	1.43	0.58	0.0290	9606.ENSP00000263253,9606.ENSP00000362680	EP300,SRC
GO:2001238	Positive regulation of extrinsic apoptotic signaling pathway	2	50	1.43	0.58	0.0290	9606.ENSP00000361021,9606.ENSP00000398698	PTEN,TNF
GO:0007259	Receptor signaling pathway via JAK-STAT	2	51	1.43	0.57	0.0300	9606.ENSP00000264657,9606.ENSP00000371067	STAT3,JAK2
GO:0048013	Ephrin receptor signaling pathway	2	51	1.43	0.57	0.0300	9606.ENSP00000362680,9606.ENSP00000489597	SRC,PTPN11
GO:0043123	Positive regulation of I-kappaB kinase/NF-kappaB signaling	3	191	1.03	0.5	0.0309	9606.ENSP00000263341,9606.ENSP00000398698,9606.ENSP00000495360	IL1B,TNF,CTNNB1
GO:0010677	Negative regulation of cellular carbohydrate metabolic process	2	52	1.42	0.57	0.0310	9606.ENSP00000263253,9606.ENSP00000264657	EP300,STAT3
GO:0045599	Negative regulation of fat cell differentiation	2	52	1.42	0.57	0.0310	9606.ENSP00000385675,9606.ENSP00000398698	IL6,TNF
GO:1904019	Epithelial cell apoptotic process	2	52	1.42	0.57	0.0310	9606.ENSP00000381185,9606.ENSP00000398698	BCL2,TNF
GO:0010959	Regulation of metal ion transport	4	405	0.83	0.44	0.0311	9606.ENSP00000265171,9606.ENSP00000381185,9606.ENSP00000451828,9606.ENSP00000495360	EGF,BCL2,AKT1,CTNNB1
GO:0007140	Male meiotic nuclear division	2	53	1.41	0.56	0.0320	9606.ENSP00000278616,9606.ENSP00000369497	ATM,BRCA2
GO:0042100	B cell proliferation	2	53	1.41	0.56	0.0320	9606.ENSP00000361021,9606.ENSP00000381185	PTEN,BCL2
GO:0043536	Positive regulation of blood vessel endothelial cell migration	2	53	1.41	0.56	0.0320	9606.ENSP00000264498,9606.ENSP00000451828	FGF2,AKT1
GO:0050982	Detection of mechanical stimulus	2	53	1.41	0.56	0.0320	9606.ENSP00000398698,9606.ENSP00000495360	TNF,CTNNB1
GO:0016567	Protein ubiquitination	5	682	0.7	0.4	0.0322	9606.ENSP00000369497,9606.ENSP00000381185,9606.ENSP00000418960,9606.ENSP00000451828,9606.ENSP00000495360	BRCA2,BCL2,BRCA1,AKT1,CTNNB1
GO:0010823	Negative regulation of mitochondrion organization	2	54	1.4	0.56	0.0329	9606.ENSP00000269305,9606.ENSP00000451828	TP53,AKT1
GO:0030968	Endoplasmic reticulum unfolded protein response	2	54	1.4	0.56	0.0329	9606.ENSP00000227507,9606.ENSP00000263253	CCND1,EP300
GO:0035315	Hair cell differentiation	2	54	1.4	0.56	0.0329	9606.ENSP00000264498,9606.ENSP00000495360	FGF2,CTNNB1
GO:0043392	Negative regulation of DNA binding	2	54	1.4	0.56	0.0329	9606.ENSP00000360266,9606.ENSP00000371067	JUN,JAK2
GO:0002931	Response to ischemia	2	55	1.39	0.55	0.0339	9606.ENSP00000269305,9606.ENSP00000381185	TP53,BCL2
GO:0042149	Cellular response to glucose starvation	2	55	1.39	0.55	0.0339	9606.ENSP00000269305,9606.ENSP00000381185	TP53,BCL2
GO:0060491	Regulation of cell projection assembly	3	200	1.01	0.48	0.0344	9606.ENSP00000263967,9606.ENSP00000362680,9606.ENSP00000428056	PIK3CA,SRC,PIK3R1
GO:0007204	Positive regulation of cytosolic calcium ion concentration	3	201	1.01	0.48	0.0349	9606.ENSP00000371067,9606.ENSP00000381185,9606.ENSP00000405330	JAK2,BCL2,ESR1
GO:0043393	Regulation of protein binding	3	201	1.01	0.48	0.0349	9606.ENSP00000263253,9606.ENSP00000362680,9606.ENSP00000451828	EP300,SRC,AKT1
GO:0007159	Leukocyte cell-cell adhesion	2	56	1.38	0.54	0.0350	9606.ENSP00000263341,9606.ENSP00000398698	IL1B,TNF
GO:0006289	Nucleotide-excision repair	2	57	1.38	0.54	0.0361	9606.ENSP00000269305,9606.ENSP00000369497	TP53,BRCA2
GO:0007254	JNK cascade	2	57	1.38	0.54	0.0361	9606.ENSP00000263341,9606.ENSP00000398698	IL1B,TNF
GO:0060135	Maternal process involved in female pregnancy	2	57	1.38	0.54	0.0361	9606.ENSP00000405330,9606.ENSP00000451828	ESR1,AKT1
GO:0002763	Positive regulation of myeloid leukocyte differentiation	2	58	1.37	0.53	0.0371	9606.ENSP00000300305,9606.ENSP00000398698	RUNX1,TNF
GO:0043666	Regulation of phosphoprotein phosphatase activity	2	58	1.37	0.53	0.0371	9606.ENSP00000371067,9606.ENSP00000398698	JAK2,TNF
GO:2000241	Regulation of reproductive process	3	208	0.99	0.47	0.0379	9606.ENSP00000362680,9606.ENSP00000405330,9606.ENSP00000495360	SRC,ESR1,CTNNB1
GO:1902115	Regulation of organelle assembly	3	210	0.99	0.46	0.0389	9606.ENSP00000362680,9606.ENSP00000398698,9606.ENSP00000418960	SRC,TNF,BRCA1
GO:0030858	Positive regulation of epithelial cell differentiation	2	60	1.35	0.52	0.0394	9606.ENSP00000264498,9606.ENSP00000495360	FGF2,CTNNB1
GO:0031396	Regulation of protein ubiquitination	3	212	0.98	0.46	0.0398	9606.ENSP00000361021,9606.ENSP00000418960,9606.ENSP00000451828	PTEN,BRCA1,AKT1
GO:0090311	Regulation of protein deacetylation	2	61	1.35	0.52	0.0405	9606.ENSP00000263253,9606.ENSP00000269305	EP300,TP53
GO:2001244	Positive regulation of intrinsic apoptotic signaling pathway	2	61	1.35	0.52	0.0405	9606.ENSP00000269305,9606.ENSP00000478887	TP53,MYC
GO:0045732	Positive regulation of protein catabolic process	3	214	0.98	0.45	0.0408	9606.ENSP00000263341,9606.ENSP00000398698,9606.ENSP00000451828	IL1B,TNF,AKT1
GO:0010975	Regulation of neuron projection development	4	442	0.79	0.41	0.0410	9606.ENSP00000263253,9606.ENSP00000346839,9606.ENSP00000361021,9606.ENSP00000451828	EP300,FN1,PTEN,AKT1
GO:0046888	Negative regulation of hormone secretion	2	62	1.34	0.51	0.0416	9606.ENSP00000263341,9606.ENSP00000489597	IL1B,PTPN11
GO:0050709	Negative regulation of protein secretion	2	62	1.34	0.51	0.0416	9606.ENSP00000263341,9606.ENSP00000489597	IL1B,PTPN11
GO:0050805	Negative regulation of synaptic transmission	2	62	1.34	0.51	0.0416	9606.ENSP00000263341,9606.ENSP00000361021	IL1B,PTEN
GO:0035825	Homologous recombination	2	63	1.33	0.51	0.0428	9606.ENSP00000278616,9606.ENSP00000418960	ATM,BRCA1
GO:0046902	Regulation of mitochondrial membrane permeability	2	63	1.33	0.51	0.0428	9606.ENSP00000269305,9606.ENSP00000381185	TP53,BCL2
GO:0070542	Response to fatty acid	2	63	1.33	0.51	0.0428	9606.ENSP00000263967,9606.ENSP00000362680	PIK3CA,SRC
GO:0035306	Positive regulation of dephosphorylation	2	64	1.33	0.5	0.0439	9606.ENSP00000362680,9606.ENSP00000371067	SRC,JAK2
GO:0002067	Glandular epithelial cell differentiation	2	65	1.32	0.5	0.0450	9606.ENSP00000264498,9606.ENSP00000495360	FGF2,CTNNB1
GO:0099536	Synaptic signaling	4	456	0.78	0.39	0.0451	9606.ENSP00000361021,9606.ENSP00000371067,9606.ENSP00000451828,9606.ENSP00000495360	PTEN,JAK2,AKT1,CTNNB1
GO:0006112	Energy reserve metabolic process	2	66	1.31	0.5	0.0462	9606.ENSP00000451828,9606.ENSP00000478887	AKT1,MYC
GO:0070301	Cellular response to hydrogen peroxide	2	66	1.31	0.5	0.0462	9606.ENSP00000362680,9606.ENSP00000385675	SRC,IL6
GO:0043933	Protein-containing complex organization	7	1465	0.51	0.31	0.0474	9606.ENSP00000265171,9606.ENSP00000269305,9606.ENSP00000275493,9606.ENSP00000346839,9606.ENSP00000362680,9606.ENSP00000371067,9606.ENSP00000478887	EGF,TP53,EGFR,FN1,SRC,JAK2,MYC
GO:0000209	Protein polyubiquitination	3	229	0.95	0.43	0.0480	9606.ENSP00000381185,9606.ENSP00000418960,9606.ENSP00000495360	BCL2,BRCA1,CTNNB1
GO:0043583	Ear development	3	229	0.95	0.43	0.0480	9606.ENSP00000264498,9606.ENSP00000381185,9606.ENSP00000489597	FGF2,BCL2,PTPN11
GO:0048857	Neural nucleus development	2	68	1.3	0.49	0.0485	9606.ENSP00000264498,9606.ENSP00000381185	FGF2,BCL2
GO:0071300	Cellular response to retinoic acid	2	68	1.3	0.49	0.0485	9606.ENSP00000278616,9606.ENSP00000398698	ATM,TNF
GO:0070613	Regulation of protein processing	2	69	1.29	0.48	0.0497	9606.ENSP00000300305,9606.ENSP00000362680	RUNX1,SRC
GO:2000379	Positive regulation of reactive oxygen species metabolic process	2	69	1.29	0.48	0.0497	9606.ENSP00000269305,9606.ENSP00000376345	TP53,GRB2
